x,f(x)
-0.07552594691514969,0.15793630480766296
-0.07380617409944534,0.16211749613285065
-0.07215072959661484,0.16608983278274536
-0.07055671513080597,0.16986532509326935
-0.06981397420167923,0.17160813510417938
-0.06902115046977997,0.17345663905143738
-0.06809420138597488,0.17560270428657532
-0.06754101067781448,0.17687557637691498
-0.06643875688314438,0.17939424514770508
-0.06611330807209015,0.1801334023475647
-0.06484474241733551,0.1829950213432312
-0.0647350400686264,0.18324103951454163
-0.06350628286600113,0.1859804391860962
-0.06340321153402328,0.18620899319648743
-0.06330917775630951,0.1864171326160431
-0.06211481988430023,0.18904711306095123
-0.061829037964344025,0.18967227637767792
-0.06178651005029678,0.1897651106119156
-0.06086686998605728,0.1917652189731598
-0.06040133535861969,0.19277141988277435
-0.06013106554746628,0.19335350394248962
-0.05965637043118477,0.19437257945537567
-0.059023067355155945,0.1957252025604248
-0.05853705480694771,0.1967577040195465
-0.05848032236099243,0.19687795639038086
-0.057691238820552826,0.1985437422990799
-0.05733573064208031,0.19929014146327972
-0.05700148642063141,0.19998955726623535
-0.0565812774002552,0.20086577534675598
-0.05640284717082977,0.2012367993593216
-0.05621961131691933,0.2016170471906662
-0.055521346628665924,0.20306040346622467
-0.05515489727258682,0.20381377637386322
-0.05512896180152893,0.20386721193790436
-0.054861508309841156,0.20441533625125885
-0.05409364402294159,0.20598094165325165
-0.05406079813838005,0.20604756474494934
-0.05394439771771431,0.20628395676612854
-0.05320606380701065,0.2077760398387909
-0.05301212891936302,0.2081662118434906
-0.05276834964752197,0.20865550637245178
-0.052715376019477844,0.20876161754131317
-0.05197996646165848,0.21022965013980865
-0.05162375792860985,0.21093688905239105
-0.05161205306649208,0.21095997095108032
-0.051383547484874725,0.21141240000724792
-0.05096132308244705,0.21224510669708252
-0.05050763860344887,0.21313609182834625
-0.05009515583515167,0.2139424979686737
-0.05007648468017578,0.2139788419008255
-0.04995320737361908,0.21421900391578674
-0.04941698908805847,0.21526066958904266
-0.0490197092294693,0.2160286158323288
-0.04895263910293579,0.2161579579114914
-0.04884720593690872,0.216360941529274
-0.0485963448882103,0.21684342622756958
-0.04834882542490959,0.2173180878162384
-0.04795663058757782,0.21806766092777252
-0.04763670638203621,0.21867674589157104
-0.04730015620589256,0.21931526064872742
-0.04729994386434555,0.21931569278240204
-0.04716864228248596,0.2195642590522766
-0.0469621941447258,0.21995413303375244
-0.04646065831184387,0.2208978533744812
-0.04626799374818802,0.22125910222530365
-0.04596635699272156,0.22182303667068481
-0.04579037427902222,0.2221512496471405
-0.04564449563622475,0.22242259979248047
-0.04531606659293175,0.2230323851108551
-0.04524935036897659,0.22315597534179688
-0.04496612399816513,0.22367970645427704
-0.0444585457444191,0.22461384534835815
-0.04424123466014862,0.22501225769519806
-0.04419994726777077,0.22508786618709564
-0.04405048489570618,0.225361168384552
-0.043958526104688644,0.2255290448665619
-0.04324066638946533,0.22683396935462952
-0.043170154094696045,0.2269616425037384
-0.04310929775238037,0.22707168757915497
-0.042940571904182434,0.22737640142440796
-0.04251491278409958,0.22814235091209412
-0.04224465787410736,0.2286267727613449
-0.04204113408923149,0.22899042069911957
-0.041922204196453094,0.2292027324438095
-0.04190928861498833,0.22922581434249878
-0.04125022143125534,0.23039621114730835
-0.04103477671742439,0.23077672719955444
-0.04099246487021446,0.23085150122642517
-0.040861692279577255,0.2310817837715149
-0.040804672986269,0.23118220269680023
-0.04071170464158058,0.23134584724903107
-0.0402543842792511,0.23214754462242126
-0.03996030241250992,0.23266062140464783
-0.039794810116291046,0.23294861614704132
-0.03960707411170006,0.23327475786209106
-0.039535656571388245,0.23339863121509552
-0.03925415128469467,0.23388564586639404
-0.03908490389585495,0.23417776823043823
-0.03894165903329849,0.23442435264587402
-0.03870566189289093,0.234829843044281
-0.03839106485247612,0.23536883294582367
-0.038246553391218185,0.23561544716358185
-0.03822880983352661,0.2356458455324173
-0.03793354332447052,0.23614844679832458
-0.03759128227829933,0.2367289960384369
-0.037429459393024445,0.23700247704982758
-0.03727494552731514,0.23726321756839752
-0.037228599190711975,0.2373415231704712
-0.03693297505378723,0.23783859610557556
-0.036896977573633194,0.2378990203142166
-0.03644867613911629,0.23864908516407013
-0.03619731590151787,0.23906764388084412
-0.036184296011924744,0.23908932507038116
-0.03593696653842926,0.2395000010728836
-0.035835448652505875,0.23966826498508453
-0.03560858219861984,0.24004319310188293
-0.03527521342039108,0.24059218168258667
-0.035149719566106796,0.24079842865467072
-0.035116132348775864,0.24085353314876556
-0.03494253009557724,0.24113808572292328
-0.03436063602566719,0.24208666384220123
-0.034299880266189575,0.24218516051769257
-0.03408283740282059,0.24253709614276886
-0.03407097980380058,0.24255625903606415
-0.034067463129758835,0.24256202578544617
-0.033946692943573,0.24275720119476318
-0.03315013647079468,0.2440371811389923
-0.03303530067205429,0.24422067403793335
-0.03299368917942047,0.24428701400756836
-0.03294645994901657,0.24436238408088684
-0.032837361097335815,0.2445361316204071
-0.03281974047422409,0.24456413090229034
-0.032016657292842865,0.24583543837070465
-0.03197408840060234,0.24590232968330383
-0.031938862055540085,0.24595783650875092
-0.03192155435681343,0.24598489701747894
-0.03187930956482887,0.24605144560337067
-0.0315757617354393,0.24652747809886932
-0.031392037868499756,0.24681450426578522
-0.031008541584014893,0.2474115490913391
-0.030920907855033875,0.24754773080348969
-0.030829496681690216,0.24768926203250885
-0.030736703425645828,0.2478329837322235
-0.030287593603134155,0.248525470495224
-0.030201787129044533,0.24865742027759552
-0.03001377172768116,0.24894572794437408
-0.030007973313331604,0.24895460903644562
-0.029889624565839767,0.24913565814495087
-0.029713377356529236,0.2494048774242401
-0.029563240706920624,0.24963364005088806
-0.029011964797973633,0.25046950578689575
-0.028974264860153198,0.2505263686180115
-0.028842028230428696,0.25072571635246277
-0.028681941330432892,0.25096678733825684
-0.02862272784113884,0.25105565786361694
-0.028546340763568878,0.2511703073978424
-0.028359007090330124,0.25145113468170166
-0.028017528355121613,0.25196078419685364
-0.027775146067142487,0.25232112407684326
-0.02763717621564865,0.2525257468223572
-0.02755456417798996,0.25264814496040344
-0.02739354781806469,0.2528861165046692
-0.027125388383865356,0.25328129529953003
-0.02702169120311737,0.2534334361553192
-0.026952330023050308,0.2535353899002075
-0.02668599784374237,0.2539252042770386
-0.02650589495897293,0.25418806076049805
-0.02627774327993393,0.2545200288295746
-0.02614559978246689,0.25471168756484985
-0.026021458208560944,0.25489160418510437
-0.02586378902196884,0.2551193833351135
-0.025571618229150772,0.2555406391620636
-0.025473732501268387,0.2556810677051544
-0.02541675977408886,0.25576290488243103
-0.025013860315084457,0.25633904337882996
-0.024935100227594376,0.25645139813423157
-0.024897374212741852,0.25650525093078613
-0.024575620889663696,0.2569621503353119
-0.02445508912205696,0.2571328282356262
-0.024429012089967728,0.25716978311538696
-0.023995906114578247,0.2577800452709198
-0.023936621844768524,0.25786328315734863
-0.02375905215740204,0.258112370967865
-0.023497477173805237,0.25847774744033813
-0.02344697341322899,0.25854814052581787
-0.02326229214668274,0.25880518555641174
-0.023255549371242523,0.25881457328796387
-0.02296462282538414,0.25921785831451416
-0.022614460438489914,0.2597008943557739
-0.02250891923904419,0.2598460912704468
-0.0224464051425457,0.2599320411682129
-0.02235778048634529,0.2600536346435547
-0.0220794677734375,0.26043424010276794
-0.022051315754652023,0.26047268509864807
-0.021925203502178192,0.2606446444988251
-0.021917026489973068,0.26065582036972046
-0.021498341113328934,0.2612239718437195
-0.02145039662718773,0.2612888216972351
-0.021130653098225594,0.2617199420928955
-0.02085014432668686,0.2620966136455536
-0.020817697048187256,0.26214003562927246
-0.02064475417137146,0.262371301651001
-0.020638013258576393,0.2623803913593292
-0.02056577056646347,0.26247698068618774
-0.02045596018433571,0.26262301206588745
-0.020407691597938538,0.2626873850822449
-0.019798822700977325,0.2634936571121216
-0.019760996103286743,0.26354336738586426
-0.01955609768629074,0.26381298899650574
-0.019460123032331467,0.2639389932155609
-0.019339527934789658,0.26409682631492615
-0.019194744527339935,0.2642861008644104
-0.019185401499271393,0.2642982304096222
-0.01898256689310074,0.26456257700920105
-0.018646616488695145,0.2649986147880554
-0.018510429188609123,0.2651747763156891
-0.01845989003777504,0.2652398943901062
-0.01829085871577263,0.26545777916908264
-0.018267929553985596,0.26548728346824646
-0.017785504460334778,0.26610562205314636
-0.01773086190223694,0.26617538928985596
-0.0175040103495121,0.26646411418914795
-0.017452292144298553,0.26652979850769043
-0.01738855615258217,0.266610711812973
-0.017262481153011322,0.26677051186561584
-0.017258696258068085,0.2667752206325531
-0.01695460081100464,0.26715928316116333
-0.016434337943792343,0.26781198382377625
-0.01636749505996704,0.2678954601287842
-0.016330547630786896,0.2679414749145508
-0.016254521906375885,0.2680363655090332
-0.01624005287885666,0.26805421710014343
-0.01605198159813881,0.26828819513320923
-0.01585298590362072,0.26853471994400024
-0.015617512166500092,0.26882559061050415
-0.015403054654598236,0.26908960938453674
-0.015231937170028687,0.2692994177341461
-0.015126314014196396,0.26942864060401917
-0.014932781457901001,0.26966485381126404
-0.014875933527946472,0.2697341740131378
-0.0147671177983284,0.26986631751060486
-0.014372847974300385,0.2703441381454468
-0.014355458319187164,0.2703650891780853
-0.01425807923078537,0.2704823911190033
-0.014231368899345398,0.27051475644111633
-0.013892695307731628,0.2709214985370636
-0.013731341809034348,0.2711144983768463
-0.013482771813869476,0.27141067385673523
-0.013288576155900955,0.271641343832016
-0.013270094990730286,0.27166324853897095
-0.013235360383987427,0.27170422673225403
-0.01294514536857605,0.2720474302768707
-0.012877710163593292,0.27212685346603394
-0.012631095945835114,0.27241653203964233
-0.012615222483873367,0.27243518829345703
-0.012240923941135406,0.27287235856056213
-0.01219942793250084,0.27292075753211975
-0.01210275012999773,0.2730332314968109
-0.01201888918876648,0.2731305658817291
-0.011764854192733765,0.2734246253967285
-0.011566879227757454,0.2736528217792511
-0.011524572968482971,0.27370160818099976
-0.011477813124656677,0.27375516295433044
-0.011342927813529968,0.2739100754261017
-0.011245086789131165,0.27402225136756897
-0.01108504831790924,0.27420517802238464
-0.010542549192905426,0.2748214900493622
-0.010456409305334091,0.2749188244342804
-0.010382981970906258,0.275001585483551
-0.010252803564071655,0.2751482129096985
-0.010244853794574738,0.27515709400177
-0.010235048830509186,0.2751682996749878
-0.01005980372428894,0.27536487579345703
-0.010029599070549011,0.27539879083633423
-0.009942442178726196,0.27549639344215393
-0.009407740086317062,0.276091605424881
-0.009237255901098251,0.27628016471862793
-0.00905514508485794,0.2764810621738434
-0.008946655318140984,0.27660033106803894
-0.008768979460000992,0.27679523825645447
-0.008735373616218567,0.2768322229385376
-0.008727534674108028,0.27684077620506287
-0.008692510426044464,0.27687910199165344
-0.0086250901222229,0.27695271372795105
-0.008375577628612518,0.27722468972206116
-0.008219301700592041,0.2773944139480591
-0.007698707282543182,0.27795642614364624
-0.007564745843410492,0.2781001031398773
-0.007558122277259827,0.27810728549957275
-0.0073569342494010925,0.2783223092556
-0.007333077490329742,0.27834779024124146
-0.007213965058326721,0.2784747779369354
-0.007188018411397934,0.2785022258758545
-0.007175080478191376,0.27851635217666626
-0.0071335239335894585,0.2785603702068329
-0.0064882077276706696,0.2792423367500305
-0.00634881854057312,0.27938857674598694
-0.0063311271369457245,0.2794070541858673
-0.006140422075986862,0.27960649132728577
-0.006052881479263306,0.2796977162361145
-0.005952708423137665,0.2798020541667938
-0.005711197853088379,0.28005269169807434
-0.005690023303031921,0.2800743579864502
-0.005597954615950584,0.28016960620880127
-0.0053482502698898315,0.28042712807655334
-0.0053121596574783325,0.28046390414237976
-0.005073539912700653,0.28070876002311707
-0.00506952777504921,0.280712753534317
-0.00455281138420105,0.2812385559082031
-0.004540830850601196,0.281250536441803
-0.00435224175453186,0.28144121170043945
-0.0042348578572273254,0.28155943751335144
-0.004167567938566208,0.28162720799446106
-0.004164956510066986,0.28162965178489685
-0.004117816686630249,0.28167709708213806
-0.003984391689300537,0.28181082010269165
-0.0037813596427440643,0.28201380372047424
-0.00335780531167984,0.28243476152420044
-0.003134801983833313,0.2826548218727112
-0.0030514486134052277,0.28273674845695496
-0.003023400902748108,0.28276440501213074
-0.0028700120747089386,0.2829148769378662
-0.00274745374917984,0.2830347418785095
-0.0026901140809059143,0.2830908000469208
-0.002640172839164734,0.28313955664634705
-0.0024680308997631073,0.28330710530281067
-0.002361968159675598,0.2834102213382721
-0.0019607990980148315,0.2837977707386017
-0.0017274059355258942,0.2840218245983124
-0.001700088381767273,0.284047931432724
-0.0015019923448562622,0.28423720598220825
-0.0013617351651191711,0.2843705415725708
-0.0013118479400873184,0.2844180464744568
-0.001250430941581726,0.28447645902633667
-0.001147751696407795,0.2845737040042877
-0.0011309422552585602,0.2845895290374756
-0.001117110252380371,0.28460270166397095
-0.0008926354348659515,0.28481441736221313
-0.0005539432168006897,0.28513240814208984
-0.00035413727164268494,0.2853187024593353
-0.0002500787377357483,0.2854154109954834
1.9982457160949707e-05,0.2856658101081848
2.1949410438537598e-05,0.28566762804985046
0.00015603378415107727,0.28579145669937134
0.0002284906804561615,0.2858581244945526
0.0002548098564147949,0.28588223457336426
0.0004028230905532837,0.28601816296577454
0.0005720164626836777,0.28617310523986816
0.0006502903997898102,0.2862444221973419
0.0006638169288635254,0.2862567603588104
0.0011881962418556213,0.28673216700553894
0.0012138038873672485,0.28675511479377747
0.001308375969529152,0.2868405282497406
0.001547016203403473,0.2870544493198395
0.0016088597476482391,0.287109911441803
0.0016951002180576324,0.2871869206428528
0.0017668604850769043,0.28725072741508484
0.0018839091062545776,0.28735482692718506
0.001918211579322815,0.28738531470298767
0.002206839621067047,0.28764083981513977
0.002227463759481907,0.2876591086387634
0.002556324005126953,0.28794804215431213
0.002690143883228302,0.2880649268627167
0.0027426965534687042,0.2881109118461609
0.003008756786584854,0.28834211826324463
0.003071799874305725,0.28839680552482605
0.0031455084681510925,0.28846052289009094
0.0032149553298950195,0.28852057456970215
0.0032842904329299927,0.28858035802841187
0.0034276098012924194,0.288703590631485
0.003766823559999466,0.2889939844608307
0.0038095787167549133,0.2890303432941437
0.003821474500000477,0.2890406548976898
0.004177547991275787,0.28934240341186523
0.004215523600578308,0.28937458992004395
0.004426766186952591,0.2895524799823761
0.004433676600456238,0.2895585000514984
0.004594862461090088,0.2896935045719147
0.004805698990821838,0.28986966609954834
0.004898726940155029,0.289946973323822
0.0049296170473098755,0.2899726927280426
0.004942871630191803,0.2899836301803589
0.005211532115936279,0.29020607471466064
0.005357043817639351,0.2903260290622711
0.005674570798873901,0.2905861437320709
0.005747005343437195,0.2906453609466553
0.005861479789018631,0.290738582611084
0.006013106554746628,0.29086172580718994
0.006087463349103928,0.29092180728912354
0.006114795804023743,0.29094398021698
0.0062059685587882996,0.2910176217556
0.006329640746116638,0.29111719131469727
0.006422795355319977,0.2911919057369232
0.006837181746959686,0.29152294993400574
0.007084093987941742,0.29171863198280334
0.007155712693929672,0.2917751967906952
0.007179811596870422,0.29179421067237854
0.0072018057107925415,0.2918117344379425
0.007203582674264908,0.2918129563331604
0.007311489433050156,0.29189786314964294
0.007630184292793274,0.2921473979949951
0.007854707539081573,0.2923220098018646
0.007905736565589905,0.2923614978790283
0.008202038705348969,0.2925904095172882
0.008264884352684021,0.2926386594772339
0.008294232189655304,0.29266127943992615
0.008329175412654877,0.292688250541687
0.008443526923656464,0.2927755117416382
0.008691862225532532,0.2929650843143463
0.008775372058153152,0.29302844405174255
0.009139582514762878,0.2933034896850586
0.009209636598825455,0.2933560907840729
0.009362395852804184,0.2934705913066864
0.009377062320709229,0.2934814393520355
0.009379491209983826,0.2934834659099579
0.009533409029245377,0.2935981750488281
0.009643150493502617,0.293679803609848
0.009823895990848541,0.2938137948513031
0.01020929217338562,0.294097363948822
0.010227590799331665,0.29411062598228455
0.010251712054014206,0.29412841796875
0.010411065071821213,0.2942446172237396
0.010514418594539165,0.29431983828544617
0.010641589760780334,0.29441216588020325
0.010767027735710144,0.2945026457309723
0.01083645224571228,0.294552743434906
0.010902553796768188,0.29460033774375916
0.010974980890750885,0.29465243220329285
0.011223793029785156,0.29483047127723694
0.011258874088525772,0.29485559463500977
0.011443227529525757,0.2949865758419037
0.011730700731277466,0.2951897084712982
0.011739116162061691,0.29519569873809814
0.012028627097606659,0.29539889097213745
0.012134768068790436,0.2954727113246918
0.012234186753630638,0.29554200172424316
0.012263374403119087,0.29556214809417725
0.012284182012081146,0.2955765724182129
0.012306470423936844,0.29559212923049927
0.012422487139701843,0.29567238688468933
0.012461870908737183,0.2956995666027069
0.012641802430152893,0.2958236634731293
0.013236138969659805,0.29622882604599
0.013254642486572266,0.2962413728237152
0.013316795229911804,0.29628342390060425
0.013373352587223053,0.29632139205932617
0.013469986617565155,0.29638656973838806
0.013511322438716888,0.2964142858982086
0.013617709279060364,0.29648557305336
0.013720579445362091,0.2965543568134308
0.013889634050428867,0.29666703939437866
0.013937875628471375,0.29669904708862305
0.014076516032218933,0.29679083824157715
0.014462500810623169,0.2970448434352875
0.014470554888248444,0.29704993963241577
0.014630123972892761,0.29715409874916077
0.014721821993589401,0.2972138226032257
0.014741379767656326,0.29722633957862854
0.014779709279537201,0.29725128412246704
0.015089035034179688,0.2974511682987213
0.015146024525165558,0.2974874973297119
0.015447273850440979,0.2976800799369812
0.015466563403606415,0.29769235849380493
0.015483644790947437,0.29770323634147644
0.015526525676250458,0.2977304756641388
0.015576880425214767,0.2977622449398041
0.01589787006378174,0.2979649007320404
0.01596721261739731,0.2980084717273712
0.016253430396318436,0.29818713665008545
0.016304492950439453,0.2982187569141388
0.016460999846458435,0.2983156740665436
0.01654842495918274,0.29836970567703247
0.016560807824134827,0.2983773350715637
0.016719486564397812,0.2984747886657715
0.016949281096458435,0.2986152470111847
0.016990408301353455,0.29864028096199036
0.01701921410858631,0.2986578941345215
0.017042461782693863,0.2986719012260437
0.01732664555311203,0.29884395003318787
0.017456836998462677,0.29892203211784363
0.017770860344171524,0.29910972714424133
0.017827555537223816,0.2991432845592499
0.017892949283123016,0.2991819977760315
0.017965294420719147,0.29922476410865784
0.017996154725551605,0.29924315214157104
0.018158581107854843,0.29933875799179077
0.018442459404468536,0.2995049059391022
0.018457069993019104,0.2995131313800812
0.018466748297214508,0.2995189130306244
0.018499352037906647,0.29953789710998535
0.018707014620304108,0.2996581494808197
0.019097182899713516,0.29988208413124084
0.01924923062324524,0.2999686598777771
0.01929226890206337,0.29999303817749023
0.01934748888015747,0.3000243008136749
0.01935979723930359,0.3000313639640808
0.01943255215883255,0.30007249116897583
0.01946466788649559,0.30009064078330994
0.019925400614738464,0.30034855008125305
0.01992705464363098,0.30034947395324707
0.019954152405261993,0.3003644049167633
0.020106911659240723,0.3004489839076996
0.02031739428639412,0.30056479573249817
0.020330801606178284,0.3005722761154175
0.0204826220870018,0.3006554841995239
0.02074463665485382,0.3007977604866028
0.02081621065735817,0.3008365035057068
0.020857997238636017,0.30085909366607666
0.020862877368927002,0.3008616268634796
0.021305320784449577,0.3010985255241394
0.021366063505411148,0.30113062262535095
0.021396726369857788,0.30114683508872986
0.021451175212860107,0.30117568373680115
0.021513905376195908,0.30120882391929626
0.02152492105960846,0.30121469497680664
0.0215924009680748,0.3012503385543823
0.022120177745819092,0.301525354385376
0.022272780537605286,0.30160415172576904
0.022341277450323105,0.3016393184661865
0.022372275590896606,0.3016551733016968
0.022398225963115692,0.3016684353351593
0.02256150171160698,0.3017517030239105
0.022637151181697845,0.30179035663604736
0.02285611629486084,0.30190110206604004
0.022880569100379944,0.3019133508205414
0.02288944646716118,0.30191779136657715
0.02295641601085663,0.30195146799087524
0.0229596346616745,0.30195292830467224
0.023416869342327118,0.30218085646629333
0.02348674088716507,0.30221518874168396
0.02362838387489319,0.302284836769104
0.023677267134189606,0.3023087680339813
0.023866061121225357,0.3024009168148041
0.023874282836914062,0.3024049699306488
0.023925544694066048,0.30242976546287537
0.0241938978433609,0.3025592565536499
0.024303846061229706,0.3026120662689209
0.024409644305706024,0.3026626706123352
0.02442498505115509,0.30266985297203064
0.024468466639518738,0.3026905655860901
0.024609213694930077,0.3027573525905609
0.024717532098293304,0.30280858278274536
0.024844639003276825,0.3028682470321655
0.025071769952774048,0.3029743432998657
0.02517349272966385,0.30302146077156067
0.025367461144924164,0.3031109869480133
0.02538912370800972,0.3031209111213684
0.02542555332183838,0.30313774943351746
0.025530986487865448,0.3031860888004303
0.02574024349451065,0.30328118801116943
0.025831911712884903,0.3033227324485779
0.02587352693080902,0.3033415377140045
0.025985896587371826,0.30339211225509644
0.026194222271442413,0.3034851849079132
0.02626466006040573,0.3035165071487427
0.02638399228453636,0.3035694360733032
0.02642156183719635,0.30358612537384033
0.02645660936832428,0.30360156297683716
0.026850402355194092,0.30377376079559326
0.02689041942358017,0.3037911057472229
0.026909057050943375,0.3037991523742676
0.026974517852067947,0.30382752418518066
0.027165688574314117,0.3039098083972931
0.027349866926670074,0.30398839712142944
0.02741599828004837,0.30401650071144104
0.027507305145263672,0.30405518412590027
0.027535811066627502,0.3040671944618225
0.0275600403547287,0.3040774464607239
0.02783215045928955,0.30419158935546875
0.0278586708009243,0.3042026162147522
0.028147980570793152,0.3043225407600403
0.028270788490772247,0.30437275767326355
0.028321728110313416,0.3043936789035797
0.028411835432052612,0.3044304847717285
0.028424445539712906,0.3044355809688568
0.028580471873283386,0.3044988512992859
0.028704632073640823,0.3045489192008972
0.02883727103471756,0.3046020269393921
0.028869740664958954,0.30461493134498596
0.02903124690055847,0.30467939376831055
0.02919871360063553,0.3047454059123993
0.02935221418738365,0.3048056662082672
0.02939424104988575,0.3048219680786133
0.02941206842660904,0.30482906103134155
0.029670685529708862,0.304929256439209
0.029781118035316467,0.3049717843532562
0.029820751398801804,0.304986834526062
0.02993384376168251,0.3050300180912018
0.029984958469867706,0.3050495684146881
0.030196338891983032,0.3051294684410095
0.030334293842315674,0.3051813244819641
0.030419666320085526,0.30521315336227417
0.030556313693523407,0.30526384711265564
0.030556611716747284,0.3052639961242676
0.03058583289384842,0.3052747845649719
0.030874378979206085,0.30538079142570496
0.0309114009141922,0.3053942918777466
0.0310886949300766,0.30545851588249207
0.031228847801685333,0.3055090010166168
0.03137946128845215,0.3055628538131714
0.031435851007699966,0.3055829107761383
0.031437620520591736,0.30558347702026367
0.031515926122665405,0.3056113123893738
0.031839534640312195,0.30572497844696045
0.031847432255744934,0.3057277202606201
0.03190619498491287,0.30574819445610046
0.03197956457734108,0.30577367544174194
0.03208109736442566,0.3058086633682251
0.03230208158493042,0.30588430166244507
0.03246890380978584,0.3059409260749817
0.03252340853214264,0.3059593141078949
0.03266524523496628,0.30600687861442566
0.03276430070400238,0.306039959192276
0.032828859984874725,0.30606144666671753
0.03292902931571007,0.3060944974422455
0.03302823379635811,0.3061272203922272
0.03313560038805008,0.30616235733032227
0.03324778378009796,0.30619895458221436
0.033351585268974304,0.30623239278793335
0.033516500145196915,0.3062855005264282
0.03360415995121002,0.3063134253025055
0.033680349588394165,0.3063376843929291
0.033973418176174164,0.30643007159233093
0.03406039625406265,0.306456983089447
0.034090690314769745,0.30646637082099915
0.03413543850183487,0.306480348110199
0.03413984179496765,0.30648162961006165
0.034411970525979996,0.3065652847290039
0.034448929131031036,0.3065764605998993
0.03458171337842941,0.306616872549057
0.034583382308483124,0.30661720037460327
0.03486901521682739,0.30670294165611267
0.035012178122997284,0.3067452907562256
0.03507903963327408,0.30676499009132385
0.03512409329414368,0.306778222322464
0.0354359894990921,0.30686885118484497
0.03543730080127716,0.3068690598011017
0.035505473613739014,0.30688872933387756
0.03550640493631363,0.30688896775245667
0.03567253053188324,0.3069363236427307
0.035786017775535583,0.3069683313369751
0.03588329628109932,0.30699583888053894
0.03590831160545349,0.3070029318332672
0.035981785506010056,0.3070233464241028
0.03608715534210205,0.3070526123046875
0.03630056977272034,0.30711132287979126
0.03639042377471924,0.30713582038879395
0.03663948178291321,0.3072027862071991
0.03673087805509567,0.30722737312316895
0.03678691014647484,0.307242214679718
0.036864303052425385,0.30726268887519836
0.036909960210323334,0.307274729013443
0.036913640797138214,0.30727580189704895
0.03708772361278534,0.3073212802410126
0.037145450711250305,0.3073362708091736
0.037227898836135864,0.30735766887664795
0.03734268620610237,0.3073870539665222
0.03754851967096329,0.307439386844635
0.0377015545964241,0.30747780203819275
0.03791436553001404,0.3075307607650757
0.03792951628565788,0.30753442645072937
0.03802039474248886,0.30755674839019775
0.03808373212814331,0.3075721859931946
0.03814888000488281,0.30758804082870483
0.03821388632059097,0.3076038360595703
0.038304463028907776,0.3076256811618805
0.0384010449051857,0.3076486885547638
0.03852581977844238,0.3076782822608948
0.038540832698345184,0.3076817989349365
0.0387590192258358,0.3077329695224762
0.03879041597247124,0.30774033069610596
0.03907816857099533,0.3078063726425171
0.03910297900438309,0.3078119456768036
0.03930488973855972,0.3078574240207672
0.03935699909925461,0.30786916613578796
0.03943943232297897,0.30788731575012207
0.03955547511577606,0.3079129755496979
0.03965088725090027,0.30793362855911255
0.03968930244445801,0.3079421818256378
0.03984741121530533,0.3079763948917389
0.039898067712783813,0.30798718333244324
0.039925716817379,0.3079930543899536
0.03993506729602814,0.3079950511455536
0.04007400572299957,0.30802446603775024
0.04022681340575218,0.3080565333366394
0.04030721262097359,0.30807313323020935
0.04058467596769333,0.3081299662590027
0.04088940471410751,0.3081909716129303
0.04095100983977318,0.3082030117511749
0.040964215993881226,0.30820563435554504
0.04106484353542328,0.3082253932952881
0.041074238717556,0.30822718143463135
0.04107965901494026,0.30822819471359253
0.04114406555891037,0.30824074149131775
0.04114796221256256,0.30824145674705505
0.041343726217746735,0.30827903747558594
0.041403308510780334,0.3082902431488037
0.041540831327438354,0.30831611156463623
0.04165225848555565,0.30833685398101807
0.041860081255435944,0.30837488174438477
0.042081836611032486,0.3084148168563843
0.04219577834010124,0.30843502283096313
0.04221600294113159,0.30843859910964966
0.04243140667676926,0.3084760308265686
0.04244285076856613,0.30847805738449097
0.04248657822608948,0.3084854781627655
0.04248727858066559,0.3084856867790222
0.0426270067691803,0.3085094690322876
0.042778439819812775,0.30853480100631714
0.04280243068933487,0.3085388243198395
0.042915359139442444,0.30855756998062134
0.04306704178452492,0.3085823357105255
0.043099790811538696,0.3085876405239105
0.04313144087791443,0.30859270691871643
0.04328642785549164,0.30861741304397583
0.043535590171813965,0.3086564242839813
0.04373236745595932,0.3086864948272705
0.04378930479288101,0.3086951673030853
0.04396671801805496,0.3087216019630432
0.04400721192359924,0.30872759222984314
0.044090598821640015,0.30873966217041016
0.04409833252429962,0.3087407350540161
0.0441310741007328,0.3087455630302429
0.0442284494638443,0.3087595999240875
0.04435459151864052,0.30877751111984253
0.044399112462997437,0.30878371000289917
0.04443278908729553,0.3087884783744812
0.04447152838110924,0.308793842792511
0.044848524034023285,0.3088453710079193
0.04501686245203018,0.30886754393577576
0.0451388880610466,0.30888333916664124
0.045178670436143875,0.30888840556144714
0.0453944206237793,0.3089156448841095
0.04540326073765755,0.30891677737236023
0.04540392756462097,0.30891671776771545
0.045522600412368774,0.3089314103126526
0.04555772244930267,0.3089357316493988
0.04566335678100586,0.3089486062526703
0.045692332088947296,0.3089519739151001
0.04586603119969368,0.30897262692451477
0.04595419764518738,0.30898287892341614
0.04615510255098343,0.3090056777000427
0.046245552599430084,0.30901578068733215
0.04629664868116379,0.30902135372161865
0.04643542319536209,0.3090364933013916
0.04648047685623169,0.3090413212776184
0.04674101620912552,0.3090687394142151
0.04677268862724304,0.30907201766967773
0.04692456126213074,0.309087336063385
0.04700545221567154,0.3090953230857849
0.04703199863433838,0.3090980648994446
0.04716867208480835,0.30911126732826233
0.04725087061524391,0.3091191351413727
0.0473347008228302,0.30912691354751587
0.04745406657457352,0.30913805961608887
0.04745565354824066,0.3091382384300232
0.04747813940048218,0.3091402053833008
0.0475720539689064,0.30914872884750366
0.04781440645456314,0.30917003750801086
0.04810044914484024,0.309193879365921
0.04810451716184616,0.30919429659843445
0.04818300902843475,0.3092004656791687
0.048441849648952484,0.30922067165374756
0.0484490804374218,0.3092212975025177
0.04846218228340149,0.3092222511768341
0.048534005880355835,0.3092276155948639
0.04862641170620918,0.3092343807220459
0.048656076192855835,0.3092365264892578
0.04875054210424423,0.30924347043037415
0.04884341359138489,0.3092499077320099
0.04900320619344711,0.30926090478897095
0.04914100468158722,0.30926981568336487
0.049392908811569214,0.3092857599258423
0.049439042806625366,0.3092884421348572
0.04946275055408478,0.30928996205329895
0.04948081821203232,0.3092910349369049
0.04959168657660484,0.3092975616455078
0.0497947596013546,0.3093089759349823
0.04986729472875595,0.3093126714229584
0.04999297484755516,0.3093194365501404
0.050027184188365936,0.30932116508483887
0.05004005879163742,0.309321790933609
0.050111085176467896,0.30932527780532837
0.05015309900045395,0.30932751297950745
0.05045875906944275,0.30934152007102966
0.05046059191226959,0.3093416690826416
0.050527989864349365,0.30934450030326843
0.050640858709812164,0.3093493580818176
0.050693005323410034,0.30935144424438477
0.05076514929533005,0.3093542754650116
0.05088071525096893,0.3093588650226593
0.05128207802772522,0.3093724846839905
0.05132455378770828,0.3093739151954651
0.051350872963666916,0.3093746304512024
0.05137532949447632,0.3093754053115845
0.05145319551229477,0.30937761068344116
0.051510125398635864,0.3093792498111725
0.051514528691768646,0.3093794882297516
0.05165833979845047,0.3093831539154053
0.05177352577447891,0.3093859851360321
0.05185135826468468,0.30938780307769775
0.05194520950317383,0.3093898892402649
0.05196938291192055,0.30939027667045593
0.05205105245113373,0.30939191579818726
0.05229872465133667,0.3093961477279663
0.05244903266429901,0.30939823389053345
0.05260434001684189,0.30940014123916626
0.052636533975601196,0.309400349855423
0.05268656462430954,0.3094007670879364
0.052700456231832504,0.3094010353088379
0.05298145115375519,0.30940285325050354
0.053027406334877014,0.3094032406806946
0.053080104291439056,0.3094034492969513
0.05316997319459915,0.3094036281108856
0.05317039042711258,0.3094036281108856
0.053195953369140625,0.309403657913208
0.053203001618385315,0.30940359830856323
0.05344926565885544,0.3094033896923065
0.05357098579406738,0.3094029724597931
0.05373343825340271,0.30940207839012146
0.0538797453045845,0.3094008266925812
0.05389498174190521,0.309400737285614
0.05404204502701759,0.30939918756484985
0.05408106744289398,0.30939871072769165
0.05417199805378914,0.3093976080417633
0.05438065528869629,0.3093942105770111
0.05444084107875824,0.3093932271003723
0.054445624351501465,0.3093932569026947
0.054456863552331924,0.30939292907714844
0.05446460098028183,0.30939289927482605
0.05468782037496567,0.30938830971717834
0.05476398393511772,0.30938664078712463
0.055086374282836914,0.3093785047531128
0.055151015520095825,0.3093765377998352
0.05515110492706299,0.30937659740448
0.055183447897434235,0.3093757629394531
0.05528811737895012,0.3093724250793457
0.055375974625349045,0.3093698024749756
0.055465906858444214,0.30936676263809204
0.055474817752838135,0.3093665838241577
0.05567554384469986,0.3093593716621399
0.05569453537464142,0.30935871601104736
0.055752769112586975,0.3093564212322235
0.055888570845127106,0.30935120582580566
0.05620922893285751,0.3093375563621521
0.05629955232143402,0.3093333840370178
0.056378766894340515,0.309329628944397
0.05640497803688049,0.3093284070491791
0.056418776512145996,0.3093276917934418
0.05650610104203224,0.3093233108520508
0.05659577250480652,0.30931904911994934
0.05664733052253723,0.3093162477016449
0.05670257285237312,0.3093133568763733
0.056841447949409485,0.3093058466911316
0.05696506053209305,0.3092990517616272
0.05706609785556793,0.30929315090179443
0.05732496827840805,0.3092776834964752
0.057446930557489395,0.30926990509033203
0.057553697377443314,0.3092629611492157
0.05765718221664429,0.30925610661506653
0.05768302083015442,0.3092544674873352
0.05773317068815231,0.30925092101097107
0.057779692113399506,0.30924785137176514
0.058022160083055496,0.30923062562942505
0.058097779750823975,0.30922502279281616
0.058123670518398285,0.30922308564186096
0.05820801109075546,0.30921676754951477
0.05824955552816391,0.30921369791030884
0.05840318650007248,0.30920177698135376
0.058495599776506424,0.3091944456100464
0.05862057954072952,0.30918437242507935
0.05875041335821152,0.3091736435890198
0.058907926082611084,0.3091602027416229
0.0589442253112793,0.3091571033000946
0.05920739471912384,0.3091336786746979
0.05925823748111725,0.30912917852401733
0.059335093945264816,0.3091219961643219
0.05952776223421097,0.3091038167476654
0.059529341757297516,0.30910375714302063
0.05956590920686722,0.30910027027130127
0.059590958058834076,0.3090978264808655
0.05961107462644577,0.3090958893299103
0.05970972776412964,0.3090863525867462
0.0597626194357872,0.309081107378006
0.060157597064971924,0.30904072523117065
0.060165196657180786,0.3090398907661438
0.06020267307758331,0.30903613567352295
0.060546405613422394,0.30899879336357117
0.060585662722587585,0.30899447202682495
0.06064167246222496,0.30898815393447876
0.0607830211520195,0.30897217988967896
0.06080474704504013,0.308969646692276
0.06082410737872124,0.30896738171577454
0.060915492475032806,0.3089568316936493
0.061073899269104004,0.30893826484680176
0.061108097434043884,0.3089340925216675
0.06114298850297928,0.308929979801178
0.06140650808811188,0.30889788269996643
0.061458706855773926,0.3088914752006531
0.061554521322250366,0.30887943506240845
0.061569683253765106,0.30887746810913086
0.061917491257190704,0.3088327646255493
0.06194222345948219,0.30882954597473145
0.06196671351790428,0.3088262677192688
0.062076106667518616,0.30881166458129883
0.062257081270217896,0.3087873160839081
0.062306083738803864,0.3087805211544037
0.0625428855419159,0.30874770879745483
0.06254522502422333,0.30874744057655334
0.06255508959293365,0.3087458610534668
0.0626133382320404,0.30873775482177734
0.0627126693725586,0.3087235689163208
0.06296418607234955,0.30868709087371826
0.06314017623662949,0.30866101384162903
0.06320588290691376,0.3086511194705963
0.06323711574077606,0.3086465299129486
0.06334377825260162,0.3086303472518921
0.06355109810829163,0.30859827995300293
0.06359101086854935,0.3085921108722687
0.06382601708173752,0.308555006980896
0.06396089494228363,0.30853328108787537
0.06396487355232239,0.3085326552391052
0.06400461494922638,0.3085261285305023
0.06412538886070251,0.30850645899772644
0.06433107703924179,0.3084723949432373
0.06434440612792969,0.30847012996673584
0.06434902548789978,0.3084694743156433
0.06445383280515671,0.3084518015384674
0.06452663242816925,0.3084394931793213
0.06454553455114365,0.3084363341331482
0.06460802257061005,0.3084254264831543
0.06491760909557343,0.30837196111679077
0.06521561741828918,0.30831894278526306
0.06534140557050705,0.30829599499702454
0.06539560854434967,0.3082861602306366
0.06545234471559525,0.3082757592201233
0.06554137170314789,0.30825936794281006
0.06557802855968475,0.3082525432109833
0.0656428188085556,0.3082405924797058
0.06566433608531952,0.30823636054992676
0.06572456657886505,0.30822524428367615
0.06581112742424011,0.30820903182029724
0.06586922705173492,0.3081977665424347
0.06605084985494614,0.3081631660461426
0.0662371963262558,0.30812710523605347
0.06646528840065002,0.30808231234550476
0.06654160469770432,0.3080669641494751
0.06683962792158127,0.3080069422721863
0.06684038043022156,0.30800682306289673
0.0668456181883812,0.30800575017929077
0.06685080379247665,0.30800461769104004
0.06688874214887619,0.3079968988895416
0.06709091365337372,0.30795517563819885
0.06709112972021103,0.30795514583587646
0.06712767481803894,0.3079475462436676
0.06716422736644745,0.30793994665145874
0.0675491988658905,0.30785855650901794
0.06755013018846512,0.30785834789276123
0.06770629435777664,0.3078247010707855
0.06771419942378998,0.3078230917453766
0.06798496842384338,0.3077637553215027
0.06812779605388641,0.3077321946620941
0.06830950081348419,0.3076914846897125
0.06831418722867966,0.30769044160842896
0.06835281103849411,0.3076816201210022
0.06836631894111633,0.3076786696910858
0.06838370859622955,0.3076747953891754
0.06844902783632278,0.30765998363494873
0.06856715679168701,0.30763301253318787
0.06868816912174225,0.307605117559433
0.06885670870542526,0.30756598711013794
0.06910109519958496,0.3075086176395416
0.06930030882358551,0.30746129155158997
0.06944112479686737,0.3074273467063904
0.06959843635559082,0.30738911032676697
0.06963767111301422,0.3073795735836029
0.06963767111301422,0.3073795735836029
0.06972897052764893,0.30735719203948975
0.06978584080934525,0.3073432445526123
0.06979861110448837,0.3073400557041168
0.06984598934650421,0.3073282837867737
0.0701572597026825,0.30725064873695374
0.07019174098968506,0.3072420060634613
0.07021323591470718,0.3072364032268524
0.07064603269100189,0.30712583661079407
0.07077821344137192,0.3070914149284363
0.07083587348461151,0.3070763945579529
0.07088987529277802,0.3070622980594635
0.07090534269809723,0.3070581257343292
0.07113345712423325,0.30699798464775085
0.07114019989967346,0.3069961369037628
0.07125990092754364,0.306964248418808
0.07127324491739273,0.3069606423377991
0.07132893055677414,0.3069457411766052
0.07145214825868607,0.30691248178482056
0.0717129185795784,0.3068414330482483
0.07173801958560944,0.30683469772338867
0.07213764637708664,0.30672380328178406
0.07214061915874481,0.3067229390144348
0.07216958701610565,0.30671483278274536
0.07230857014656067,0.30667567253112793
0.072316013276577,0.3066735863685608
0.07247412949800491,0.3066287934780121
0.07252795994281769,0.30661332607269287
0.07274166494607925,0.30655187368392944
0.07277026772499084,0.3065437078475952
0.07280025631189346,0.306535005569458
0.07280206680297852,0.3065345287322998
0.0732610821723938,0.30640000104904175
0.07334073632955551,0.3063763678073883
0.07339029014110565,0.306361585855484
0.07343079149723053,0.3063496947288513
0.07351801544427872,0.3063235878944397
0.07374371588230133,0.3062555193901062
0.07380072772502899,0.30623823404312134
0.07391279935836792,0.3062041997909546
0.07391645014286041,0.3062029778957367
0.07402615994215012,0.306169331073761
0.07425964623689651,0.3060973882675171
0.07427550852298737,0.30609244108200073
0.07435937970876694,0.3060663640499115
0.0746392011642456,0.3059786558151245
0.07468923926353455,0.3059629201889038
0.07478101551532745,0.3059338927268982
0.07491791248321533,0.30589014291763306
0.07505905628204346,0.3058450222015381
0.07512031495571136,0.30582529306411743
0.07512198388576508,0.30582472681999207
0.07528834044933319,0.3057710528373718
0.07530594617128372,0.3057650923728943
0.07536749541759491,0.3057451844215393
0.07570737600326538,0.30563366413116455
0.07578755915164948,0.30560725927352905
0.07594527304172516,0.30555474758148193
0.07623251527547836,0.3054582476615906
0.07629640400409698,0.30543673038482666
0.07633592188358307,0.30542322993278503
0.0763680636882782,0.3054124116897583
0.07643324881792068,0.3053901791572571
0.0764538124203682,0.30538323521614075
0.07658135145902634,0.305339515209198
0.07665490359067917,0.3053143620491028
0.07714377343654633,0.3051447570323944
0.07719923555850983,0.3051251769065857
0.07730498909950256,0.3050881028175354
0.07736407220363617,0.305067241191864
0.07743674516677856,0.30504149198532104
0.07773982733488083,0.3049333989620209
0.07774220407009125,0.30493253469467163
0.07777063548564911,0.3049224019050598
0.07780580222606659,0.30490976572036743
0.07785271108150482,0.30489271879196167
0.07801280170679092,0.30483493208885193
0.07835850864648819,0.30470889806747437
0.07845143973827362,0.3046746850013733
0.07856921851634979,0.30463123321533203
0.07867036759853363,0.3045937418937683
0.07882639765739441,0.30453547835350037
0.0789901539683342,0.30447423458099365
0.07904037833213806,0.30445531010627747
0.07912038266658783,0.30442503094673157
0.07922064512968063,0.3043872117996216
0.07930780947208405,0.30435407161712646
0.07935434579849243,0.30433639883995056
0.07936238497495651,0.304333359003067
0.07959259301424026,0.3042452037334442
0.07970218360424042,0.3042031228542328
0.07993196696043015,0.30411404371261597
0.07998400181531906,0.3040938079357147
0.08020065724849701,0.3040090501308441
0.08033526688814163,0.30395615100860596
0.08035033941268921,0.3039504587650299
0.08035457879304886,0.30394867062568665
0.08038462698459625,0.303936630487442
0.08068452775478363,0.30381765961647034
0.0807039737701416,0.30380991101264954
0.08080098778009415,0.30377107858657837
0.08095185458660126,0.303710401058197
0.08122013509273529,0.30360203981399536
0.08131236582994461,0.3035644590854645
0.08136217296123505,0.30354422330856323
0.08137670159339905,0.30353814363479614
0.08138848841190338,0.3035334646701813
0.08162478357553482,0.3034364581108093
0.08164583146572113,0.3034278452396393
0.08187540620565414,0.3033328652381897
0.08203790336847305,0.30326512455940247
0.08216086775064468,0.30321377515792847
0.08220076560974121,0.3031969368457794
0.08228392899036407,0.303162157535553
0.08238013088703156,0.30312156677246094
0.08252128958702087,0.303061842918396
0.08253346383571625,0.3030568063259125
0.08278299123048782,0.30295056104660034
0.08290427923202515,0.30289849638938904
0.08290927857160568,0.30289626121520996
0.08296781033277512,0.3028712272644043
0.08336450159549713,0.3026995062828064
0.0834001898765564,0.30268391966819763
0.08341141045093536,0.3026791512966156
0.08363741636276245,0.30258020758628845
0.08364827185869217,0.3025754690170288
0.0837552547454834,0.3025284707546234
0.0838705524802208,0.30247756838798523
0.08416031301021576,0.30234894156455994
0.08416783064603806,0.3023454546928406
0.08418906480073929,0.30233609676361084
0.08445900678634644,0.30221518874168396
0.08456182479858398,0.30216869711875916
0.0846840888261795,0.30211350321769714
0.08472806215286255,0.30209362506866455
0.08492325246334076,0.30200475454330444
0.08514529466629028,0.3019031584262848
0.08521464467048645,0.3018713593482971
0.08522998541593552,0.3018641471862793
0.08541427552700043,0.30177924036979675
0.0854644700884819,0.30175596475601196
0.08552589267492294,0.3017275333404541
0.08554337173700333,0.3017192780971527
0.08579622209072113,0.3016015887260437
0.08599702268838882,0.3015073835849762
0.08609738945960999,0.3014601171016693
0.08644318580627441,0.3012962341308594
0.0866103544831276,0.3012164533138275
0.08661504089832306,0.3012140691280365
0.0866505354642868,0.30119726061820984
0.08666237443685532,0.30119144916534424
0.08666647970676422,0.3011895418167114
0.08673582971096039,0.30115628242492676
0.08684489130973816,0.30110371112823486
0.0869099348783493,0.30107244849205017
0.08730360120534897,0.30088141560554504
0.08757752925157547,0.3007473945617676
0.08772942423820496,0.30067259073257446
0.087877057492733,0.3005996346473694
0.08791722357273102,0.30057990550994873
0.08795857429504395,0.3005593419075012
0.0880035012960434,0.3005369305610657
0.08801025152206421,0.30053356289863586
0.08809877187013626,0.300489604473114
0.08816258609294891,0.300457626581192
0.08826783299446106,0.3004051744937897
0.0886041522026062,0.30023613572120667
0.088872030377388,0.3001004755496979
0.08889570087194443,0.3000883460044861
0.0890052318572998,0.3000325858592987
0.08916689455509186,0.29995012283325195
0.08926774561405182,0.29989832639694214
0.08942826092243195,0.29981571435928345
0.08946797251701355,0.29979538917541504
0.08952421694993973,0.2997662425041199
0.08961741626262665,0.2997180223464966
0.089680016040802,0.29968568682670593
0.08989904075860977,0.2995716333389282
0.0899038165807724,0.29956912994384766
0.0900454893708229,0.2994951009750366
0.09038349986076355,0.29931744933128357
0.09041580557823181,0.2993004620075226
0.0905289500951767,0.2992406189441681
0.09086297452449799,0.2990628778934479
0.09090438485145569,0.2990407943725586
0.090939000248909,0.29902222752571106
0.09095900505781174,0.2990114986896515
0.090969979763031,0.2990056872367859
0.09118855744600296,0.2988884449005127
0.09120142459869385,0.298881471157074
0.09124971926212311,0.29885539412498474
0.09171532839536667,0.2986028790473938
0.09178739786148071,0.29856377840042114
0.09190039336681366,0.2985020577907562
0.09229293465614319,0.2982860803604126
0.09231298416852951,0.2982749938964844
0.09234348684549332,0.29825806617736816
0.09246315807104111,0.2981918454170227
0.09247305244207382,0.2981863021850586
0.09248334169387817,0.2981806993484497
0.09272536635398865,0.2980460524559021
0.09289482980966568,0.29795122146606445
0.09300372004508972,0.29789015650749207
0.09304343163967133,0.29786792397499084
0.09361953288316727,0.29754191637039185
0.09373798966407776,0.2974744439125061
0.09374494105577469,0.2974705100059509
0.09375283867120743,0.2974659502506256
0.09377686679363251,0.29745230078697205
0.09389066696166992,0.29738718271255493
0.09394609928131104,0.2973553240299225
0.09425043314695358,0.2971802353858948
0.09425166994333267,0.2971794903278351
0.094297394156456,0.2971530258655548
0.09489089995622635,0.29680779576301575
0.09493912011384964,0.29677948355674744
0.09502824395895004,0.2967272400856018
0.09503310918807983,0.29672443866729736
0.09512282907962799,0.29667171835899353
0.09525320678949356,0.2965947985649109
0.09541742503643036,0.29649782180786133
0.09546217322349548,0.2964712381362915
0.09554959833621979,0.2964194416999817
0.09558076411485672,0.296400785446167
0.09577521681785583,0.29628509283065796
0.09589849412441254,0.2962113916873932
0.09625205397605896,0.29599928855895996
0.09629960358142853,0.2959703803062439
0.09634643793106079,0.29594239592552185
0.09649837017059326,0.29585039615631104
0.09663821756839752,0.29576557874679565
0.09674061089754105,0.295703262090683
0.09680034220218658,0.2956668734550476
0.09687681496143341,0.2956201434135437
0.09691645205020905,0.29559606313705444
0.0972982794046402,0.29536181688308716
0.09730053693056107,0.29536038637161255
0.0975586324930191,0.29520121216773987
0.09756727516651154,0.29519572854042053
0.09768352657556534,0.29512375593185425
0.09778280556201935,0.2950621247291565
0.09786493331193924,0.29501092433929443
0.09794773161411285,0.2949593663215637
0.09805001318454742,0.2948954999446869
0.09823763370513916,0.2947779893875122
0.09832454472780228,0.2947234809398651
0.09881821274757385,0.29441165924072266
0.09883151948451996,0.29440322518348694
0.09885918349027634,0.2943856418132782
0.09889893233776093,0.29436028003692627
0.09895598143339157,0.29432398080825806
0.09899532794952393,0.2942989468574524
0.09904295951128006,0.29426878690719604
0.099222831428051,0.2941538691520691
0.09929892420768738,0.2941052317619324
0.09974287450313568,0.2938195466995239
0.09976094216108322,0.2938080430030823
0.09998957812786102,0.29365992546081543
0.10006221383810043,0.29361265897750854
0.10009272396564484,0.2935928404331207
0.10015407204627991,0.2935529351234436
0.10033360123634338,0.2934359610080719
0.10042332857847214,0.293377161026001
0.10054999589920044,0.293294221162796
0.10057241469621658,0.29327937960624695
0.1010577380657196,0.2929595708847046
0.10115136206150055,0.29289764165878296
0.10118638724088669,0.292874276638031
0.10125492513179779,0.292828768491745
0.10135117173194885,0.292764812707901
0.1014435887336731,0.29270321130752563
0.10182322561740875,0.2924492061138153
0.10184299945831299,0.29243600368499756
0.10191400349140167,0.29238826036453247
0.10208556056022644,0.29227274656295776
0.10210640728473663,0.2922586500644684
0.10226574540138245,0.29215091466903687
0.10260117053985596,0.29192325472831726
0.10260720551013947,0.2919190526008606
0.10272808372974396,0.29183661937713623
0.10277235507965088,0.2918063998222351
0.10313857346773148,0.29155561327934265
0.10324123501777649,0.29148492217063904
0.10324793308973312,0.29148030281066895
0.10334500670433044,0.2914133369922638
0.10340835154056549,0.2913697063922882
0.10356570035219193,0.2912609577178955
0.10386116802692413,0.29105573892593384
0.10400565713644028,0.2909550368785858
0.10400786995887756,0.29095351696014404
0.1041572168469429,0.2908492386341095
0.10429376363754272,0.29075348377227783
0.1045745313167572,0.2905561625957489
0.1045818105340004,0.29055097699165344
0.10467594861984253,0.29048460721969604
0.10483818501234055,0.2903701066970825
0.10499340295791626,0.29025998711586
0.10511337220668793,0.29017484188079834
0.10516533255577087,0.29013770818710327
0.10528327524662018,0.29005372524261475
0.10540015995502472,0.28997042775154114
0.1057860404253006,0.28969377279281616
0.10581770539283752,0.2896710932254791
0.10589411854743958,0.28961607813835144
0.10612595826387405,0.2894485294818878
0.10616590082645416,0.2894197702407837
0.10632112622261047,0.2893073558807373
0.10636411607265472,0.2892760932445526
0.10637167096138,0.2892706096172333
0.10655463486909866,0.289137601852417
0.10678499937057495,0.288969486951828
0.10701966285705566,0.2887977361679077
0.10716190934181213,0.28869324922561646
0.1072070524096489,0.2886599898338318
0.10734277218580246,0.2885599732398987
0.10758984088897705,0.288377583026886
0.10761378705501556,0.28835976123809814
0.10770349949598312,0.2882932424545288
0.1077924519777298,0.28822728991508484
0.10782230645418167,0.2882051467895508
0.10815634578466415,0.287956178188324
0.10816054046154022,0.28795304894447327
0.10828126221895218,0.2878628075122833
0.10851363092660904,0.2876885235309601
0.10886269807815552,0.2874256372451782
0.10886755585670471,0.2874218225479126
0.10899189114570618,0.2873278260231018
0.1090661808848381,0.2872716784477234
0.1090865507721901,0.28725624084472656
0.1091521829366684,0.2872065305709839
0.10925184190273285,0.287130743265152
0.1095271036028862,0.2869211733341217
0.10956943035125732,0.28688883781433105
0.10981418192386627,0.28670164942741394
0.11015241593122482,0.28644174337387085
0.11023984104394913,0.2863742709159851
0.11034775525331497,0.2862911820411682
0.11039061844348907,0.2862580418586731
0.11055358499288559,0.28613194823265076
0.11069957166910172,0.2860186696052551
0.11088275909423828,0.28587624430656433
0.11088500171899796,0.2858744263648987
0.11110907047986984,0.28569963574409485
0.11116001009941101,0.2856598496437073
0.11145034432411194,0.2854323983192444
0.11160620301961899,0.28530988097190857
0.11191055178642273,0.2850697934627533
0.1120506078004837,0.28495892882347107
0.11213596910238266,0.2848913371562958
0.11217796802520752,0.28485792875289917
0.11221984773874283,0.2848246097564697
0.11223458498716354,0.2848130464553833
0.11229684203863144,0.2847635746002197
0.11239858716726303,0.2846827507019043
0.11262638866901398,0.2845008373260498
0.1128622367978096,0.28431224822998047
0.11320924758911133,0.28403353691101074
0.11342594027519226,0.28385868668556213
0.11355584859848022,0.28375357389450073
0.11356141418218613,0.28374913334846497
0.11357617378234863,0.28373733162879944
0.11357928067445755,0.2837347686290741
0.11368308216333389,0.2836506962776184
0.1137709766626358,0.2835792899131775
0.11401661485433578,0.28337961435317993
0.11411619931459427,0.28329843282699585
0.1142568439245224,0.2831834852695465
0.11488710343837738,0.28266626596450806
0.11491010338068008,0.28264734148979187
0.11493533849716187,0.2826264798641205
0.11495964974164963,0.2826063632965088
0.1149628683924675,0.28260383009910583
0.1149761974811554,0.28259286284446716
0.11506789922714233,0.28251713514328003
0.11532372981309891,0.2823052406311035
0.11536840349435806,0.28226834535598755
0.11567205935716629,0.28201571106910706
0.11597774922847748,0.28176042437553406
0.11623670160770416,0.2815435528755188
0.11623827368021011,0.28154227137565613
0.11635954678058624,0.2814404368400574
0.11638068407773972,0.28142261505126953
0.11641287803649902,0.28139546513557434
0.11643734574317932,0.28137487173080444
0.11658532917499542,0.2812502384185791
0.11661914736032486,0.2812216579914093
0.11704590916633606,0.2808606028556824
0.11726607382297516,0.2806735038757324
0.1175096333026886,0.28046590089797974
0.11752726137638092,0.2804509401321411
0.11755628883838654,0.28042611479759216
0.11777518689632416,0.28023892641067505
0.11777755618095398,0.2802369296550751
0.1178688183426857,0.2801586389541626
0.11793052405118942,0.2801058292388916
0.11809457838535309,0.279964804649353
0.11810673773288727,0.27995434403419495
0.11866986751556396,0.27946826815605164
0.1187773048877716,0.27937501668930054
0.11880163848400116,0.27935388684272766
0.11886922270059586,0.2792952060699463
0.11911772936582565,0.2790791392326355
0.11912674456834793,0.2790711224079132
0.11916002631187439,0.2790422737598419
0.11921226978302002,0.2789967954158783
0.11941346526145935,0.2788209319114685
0.11963067948818207,0.2786306142807007
0.11984332650899887,0.2784438729286194
0.12004154920578003,0.2782694101333618
0.12014538794755936,0.27817779779434204
0.120175801217556,0.27815109491348267
0.12028177827596664,0.27805739641189575
0.12053556740283966,0.27783268690109253
0.12066227942705154,0.2777201533317566
0.12088479101657867,0.27752235531806946
0.12104755640029907,0.27737727761268616
0.12115350365638733,0.2772826850414276
0.121155746281147,0.27728062868118286
0.12130275368690491,0.27714914083480835
0.12147635221481323,0.27699363231658936
0.12170948088169098,0.276784211397171
0.12190213054418564,0.27661076188087463
0.12212616205215454,0.2764085531234741
0.12215407192707062,0.27638334035873413
0.12228117883205414,0.2762681543827057
0.12234418094158173,0.276211142539978
0.12256120145320892,0.27601420879364014
0.12268052995204926,0.2759055495262146
0.1227712407708168,0.27582311630249023
0.12308774888515472,0.2755342721939087
0.12315008044242859,0.2754773199558258
0.1232600286602974,0.27537667751312256
0.12354277819395065,0.27511709928512573
0.1236025020480156,0.2750621736049652
0.12379191070795059,0.2748877704143524
0.12381723523139954,0.2748643159866333
0.12406075745820999,0.27463969588279724
0.12414451688528061,0.27456218004226685
0.12420359253883362,0.27450743317604065
0.12441957741975784,0.2743072509765625
0.12460961192846298,0.27413052320480347
0.1248309463262558,0.27392423152923584
0.1250711977481842,0.27369987964630127
0.12508991360664368,0.2736823558807373
0.12514035403728485,0.2736353278160095
0.12522831559181213,0.27355286478996277
0.12534525990486145,0.2734431028366089
0.1257079690694809,0.2731021046638489
0.12572352588176727,0.2730875313282013
0.12595120072364807,0.272872656583786
0.12614059448242188,0.2726936936378479
0.12614427506923676,0.2726902365684509
0.126323401927948,0.27252042293548584
0.1265869289636612,0.2722700238227844
0.12662503123283386,0.2722337543964386
0.1266537606716156,0.272206574678421
0.12695592641830444,0.271918386220932
0.12714818120002747,0.2717345654964447
0.1272389143705368,0.2716478109359741
0.12728512287139893,0.27160337567329407
0.1274813711643219,0.27141502499580383
0.1275741457939148,0.27132588624954224
0.12790045142173767,0.27101168036460876
0.12806853652000427,0.27084922790527344
0.12809216976165771,0.27082642912864685
0.12816613912582397,0.2707548439502716
0.12816642224788666,0.27075451612472534
0.1286117285490036,0.27032262086868286
0.1287483125925064,0.27018970251083374
0.12882381677627563,0.27011629939079285
0.12884080410003662,0.27009961009025574
0.12917180359363556,0.26977652311325073
0.12919741868972778,0.26975154876708984
0.1293424665927887,0.2696095108985901
0.1294730305671692,0.26948148012161255
0.12960422039031982,0.26935267448425293
0.12974201142787933,0.2692170739173889
0.12993131577968597,0.2690306603908539
0.1300727277994156,0.26889124512672424
0.1302211582660675,0.2687445878982544
0.13024501502513885,0.2687210738658905
0.13025031983852386,0.2687157392501831
0.13043947517871857,0.26852843165397644
0.13048705458641052,0.2684812843799591
0.13086752593517303,0.2681034803390503
0.1311216503381729,0.2678500711917877
0.1312442421913147,0.26772764325141907
0.13131189346313477,0.26766008138656616
0.13146176934242249,0.2675100862979889
0.1316031813621521,0.26736828684806824
0.13162106275558472,0.267350435256958
0.131703719496727,0.2672673761844635
0.13174349069595337,0.2672275900840759
0.13225236535072327,0.26671528816223145
0.13240104913711548,0.2665649950504303
0.13255083560943604,0.2664136290550232
0.13264305889606476,0.266320139169693
0.1326938271522522,0.2662687301635742
0.13296492397785187,0.26599353551864624
0.13303907215595245,0.265918105840683
0.13311722874641418,0.2658385634422302
0.1332264393568039,0.26572737097740173
0.13351543247699738,0.2654324769973755
0.13362790644168854,0.2653176188468933
0.13376198709011078,0.26518023014068604
0.13385137915611267,0.26508861780166626
0.13416700065135956,0.26476454734802246
0.13422337174415588,0.264706552028656
0.1344737857580185,0.26444852352142334
0.13465803861618042,0.26425817608833313
0.13469776511192322,0.2642173171043396
0.13471123576164246,0.26420336961746216
0.1348106563091278,0.26410046219825745
0.1349944770336151,0.26391008496284485
0.13514626026153564,0.2637525200843811
0.1354794055223465,0.2634062170982361
0.1356920599937439,0.2631845474243164
0.13583150506019592,0.2630390226840973
0.13584282994270325,0.2630271315574646
0.13592380285263062,0.2629423141479492
0.13615715503692627,0.26269814372062683
0.13624680042266846,0.26260411739349365
0.13635236024856567,0.2624932825565338
0.13643577694892883,0.262405663728714
0.13673336803913116,0.262092649936676
0.13686147332191467,0.2619574964046478
0.13703572750091553,0.26177355647087097
0.13721685111522675,0.2615821063518524
0.13738767802715302,0.2614010274410248
0.13760489225387573,0.26117050647735596
0.13770195841789246,0.2610675096511841
0.1377202868461609,0.26104798913002014
0.13772693276405334,0.2610408663749695
0.13786958158016205,0.2608891725540161
0.13798557221889496,0.26076555252075195
0.1382693499326706,0.26046279072761536
0.1387399137020111,0.25995877385139465
0.13886401057243347,0.25982555747032166
0.13887014985084534,0.25981900095939636
0.1390000581741333,0.2596793472766876
0.13904127478599548,0.2596350312232971
0.13904353976249695,0.2596326470375061
0.13915464282035828,0.2595129907131195
0.13923631608486176,0.25942498445510864
0.1395309567451477,0.25910699367523193
0.1398661583662033,0.25874412059783936
0.14025984704494476,0.25831669569015503
0.1402754783630371,0.25829970836639404
0.14035141468048096,0.2582169771194458
0.1403774619102478,0.2581886947154999
0.14046671986579895,0.2580915689468384
0.1404859870672226,0.25807052850723267
0.14053291082382202,0.25801947712898254
0.14081911742687225,0.257706880569458
0.14086058735847473,0.2576616704463959
0.141546830534935,0.25690922141075134
0.14170406758785248,0.256736159324646
0.14173489809036255,0.2567022442817688
0.1417752355337143,0.2566574811935425
0.14184844493865967,0.2565770745277405
0.14185643196105957,0.2565683126449585
0.14186474680900574,0.2565590739250183
0.14188151061534882,0.25654053688049316
0.1421324461698532,0.2562635540962219
0.142814502120018,0.25550734996795654
0.1428566575050354,0.2554606795310974
0.14302365481853485,0.25527477264404297
0.1431531310081482,0.2551305294036865
0.1432846337556839,0.25498372316360474
0.14328598976135254,0.2549823522567749
0.1433536857366562,0.25490662455558777
0.14346954226493835,0.2547772526741028
0.14386425912380219,0.25433528423309326
0.14407874643802643,0.254094660282135
0.14433658123016357,0.25380459427833557
0.14440107345581055,0.253731906414032
0.14468050003051758,0.25341689586639404
0.14478664100170135,0.253296822309494
0.14482897520065308,0.25324922800064087
0.1448657363653183,0.2532075047492981
0.1448822170495987,0.2531890869140625
0.1453399509191513,0.2526704668998718
0.14561158418655396,0.2523617148399353
0.1456431746482849,0.25232571363449097
0.1459134966135025,0.25201794505119324
0.1460653394460678,0.2518446147441864
0.14620932936668396,0.2516801357269287
0.14627981185913086,0.25159966945648193
0.1463831663131714,0.25148144364356995
0.14659839868545532,0.251234769821167
0.146787628531456,0.25101780891418457
0.14694371819496155,0.25083839893341064
0.14696109294891357,0.2508184611797333
0.14744088053703308,0.25026586651802063
0.14760923385620117,0.2500714063644409
0.14776276051998138,0.24989379942417145
0.14785443246364594,0.24978774785995483
0.14790457487106323,0.24972960352897644
0.1479174643754959,0.24971476197242737
0.14793221652507782,0.24969758093357086
0.14802798628807068,0.24958670139312744
0.14823859930038452,0.24934226274490356
0.14880743622779846,0.2486802339553833
0.1490272432565689,0.24842369556427002
0.1490483433008194,0.24839910864830017
0.1491083949804306,0.24832892417907715
0.1491171270608902,0.24831867218017578
0.1492340862751007,0.24818192422389984
0.14942851662635803,0.24795415997505188
0.1495281159877777,0.24783740937709808
0.14963722229003906,0.2477095127105713
0.1501389890909195,0.2471195012331009
0.1501653492450714,0.24708838760852814
0.1502315104007721,0.24701038002967834
0.1503605991601944,0.24685817956924438
0.15046195685863495,0.2467384934425354
0.15069347620010376,0.24646490812301636
0.15081262588500977,0.2463238537311554
0.15095359086990356,0.24615690112113953
0.15120714902877808,0.2458559274673462
0.15129268169403076,0.24575451016426086
0.15137411653995514,0.24565768241882324
0.1515149176120758,0.24549011886119843
0.1516113430261612,0.24537532031536102
0.15191197395324707,0.24501678347587585
0.15209239721298218,0.24480129778385162
0.15214121341705322,0.24474292993545532
0.1522558182477951,0.2446058839559555
0.15247836709022522,0.24433928728103638
0.15254756808280945,0.2442564070224762
0.1528565138578415,0.2438855618238449
0.15286101400852203,0.243880033493042
0.15288668870925903,0.24384921789169312
0.15328797698020935,0.24336621165275574
0.153367817401886,0.2432699203491211
0.15337584912776947,0.2432602047920227
0.15357759594917297,0.24301671981811523
0.15375180542469025,0.2428061068058014
0.15400142967700958,0.24250398576259613
0.154109925031662,0.24237242341041565
0.15419045090675354,0.24227474629878998
0.15430662035942078,0.2421337366104126
0.15442225337028503,0.24199318885803223
0.15463916957378387,0.24172943830490112
0.15485218167304993,0.24146997928619385
0.1549854278564453,0.24130761623382568
0.15500304102897644,0.24128593504428864
0.15531474351882935,0.24090534448623657
0.15551704168319702,0.24065765738487244
0.15552136301994324,0.24065235257148743
0.15590238571166992,0.24018517136573792
0.15590684115886688,0.24017974734306335
0.15624701976776123,0.23976153135299683
0.15631531178951263,0.2396775186061859
0.1563395857810974,0.23964762687683105
0.1564178317785263,0.23955124616622925
0.1568366289138794,0.23903444409370422
0.15703675150871277,0.23878708481788635
0.1571710854768753,0.2386208474636078
0.1573113203048706,0.23844695091247559
0.15733009576797485,0.2384236603975296
0.15753519535064697,0.23816920816898346
0.15782231092453003,0.23781245946884155
0.15783661603927612,0.23779471218585968
0.1581495702266693,0.23740512132644653
0.15830576419830322,0.2372101992368698
0.15843228995800018,0.23705220222473145
0.15854614973068237,0.23690997064113617
0.1587083637714386,0.23670724034309387
0.15884852409362793,0.23653177917003632
0.15921682119369507,0.2360699474811554
0.15930159389972687,0.23596346378326416
0.15934185683727264,0.23591294884681702
0.15945613384246826,0.23576925694942474
0.1596907377243042,0.2354741394519806
0.16004019975662231,0.23503358662128448
0.16004815697669983,0.23502346873283386
0.16018560528755188,0.2348499596118927
0.1603018343448639,0.23470306396484375
0.1606016606092453,0.23432379961013794
0.1607566922903061,0.23412731289863586
0.16085390746593475,0.2340039312839508
0.1609467715024948,0.23388603329658508
0.16130942106246948,0.23342522978782654
0.16132858395576477,0.23340080678462982
0.16154134273529053,0.2331298589706421
0.1615450382232666,0.23312515020370483
0.16197720170021057,0.23257361352443695
0.16205158829689026,0.23247870802879333
0.16220073401927948,0.23228800296783447
0.162327378988266,0.23212599754333496
0.16237133741378784,0.23206958174705505
0.16257652640342712,0.23180657625198364
0.16292542219161987,0.23135869204998016
0.16302427649497986,0.23123160004615784
0.16334110498428345,0.2308238297700882
0.16334375739097595,0.23082025349140167
0.1633586585521698,0.23080119490623474
0.16345293819904327,0.23067960143089294
0.16378703713417053,0.23024827241897583
0.1638927459716797,0.2301117181777954
0.1643253117799759,0.22955171763896942
0.16440625488758087,0.22944675385951996
0.16449560225009918,0.22933095693588257
0.16462558507919312,0.2291620671749115
0.1647016704082489,0.22906330227851868
0.16470368206501007,0.22906064987182617
0.16496308147907257,0.2287234514951706
0.1654166877269745,0.2281324565410614
0.16547313332557678,0.22805872559547424
0.16574332118034363,0.2277056723833084
0.16590538620948792,0.22749373316764832
0.1659533530473709,0.2274310290813446
0.16595499217510223,0.2274288535118103
0.1660512387752533,0.22730283439159393
0.1661076694726944,0.22722885012626648
0.1665622889995575,0.22663256525993347
0.16682471334934235,0.22628764808177948
0.16694176197052002,0.22613346576690674
0.16717803478240967,0.22582221031188965
0.16718077659606934,0.22581851482391357
0.16720226407051086,0.22579026222229004
0.16722379624843597,0.22576174139976501
0.16739283502101898,0.22553883492946625
0.1674027144908905,0.22552578151226044
0.1676766723394394,0.2251637578010559
0.16831444203853607,0.22431907057762146
0.16845214366912842,0.22413629293441772
0.16846653819084167,0.22411702573299408
0.1685444712638855,0.224013552069664
0.1686280369758606,0.22390255331993103
0.16872677206993103,0.22377128899097443
0.16881927847862244,0.22364822030067444
0.16883912682533264,0.22362175583839417
0.16938260197639465,0.22289741039276123
0.16971981525421143,0.22244656085968018
0.16998960077762604,0.2220856100320816
0.16999274492263794,0.22208136320114136
0.1700533628463745,0.2220001220703125
0.1700919270515442,0.2219485640525818
0.1701999306678772,0.22180353105068207
0.1702645719051361,0.221716970205307
0.17043127119541168,0.2214931845664978
0.17098405957221985,0.22074967622756958
0.17119696736335754,0.22046270966529846
0.17137295007705688,0.22022533416748047
0.17146342992782593,0.2201032191514969
0.1715095341205597,0.2200409322977066
0.17156827449798584,0.21996158361434937
0.17167934775352478,0.21981143951416016
0.17179393768310547,0.21965640783309937
0.17224526405334473,0.21904505789279938
0.1724305897951126,0.2187935709953308
0.17248207330703735,0.21872368454933167
0.1726858913898468,0.2184467762708664
0.17302492260932922,0.2179853618144989
0.17305567860603333,0.2179434597492218
0.1730838418006897,0.2179052233695984
0.17332950234413147,0.21757027506828308
0.17349019646644592,0.2173510491847992
0.17350371181964874,0.2173326462507248
0.17369219660758972,0.2170751839876175
0.17399245500564575,0.21666443347930908
0.17447833716869354,0.21599838137626648
0.1744907647371292,0.21598145365715027
0.17453432083129883,0.2159215360879898
0.17455269396305084,0.21589642763137817
0.17475974559783936,0.2156120240688324
0.17480963468551636,0.21554328501224518
0.17498035728931427,0.21530862152576447
0.17529301345348358,0.2148781418800354
0.17548677325248718,0.21461085975170135
0.17586317658424377,0.2140912115573883
0.17601370811462402,0.21388311684131622
0.17603632807731628,0.21385182440280914
0.17605793476104736,0.2138218879699707
0.1762373447418213,0.21357356011867523
0.17629368603229523,0.21349546313285828
0.1764812171459198,0.2132355123758316
0.17658790946006775,0.21308770775794983
0.17723871767520905,0.21218329668045044
0.17726591229438782,0.2121455818414688
0.17747704684734344,0.21185143291950226
0.17752951383590698,0.21177825331687927
0.17756998538970947,0.21172195672988892
0.17761561274528503,0.2116582989692688
0.17763078212738037,0.21163713932037354
0.17787742614746094,0.21129298210144043
0.17847728729248047,0.2104543149471283
0.17851665616035461,0.2103991061449051
0.17860528826713562,0.21027494966983795
0.17894744873046875,0.20979508757591248
0.1789902150630951,0.20973508059978485
0.1790124475955963,0.20970384776592255
0.17908741533756256,0.20959851145744324
0.1791619062423706,0.20949400961399078
0.17948487401008606,0.20903989672660828
0.17976632714271545,0.20864345133304596
0.17996317148208618,0.20836614072322845
0.1802358329296112,0.2079811990261078
0.18037056922912598,0.20779083669185638
0.1804417073726654,0.20769023895263672
0.18048377335071564,0.20763081312179565
0.18050283193588257,0.20760393142700195
0.1806088238954544,0.20745402574539185
0.1810152381658554,0.20687828958034515
0.18131276965141296,0.20645631849765778
0.18148377537727356,0.20621350407600403
0.18153411149978638,0.20614199340343475
0.18171709775924683,0.2058817595243454
0.1817704737186432,0.20580600202083588
0.1819431632757187,0.20556017756462097
0.1821327656507492,0.20529016852378845
0.18258170783519745,0.20464971661567688
0.18265435099601746,0.20454594492912292
0.18269428610801697,0.20448888838291168
0.1829884648323059,0.20406848192214966
0.18318848311901093,0.2037820816040039
0.18339088559150696,0.20349209010601044
0.18364858627319336,0.20312254130840302
0.18365782499313354,0.2031092345714569
0.183870330452919,0.20280423760414124
0.1839882731437683,0.2026347815990448
0.18425613641738892,0.20224961638450623
0.18462319672107697,0.20172108709812164
0.18473774194717407,0.20155587792396545
0.1848272979259491,0.201426699757576
0.18501491844654083,0.20115602016448975
0.1851826161146164,0.20091378688812256
0.18531487882137299,0.20072266459465027
0.18552038073539734,0.20042549073696136
0.18585212528705597,0.19994506239891052
0.1860732138156891,0.19962453842163086
0.1861310452222824,0.19954067468643188
0.18625274300575256,0.19936414062976837
0.18646563589572906,0.19905494153499603
0.18663446605205536,0.19880948960781097
0.18670567870140076,0.1987060010433197
0.18678158521652222,0.198595330119133
0.186994731426239,0.19828513264656067
0.1872216910123825,0.1979544758796692
0.1875370889902115,0.19749444723129272
0.18766751885414124,0.19730396568775177
0.18794739246368408,0.1968950480222702
0.18804003298282623,0.19675952196121216
0.18816819787025452,0.19657203555107117
0.18818539381027222,0.19654668867588043
0.1882256120443344,0.19648803770542145
0.1882898509502411,0.19639386236667633
0.18901342153549194,0.19533272087574005
0.18907201290130615,0.19524678587913513
0.18925398588180542,0.1949792355298996
0.18929606676101685,0.1949174851179123
0.18933852016925812,0.19485487043857574
0.18937242031097412,0.1948051154613495
0.18974100053310394,0.19426243007183075
0.18984085321426392,0.19411532580852509
0.19037067890167236,0.1933334320783615
0.19046650826931,0.19319191575050354
0.19050082564353943,0.19314123690128326
0.1905500292778015,0.1930684596300125
0.19055452942848206,0.1930619180202484
0.1906060427427292,0.19298586249351501
0.19125039875507355,0.19203174114227295
0.1913893222808838,0.19182588160037994
0.1914348602294922,0.19175836443901062
0.1918022334575653,0.19121286273002625
0.19184941053390503,0.19114279747009277
0.19185134768486023,0.19113993644714355
0.1918676495552063,0.19111569225788116
0.19199785590171814,0.19092218577861786
0.19239744544029236,0.19032743573188782
0.192752406001091,0.18979856371879578
0.1929704248905182,0.1894732564687729
0.1930529773235321,0.18935009837150574
0.19313892722129822,0.18922166526317596
0.19315581023693085,0.18919654190540314
0.1932268887758255,0.18909025192260742
0.19339801371097565,0.18883457779884338
0.19350309669971466,0.1886773705482483
0.1942455768585205,0.18756522238254547
0.19430264830589294,0.18747970461845398
0.19439402222633362,0.1873425543308258
0.19442343711853027,0.18729852139949799
0.19445055723190308,0.18725767731666565
0.1944691389799118,0.18722981214523315
0.19459345936775208,0.18704316020011902
0.19501514732837677,0.18640929460525513
0.19538846611976624,0.18584731221199036
0.1955515593290329,0.18560148775577545
0.19570320844650269,0.18537287414073944
0.19572852551937103,0.18533450365066528
0.19580623507499695,0.18521742522716522
0.195878267288208,0.1851087212562561
0.19595134258270264,0.1849982887506485
0.19638429582118988,0.1843443065881729
0.19653257727622986,0.18411993980407715
0.1969786286354065,0.18344448506832123
0.19716566801071167,0.18316099047660828
0.19719985127449036,0.1831090748310089
0.19725653529167175,0.18302299082279205
0.19730094075202942,0.18295560777187347
0.1973845362663269,0.1828288584947586
0.1980539858341217,0.18181155622005463
0.19824998080730438,0.18151327967643738
0.1983921229839325,0.1812966912984848
0.19854602217674255,0.18106235563755035
0.19858837127685547,0.18099768459796906
0.1986425220966339,0.18091516196727753
0.1986592411994934,0.18088975548744202
0.199410080909729,0.17974333465099335
0.1995176523923874,0.17957879602909088
0.1995779275894165,0.1794864982366562
0.19987675547599792,0.1790292114019394
0.19994592666625977,0.17892321944236755
0.19997644424438477,0.17887647449970245
0.20010697841644287,0.17867648601531982
0.2004413604736328,0.17816361784934998
0.2007818967103958,0.1776408702135086
0.20110300183296204,0.17714723944664001
0.20112469792366028,0.17711390554904938
0.20130304992198944,0.17683953046798706
0.2013639360666275,0.17674574255943298
0.20148895680904388,0.17655332386493683
0.20154336094856262,0.17646944522857666
0.2020431011915207,0.17569918930530548
0.2023352086544037,0.17524822056293488
0.2025558352470398,0.17490732669830322
0.20262263715267181,0.17480412125587463
0.2026277780532837,0.17479610443115234
0.20279864966869354,0.17453184723854065
0.2029688060283661,0.1742686629295349
0.2033015489578247,0.1737532913684845
0.20351125299930573,0.1734282523393631
0.2036449909210205,0.17322088778018951
0.20393556356430054,0.17276988923549652
0.20415084064006805,0.172435462474823
0.20424866676330566,0.17228344082832336
0.20438359677791595,0.17207370698451996
0.20455758273601532,0.17180314660072327
0.20465584099292755,0.17165020108222961
0.2047593742609024,0.17148901522159576
0.20524215698242188,0.17073678970336914
0.2056707739830017,0.17006802558898926
0.20571254193782806,0.1700027883052826
0.20577196776866913,0.16990993916988373
0.20578807592391968,0.16988489031791687
0.2058115452528,0.16984808444976807
0.20590198040008545,0.1697068065404892
0.2065427005290985,0.16870473325252533
0.20684269070625305,0.1682346910238266
0.20686261355876923,0.16820335388183594
0.20706374943256378,0.16788813471794128
0.20707544684410095,0.1678697019815445
0.20718258619308472,0.16770167648792267
0.20718616247177124,0.16769607365131378
0.20718887448310852,0.16769173741340637
0.20783758163452148,0.16667300462722778
0.2079307734966278,0.1665264368057251
0.20827966928482056,0.16597753763198853
0.20831449329853058,0.16592282056808472
0.2085624486207962,0.16553209722042084
0.20856742560863495,0.16552422940731049
0.208676278591156,0.16535276174545288
0.20869556069374084,0.1653224229812622
0.20897944271564484,0.16487479209899902
0.20912709832191467,0.16464172303676605
0.20951329171657562,0.16403186321258545
0.20956416428089142,0.1639515906572342
0.20994296669960022,0.16335256397724152
0.21001160144805908,0.16324390470981598
0.21017330884933472,0.16298794746398926
0.2101975679397583,0.16294941306114197
0.2102179080247879,0.1629173904657364
0.21041160821914673,0.1626105010509491
0.21077489852905273,0.16203469038009644
0.21081307530403137,0.16197392344474792
0.2110302448272705,0.16162948310375214
0.2113095223903656,0.16118603944778442
0.21167854964733124,0.16059958934783936
0.211690753698349,0.16058024764060974
0.21169137954711914,0.160579115152359
0.21181191504001617,0.16038747131824493
0.21203836798667908,0.16002719104290009
0.21206305921077728,0.15998774766921997
0.21266743540763855,0.1590249240398407
0.21296679973602295,0.1585472971200943
0.21303893625736237,0.15843218564987183
0.21317368745803833,0.1582169532775879
0.21319060027599335,0.15818989276885986
0.21334747970104218,0.15793946385383606
0.21337638795375824,0.15789316594600677
0.21401700377464294,0.15686868131160736
0.21403494477272034,0.15683993697166443
0.21423815190792084,0.1565144807100296
0.21464501321315765,0.15586261451244354
0.21470803022384644,0.15576159954071045
0.21471348404884338,0.15575268864631653
0.21482762694358826,0.15556970238685608
0.21502938866615295,0.15524590015411377
0.21535860002040863,0.15471716225147247
0.21550582349300385,0.15448063611984253
0.2160252183675766,0.15364541113376617
0.2160729169845581,0.15356853604316711
0.2161044031381607,0.15351785719394684
0.21622943878173828,0.15331651270389557
0.216255322098732,0.15327486395835876
0.21669253706932068,0.15257051587104797
0.21677006781101227,0.15244542062282562
0.21702545881271362,0.15203337371349335
0.217453271150589,0.15134283900260925
0.21755212545394897,0.1511828899383545
0.21763359010219574,0.15105140209197998
0.21775338053703308,0.15085765719413757
0.21801912784576416,0.15042807161808014
0.21803127229213715,0.15040822327136993
0.2180330455303192,0.15040554106235504
0.2188531756401062,0.1490771770477295
0.21896541118621826,0.14889530837535858
0.2189885377883911,0.14885765314102173
0.21905100345611572,0.14875644445419312
0.2192784547805786,0.14838747680187225
0.21928972005844116,0.14836908876895905
0.21933871507644653,0.14828963577747345
0.22008228302001953,0.1470814198255539
0.2202538102865219,0.1468024104833603
0.22027118504047394,0.14677417278289795
0.22041398286819458,0.1465417742729187
0.22054575383663177,0.14632731676101685
0.22065165638923645,0.1461549699306488
0.22080323100090027,0.1459081470966339
0.2211298793554306,0.14537572860717773
0.22150176763534546,0.1447691023349762
0.22170589864253998,0.14443588256835938
0.22179971635341644,0.14428281784057617
0.22182875871658325,0.14423534274101257
0.2219582200050354,0.14402402937412262
0.2221967577934265,0.14363408088684082
0.22232629358768463,0.14342257380485535
0.22271226346492767,0.14279097318649292
0.22305192053318024,0.14223501086235046
0.2231559157371521,0.1420646458864212
0.22323325276374817,0.1419379711151123
0.22325877845287323,0.14189617335796356
0.22328591346740723,0.14185179769992828
0.2238462269306183,0.14093303680419922
0.2238883078098297,0.14086395502090454
0.22430266439914703,0.14018377661705017
0.22440029680728912,0.14002344012260437
0.2245536744594574,0.13977137207984924
0.2246197909116745,0.1396627426147461
0.22462774813175201,0.13964959979057312
0.22503289580345154,0.13898339867591858
0.22536161541938782,0.13844244182109833
0.22554290294647217,0.13814400136470795
0.22555233538150787,0.13812842965126038
0.22584319114685059,0.13764914870262146
0.22601258754730225,0.13736996054649353
0.22609612345695496,0.13723218441009521
0.22614902257919312,0.13714495301246643
0.22671636939048767,0.13620880246162415
0.22680124640464783,0.13606879115104675
0.22687101364135742,0.13595333695411682
0.22712767124176025,0.13552945852279663
0.2272396683692932,0.13534420728683472
0.22738812863826752,0.13509885966777802
0.22758352756500244,0.13477562367916107
0.22792059183120728,0.13421794772148132
0.22795884311199188,0.13415463268756866
0.2283078283071518,0.13357660174369812
0.22837302088737488,0.13346856832504272
0.22840747237205505,0.1334114670753479
0.2287546992301941,0.1328360140323639
0.22908055782318115,0.1322954297065735
0.22915421426296234,0.13217318058013916
0.22935649752616882,0.13183747231960297
0.22967860102653503,0.13130256533622742
0.22968286275863647,0.1312953531742096
0.22986620664596558,0.13099083304405212
0.23011258244514465,0.13058117032051086
0.23038867115974426,0.1301220953464508
0.23041582107543945,0.1300768107175827
0.23058579862117767,0.12979406118392944
0.23095422983169556,0.12918061017990112
0.23133406043052673,0.1285477578639984
0.2313491404056549,0.12852256000041962
0.2314073145389557,0.12842576205730438
0.23146218061447144,0.12833422422409058
0.231703981757164,0.1279308795928955
0.23209784924983978,0.127273827791214
0.23222190141677856,0.1270667165517807
0.23241542279720306,0.12674343585968018
0.23280376195907593,0.12609457969665527
0.23282046616077423,0.12606677412986755
0.232928067445755,0.1258869618177414
0.23301731050014496,0.12573768198490143
0.23341599106788635,0.12507081031799316
0.233486145734787,0.12495353817939758
0.23361527919769287,0.12473741173744202
0.23413768410682678,0.12386242300271988
0.23427985608577728,0.12362408638000488
0.2343544065952301,0.12349925935268402
0.23441199958324432,0.12340271472930908
0.234463632106781,0.12331598252058029
0.23474735021591187,0.1228402704000473
0.23513668775558472,0.12218700349330902
0.23540642857551575,0.12173441052436829
0.23546428978443146,0.12163709104061127
0.23571383953094482,0.12121779471635818
0.23572757840156555,0.12119481712579727
0.2359437644481659,0.1208314597606659
0.23600579798221588,0.12072726339101791
0.23640227317810059,0.1200605258345604
0.23666062951087952,0.11962573975324631
0.23678387701511383,0.11941841244697571
0.2370941936969757,0.11889590322971344
0.2371639907360077,0.11877836287021637
0.2372618317604065,0.11861347407102585
0.23737147450447083,0.11842881888151169
0.23740249872207642,0.11837661266326904
0.23809680342674255,0.11720600724220276
0.23818570375442505,0.11705600470304489
0.2384101003408432,0.11667725443840027
0.23849409818649292,0.11653541028499603
0.23851579427719116,0.11649904400110245
0.23858943581581116,0.11637471616268158
0.23874974250793457,0.11610386520624161
0.2394033968448639,0.11499955505132675
0.2394280582666397,0.11495784670114517
0.2397104799747467,0.11448024213314056
0.23976799845695496,0.11438298225402832
0.23991210758686066,0.11413927376270294
0.24000421166419983,0.11398331075906754
0.2400815784931183,0.11385249346494675
0.24045933783054352,0.11321307718753815
0.24070394039154053,0.11279881000518799
0.24101874232292175,0.1122654601931572
0.24123354256153107,0.1119014099240303
0.2413468211889267,0.11170928180217743
0.24136996269226074,0.11167008429765701
0.24140870571136475,0.1116044893860817
0.2415069341659546,0.11143770068883896
0.2419988214969635,0.11060331016778946
0.2422684133052826,0.11014572530984879
0.2425738275051117,0.1096271276473999
0.2426179051399231,0.1095522791147232
0.24275347590446472,0.1093219444155693
0.24279683828353882,0.10924805700778961
0.2428032010793686,0.10923735797405243
0.2432883381843567,0.10841275006532669
0.24351732432842255,0.10802341997623444
0.2436629682779312,0.10777566581964493
0.2438284158706665,0.10749412328004837
0.24418804049491882,0.10688211768865585
0.24426071345806122,0.10675834119319916
0.24426886439323425,0.10674458742141724
0.24457284808158875,0.10622690618038177
0.2447773516178131,0.10587837547063828
0.24500446021556854,0.10549142211675644
0.2455635815858841,0.10453829914331436
0.24573704600334167,0.10424244403839111
0.24577826261520386,0.10417192429304123
0.24585261940956116,0.10404516011476517
0.24591995775699615,0.10393043607473373
0.24614904820919037,0.10353932529687881
0.24693015217781067,0.10220544040203094
0.24709340929985046,0.10192641615867615
0.24712803959846497,0.10186733305454254
0.24722445011138916,0.10170251131057739
0.24726517498493195,0.10163278877735138
0.2472802698612213,0.1016070544719696
0.24828803539276123,0.09988345205783844
0.24829764664173126,0.09986700117588043
0.24835582077503204,0.09976732730865479
0.24839939177036285,0.09969279170036316
0.24872148036956787,0.09914138913154602
0.248773455619812,0.09905244410037994
0.24942398071289062,0.09793812036514282
0.24953126907348633,0.09775416553020477
0.249637633562088,0.09757201373577118
0.24966706335544586,0.09752161800861359
0.24981780350208282,0.09726305305957794
0.2502267360687256,0.09656183421611786
0.25025638937950134,0.09651100635528564
0.25047266483306885,0.09613986313343048
0.25079286098480225,0.09559044241905212
0.2509313225746155,0.09535278379917145
0.2509792149066925,0.09527061879634857
0.2515048086643219,0.09436814486980438
0.251537561416626,0.09431181848049164
0.2517277002334595,0.09398530423641205
0.2517387866973877,0.09396620094776154
0.252081036567688,0.09337806701660156
0.25219249725341797,0.09318654239177704
0.25231313705444336,0.09297911822795868
0.2525234520435333,0.09261755645275116
0.2531871199607849,0.09147597849369049
0.2531930208206177,0.09146590530872345
0.2532562017440796,0.09135715663433075
0.25339436531066895,0.09111937880516052
0.2534509599208832,0.09102211892604828
0.2535315752029419,0.09088337421417236
0.25363975763320923,0.09069700539112091
0.2545321583747864,0.08916032314300537
0.254634827375412,0.08898350596427917
0.2547069787979126,0.08885909616947174
0.2547314465045929,0.08881691098213196
0.25477761030197144,0.08873732388019562
0.25478702783584595,0.08872105181217194
0.2549593448638916,0.08842413127422333
0.25552815198898315,0.08744361996650696
0.25596094131469727,0.08669702708721161
0.2560712397098541,0.08650694787502289
0.2560908794403076,0.08647288382053375
0.25627225637435913,0.08615998923778534
0.25630155205726624,0.08610939979553223
0.25632259249687195,0.08607329428195953
0.25652259588241577,0.08572794497013092
0.25721317529678345,0.08453576266765594
0.2574712634086609,0.08409000933170319
0.2574966847896576,0.0840461403131485
0.2575184106826782,0.08400875329971313
0.25757884979248047,0.08390410244464874
0.25780272483825684,0.0835174173116684
0.25782662630081177,0.08347611129283905
0.25846391916275024,0.08237479627132416
0.25851866602897644,0.08228014409542084
0.2588711380958557,0.08167071640491486
0.2588793933391571,0.08165645599365234
0.25891146063804626,0.08160100877285004
0.25923043489456177,0.08104930818080902
0.2593514025211334,0.08084002137184143
0.25952625274658203,0.08053746819496155
0.2597135901451111,0.08021336793899536
0.2601742744445801,0.07941602170467377
0.26028916239738464,0.0792173445224762
0.2603159546852112,0.07917104661464691
0.26054421067237854,0.0787758082151413
0.2606087028980255,0.07866421341896057
0.2608744502067566,0.07820400595664978
0.26096248626708984,0.07805150747299194
0.26146379113197327,0.0771833062171936
0.26157549023628235,0.07698975503444672
0.2617104649543762,0.07675576210021973
0.2617238759994507,0.07673287391662598
0.26194053888320923,0.07635721564292908
0.26239439845085144,0.07557061314582825
0.2626231014728546,0.07517404854297638
0.2627483010292053,0.07495704293251038
0.26309528946876526,0.07435537874698639
0.2631738781929016,0.07421910762786865
0.2632289230823517,0.07412369549274445
0.26368996500968933,0.07332396507263184
0.26390978693962097,0.07294262945652008
0.26402807235717773,0.07273732125759125
0.26447081565856934,0.07196912169456482
0.26447686553001404,0.07195858657360077
0.2646377682685852,0.0716795027256012
0.26477912068367004,0.07143405079841614
0.26530349254608154,0.07052372395992279
0.2654191851615906,0.07032287120819092
0.26568737626075745,0.06985707581043243
0.2658374011516571,0.06959646940231323
0.26589348912239075,0.0694991797208786
0.26611411571502686,0.06911593675613403
0.2665748596191406,0.06831558048725128
0.2668634057044983,0.06781420111656189
0.26692119240760803,0.06771393120288849
0.267036110162735,0.06751415133476257
0.26719528436660767,0.06723761558532715
0.26760151982307434,0.06653153896331787
0.26784253120422363,0.06611272692680359
0.2680080235004425,0.0658249706029892
0.2682095766067505,0.06547462940216064
0.26841437816619873,0.06511853635311127
0.26854488253593445,0.06489160656929016
0.26909852027893066,0.06392879784107208
0.26910674571990967,0.06391464173793793
0.2691241204738617,0.06388449668884277
0.2694137990474701,0.06338062882423401
0.26988646388053894,0.06255833804607391
0.26989731192588806,0.06253954768180847
0.2702147960662842,0.061987072229385376
0.27036798000335693,0.061720818281173706
0.2706037759780884,0.06131049990653992
0.27064740657806396,0.061234503984451294
0.2712203860282898,0.06023740768432617
0.27128294110298157,0.06012868881225586
0.2713686227798462,0.059979528188705444
0.27162641286849976,0.05953095853328705
0.27190902829170227,0.059039145708084106
0.2721158266067505,0.05867911875247955
0.2723316252231598,0.05830347537994385
0.27242422103881836,0.058142274618148804
0.27254700660705566,0.05792844295501709
0.27282804250717163,0.05743926763534546
0.27288246154785156,0.05734454095363617
0.2731971740722656,0.056796640157699585
0.27336376905441284,0.05650642514228821
0.2736332416534424,0.056037262082099915
0.27386659383773804,0.05563110113143921
0.27413642406463623,0.05516134202480316
0.2741439938545227,0.055148109793663025
0.2742757499217987,0.05491875112056732
0.27438241243362427,0.05473300814628601
0.2745105028152466,0.05451001226902008
0.27515465021133423,0.053388118743896484
0.27517950534820557,0.053344905376434326
0.27538859844207764,0.052980586886405945
0.27539053559303284,0.0529773086309433
0.27571216225624084,0.052417173981666565
0.275799423456192,0.05226507782936096
0.2758476138114929,0.05218115448951721
0.27639108896255493,0.05123476684093475
0.2764860987663269,0.05106912553310394
0.27663934230804443,0.05080235004425049
0.2766786217689514,0.05073384940624237
0.2771376073360443,0.04993447661399841
0.27720704674720764,0.049813464283943176
0.2773871123790741,0.049499884247779846
0.2773934304714203,0.04948881268501282
0.27778664231300354,0.04880392551422119
0.2778890132904053,0.04862557351589203
0.27820366621017456,0.0480775386095047
0.2783815562725067,0.04776771366596222
0.278552383184433,0.047470077872276306
0.2785874009132385,0.04740922152996063
0.2789290249347687,0.04681418836116791
0.2790815234184265,0.04654848575592041
0.2791379392147064,0.046450212597846985
0.27937740087509155,0.046033263206481934
0.2797284722328186,0.04542168974876404
0.2799568772315979,0.04502400755882263
0.27998730540275574,0.044970929622650146
0.2803710401058197,0.04430264234542847
0.2803776264190674,0.04429104924201965
0.28040915727615356,0.04423624277114868
0.2812515199184418,0.042769208550453186
0.28135138750076294,0.04259544610977173
0.281385213136673,0.04253636300563812
0.28140532970428467,0.04250141978263855
0.28165555000305176,0.04206554591655731
0.2818368673324585,0.04174987971782684
0.2824031710624695,0.04076378047466278
0.282736212015152,0.04018397629261017
0.2827714681625366,0.04012264311313629
0.2828400135040283,0.04000315070152283
0.28293532133102417,0.039837226271629333
0.28321510553359985,0.03935031592845917
0.2834344506263733,0.03896839916706085
0.28411173820495605,0.037789419293403625
0.284210741519928,0.037617191672325134
0.28428685665130615,0.037484705448150635
0.28429004549980164,0.03747919201850891
0.28448206186294556,0.03714495897293091
0.28454694151878357,0.03703203797340393
0.2854783236980438,0.0354112833738327
0.28548210859298706,0.03540465235710144
0.2855489253997803,0.03528836369514465
0.28575390577316284,0.03493180871009827
0.28579622507095337,0.034858331084251404
0.2858353555202484,0.03479018807411194
0.286638081073761,0.03339388966560364
0.28674978017807007,0.033199504017829895
0.2868362069129944,0.033049359917640686
0.28708329796791077,0.032619670033454895
0.2872302532196045,0.032363906502723694
0.2872982621192932,0.03224585950374603
0.2877524495124817,0.031456053256988525
0.2880139946937561,0.031001463532447815
0.28818580508232117,0.030702874064445496
0.2882937788963318,0.03051510453224182
0.288717657327652,0.029778435826301575
0.2887914180755615,0.029650256037712097
0.2888950705528259,0.029470086097717285
0.28927522897720337,0.02880948781967163
0.289469838142395,0.02847139537334442
0.28952738642692566,0.028371602296829224
0.29006853699684143,0.027431443333625793
0.2902146875858307,0.027177780866622925
0.29027438163757324,0.02707388997077942
0.2905336618423462,0.026623710989952087
0.29061442613601685,0.026483595371246338
0.2908613085746765,0.02605476975440979
0.29127275943756104,0.025340676307678223
0.291719913482666,0.024564534425735474
0.2917305529117584,0.024546176195144653
0.29174569249153137,0.024519965052604675
0.291789710521698,0.02444341778755188
0.2921879291534424,0.02375239133834839
0.2925063967704773,0.02320006489753723
0.2928211987018585,0.02265411615371704
0.29304367303848267,0.02226826548576355
0.2932050824165344,0.02198842167854309
0.2932319641113281,0.021941661834716797
0.29350751638412476,0.021464049816131592
0.2937679886817932,0.021012544631958008
0.2938893735408783,0.020802348852157593
0.2942958474159241,0.020097792148590088
0.2946528196334839,0.019479423761367798
0.2947494089603424,0.0193120539188385
0.2948204278945923,0.019189059734344482
0.29493802785873413,0.01898530125617981
0.29505616426467896,0.018780767917633057
0.29554659128189087,0.017931640148162842
0.2957834005355835,0.017521709203720093
0.29597020149230957,0.017198234796524048
0.29608920216560364,0.016992509365081787
0.2961270213127136,0.016927003860473633
0.29627081751823425,0.01667824387550354
0.2963694930076599,0.01650741696357727
0.2967962622642517,0.015769153833389282
0.296988844871521,0.015436142683029175
0.29742756485939026,0.014677494764328003
0.29750317335128784,0.014546692371368408
0.2975146472454071,0.014526993036270142
0.29770657420158386,0.01419532299041748
0.29779475927352905,0.014042824506759644
0.2979969382286072,0.013693362474441528
0.29804518818855286,0.013610035181045532
0.29872244596481323,0.012439996004104614
0.29892945289611816,0.012082546949386597
0.29899752140045166,0.011965006589889526
0.2990660071372986,0.011846810579299927
0.29915860295295715,0.011686921119689941
0.2993198335170746,0.011408597230911255
0.29999351501464844,0.010245949029922485
0.3000119626522064,0.010214239358901978
0.3003339171409607,0.009659051895141602
0.30044636130332947,0.009464949369430542
0.3007526099681854,0.008937031030654907
0.30084460973739624,0.008778303861618042
0.30098795890808105,0.008531183004379272
0.3012964725494385,0.007999420166015625
0.30172842741012573,0.007255434989929199
0.3018462657928467,0.007052361965179443
0.3019838035106659,0.006815701723098755
0.3022882044315338,0.00629153847694397
0.3023676872253418,0.006154537200927734
0.3025762438774109,0.005795806646347046
0.3029840290546417,0.005093961954116821
0.30311328172683716,0.004871875047683716
0.3032642602920532,0.004612147808074951
0.3037683367729187,0.0037452876567840576
0.3038516640663147,0.0036022961139678955
0.30388760566711426,0.003540337085723877
0.3039916455745697,0.003361612558364868
0.30448880791664124,0.0025073885917663574
0.30469900369644165,0.002146512269973755
0.3050096035003662,0.0016131401062011719
0.3051230311393738,0.001418381929397583
0.30519604682922363,0.0012930631637573242
0.3054029941558838,0.0009378790855407715
0.3058553636074066,0.00016188621520996094
0.30604088306427,-0.00015616416931152344
0.3061490058898926,-0.00034159421920776367
0.3063907027244568,-0.000755995512008667
0.306574285030365,-0.0010707378387451172
0.3069123923778534,-0.0016498565673828125
0.3070884644985199,-0.0019514262676239014
0.30721327662467957,-0.002165168523788452
0.30761289596557617,-0.002849370241165161
0.3076549172401428,-0.00292128324508667
0.3079061210155487,-0.003351151943206787
0.308155357837677,-0.0037774741649627686
0.30841439962387085,-0.004220336675643921
0.30856284499168396,-0.0044744014739990234
0.3089161515235901,-0.005078226327896118
0.30908921360969543,-0.005373924970626831
0.30919453501701355,-0.005553722381591797
0.3092445135116577,-0.005639135837554932
0.30990445613861084,-0.0067660510540008545
0.30990758538246155,-0.006771266460418701
0.3101745843887329,-0.007227003574371338
0.3103588819503784,-0.007541447877883911
0.3104424774646759,-0.00768396258354187
0.3105766177177429,-0.007912755012512207
0.3112383782863617,-0.009040623903274536
0.3113905191421509,-0.00929984450340271
0.3114306330680847,-0.00936838984489441
0.31150147318840027,-0.009488701820373535
0.3116529583930969,-0.009746938943862915
0.31207364797592163,-0.010463178157806396
0.3125649690628052,-0.011298775672912598
0.31267493963241577,-0.011485874652862549
0.3126845955848694,-0.011502295732498169
0.31282901763916016,-0.01174783706665039
0.3128618597984314,-0.011803597211837769
0.31357890367507935,-0.013022065162658691
0.31387919187545776,-0.013531804084777832
0.31388455629348755,-0.013540804386138916
0.3139367699623108,-0.013629406690597534
0.313973605632782,-0.013692140579223633
0.31432121992111206,-0.014281779527664185
0.31508973240852356,-0.015584856271743774
0.31509095430374146,-0.015586882829666138
0.31511279940605164,-0.015623897314071655
0.3151875138282776,-0.015750467777252197
0.31519749760627747,-0.015767335891723633
0.3157689571380615,-0.01673513650894165
0.31618037819862366,-0.017431199550628662
0.31637439131736755,-0.0177595317363739
0.3164371848106384,-0.01786556839942932
0.3165040612220764,-0.017978578805923462
0.31660836935043335,-0.018154948949813843
0.31720536947250366,-0.019163578748703003
0.31724855303764343,-0.01923656463623047
0.3176625669002533,-0.019935429096221924
0.3176861107349396,-0.019975364208221436
0.31780463457107544,-0.02017536759376526
0.3181297779083252,-0.020723670721054077
0.31829720735549927,-0.021005958318710327
0.31863081455230713,-0.021568119525909424
0.31897589564323425,-0.022149592638015747
0.3190995156764984,-0.022357672452926636
0.3193293809890747,-0.022744596004486084
0.31965371966362,-0.02329021692276001
0.319901704788208,-0.023707419633865356
0.3200455904006958,-0.02394917607307434
0.3203129768371582,-0.024398475885391235
0.32034802436828613,-0.024457424879074097
0.3203890323638916,-0.024526268243789673
0.3211787939071655,-0.0258520245552063
0.3213561177253723,-0.02614954113960266
0.3214500844478607,-0.026307016611099243
0.32162147760391235,-0.02659440040588379
0.3216724097728729,-0.026679694652557373
0.32167351245880127,-0.026681602001190186
0.3223567008972168,-0.02782618999481201
0.3227035701274872,-0.028406649827957153
0.32284456491470337,-0.0286424458026886
0.32295331358909607,-0.028824180364608765
0.3230527937412262,-0.02899053692817688
0.32327690720558167,-0.029365181922912598
0.3233526945114136,-0.029491782188415527
0.32422661781311035,-0.03095090389251709
0.3242287039756775,-0.030954420566558838
0.3242294192314148,-0.030955642461776733
0.3243471384048462,-0.031151890754699707
0.3244526982307434,-0.031328022480010986
0.32487091422080994,-0.03202483057975769
0.32534298300743103,-0.03281122446060181
0.3255000710487366,-0.03307256102561951
0.32560497522354126,-0.03324711322784424
0.3257465660572052,-0.03348273038864136
0.32587069272994995,-0.03368932008743286
0.32634320855140686,-0.03447449207305908
0.3264065086841583,-0.03457966446876526
0.3267677426338196,-0.03517940640449524
0.32697153091430664,-0.035517752170562744
0.32726195454597473,-0.0359993577003479
0.327305406332016,-0.03607138991355896
0.32735082507133484,-0.03614667057991028
0.3278866410255432,-0.03703460097312927
0.328031986951828,-0.037275224924087524
0.3283294141292572,-0.03776729106903076
0.32836878299713135,-0.03783249855041504
0.3287554085254669,-0.03847202658653259
0.32877135276794434,-0.03849846124649048
0.3292931914329529,-0.03936046361923218
0.32931435108184814,-0.03939533233642578
0.32940006256103516,-0.039536863565444946
0.329679012298584,-0.03999730944633484
0.3302192986011505,-0.04088786244392395
0.3302733600139618,-0.04097706079483032
0.33044764399528503,-0.041264116764068604
0.3305516242980957,-0.04143553972244263
0.3306925892829895,-0.04166758060455322
0.3310205936431885,-0.042207419872283936
0.33151453733444214,-0.04301941394805908
0.33169564604759216,-0.04331699013710022
0.3317665457725525,-0.04343348741531372
0.3318076729774475,-0.04350095987319946
0.3320244252681732,-0.04385673999786377
0.33235451579093933,-0.044398218393325806
0.33260369300842285,-0.04480680823326111
0.3330616354942322,-0.045556992292404175
0.33318305015563965,-0.04575592279434204
0.3332494795322418,-0.045864373445510864
0.33331283926963806,-0.04596799612045288
0.3336811065673828,-0.04657062888145447
0.33371806144714355,-0.046631067991256714
0.33431383967399597,-0.04760429263114929
0.3345607817173004,-0.04800739884376526
0.33468008041381836,-0.04820197820663452
0.33472079038619995,-0.048268407583236694
0.3348606526851654,-0.04849642515182495
0.3350006937980652,-0.04872477054595947
0.33556458353996277,-0.04964300990104675
0.33577126264572144,-0.04997950792312622
0.3360341191291809,-0.05040687322616577
0.3361802101135254,-0.05064430832862854
0.3361853063106537,-0.05065259337425232
0.3363136351108551,-0.05086115002632141
0.3368142545223236,-0.0516740083694458
0.33694732189178467,-0.051889896392822266
0.3372383713722229,-0.05236181616783142
0.33762022852897644,-0.052980393171310425
0.33762791752815247,-0.05299299955368042
0.3376973569393158,-0.05310520529747009
0.33806318044662476,-0.053697556257247925
0.3380919098854065,-0.05374369025230408
0.3384719789028168,-0.05435824394226074
0.3389207720756531,-0.055083006620407104
0.3390643298625946,-0.05531463027000427
0.33920803666114807,-0.05554661154747009
0.3392148017883301,-0.05555754899978638
0.3397335708141327,-0.05639326572418213
0.34021565318107605,-0.057169198989868164
0.34029868245124817,-0.05730274319648743
0.34048977494239807,-0.05760994553565979
0.3407362103462219,-0.05800598859786987
0.34102174639701843,-0.05846446752548218
0.34136685729026794,-0.059018105268478394
0.34150516986846924,-0.05923977494239807
0.34190455079078674,-0.0598796010017395
0.34226012229919434,-0.06044876575469971
0.3423350751399994,-0.060568422079086304
0.3424155116081238,-0.06069710850715637
0.3427896797657013,-0.06129509210586548
0.34330904483795166,-0.062123775482177734
0.3434476852416992,-0.062345027923583984
0.34367215633392334,-0.06270274519920349
0.34378519654273987,-0.06288281083106995
0.3440694510936737,-0.06333544850349426
0.34446632862091064,-0.06396636366844177
0.3447035551071167,-0.06434366106987
0.34478655457496643,-0.06447532773017883
0.34503158926963806,-0.06486448645591736
0.3453099727630615,-0.06530627608299255
0.3453448712825775,-0.06536120176315308
0.3454744219779968,-0.06556671857833862
0.34608837962150574,-0.0665387213230133
0.34641197323799133,-0.06705057621002197
0.3464750051498413,-0.06715017557144165
0.3465063273906708,-0.06719964742660522
0.3466162085533142,-0.0673733651638031
0.3468330502510071,-0.06771576404571533
0.3474639058113098,-0.06871065497398376
0.3474709987640381,-0.0687219500541687
0.34781187772750854,-0.06925871968269348
0.3478838801383972,-0.06937175989151001
0.3481617569923401,-0.0698089599609375
0.34835296869277954,-0.07010942697525024
0.3484654426574707,-0.0702863335609436
0.3488304913043976,-0.07085925340652466
0.349148154258728,-0.07135725021362305
0.3492298722267151,-0.07148557901382446
0.34946128726005554,-0.07184797525405884
0.34975576400756836,-0.07230886816978455
0.3498683571815491,-0.07248508930206299
0.35018837451934814,-0.07298514246940613
0.3504093289375305,-0.07333031296730042
0.35046151280403137,-0.07341170310974121
0.35066458582878113,-0.07372850179672241
0.35129135847091675,-0.07470542192459106
0.35137778520584106,-0.07483994960784912
0.35146912932395935,-0.07498201727867126
0.3515379726886749,-0.07508918642997742
0.3516677916049957,-0.07529088854789734
0.35211458802223206,-0.07598507404327393
0.35248708724975586,-0.07656323909759521
0.35277149081230164,-0.0770038366317749
0.3528795540332794,-0.07717138528823853
0.35287976264953613,-0.07717177271842957
0.35292381048202515,-0.07723978161811829
0.35351836681365967,-0.07815951108932495
0.35357847809791565,-0.07825246453285217
0.3541777729988098,-0.07917732000350952
0.3541991710662842,-0.07921051979064941
0.3542134761810303,-0.07923239469528198
0.35437294840812683,-0.0794781744480133
0.35456594824790955,-0.07977548241615295
0.3550548255443573,-0.08052751421928406
0.355430006980896,-0.08110415935516357
0.35554009675979614,-0.08127301931381226
0.3555774390697479,-0.08133018016815186
0.35563284158706665,-0.08141529560089111
0.35585588216781616,-0.08175748586654663
0.3565422296524048,-0.08280819654464722
0.3566807508468628,-0.08302006125450134
0.35672199726104736,-0.08308321237564087
0.3568596839904785,-0.08329355716705322
0.35690927505493164,-0.08336931467056274
0.3573272228240967,-0.08400720357894897
0.35783636569976807,-0.08478274941444397
0.35793042182922363,-0.08492588996887207
0.3580392599105835,-0.0850914716720581
0.35817259550094604,-0.08529427647590637
0.3581976890563965,-0.08533254265785217
0.35878661274909973,-0.08622658252716064
0.3589789569377899,-0.08651816844940186
0.3591793179512024,-0.08682182431221008
0.35944563150405884,-0.08722510933876038
0.3594791889190674,-0.08727622032165527
0.3595444858074188,-0.08737477660179138
0.3601524233818054,-0.08829331398010254
0.3602343499660492,-0.08841696381568909
0.36065611243247986,-0.08905276656150818
0.360779732465744,-0.08923894166946411
0.36105653643608093,-0.0896555483341217
0.3613566756248474,-0.09010675549507141
0.36167073249816895,-0.0905783474445343
0.3618321716785431,-0.09082052111625671
0.362074613571167,-0.09118396043777466
0.3625739812850952,-0.09193137288093567
0.3625902831554413,-0.09195584058761597
0.3629767596721649,-0.09253329038619995
0.3630961775779724,-0.09271156787872314
0.3633641302585602,-0.09311121702194214
0.3638518750667572,-0.09383749961853027
0.3640928864479065,-0.09419599175453186
0.36409538984298706,-0.0941997766494751
0.3645109534263611,-0.09481683373451233
0.36464864015579224,-0.09502115845680237
0.36514005064964294,-0.09574910998344421
0.3651835322380066,-0.09581363201141357
0.3656193017959595,-0.09645795822143555
0.365915447473526,-0.09689518809318542
0.36592841148376465,-0.09691441059112549
0.36625170707702637,-0.09739109873771667
0.3664533793926239,-0.09768813848495483
0.367144376039505,-0.09870386123657227
0.36720383167266846,-0.09879115223884583
0.3673003613948822,-0.09893268346786499
0.36730995774269104,-0.09894683957099915
0.36779046058654785,-0.09965106844902039
0.36833253502845764,-0.10044381022453308
0.36847519874572754,-0.10065218806266785
0.36866915225982666,-0.10093513131141663
0.3686947822570801,-0.10097256302833557
0.3691498935222626,-0.10163560509681702
0.36935117840766907,-0.10192838311195374
0.36974287033081055,-0.10249775648117065
0.37007033824920654,-0.10297265648841858
0.3701922297477722,-0.10314929485321045
0.37035930156707764,-0.1033913791179657
0.37044304609298706,-0.10351258516311646
0.37053027749061584,-0.10363885760307312
0.3710070848464966,-0.10432788729667664
0.37135985493659973,-0.10483691096305847
0.3714368939399719,-0.10494786500930786
0.3717121481895447,-0.10534444451332092
0.37193018198013306,-0.10565805435180664
0.3721628189086914,-0.10599249601364136
0.37226831912994385,-0.10614383220672607
0.3723558783531189,-0.10626938939094543
0.3727948069572449,-0.10689875483512878
0.3732275366783142,-0.10751795768737793
0.3733481764793396,-0.10769021511077881
0.3733502924442291,-0.10769328474998474
0.37352675199508667,-0.10794538259506226
0.3738182485103607,-0.108361154794693
0.37414437532424927,-0.10882568359375
0.37434613704681396,-0.10911256074905396
0.3747369647026062,-0.10966786742210388
0.3747828006744385,-0.109732985496521
0.37478289008140564,-0.10973295569419861
0.3753463625907898,-0.1105317771434784
0.375412255525589,-0.11062487959861755
0.37548595666885376,-0.11072921752929688
0.37603676319122314,-0.11150720715522766
0.37623289227485657,-0.1117837131023407
0.37623894214630127,-0.11179235577583313
0.3763539791107178,-0.11195451021194458
0.376819908618927,-0.11260995268821716
0.3769478499889374,-0.11278954148292542
0.37728893756866455,-0.1132681667804718
0.3773719072341919,-0.11338469386100769
0.37769678235054016,-0.11383938789367676
0.37773212790489197,-0.11388897895812988
0.3781464993953705,-0.11446833610534668
0.3784032166004181,-0.11482641100883484
0.37842798233032227,-0.11486095190048218
0.37853968143463135,-0.11501672863960266
0.3791731297969818,-0.1158980131149292
0.3792150616645813,-0.11595627665519714
0.37945079803466797,-0.11628365516662598
0.37946608662605286,-0.11630472540855408
0.3797893524169922,-0.11675277352333069
0.3798556923866272,-0.11684480309486389
0.3805176913738251,-0.11775952577590942
0.3806605339050293,-0.11795657873153687
0.3806864023208618,-0.11799222230911255
0.3807790279388428,-0.11811992526054382
0.38103827834129333,-0.11847677826881409
0.38123393058776855,-0.11874592304229736
0.3816068172454834,-0.11925819516181946
0.3820855915546417,-0.11991411447525024
0.38214579224586487,-0.11999660730361938
0.382157564163208,-0.12001264095306396
0.38256576657295227,-0.12057051062583923
0.3827212154865265,-0.12078258395195007
0.38338613510131836,-0.12168803811073303
0.38359352946281433,-0.12196964025497437
0.38366279006004333,-0.12206375598907471
0.3838541805744171,-0.12232315540313721
0.38386380672454834,-0.12233626842498779
0.3846810460090637,-0.12344178557395935
0.3850299119949341,-0.1239122748374939
0.38503727316856384,-0.12392216920852661
0.38510212302207947,-0.12400937080383301
0.38517484068870544,-0.12410739064216614
0.3859705626964569,-0.12517616152763367
0.38624152541160583,-0.1255391538143158
0.3863126039505005,-0.125634104013443
0.38645535707473755,-0.12582489848136902
0.3866922855377197,-0.12614154815673828
0.3872550427913666,-0.12689143419265747
0.3874751329421997,-0.12718403339385986
0.3874886631965637,-0.1272020936012268
0.3878701329231262,-0.1277085542678833
0.3882136940956116,-0.1281636357307434
0.3885348439216614,-0.1285880208015442
0.38863325119018555,-0.12871813774108887
0.3887367248535156,-0.12885472178459167
0.38927462697029114,-0.12956327199935913
0.389737606048584,-0.13017138838768005
0.3897493779659271,-0.13018673658370972
0.3898102343082428,-0.13026666641235352
0.39002490043640137,-0.13054800033569336
0.3906691372394562,-0.1313897967338562
0.3908400237560272,-0.1316125988960266
0.3910816013813019,-0.13192719221115112
0.3912626802921295,-0.1321626901626587
0.3913382291793823,-0.1322609782218933
0.391908198595047,-0.13300004601478577
0.3920539617538452,-0.13318881392478943
0.3923492729663849,-0.13357064127922058
0.3926753103733063,-0.13399124145507812
0.39278745651245117,-0.13413578271865845
0.39295685291290283,-0.13435378670692444
0.3934295177459717,-0.1349610686302185
0.3936135172843933,-0.13519668579101562
0.39398902654647827,-0.13567733764648438
0.394034743309021,-0.1357358694076538
0.39431053400039673,-0.13608810305595398
0.39479607343673706,-0.13670659065246582
0.3948747217655182,-0.136806458234787
0.3950076699256897,-0.13697549700737
0.39541512727737427,-0.13749229907989502
0.3958304524421692,-0.13801789283752441
0.3960157632827759,-0.13825178146362305
0.3961331844329834,-0.13839992880821228
0.39615398645401,-0.13842609524726868
0.3968150019645691,-0.13925787806510925
0.396842896938324,-0.1392928659915924
0.39701634645462036,-0.13951057195663452
0.3973458409309387,-0.1399230659008026
0.3973892033100128,-0.1399773359298706
0.3975035548210144,-0.14012029767036438
0.39801234006881714,-0.14075517654418945
0.398233026266098,-0.14102980494499207
0.3985626697540283,-0.1414393186569214
0.3986431658267975,-0.14153918623924255
0.3988451361656189,-0.14178970456123352
0.3988552689552307,-0.14180207252502441
0.39900678396224976,-0.14198976755142212
0.39966773986816406,-0.14280575513839722
0.3998953700065613,-0.14308616518974304
0.4000026285648346,-0.1432178020477295
0.40017908811569214,-0.14343461394309998
0.40021809935569763,-0.14348235726356506
0.4003572463989258,-0.1436532735824585
0.4010028541088104,-0.1444430649280548
0.401117742061615,-0.14458325505256653
0.4011461138725281,-0.1446177065372467
0.4015056788921356,-0.14505550265312195
0.4018121063709259,-0.14542782306671143
0.4018504321575165,-0.14547446370124817
0.4020104706287384,-0.14566847681999207
0.4023957848548889,-0.14613482356071472
0.4025816321372986,-0.14635947346687317
0.402825266122818,-0.146653413772583
0.4030284285545349,-0.14689794182777405
0.4033333659172058,-0.14726462960243225
0.4033477008342743,-0.14728158712387085
0.4036446809768677,-0.14763787388801575
0.40405797958374023,-0.1481322944164276
0.4040597081184387,-0.14813438057899475
0.4041382074356079,-0.1482280194759369
0.40480470657348633,-0.14902177453041077
0.4048278331756592,-0.14904922246932983
0.4051072895526886,-0.14938077330589294
0.40544477105140686,-0.14978021383285522
0.4055453836917877,-0.14989909529685974
0.4061741828918457,-0.1506403088569641
0.4062555432319641,-0.15073585510253906
0.4062640964984894,-0.1507459282875061
0.4067453145980835,-0.15131032466888428
0.40704238414764404,-0.1516578495502472
0.4072633385658264,-0.15191558003425598
0.40763378143310547,-0.15234708786010742
0.40771183371543884,-0.1524377465248108
0.40804022550582886,-0.15281915664672852
0.4083777070045471,-0.15320977568626404
0.40854763984680176,-0.15340617299079895
0.4089656174182892,-0.1538877785205841
0.4091482162475586,-0.15409815311431885
0.40932974219322205,-0.15430647134780884
0.40952029824256897,-0.15452492237091064
0.41005969047546387,-0.15514183044433594
0.41025403141975403,-0.15536320209503174
0.41057366132736206,-0.15572726726531982
0.4106142222881317,-0.1557731330394745
0.4106937646865845,-0.1558632254600525
0.4115019738674164,-0.15677794814109802
0.41157710552215576,-0.15686267614364624
0.4118940234184265,-0.15721938014030457
0.41189801692962646,-0.15722402930259705
0.41198843717575073,-0.1573255956172943
0.4127124547958374,-0.15813639760017395
0.4130985140800476,-0.15856686234474182
0.41313162446022034,-0.1586037576198578
0.41316941380500793,-0.15864580869674683
0.41339293122291565,-0.15889427065849304
0.41388851404190063,-0.1594432294368744
0.41439321637153625,-0.16000014543533325
0.414440780878067,-0.16005244851112366
0.4146224856376648,-0.1602524220943451
0.4147874414920807,-0.16043344140052795
0.41503310203552246,-0.16070270538330078
0.415681391954422,-0.1614106297492981
0.41570845246315,-0.16144010424613953
0.41614753007888794,-0.1619172990322113
0.41614922881126404,-0.16191896796226501
0.4161722660064697,-0.1619439721107483
0.41697269678115845,-0.16280865669250488
0.41699472069740295,-0.16283252835273743
0.41723987460136414,-0.16309595108032227
0.4175478219985962,-0.1634262204170227
0.417672336101532,-0.16355940699577332
0.4182339012622833,-0.16415870189666748
0.4183080494403839,-0.16423752903938293
0.4183318018913269,-0.16426295042037964
0.4189143776893616,-0.1648806929588318
0.41919538378715515,-0.1651776134967804
0.41935670375823975,-0.16534775495529175
0.41949236392974854,-0.16549065709114075
0.4196912348270416,-0.16569951176643372
0.4202722907066345,-0.16630816459655762
0.4203888773918152,-0.16642993688583374
0.42071533203125,-0.16677016019821167
0.42074838280677795,-0.1668044626712799
0.4210716187953949,-0.16713982820510864
0.4214075207710266,-0.16748791933059692
0.4216218590736389,-0.1677091121673584
0.4220023453235626,-0.16810059547424316
0.42223072052001953,-0.16833510994911194
0.4224156141281128,-0.1685243546962738
0.4224715232849121,-0.16858166456222534
0.4229634404182434,-0.1690835952758789
0.4232545495033264,-0.16937947273254395
0.4234161972999573,-0.1695435345172882
0.42374008893966675,-0.1698712408542633
0.42388951778411865,-0.1700219213962555
0.423936665058136,-0.17006951570510864
0.42429739236831665,-0.17043259739875793
0.42441219091415405,-0.17054778337478638
0.4245052933692932,-0.17064133286476135
0.4252421259880066,-0.17137721180915833
0.4253242313861847,-0.1714586317539215
0.42540663480758667,-0.17154058814048767
0.42562398314476013,-0.17175611853599548
0.42565643787384033,-0.17178836464881897
0.42575496435165405,-0.17188605666160583
0.4264024794101715,-0.17252478003501892
0.4267352819442749,-0.17285147309303284
0.4267742335796356,-0.17288950085639954
0.4269435703754425,-0.17305544018745422
0.4270038604736328,-0.17311421036720276
0.42731186747550964,-0.17341458797454834
0.42740270495414734,-0.17350298166275024
0.4282182455062866,-0.17429307103157043
0.4282381236553192,-0.17431232333183289
0.4282565116882324,-0.17433017492294312
0.4284103214740753,-0.1744781732559204
0.4289058744907379,-0.17495402693748474
0.4294282793998718,-0.17545264959335327
0.42956307530403137,-0.17558065056800842
0.42968955636024475,-0.1757010817527771
0.42971447110176086,-0.17572468519210815
0.4304414689540863,-0.1764117181301117
0.43045955896377563,-0.17642870545387268
0.430863618850708,-0.1768082082271576
0.4311489462852478,-0.17707520723342896
0.43120187520980835,-0.1771247684955597
0.4315071403980255,-0.1774091124534607
0.4319216012954712,-0.17779335379600525
0.43215852975845337,-0.17801254987716675
0.4325740337371826,-0.1783953309059143
0.43259668350219727,-0.17841604351997375
0.43269890546798706,-0.17850983142852783
0.4333493113517761,-0.17910432815551758
0.43344804644584656,-0.17919409275054932
0.43366318941116333,-0.17938965559005737
0.434033066034317,-0.17972421646118164
0.4342041313648224,-0.17987865209579468
0.4347275495529175,-0.18034914135932922
0.4347325265407562,-0.18035346269607544
0.43477755784988403,-0.18039414286613464
0.4354585111141205,-0.18100079894065857
0.4357161819934845,-0.18122920393943787
0.4359201490879059,-0.18140965700149536
0.436012327671051,-0.181490957736969
0.4360593855381012,-0.18153232336044312
0.43687331676483154,-0.18224599957466125
0.4370936155319214,-0.18243789672851562
0.4372336268424988,-0.1825597882270813
0.43728771805763245,-0.18260681629180908
0.43734779953956604,-0.182658851146698
0.4382777810096741,-0.183460533618927
0.4382978677749634,-0.18347778916358948
0.43855908513069153,-0.18370112776756287
0.4385957419872284,-0.18373236060142517
0.4387550354003906,-0.183868408203125
0.43953147530555725,-0.18452605605125427
0.4396722912788391,-0.1846449375152588
0.4398062229156494,-0.18475750088691711
0.43982675671577454,-0.1847747564315796
0.44027894735336304,-0.18515324592590332
0.44079306721687317,-0.18558081984519958
0.44098228216171265,-0.18573758006095886
0.44105714559555054,-0.18579944968223572
0.44109100103378296,-0.1858273148536682
0.44180402159690857,-0.18641313910484314
0.4420812427997589,-0.1866394281387329
0.4421268701553345,-0.1866767704486847
0.44235220551490784,-0.18685972690582275
0.4424326717853546,-0.1869250237941742
0.44324299693107605,-0.18757793307304382
0.4433287978172302,-0.18764671683311462
0.44339457154273987,-0.18769940733909607
0.44361066818237305,-0.18787193298339844
0.44379922747612,-0.18802186846733093
0.44433364272117615,-0.1884450912475586
0.4447316527366638,-0.18875828385353088
0.4448518753051758,-0.18885254859924316
0.44486668705940247,-0.18886405229568481
0.44515714049339294,-0.1890908181667328
0.4454018175601959,-0.18928128480911255
0.44609108567237854,-0.1898137629032135
0.44612064957618713,-0.1898365616798401
0.44637179374694824,-0.19002917408943176
0.44645047187805176,-0.19008928537368774
0.44650670886039734,-0.19013217091560364
0.4473728537559509,-0.19078946113586426
0.4474714696407318,-0.1908634901046753
0.4474826455116272,-0.1908721625804901
0.4478483200073242,-0.1911466419696808
0.4478871822357178,-0.1911756992340088
0.4485012888908386,-0.19163265824317932
0.4486235976219177,-0.19172286987304688
0.448871374130249,-0.19190576672554016
0.4491822421550751,-0.19213390350341797
0.44939661026000977,-0.19229084253311157
0.4495093822479248,-0.19237330555915833
0.44987326860427856,-0.19263744354248047
0.45028936862945557,-0.19293752312660217
0.45050883293151855,-0.19309544563293457
0.4505099654197693,-0.1930963397026062
0.45089858770370483,-0.1933738887310028
0.4511221647262573,-0.1935328245162964
0.45150595903396606,-0.19380417466163635
0.4516758322715759,-0.19392377138137817
0.4517240822315216,-0.19395768642425537
0.4518284201622009,-0.19403088092803955
0.45239177346229553,-0.19442391395568848
0.4525004029273987,-0.19449928402900696
0.45314136147499084,-0.19494104385375977
0.45317408442497253,-0.1949632465839386
0.4533956050872803,-0.19511502981185913
0.4534962475299835,-0.19518324732780457
0.45387470722198486,-0.19544029235839844
0.4544479250907898,-0.1958259642124176
0.45449647307395935,-0.19585850834846497
0.45463797450065613,-0.19595292210578918
0.4550510346889496,-0.19622766971588135
0.4553460478782654,-0.19642242789268494
0.45550408959388733,-0.19652622938156128
0.4557484984397888,-0.1966865062713623
0.4561143219470978,-0.19692474603652954
0.45652204751968384,-0.19718831777572632
0.45664504170417786,-0.19726744294166565
0.45680543780326843,-0.19737032055854797
0.4570433795452118,-0.19752231240272522
0.45755332708358765,-0.1978461742401123
0.45760172605514526,-0.19787642359733582
0.45818063616752625,-0.19823962450027466
0.4582531750202179,-0.19828489422798157
0.458332896232605,-0.19833439588546753
0.4586009085178375,-0.1985006332397461
0.459098756313324,-0.19880706071853638
0.45961737632751465,-0.1991228461265564
0.45966076850891113,-0.19914907217025757
0.45966780185699463,-0.19915315508842468
0.45968955755233765,-0.19916638731956482
0.4606039822101593,-0.19971442222595215
0.46075695753097534,-0.19980499148368835
0.46089717745780945,-0.1998877227306366
0.46108847856521606,-0.20000028610229492
0.4611150026321411,-0.20001599192619324
0.46187132596969604,-0.2004561722278595
0.4621160328388214,-0.2005971372127533
0.46217256784439087,-0.2006295919418335
0.4624667167663574,-0.20079776644706726
0.4625297784805298,-0.20083358883857727
0.4630139172077179,-0.20110756158828735
0.46344393491744995,-0.20134836435317993
0.4636334776878357,-0.2014540135860443
0.46379855275154114,-0.20154514908790588
0.4639342725276947,-0.2016202211380005
0.4641873836517334,-0.20175939798355103
0.46471160650253296,-0.20204457640647888
0.465086966753006,-0.20224696397781372
0.46515488624572754,-0.20228329300880432
0.46532878279685974,-0.20237615704536438
0.4653916358947754,-0.20240992307662964
0.4659758508205414,-0.20271846652030945
0.46633490920066833,-0.20290613174438477
0.46662524342536926,-0.20305663347244263
0.46667879819869995,-0.20308423042297363
0.4667136073112488,-0.2031022608280182
0.46723705530166626,-0.20337024331092834
0.46754539012908936,-0.2035263180732727
0.4678868353366852,-0.2036978006362915
0.46808916330337524,-0.2037988007068634
0.4682038724422455,-0.20385560393333435
0.4684954881668091,-0.20399978756904602
0.4687214493751526,-0.20411059260368347
0.4691750109195709,-0.20433130860328674
0.4694557189941406,-0.20446637272834778
0.46972864866256714,-0.20459681749343872
0.4697515368461609,-0.204607754945755
0.4698660373687744,-0.20466220378875732
0.4704883396625519,-0.20495495200157166
0.4708136320114136,-0.20510604977607727
0.470982164144516,-0.20518359541893005
0.47100549936294556,-0.20519444346427917
0.4712517261505127,-0.2053072452545166
0.47182542085647583,-0.20556700229644775
0.4720728099346161,-0.20567786693572998
0.47216320037841797,-0.2057180106639862
0.47225770354270935,-0.2057599425315857
0.47277164459228516,-0.2059863805770874
0.47314098477363586,-0.20614704489707947
0.47318485379219055,-0.20616602897644043
0.47350478172302246,-0.20630332827568054
0.47350844740867615,-0.2063048779964447
0.4741896390914917,-0.2065930962562561
0.4742870330810547,-0.20663386583328247
0.4745652377605438,-0.20674949884414673
0.474758118391037,-0.2068292200565338
0.4748387336730957,-0.20686230063438416
0.47522181272506714,-0.20701873302459717
0.4757964611053467,-0.2072497308254242
0.47596514225006104,-0.2073165774345398
0.47600704431533813,-0.20733332633972168
0.4761653244495392,-0.20739570260047913
0.47624045610427856,-0.2074253261089325
0.47724854946136475,-0.20781442523002625
0.47729843854904175,-0.20783352851867676
0.4773831367492676,-0.20786559581756592
0.47748491168022156,-0.20790398120880127
0.47824913263320923,-0.2081882357597351
0.47879162430763245,-0.20838534832000732
0.4787978529930115,-0.20838764309883118
0.4788178503513336,-0.2083948850631714
0.479245126247406,-0.20854729413986206
0.48001232743263245,-0.208815336227417
0.4801044166088104,-0.2088470458984375
0.4802395701408386,-0.20889341831207275
0.48026785254478455,-0.20890304446220398
0.4802745580673218,-0.20890524983406067
0.48123541474342346,-0.20922726392745972
0.48140496015548706,-0.20928290486335754
0.48173174262046814,-0.20938894152641296
0.4817321002483368,-0.20938915014266968
0.4817458987236023,-0.2093934416770935
0.4822356402873993,-0.20955011248588562
0.4826998710632324,-0.20969563722610474
0.48320528864860535,-0.20985084772109985
0.4832080900669098,-0.2098516821861267
0.48324325680732727,-0.20986226201057434
0.4833875298500061,-0.20990613102912903
0.4839893877506256,-0.21008548140525818
0.4842612147331238,-0.21016478538513184
0.4846530258655548,-0.2102777361869812
0.4846954941749573,-0.21029004454612732
0.4849815368652344,-0.21037113666534424
0.4852738678455353,-0.21045300364494324
0.4852924942970276,-0.2104581594467163
0.48608940839767456,-0.21067535877227783
0.486192524433136,-0.21070292592048645
0.48634007573127747,-0.21074199676513672
0.48651713132858276,-0.21078860759735107
0.4865536689758301,-0.21079829335212708
0.48740696907043457,-0.2110169529914856
0.487514853477478,-0.21104416251182556
0.4876977503299713,-0.21108964085578918
0.4878290593624115,-0.2111220359802246
0.48799726366996765,-0.21116310358047485
0.4884961247444153,-0.21128326654434204
0.4889296293258667,-0.21138513088226318
0.4891004264354706,-0.21142441034317017
0.4892098009586334,-0.21144956350326538
0.4894249439239502,-0.2114984095096588
0.489610493183136,-0.21153989434242249
0.4903341233730316,-0.21169862151145935
0.4903680980205536,-0.21170586347579956
0.4907272458076477,-0.2117818295955658
0.49075308442115784,-0.21178722381591797
0.49080321192741394,-0.21179762482643127
0.491632342338562,-0.21196627616882324
0.49172863364219666,-0.2119855284690857
0.49192655086517334,-0.21202409267425537
0.49213504791259766,-0.2120646834373474
0.49224865436553955,-0.21208637952804565
0.4928935468196869,-0.21220654249191284
0.4931134581565857,-0.2122465968132019
0.49313080310821533,-0.2122495174407959
0.4934234619140625,-0.2123016119003296
0.49377256631851196,-0.21236228942871094
0.4941520094871521,-0.21242660284042358
0.4943644106388092,-0.21246176958084106
0.49448901414871216,-0.21248215436935425
0.49467140436172485,-0.2125115990638733
0.4952976405620575,-0.21260952949523926
0.4954080283641815,-0.21262621879577637
0.4956260025501251,-0.2126590609550476
0.49585556983947754,-0.2126927375793457
0.4958818852901459,-0.21269649267196655
0.4966619908809662,-0.2128061056137085
0.49682241678237915,-0.21282804012298584
0.49691417813301086,-0.21284013986587524
0.4970579445362091,-0.21285903453826904
0.4972134828567505,-0.21287918090820312
0.49791419506073,-0.2129664421081543
0.49820253252983093,-0.21300071477890015
0.4982275068759918,-0.21300363540649414
0.4983454942703247,-0.21301716566085815
0.4985630512237549,-0.21304214000701904
0.4991649389266968,-0.21310728788375854
0.4993186593055725,-0.21312344074249268
0.49956458806991577,-0.213148295879364
0.49986541271209717,-0.21317756175994873
0.4999046325683594,-0.21318161487579346
0.5004093050956726,-0.21322834491729736
0.5004146099090576,-0.21322882175445557
0.5009240508079529,-0.21327269077301025
0.5012385845184326,-0.21329814195632935
0.5013808012008667,-0.2133094072341919
0.5014774799346924,-0.21331703662872314
0.5016635060310364,-0.21333098411560059
0.5023043751716614,-0.213375985622406
0.5025261640548706,-0.21339023113250732
0.5025651454925537,-0.21339285373687744
0.5028902292251587,-0.21341252326965332
0.5035582780838013,-0.21344923973083496
0.503704309463501,-0.21345674991607666
0.5038847923278809,-0.2134653925895691
0.5043922066688538,-0.2134876251220703
0.5045769214630127,-0.21349501609802246
0.5051223039627075,-0.21351397037506104
0.5051977038383484,-0.21351629495620728
0.5055850744247437,-0.21352732181549072
0.5058854222297668,-0.21353471279144287
0.5065042972564697,-0.2135462760925293
0.5065569877624512,-0.21354705095291138
0.5065855979919434,-0.21354740858078003
0.5073683261871338,-0.21355479955673218
0.5075816512107849,-0.21355509757995605
0.507804811000824,-0.21355533599853516
0.5080070495605469,-0.21355479955673218
0.5085760951042175,-0.2135511040687561
0.5088396668434143,-0.21354806423187256
0.5088996291160583,-0.2135469913482666
0.5090997219085693,-0.21354389190673828
0.5094709396362305,-0.21353721618652344
0.50957190990448,-0.21353483200073242
0.5102990865707397,-0.21351546049118042
0.5103892087936401,-0.2135123610496521
0.5105721354484558,-0.21350646018981934
0.5106194019317627,-0.2135048508644104
0.5109472274780273,-0.21349263191223145
0.5115797519683838,-0.2134656310081482
0.5116737484931946,-0.2134612798690796
0.5117467641830444,-0.21345746517181396
0.5122748613357544,-0.2134302854537964
0.5124346613883972,-0.2134210467338562
0.5125976800918579,-0.2134118676185608
0.512953519821167,-0.21339017152786255
0.5131831765174866,-0.21337532997131348
0.5136289596557617,-0.21334493160247803
0.5138688683509827,-0.2133273482322693
0.5139316916465759,-0.2133224606513977
0.5142289400100708,-0.21329975128173828
0.51460862159729,-0.2132689356803894
0.514676570892334,-0.2132633924484253
0.5154044032096863,-0.21319901943206787
0.5154368877410889,-0.21319615840911865
0.5155003070831299,-0.2131901979446411
0.5157434344291687,-0.2131670117378235
0.5160233974456787,-0.21313941478729248
0.5167679786682129,-0.21306157112121582
0.5168325901031494,-0.21305453777313232
0.5168845653533936,-0.21304887533187866
0.516948938369751,-0.21304172277450562
0.517427921295166,-0.21298706531524658
0.5179469585418701,-0.21292465925216675
0.5180321931838989,-0.21291416883468628
0.5183122754096985,-0.21287906169891357
0.5184664130210876,-0.21285903453826904
0.518822431564331,-0.2128123641014099
0.5190895795822144,-0.21277600526809692
0.5192934274673462,-0.2127479910850525
0.5196905136108398,-0.21269184350967407
0.5199878215789795,-0.2126483917236328
0.5202072262763977,-0.212615966796875
0.5202630758285522,-0.21260738372802734
0.520551860332489,-0.21256333589553833
0.521022379398346,-0.2124895453453064
0.5214672684669495,-0.21241724491119385
0.5215117335319519,-0.21240991353988647
0.5215827822685242,-0.2123979926109314
0.5218079090118408,-0.21236032247543335
0.522310733795166,-0.21227377653121948
0.5227009057998657,-0.21220451593399048
0.5229493379592896,-0.21215933561325073
0.5230368375778198,-0.21214348077774048
0.5230618715286255,-0.212138831615448
0.5235586762428284,-0.21204602718353271
0.5239624977111816,-0.2119683027267456
0.5243072509765625,-0.211900532245636
0.5243140459060669,-0.21189934015274048
0.5245615839958191,-0.21184951066970825
0.5247691869735718,-0.2118072509765625
0.5252506732940674,-0.21170777082443237
0.5255647897720337,-0.21164095401763916
0.5256568193435669,-0.21162158250808716
0.525945246219635,-0.211558997631073
0.5260846614837646,-0.21152853965759277
0.5265640020370483,-0.21142196655273438
0.5268144607543945,-0.21136510372161865
0.5269984006881714,-0.21132278442382812
0.5270898342132568,-0.21130162477493286
0.5276045799255371,-0.21118086576461792
0.5279011130332947,-0.21110987663269043
0.5280633568763733,-0.211070716381073
0.528205931186676,-0.21103578805923462
0.5283323526382446,-0.21100491285324097
0.5291199684143066,-0.21080726385116577
0.529260516166687,-0.21077120304107666
0.5292966365814209,-0.21076202392578125
0.5296589136123657,-0.2106679081916809
0.5303647518157959,-0.21048033237457275
0.5306293964385986,-0.21040844917297363
0.5306409001350403,-0.21040523052215576
0.5309785604476929,-0.21031206846237183
0.5314134359359741,-0.2101905345916748
0.5320407748222351,-0.21001124382019043
0.5321313738822937,-0.20998477935791016
0.5322914719581604,-0.20993834733963013
0.5324456095695496,-0.2098931074142456
0.5334588289260864,-0.20958858728408813
0.533464252948761,-0.20958709716796875
0.5335980653762817,-0.20954608917236328
0.5336245894432068,-0.2095378041267395
0.5344723463058472,-0.2092723250389099
0.5348935127258301,-0.20913749933242798
0.534898579120636,-0.20913589000701904
0.5351074934005737,-0.20906800031661987
0.5354729294776917,-0.20894849300384521
0.5361934900283813,-0.2087078094482422
0.536343514919281,-0.20865708589553833
0.5364689230918884,-0.2086142897605896
0.5365788340568542,-0.20857685804367065
0.537463366985321,-0.20826929807662964
0.5374829769134521,-0.20826256275177002
0.5378074049949646,-0.20814752578735352
0.5380382537841797,-0.20806485414505005
0.538291871547699,-0.20797348022460938
0.5384591817855835,-0.20791268348693848
0.5387675166130066,-0.20779985189437866
0.5392837524414062,-0.20760828256607056
0.5394594669342041,-0.20754271745681763
0.5394859313964844,-0.2075325846672058
0.5400116443634033,-0.20733344554901123
0.540047287940979,-0.2073197364807129
0.5404670238494873,-0.2071581482887268
0.5407711267471313,-0.20703989267349243
0.5409223437309265,-0.20698052644729614
0.5413227081298828,-0.20682263374328613
0.5414850115776062,-0.20675784349441528
0.541667103767395,-0.20668500661849976
0.5422681570053101,-0.2064419388771057
0.54234778881073,-0.2064092755317688
0.54251629114151,-0.20634043216705322
0.5425940752029419,-0.20630836486816406
0.5432611107826233,-0.20603132247924805
0.5435639023780823,-0.20590370893478394
0.5437625646591187,-0.20581930875778198
0.5437734127044678,-0.20581495761871338
0.5438617467880249,-0.205777108669281
0.544630765914917,-0.20544612407684326
0.5447966456413269,-0.20537370443344116
0.5451259613037109,-0.20522946119308472
0.545167088508606,-0.20521128177642822
0.5452854633331299,-0.20515894889831543
0.5457199215888977,-0.2049655318260193
0.5462768077850342,-0.20471447706222534
0.5463871955871582,-0.20466434955596924
0.546561598777771,-0.20458489656448364
0.5468028783798218,-0.20447421073913574
0.5468342900276184,-0.20445984601974487
0.547645628452301,-0.20408278703689575
0.5477045178413391,-0.20405495166778564
0.5479463934898376,-0.20394092798233032
0.5479769110679626,-0.20392632484436035
0.5483242869377136,-0.20376133918762207
0.5489016771316528,-0.20348405838012695
0.5490827560424805,-0.2033964991569519
0.5491503477096558,-0.2033635377883911
0.5493219494819641,-0.20327985286712646
0.5498482584953308,-0.20302104949951172
0.5501556396484375,-0.20286870002746582
0.5503545999526978,-0.20276939868927002
0.5504146218299866,-0.20273947715759277
0.5506885051727295,-0.20260179042816162
0.551373302936554,-0.20225417613983154
0.5514078140258789,-0.20223641395568848
0.5515881776809692,-0.20214396715164185
0.5517029762268066,-0.20208477973937988
0.5520464181900024,-0.20190727710723877
0.5526585578918457,-0.20158737897872925
0.5528498291969299,-0.2014864683151245
0.552898108959198,-0.20146089792251587
0.552950918674469,-0.201433002948761
0.5533959865570068,-0.20119649171829224
0.5539082288742065,-0.2009211778640747
0.5541379451751709,-0.20079678297042847
0.5541614294052124,-0.20078366994857788
0.5544211864471436,-0.20064258575439453
0.5547375679016113,-0.20046931505203247
0.5551571249961853,-0.2002376914024353
0.5553374886512756,-0.20013749599456787
0.5554512739181519,-0.20007413625717163
0.555941104888916,-0.19979983568191528
0.5560715198516846,-0.19972610473632812
0.5564820766448975,-0.19949352741241455
0.5567883849143982,-0.19931858777999878
0.5573980808258057,-0.19896751642227173
0.5574564933776855,-0.19893383979797363
0.5575981736183167,-0.19885152578353882
0.5581478476524353,-0.19853001832962036
0.5586888790130615,-0.1982107162475586
0.5587177276611328,-0.19819343090057373
0.5589658617973328,-0.19804561138153076
0.5595281720161438,-0.19770824909210205
0.5597569942474365,-0.19757026433944702
0.5600306391716003,-0.19740384817123413
0.5604678988456726,-0.19713687896728516
0.5608056783676147,-0.19692891836166382
0.5609281063079834,-0.19685333967208862
0.5613372325897217,-0.19659936428070068
0.5618378520011902,-0.1962859034538269
0.5619610548019409,-0.19620835781097412
0.5623461008071899,-0.19596487283706665
0.5626377463340759,-0.19577950239181519
0.5628564953804016,-0.19563984870910645
0.5634440183639526,-0.19526195526123047
0.5637807846069336,-0.1950436234474182
0.5638645887374878,-0.1949891448020935
0.5639326572418213,-0.1949448585510254
0.5648651719093323,-0.19433212280273438
0.5649152994155884,-0.1942988634109497
0.5652221441268921,-0.1940949559211731
0.5652308464050293,-0.19408929347991943
0.565861165523529,-0.1936669945716858
0.5663747191429138,-0.19331997632980347
0.5665066838264465,-0.19323033094406128
0.5666947364807129,-0.19310206174850464
0.5668556094169617,-0.19299226999282837
0.567786455154419,-0.19235080480575562
0.5678224563598633,-0.1923258900642395
0.5678514242172241,-0.19230550527572632
0.5681440830230713,-0.19210201501846313
0.5681710243225098,-0.19208312034606934
0.5688517093658447,-0.19160515069961548
0.5690618753433228,-0.19145631790161133
0.5692588686943054,-0.19131648540496826
0.5696584582328796,-0.19103217124938965
0.5698592662811279,-0.1908884048461914
0.5698638558387756,-0.19088506698608398
0.5703332424163818,-0.1905471682548523
0.5706843137741089,-0.19029313325881958
0.5708772540092468,-0.1901528239250183
0.5711554884910583,-0.18994981050491333
0.5715193152427673,-0.18968307971954346
0.5716009140014648,-0.18962311744689941
0.5719085335731506,-0.18939608335494995
0.5720990896224976,-0.18925517797470093
0.5726606845855713,-0.18883711099624634
0.5728651285171509,-0.18868368864059448
0.5729561448097229,-0.18861567974090576
0.5731133222579956,-0.18849754333496094
0.5735035538673401,-0.18820327520370483
0.5740230083465576,-0.18780875205993652
0.5741263628005981,-0.1877298355102539
0.5741727352142334,-0.18769443035125732
0.5746488571166992,-0.18732953071594238
0.5748980641365051,-0.1871376633644104
0.5751121640205383,-0.18697214126586914
0.575384795665741,-0.18676048517227173
0.5756902098655701,-0.18652278184890747
0.5761290192604065,-0.18617939949035645
0.576226532459259,-0.18610280752182007
0.5762829184532166,-0.1860584020614624
0.5766408443450928,-0.18577611446380615
0.5772116184234619,-0.18532311916351318
0.5773691534996033,-0.18519747257232666
0.5775567293167114,-0.18504762649536133
0.5776584148406982,-0.18496602773666382
0.5778948068618774,-0.1847761869430542
0.5785425901412964,-0.18425321578979492
0.5787355303764343,-0.18409639596939087
0.5789349675178528,-0.18393433094024658
0.5790250301361084,-0.18386101722717285
0.5791469812393188,-0.18376117944717407
0.5797468423843384,-0.18326854705810547
0.5802606344223022,-0.18284392356872559
0.5802668333053589,-0.18283885717391968
0.5803828835487366,-0.18274271488189697
0.5803977251052856,-0.18273019790649414
0.5809804201126099,-0.18224424123764038
0.581555187702179,-0.18176138401031494
0.5816473960876465,-0.1816834807395935
0.5817325115203857,-0.18161147832870483
0.5817853808403015,-0.1815667748451233
0.5822420716285706,-0.1811794638633728
0.5828031301498413,-0.18070030212402344
0.5828962922096252,-0.1806207299232483
0.5830740928649902,-0.18046796321868896
0.5833084583282471,-0.18026626110076904
0.5835301876068115,-0.1800747513771057
0.5840136408805847,-0.1796555519104004
0.5844079852104187,-0.17931193113327026
0.5848283767700195,-0.1789436936378479
0.5848435163497925,-0.178930401802063
0.585189700126648,-0.1786257028579712
0.5857346057891846,-0.1781434416770935
0.5861806273460388,-0.17774635553359985
0.5863342881202698,-0.17760920524597168
0.5863437652587891,-0.1776006817817688
0.5870541930198669,-0.17696237564086914
0.587450385093689,-0.17660433053970337
0.5875400900840759,-0.17652302980422974
0.587853193283081,-0.17623859643936157
0.5883671045303345,-0.1757693886756897
0.5885410308837891,-0.17561018466949463
0.5889204144477844,-0.17526113986968994
0.5893551707267761,-0.17485934495925903
0.5896092057228088,-0.17462408542633057
0.5896736979484558,-0.1745639443397522
0.590320348739624,-0.17396098375320435
0.5906578898429871,-0.1736438274383545
0.5908483862876892,-0.173464834690094
0.5909742712974548,-0.17334610223770142
0.5916900634765625,-0.17266839742660522
0.5917383432388306,-0.1726226806640625
0.5922691226005554,-0.172116219997406
0.5923312902450562,-0.17205673456192017
0.5927087068557739,-0.17169451713562012
0.5931730270385742,-0.17124712467193604
0.593558669090271,-0.17087382078170776
0.5937168002128601,-0.17072010040283203
0.5938026309013367,-0.17063677310943604
0.5946230888366699,-0.16983503103256226
0.5947173833847046,-0.16974246501922607
0.5948431491851807,-0.16961896419525146
0.5952620506286621,-0.16920578479766846
0.5957133769989014,-0.16875886917114258
0.5960869789123535,-0.16838741302490234
0.5961229205131531,-0.16835147142410278
0.596707820892334,-0.16776669025421143
0.5967097282409668,-0.1677647829055786
0.5973983407020569,-0.1670716404914856
0.5975632667541504,-0.16690486669540405
0.5977036952972412,-0.1667625904083252
0.5981461405754089,-0.16631299257278442
0.598412275314331,-0.16604197025299072
0.598669707775116,-0.16577869653701782
0.598703920841217,-0.16574370861053467
0.5990507006645203,-0.16538798809051514
0.5995715856552124,-0.1648513674736023
0.5997114777565002,-0.16470712423324585
0.599937379360199,-0.16447299718856812
0.6001320481300354,-0.1642712950706482
0.600547730922699,-0.16383838653564453
0.6007294654846191,-0.1636488437652588
0.6009863615036011,-0.16338002681732178
0.6012016534805298,-0.16315454244613647
0.601760745048523,-0.1625659465789795
0.6017875075340271,-0.16253751516342163
0.6020529270172119,-0.16225719451904297
0.6023908853530884,-0.16189897060394287
0.6024628281593323,-0.16182273626327515
0.6028083562850952,-0.16145479679107666
0.6033815145492554,-0.16084200143814087
0.603564977645874,-0.16064518690109253
0.6037212610244751,-0.1604771614074707
0.6037853956222534,-0.16040831804275513
0.6038752198219299,-0.16031146049499512
0.604917049407959,-0.15918385982513428
0.6049643754959106,-0.15913230180740356
0.6049773097038269,-0.1591181755065918
0.6050824522972107,-0.1590036153793335
0.6051701903343201,-0.15890806913375854
0.6060787439346313,-0.1579134464263916
0.6062312722206116,-0.1577458381652832
0.6063972115516663,-0.15756267309188843
0.6065457463264465,-0.15739887952804565
0.6066038608551025,-0.15733462572097778
0.6072213649749756,-0.15665048360824585
0.6074835062026978,-0.15635883808135986
0.6078249216079712,-0.15597790479660034
0.6079123020172119,-0.15588027238845825
0.608127772808075,-0.1556389331817627
0.6083948016166687,-0.15533936023712158
0.6087342500686646,-0.15495771169662476
0.6092031598091125,-0.1544283628463745
0.6092702150344849,-0.1543523073196411
0.6095990538597107,-0.1539795994758606
0.6096528768539429,-0.15391844511032104
0.6099839210510254,-0.15354198217391968
0.6105350255966187,-0.1529126763343811
0.6106197834014893,-0.15281546115875244
0.610832691192627,-0.15257155895233154
0.6111776232719421,-0.15217477083206177
0.6112328171730042,-0.15211117267608643
0.6118233799934387,-0.15142923593521118
0.6119613647460938,-0.15126937627792358
0.6120942831039429,-0.15111523866653442
0.6127007007598877,-0.15040969848632812
0.6130713224411011,-0.14997625350952148
0.613295316696167,-0.14971411228179932
0.6133824586868286,-0.14961177110671997
0.6142206192016602,-0.1486247181892395
0.6142818331718445,-0.14855223894119263
0.6146218776702881,-0.14814960956573486
0.6146957874298096,-0.14806193113327026
0.6154578924179077,-0.1471545696258545
0.6157360076904297,-0.1468220353126526
0.6159415245056152,-0.14657562971115112
0.6160328388214111,-0.1464661955833435
0.6166024804115295,-0.14578109979629517
0.6172454357147217,-0.14500337839126587
0.6172544360160828,-0.14499253034591675
0.6173923015594482,-0.14482539892196655
0.6177185773849487,-0.1444287896156311
0.6185610294342041,-0.14340001344680786
0.6187474131584167,-0.1431712508201599
0.6187726259231567,-0.1431407332420349
0.6188092231750488,-0.14309561252593994
0.6198615431785583,-0.14179784059524536
0.6198773980140686,-0.14177846908569336
0.6201725602149963,-0.141412615776062
0.6202406287193298,-0.1413276195526123
0.6209260821342468,-0.14047402143478394
0.6211564540863037,-0.1401863694190979
0.6215905547142029,-0.13964200019836426
0.6217235326766968,-0.1394749879837036
0.6219582557678223,-0.13917970657348633
0.6224459409713745,-0.13856452703475952
0.6229768991470337,-0.137891948223114
0.6230252981185913,-0.1378306746482849
0.6231948733329773,-0.13761502504348755
0.623730480670929,-0.1369328498840332
0.6239849925041199,-0.13660752773284912
0.6244753003120422,-0.13597935438156128
0.6246542930603027,-0.1357494592666626
0.6249855756759644,-0.13532286882400513
0.6250102519989014,-0.13529115915298462
0.625939130783081,-0.1340894103050232
0.6259815692901611,-0.13403433561325073
0.6261019706726074,-0.13387775421142578
0.6262856721878052,-0.13363885879516602
0.6269760131835938,-0.13273805379867554
0.6274154782295227,-0.1321619749069214
0.6275383830070496,-0.1320003867149353
0.6275570392608643,-0.13197600841522217
0.627971887588501,-0.1314300298690796
0.6288247108459473,-0.13030236959457397
0.6289029121398926,-0.13019859790802002
0.628963828086853,-0.13011771440505981
0.6289721131324768,-0.1301066279411316
0.6290532350540161,-0.1299988031387329
0.62997967004776,-0.1287636160850525
0.6300889253616333,-0.12861740589141846
0.6303786039352417,-0.12822920083999634
0.6303999423980713,-0.12820053100585938
0.6307730078697205,-0.12769925594329834
0.6309976577758789,-0.12739688158035278
0.6313501596450806,-0.12692105770111084
0.631783127784729,-0.12633532285690308
0.631905198097229,-0.1261696219444275
0.6320289373397827,-0.12600183486938477
0.6324284672737122,-0.12545859813690186
0.6326085925102234,-0.12521308660507202
0.633076548576355,-0.12457400560379028
0.633177638053894,-0.12443584203720093
0.6334172487258911,-0.12410753965377808
0.6338646411895752,-0.12349331378936768
0.6340224742889404,-0.12327587604522705
0.6341434121131897,-0.12310934066772461
0.6345624327659607,-0.12253105640411377
0.634934663772583,-0.12201619148254395
0.6351186037063599,-0.12176084518432617
0.6352325677871704,-0.12160271406173706
0.635558009147644,-0.1211504340171814
0.6359379887580872,-0.12062066793441772
0.6363469362258911,-0.12004941701889038
0.6363707780838013,-0.12001597881317139
0.6364560723304749,-0.11989659070968628
0.6370381712913513,-0.1190798282623291
0.6373045444488525,-0.1187049150466919
0.6374895572662354,-0.11844432353973389
0.6376215219497681,-0.11825799942016602
0.6379799842834473,-0.11775165796279907
0.6384658813476562,-0.11706262826919556
0.6386624574661255,-0.11678344011306763
0.6386629939079285,-0.11678272485733032
0.6388711929321289,-0.1164865493774414
0.6395050883293152,-0.1155821681022644
0.6398441195487976,-0.1150970458984375
0.6398672461509705,-0.11506384611129761
0.6400120258331299,-0.11485624313354492
0.6401200890541077,-0.11470115184783936
0.6410298347473145,-0.11339151859283447
0.6411008834838867,-0.11328881978988647
0.6411759853363037,-0.11318039894104004
0.6413536071777344,-0.11292332410812378
0.6423624753952026,-0.11145848035812378
0.6424643397331238,-0.11131012439727783
0.64255291223526,-0.11118102073669434
0.6426875591278076,-0.11098462343215942
0.6436506509780884,-0.1095740795135498
0.6437122821807861,-0.10948365926742554
0.6440141201019287,-0.10903966426849365
0.6440728306770325,-0.10895317792892456
0.6449227929115295,-0.10769802331924438
0.6449639797210693,-0.10763692855834961
0.6453337669372559,-0.10708838701248169
0.645588219165802,-0.10671031475067139
0.6460988521575928,-0.1059497594833374
0.6463010311126709,-0.10564792156219482
0.6466466784477234,-0.10513085126876831
0.647097647190094,-0.1044546365737915
0.6472434401512146,-0.10423582792282104
0.647660493850708,-0.1036081314086914
0.6479532718658447,-0.10316669940948486
0.6483595371246338,-0.10255265235900879
0.6485996246337891,-0.10218900442123413
0.6490408182144165,-0.10151952505111694
0.649253785610199,-0.10119569301605225
0.6494501829147339,-0.10089653730392456
0.6500928401947021,-0.09991568326950073
0.6504407525062561,-0.09938311576843262
0.6505183577537537,-0.09926402568817139
0.6505486965179443,-0.09921753406524658
0.6515670418739319,-0.09765100479125977
0.6515757441520691,-0.0976373553276062
0.6518381834030151,-0.09723204374313354
0.6518587470054626,-0.09720033407211304
0.6525992155075073,-0.09605300426483154
0.6530470848083496,-0.09535688161849976
0.6531227231025696,-0.09523898363113403
0.6532934904098511,-0.09497284889221191
0.6536178588867188,-0.09446656703948975
0.654402494430542,-0.09323793649673462
0.6545064449310303,-0.09307479858398438
0.6546259522438049,-0.09288698434829712
0.654743492603302,-0.09270226955413818
0.6556265354156494,-0.09131002426147461
0.6556779146194458,-0.09122878313064575
0.6559541821479797,-0.09079146385192871
0.6562073230743408,-0.09039020538330078
0.6566225290298462,-0.08973097801208496
0.6569492816925049,-0.0892108678817749
0.6573905944824219,-0.08850711584091187
0.6576169729232788,-0.08814513683319092
0.6576836705207825,-0.0880386233329773
0.6582169532775879,-0.08718430995941162
0.658612847328186,-0.08654820919036865
0.6588160395622253,-0.08622145652770996
0.6591711044311523,-0.08564901351928711
0.6594811677932739,-0.08514827489852905
0.6596130728721619,-0.08493489027023315
0.6600243449211121,-0.08426916599273682
0.660230815410614,-0.0839340090751648
0.6606206297874451,-0.08330070972442627
0.660668134689331,-0.08322370052337646
0.6607424020767212,-0.08310270309448242
0.6616353392601013,-0.081645667552948
0.661638617515564,-0.08164024353027344
0.6617441177368164,-0.08146780729293823
0.662000834941864,-0.0810469388961792
0.6621733903884888,-0.08076417446136475
0.6626698970794678,-0.0799483060836792
0.6630297899246216,-0.07935595512390137
0.6632568836212158,-0.07898122072219849
0.6633995771408081,-0.0787457823753357
0.6636854410171509,-0.07827305793762207
0.66371750831604,-0.0782199501991272
0.664414644241333,-0.07706421613693237
0.6645108461380005,-0.07690423727035522
0.6647843718528748,-0.07644939422607422
0.6649935841560364,-0.07610094547271729
0.6652028560638428,-0.07575196027755737
0.6657630205154419,-0.07481622695922852
0.6657902002334595,-0.07477086782455444
0.6658735275268555,-0.07463133335113525
0.66652911901474,-0.07353180646896362
0.6667242646217346,-0.07320386171340942
0.6669878959655762,-0.07276016473770142
0.6670137643814087,-0.0727163553237915
0.6671567559242249,-0.07247549295425415
0.6680092811584473,-0.07103508710861206
0.6681305170059204,-0.07082945108413696
0.668248176574707,-0.07063025236129761
0.6682634353637695,-0.07060450315475464
0.6685146689414978,-0.07017803192138672
0.6693039536476135,-0.06883525848388672
0.6694369912147522,-0.06860828399658203
0.6695123314857483,-0.06847965717315674
0.669773280620575,-0.06803375482559204
0.6698642373085022,-0.06787854433059692
0.6705082058906555,-0.06677550077438354
0.6708152294158936,-0.06624829769134521
0.6712058186531067,-0.06557619571685791
0.6712980270385742,-0.06541752815246582
0.6717418432235718,-0.06465178728103638
0.6721470952033997,-0.06395155191421509
0.6725397706031799,-0.063271164894104
0.6728211045265198,-0.06278318166732788
0.6730034351348877,-0.062466442584991455
0.6734354496002197,-0.06171482801437378
0.6738663911819458,-0.060963332653045654
0.6742916107177734,-0.06022036075592041
0.6743410229682922,-0.06013399362564087
0.6746833920478821,-0.05953419208526611
0.6751859188079834,-0.05865234136581421
0.6756049394607544,-0.05791521072387695
0.6758564114570618,-0.057472169399261475
0.6758939027786255,-0.05740565061569214
0.6764988899230957,-0.05633723735809326
0.676941990852356,-0.05555248260498047
0.6770699620246887,-0.05532574653625488
0.6773658394813538,-0.05480062961578369
0.677805483341217,-0.05401885509490967
0.6782145500183105,-0.05328947305679321
0.6783014535903931,-0.0531345009803772
0.6788678169250488,-0.05212235450744629
0.6791059970855713,-0.05169570446014404
0.6793306469917297,-0.05129307508468628
0.6796817779541016,-0.05066263675689697
0.6803610324859619,-0.04944038391113281
0.6804009079933167,-0.049368441104888916
0.6804213523864746,-0.0493316650390625
0.6810817122459412,-0.04813885688781738
0.6814894676208496,-0.047400474548339844
0.6816903948783875,-0.047036051750183105
0.6818439364433289,-0.04675722122192383
0.6824997067451477,-0.045564889907836914
0.6825381517410278,-0.045494794845581055
0.6829749345779419,-0.044698357582092285
0.6833152770996094,-0.044076383113861084
0.6835703253746033,-0.043609619140625
0.6839344501495361,-0.04294288158416748
0.6842547059059143,-0.04235494136810303
0.6845889687538147,-0.04174071550369263
0.68477463722229,-0.04139900207519531
0.6853844523429871,-0.040274620056152344
0.6855301260948181,-0.040005385875701904
0.6855970621109009,-0.039881765842437744
0.6862223744392395,-0.03872448205947876
0.6865976452827454,-0.0380282998085022
0.6868014335632324,-0.03764975070953369
0.6868482828140259,-0.037562668323516846
0.6875936388969421,-0.03617459535598755
0.6876587867736816,-0.036053240299224854
0.6880691051483154,-0.035286784172058105
0.6883246302604675,-0.0348089337348938
0.6885880827903748,-0.034315407276153564
0.6890842318534851,-0.03338456153869629
0.6893333792686462,-0.0329166054725647
0.6895838975906372,-0.03244501352310181
0.6898120641708374,-0.032015442848205566
0.6904990077018738,-0.030718982219696045
0.6905841827392578,-0.03055804967880249
0.6905945539474487,-0.030538201332092285
0.6912842392921448,-0.0292322039604187
0.6913090944290161,-0.029184937477111816
0.691591739654541,-0.028648436069488525
0.6918530464172363,-0.02815181016921997
0.6919035315513611,-0.028055787086486816
0.6926097273826599,-0.026710450649261475
0.6928143501281738,-0.026319801807403564
0.6930040121078491,-0.02595740556716919
0.6931090354919434,-0.025756478309631348
0.6932979822158813,-0.02539515495300293
0.6936410069465637,-0.024737894535064697
0.6943264007568359,-0.02342212200164795
0.694362998008728,-0.023351848125457764
0.6946594715118408,-0.022781312465667725
0.6946828365325928,-0.022736430168151855
0.694688618183136,-0.022725403308868408
0.6956152319908142,-0.02093726396560669
0.6957554817199707,-0.020666003227233887
0.6958438158035278,-0.02049499750137329
0.6960583925247192,-0.020079612731933594
0.6962534785270691,-0.019701361656188965
0.6968446373939514,-0.018553733825683594
0.696865975856781,-0.01851212978363037
0.6973652243614197,-0.017540693283081055
0.6974249482154846,-0.017424345016479492
0.6977890133857727,-0.016714155673980713
0.6979590058326721,-0.016382277011871338
0.6981156468391418,-0.016076266765594482
0.6987828612327576,-0.014770269393920898
0.6988891363143921,-0.014562010765075684
0.6991016268730164,-0.014144957065582275
0.69926917552948,-0.013815879821777344
0.6993645429611206,-0.013628840446472168
0.700132429599762,-0.012117385864257812
0.7002750635147095,-0.01183617115020752
0.70041424036026,-0.011561572551727295
0.7006968855857849,-0.011003077030181885
0.7014740109443665,-0.009465157985687256
0.7014793157577515,-0.009454488754272461
0.7019389867782593,-0.008542299270629883
0.7020751237869263,-0.008271753787994385
0.702712893486023,-0.007002472877502441
0.7028079628944397,-0.006812989711761475
0.7034069895744324,-0.005617260932922363
0.7034620642662048,-0.005507111549377441
0.7039745450019836,-0.004481673240661621
0.7041345834732056,-0.004160821437835693
0.7046953439712524,-0.003035426139831543
0.7049819827079773,-0.0024591684341430664
0.7052626609802246,-0.0018943548202514648
0.7054541110992432,-0.0015085339546203613
0.7059432864189148,-0.0005217194557189941
0.7064973711967468,0.0005986690521240234
0.7065759897232056,0.0007576942443847656
0.7067670822143555,0.0011448264122009277
0.7071537971496582,0.0019290447235107422
0.7079131007194519,0.0034722089767456055
0.7080067992210388,0.003663182258605957
0.7080736756324768,0.003799259662628174
0.7083298563957214,0.004321575164794922
0.709272563457489,0.006247341632843018
0.709374189376831,0.00645524263381958
0.7094744443893433,0.006660759449005127
0.7095087766647339,0.006731212139129639
0.7105905413627625,0.008951783180236816
0.7106528878211975,0.009080111980438232
0.7106691002845764,0.009113490581512451
0.711001992225647,0.009799182415008545
0.7116812467575073,0.011200904846191406
0.7119585871696472,0.011774301528930664
0.7120528221130371,0.011969208717346191
0.7124848961830139,0.012863993644714355
0.7127493619918823,0.01341259479522705
0.7132431268692017,0.014438152313232422
0.7134708166122437,0.014911651611328125
0.7137980461120605,0.015592873096466064
0.7139562368392944,0.015922725200653076
0.7145228981971741,0.017105460166931152
0.714830219745636,0.017747700214385986
0.7149055004119873,0.017905116081237793
0.7154155969619751,0.01897364854812622
0.7157983183860779,0.019776642322540283
0.7158488631248474,0.019882678985595703
0.716355562210083,0.020947754383087158
0.7168569564819336,0.02200382947921753
0.7168633341789246,0.022017180919647217
0.7170696258544922,0.022452235221862793
0.7178194522857666,0.024036407470703125
0.7178575396537781,0.024116992950439453
0.7182997465133667,0.02505350112915039
0.7183372974395752,0.025132954120635986
0.7188535332679749,0.026228249073028564
0.7192957401275635,0.02716827392578125
0.719601571559906,0.027819454669952393
0.7197251915931702,0.028082847595214844
0.7198479771614075,0.028344392776489258
0.7207831740379333,0.030341804027557373
0.7208437919616699,0.030471324920654297
0.7208627462387085,0.03051215410232544
0.7211399674415588,0.031105458736419678
0.7218440771102905,0.03261595964431763
0.7221212387084961,0.03321105241775513
0.7222802042961121,0.033553123474121094
0.7225444912910461,0.034121811389923096
0.7227919101715088,0.03465473651885986
0.7228516340255737,0.034783780574798584
0.7233772277832031,0.035917580127716064
0.723785400390625,0.036799848079681396
0.7238696217536926,0.03698199987411499
0.7239389419555664,0.03713202476501465
0.7245116829872131,0.038372814655303955
0.7246311902999878,0.03863215446472168
0.7249009013175964,0.039217591285705566
0.7252974510192871,0.040079355239868164
0.7253237962722778,0.04013681411743164
0.725883424282074,0.04135531187057495
0.7259485125541687,0.041497111320495605
0.7261671423912048,0.041973888874053955
0.7266993522644043,0.0431361198425293
0.7268149256706238,0.04338878393173218
0.7270153760910034,0.043827176094055176
0.7271341681480408,0.04408717155456543
0.7277611494064331,0.04546123743057251
0.7280659079551697,0.04613041877746582
0.7281045317649841,0.0462152361869812
0.7283363342285156,0.04672461748123169
0.7283838391304016,0.0468292236328125
0.7292189002037048,0.0486680269241333
0.7292966842651367,0.0488395094871521
0.7294238209724426,0.04912024736404419
0.7296327352523804,0.04958134889602661
0.729860246181488,0.05008417367935181
0.7303615212440491,0.05119311809539795
0.730773389339447,0.05210566520690918
0.730776846408844,0.052113354206085205
0.731385350227356,0.053464293479919434
0.7315349578857422,0.053796589374542236
0.7321149706840515,0.055087387561798096
0.7322045564651489,0.055287063121795654
0.7327392101287842,0.05647951364517212
0.7329100966453552,0.056861281394958496
0.7334489226341248,0.05806618928909302
0.7335827946662903,0.058365702629089355
0.7339727878570557,0.05923962593078613
0.7344331741333008,0.06027263402938843
0.7347755432128906,0.061041831970214844
0.7349146604537964,0.06135481595993042
0.7352344393730164,0.06207454204559326
0.7359530925750732,0.06369441747665405
0.7360950708389282,0.06401526927947998
0.7362030148506165,0.06425899267196655
0.7365225553512573,0.06498116254806519
0.7374080419540405,0.06698685884475708
0.7374509572982788,0.06708407402038574
0.7374684810638428,0.06712377071380615
0.7378358840942383,0.06795775890350342
0.7386614680290222,0.06983572244644165
0.7387146353721619,0.06995689868927002
0.7389779090881348,0.07055693864822388
0.7391729950904846,0.07100188732147217
0.7398375272750854,0.07251960039138794
0.7400151491165161,0.07292598485946655
0.7404798865318298,0.07399022579193115
0.7405324578285217,0.07411074638366699
0.7409821152687073,0.07514190673828125
0.7413100600242615,0.07589513063430786
0.7419127821922302,0.07728159427642822
0.7419731020927429,0.07742029428482056
0.7420982122421265,0.07770830392837524
0.7425995469093323,0.07886415719985962
0.7431888580322266,0.08022522926330566
0.7433127164840698,0.08051192760467529
0.7434560060501099,0.08084321022033691
0.7438840866088867,0.08183437585830688
0.7442570328712463,0.08269894123077393
0.7447307109832764,0.08379870653152466
0.7449273467063904,0.0842558741569519
0.7451638579368591,0.08480578660964966
0.7453057169914246,0.085135817527771
0.74616539478302,0.0871395468711853
0.746337890625,0.08754229545593262
0.7463867664337158,0.08765643835067749
0.7464392781257629,0.08777910470962524
0.7473565340042114,0.08992505073547363
0.7476154565811157,0.09053194522857666
0.7477105855941772,0.09075486660003662
0.7478344440460205,0.09104537963867188
0.7483646273612976,0.09229040145874023
0.7489782571792603,0.0937340259552002
0.7490793466567993,0.09397196769714355
0.7492708563804626,0.09442365169525146
0.7493652105331421,0.09464585781097412
0.7502425312995911,0.09671682119369507
0.7503612041473389,0.09699749946594238
0.7505556344985962,0.09745746850967407
0.7506963014602661,0.09779047966003418
0.7513556480407715,0.09935295581817627
0.7515037059783936,0.09970444440841675
0.7520430684089661,0.100985586643219
0.7521110773086548,0.10114717483520508
0.7523515224456787,0.1017189621925354
0.7527621984481812,0.10269707441329956
0.7533517479896545,0.10410267114639282
0.7535156011581421,0.10449409484863281
0.7535400986671448,0.10455262660980225
0.7540181875228882,0.10569506883621216
0.7543593049049377,0.10651123523712158
0.7545068264007568,0.10686445236206055
0.7549101114273071,0.10783106088638306
0.7550452947616577,0.10815531015396118
0.7552721500396729,0.10869985818862915
0.7553772926330566,0.10895222425460815
0.7562265992164612,0.11099439859390259
0.7562949061393738,0.11115890741348267
0.7564085721969604,0.11143273115158081
0.756524384021759,0.11171168088912964
0.7565573453903198,0.11179101467132568
0.7574561834335327,0.1139603853225708
0.7576704621315002,0.11447817087173462
0.7577751278877258,0.1147313117980957
0.7578820586204529,0.114990234375
0.7580748200416565,0.11545640230178833
0.7585230469703674,0.11654222011566162
0.7590247988700867,0.11775952577590942
0.7590370178222656,0.11778914928436279
0.7594760656356812,0.11885583400726318
0.7595962285995483,0.11914783716201782
0.7596122026443481,0.1191868782043457
0.7602736949920654,0.12079697847366333
0.7603949308395386,0.12109273672103882
0.7607265710830688,0.1219015121459961
0.7610116004943848,0.1225970983505249
0.7611201405525208,0.12286210060119629
0.761744499206543,0.12438863515853882
0.7618691921234131,0.12469375133514404
0.762491762638092,0.12621921300888062
0.7626452445983887,0.12659591436386108
0.7630426287651062,0.12757140398025513
0.7630860805511475,0.12767821550369263
0.763919472694397,0.1297280192375183
0.7641699910163879,0.13034504652023315
0.7642468810081482,0.13053464889526367
0.7644200325012207,0.13096141815185547
0.7652977108955383,0.13312852382659912
0.7654805183410645,0.13358062505722046
0.7656930685043335,0.1341068148612976
0.7657465934753418,0.13423913717269897
0.7666295766830444,0.13642746210098267
0.7667421102523804,0.13670682907104492
0.767066240310669,0.1375117301940918
0.767212986946106,0.13787657022476196
0.7679179310798645,0.1396304965019226
0.7680302858352661,0.13991057872772217
0.7683791518211365,0.14078009128570557
0.7687283754348755,0.141651451587677
0.7691658735275269,0.14274442195892334
0.7693436145782471,0.1431884765625
0.7696857452392578,0.14404433965682983
0.7702378034591675,0.14542722702026367
0.7703763842582703,0.1457747220993042
0.7706806659698486,0.14653819799423218
0.7709862589836121,0.14730548858642578
0.7715524435043335,0.14872878789901733
0.7717397809028625,0.14920008182525635
0.7720401287078857,0.14995676279067993
0.7722811698913574,0.15056383609771729
0.7726970314979553,0.15161293745040894
0.7732329964637756,0.15296673774719238
0.7734204530715942,0.15344059467315674
0.7735706567764282,0.15382051467895508
0.7738131284713745,0.15443408489227295
0.7747159004211426,0.15672218799591064
0.7748203873634338,0.15698742866516113
0.7748551964759827,0.15707582235336304
0.7749037742614746,0.15719926357269287
0.7759719491004944,0.15991497039794922
0.7761349678039551,0.1603301763534546
0.7761872410774231,0.1604633331298828
0.7762383818626404,0.16059380769729614
0.7770206332206726,0.16258913278579712
0.7774103879928589,0.16358470916748047
0.7776466608047485,0.16418910026550293
0.7776731252670288,0.16425663232803345
0.778052806854248,0.16522836685180664
0.778681755065918,0.1668398380279541
0.7790714502334595,0.16783994436264038
0.7790943384170532,0.1678987741470337
0.7791231274604797,0.1679723858833313
0.779949426651001,0.17009657621383667
0.7800795435905457,0.1704312562942505
0.7805307507514954,0.17159366607666016
0.7805869579315186,0.17173826694488525
0.7810801267623901,0.17301028966903687
0.781213641166687,0.17335516214370728
0.7819561958312988,0.17527395486831665
0.7820633053779602,0.17555099725723267
0.7820761203765869,0.1755843162536621
0.7824748754501343,0.1766166090965271
0.7830705642700195,0.17816078662872314
0.7833709716796875,0.17894017696380615
0.7835507392883301,0.179407000541687
0.7837333083152771,0.1798815131187439
0.7840664386749268,0.18074756860733032
0.7847754955291748,0.18259334564208984
0.7849893569946289,0.1831505298614502
0.7850477695465088,0.18330299854278564
0.7850666642189026,0.18335223197937012
0.7860742211341858,0.18598276376724243
0.7861700057983398,0.18623340129852295
0.7862433195114136,0.18642503023147583
0.7863898873329163,0.18680834770202637
0.7865530252456665,0.1872352957725525
0.7870922088623047,0.18864738941192627
0.787495493888855,0.18970483541488647
0.7875548005104065,0.18986040353775024
0.7880650758743286,0.19120031595230103
0.7881096601486206,0.19131749868392944
0.7881234884262085,0.1913539171218872
0.7887462377548218,0.19299155473709106
0.788930356502533,0.19347625970840454
0.7891710996627808,0.19411039352416992
0.7895824909210205,0.19519448280334473
0.7897651195526123,0.19567638635635376
0.7899959087371826,0.19628560543060303
0.7902379631996155,0.1969248652458191
0.7902969121932983,0.19708049297332764
0.7911038994789124,0.19921481609344482
0.7912448048591614,0.1995876431465149
0.7913271188735962,0.19980573654174805
0.7913591265678406,0.19989055395126343
0.7916548252105713,0.2006741166114807
0.7924414873123169,0.2027614712715149
0.7926278114318848,0.20325642824172974
0.7928946614265442,0.20396554470062256
0.7930043935775757,0.20425742864608765
0.7935841083526611,0.2058003544807434
0.7941529154777527,0.2073163390159607
0.7943459749221802,0.20783138275146484
0.7943748235702515,0.2079082727432251
0.7947575449943542,0.20893019437789917
0.795677661895752,0.2113901972770691
0.7956799268722534,0.2113964557647705
0.7958025336265564,0.21172475814819336
0.7959617972373962,0.21215134859085083
0.7970064878463745,0.21495318412780762
0.7971807718276978,0.21542143821716309
0.7971954345703125,0.21546077728271484
0.7972007393836975,0.21547484397888184
0.7983261346817017,0.21850240230560303
0.7984570264816284,0.21885520219802856
0.7985126376152039,0.21900510787963867
0.79872065782547,0.21956562995910645
0.7996390461921692,0.22204482555389404
0.7997452020645142,0.22233182191848755
0.7998009920120239,0.2224825620651245
0.8002360463142395,0.22365903854370117
0.8009456396102905,0.2255808711051941
0.8010489344596863,0.2258610725402832
0.8010585308074951,0.2258867621421814
0.8017454743385315,0.2277507185935974
0.8022461533546448,0.22911113500595093
0.8022594451904297,0.22914743423461914
0.8023955821990967,0.22951751947402954
0.8032474517822266,0.23183661699295044
0.8034355044364929,0.2323492169380188
0.8035410642623901,0.23263704776763916
0.8037550449371338,0.23322051763534546
0.8045800924301147,0.23547369241714478
0.8047406673431396,0.23591268062591553
0.8048305511474609,0.23615819215774536
0.8051353693008423,0.23699241876602173
0.8056961894035339,0.23852825164794922
0.8061150908470154,0.23967665433883667
0.8062235713005066,0.2399742603302002
0.8065353035926819,0.24082964658737183
0.8067868947982788,0.2415207028388977
0.8073948621749878,0.24319207668304443
0.8076949119567871,0.2440176010131836
0.8078550100326538,0.24445849657058716
0.8079532980918884,0.24472904205322266
0.8086702823638916,0.24670547246932983
0.808903694152832,0.2473497986793518
0.8091542720794678,0.24804145097732544
0.8093880414962769,0.24868732690811157
0.8099358677864075,0.2502020001411438
0.8099416494369507,0.2502177357673645
0.8106020092964172,0.25204628705978394
0.8108380436897278,0.25270020961761475
0.8109545111656189,0.25302326679229736
0.8112093210220337,0.2537299394607544
0.8119626045227051,0.2558215856552124
0.8120384216308594,0.2560321092605591
0.8123018741607666,0.2567647695541382
0.8124735355377197,0.2572421431541443
0.8129631876945496,0.258605420589447
0.8134638667106628,0.26000040769577026
0.813734769821167,0.26075583696365356
0.8137782216072083,0.26087719202041626
0.8139591813087463,0.26138216257095337
0.8148786425590515,0.26395124197006226
0.814953625202179,0.26416081190109253
0.8149932026863098,0.2642713189125061
0.8152656555175781,0.2650337219238281
0.8159494400024414,0.2669493556022644
0.8162492513656616,0.26778990030288696
0.8162831664085388,0.2678850293159485
0.8167626857757568,0.26923102140426636
0.816949725151062,0.26975637674331665
0.8175032138824463,0.2713119387626648
0.8176776170730591,0.2718026041984558
0.8179572820663452,0.2725895643234253
0.8182679414749146,0.2734646201133728
0.8184016942977905,0.27384138107299805
0.8187553882598877,0.27483826875686646
0.8189752697944641,0.2754586338996887
0.8190624713897705,0.27570462226867676
0.8197799921035767,0.2777308225631714
0.8200061321258545,0.2783700227737427
0.8200065493583679,0.27837133407592773
0.8201214671134949,0.27869635820388794
0.820438027381897,0.2795918583869934
0.8210541605949402,0.2813366651535034
0.8212558031082153,0.28190797567367554
0.8212974071502686,0.28202611207962036
0.8217769265174866,0.2833861708641052
0.8218045830726624,0.28346478939056396
0.8221210241317749,0.2843632698059082
0.8225046992301941,0.2854531407356262
0.8228188157081604,0.2863463759422302
0.8231624960899353,0.28732413053512573
0.8232101798057556,0.28745973110198975
0.8233709335327148,0.2879175543785095
0.8243245482444763,0.29063552618026733
0.8243427276611328,0.29068732261657715
0.8245120644569397,0.291170597076416
0.8249064683914185,0.2922965884208679
0.8254671692848206,0.2938992381095886
0.8258536458015442,0.2950047254562378
0.8258678317070007,0.29504531621932983
0.8263866305351257,0.2965308427810669
0.8266406059265137,0.29725873470306396
0.8271875977516174,0.2988277077674866
0.827392578125,0.29941582679748535
0.8278143405914307,0.3006272315979004
0.8278448581695557,0.30071502923965454
0.8285142183303833,0.3026394248008728
0.8289156556129456,0.3037949800491333
0.8290784358978271,0.3042639493942261
0.829192578792572,0.30459290742874146
0.8298337459564209,0.30644136667251587
0.8303400874137878,0.30790281295776367
0.830435574054718,0.30817848443984985
0.8305244445800781,0.3084351420402527
0.8311467170715332,0.3102341294288635
0.8316282033920288,0.31162744760513306
0.8318127989768982,0.3121618628501892
0.8319509625434875,0.31256216764450073
0.8324533104896545,0.3140183091163635
0.8329415321350098,0.31543493270874023
0.8330607414245605,0.31578075885772705
0.8334603905677795,0.31694167852401733
0.8337538242340088,0.3177943825721741
0.834271252155304,0.3192993998527527
0.8342786431312561,0.31932079792022705
0.8349623680114746,0.32131218910217285
0.8350487351417542,0.32156383991241455
0.8354473114013672,0.3227260708808899
0.8356381058692932,0.32328277826309204
0.836338222026825,0.32532715797424316
0.8364555835723877,0.32566994428634644
0.836591899394989,0.32606834173202515
0.8370184302330017,0.3273159861564636
0.8376227617263794,0.329085111618042
0.8377079963684082,0.32933467626571655
0.8379384875297546,0.3300101161003113
0.8384183645248413,0.3314173221588135
0.8387986421585083,0.33253324031829834
0.8389025330543518,0.3328379988670349
0.8394098281860352,0.3343283534049988
0.8398363590240479,0.3355826139450073
0.8398668169975281,0.33567196130752563
0.8401779532432556,0.33658772706985474
0.8408691883087158,0.338623583316803
0.8409155011177063,0.3387600779533386
0.8412710428237915,0.33980846405029297
0.8414492607116699,0.3403339982032776
0.8419476747512817,0.341805100440979
0.8423169255256653,0.34289610385894775
0.8427169322967529,0.3440787196159363
0.8427211046218872,0.34409093856811523
0.8429663181304932,0.3448164463043213
0.8437533378601074,0.34714651107788086
0.8439744114875793,0.34780168533325195
0.8439812064170837,0.34782207012176514
0.8441849946975708,0.3484262228012085
0.8449749946594238,0.35077041387557983
0.8451787829399109,0.35137587785720825
0.8452423810958862,0.35156476497650146
0.8456612825393677,0.3528101444244385
0.8459709882736206,0.35373109579086304
0.8465008735656738,0.35530829429626465
0.8465935587882996,0.35558438301086426
0.8469654321670532,0.3566923141479492
0.8471487164497375,0.35723888874053955
0.8477568626403809,0.35905277729034424
0.8479613065719604,0.3596632480621338
0.8479980826377869,0.35977327823638916
0.8486457467079163,0.3617081642150879
0.8489615321159363,0.36265265941619873
0.8490108251571655,0.36279988288879395
0.8493925333023071,0.36394238471984863
0.8499690890312195,0.3656691908836365
0.8501509428024292,0.3662143349647522
0.8502630591392517,0.36655062437057495
0.8505038022994995,0.36727243661880493
0.8507773876190186,0.36809319257736206
0.8509870767593384,0.36872267723083496
0.8515138030052185,0.37030476331710815
0.8516629934310913,0.37075304985046387
0.8520183563232422,0.3718215227127075
0.852152943611145,0.3722262382507324
0.8522235751152039,0.372438907623291
0.8527634739875793,0.3740639090538025
0.8530659675598145,0.3749752640724182
0.853180468082428,0.3753201365470886
0.8535194993019104,0.37634217739105225
0.8538790345191956,0.3774268627166748
0.8540123701095581,0.37782925367355347
0.8541328310966492,0.3781930208206177
0.8547018766403198,0.3799114227294922
0.8548774123191833,0.3804420232772827
0.8552219867706299,0.38148385286331177
0.8554730415344238,0.38224321603775024
0.8562257885932922,0.3845224976539612
0.8562269806861877,0.3845261335372925
0.8563363552093506,0.3848576545715332
0.8570085763931274,0.38689589500427246
0.8574789762496948,0.3883233070373535
0.8575685620307922,0.38859546184539795
0.8577508926391602,0.3891492486000061
0.8584887385368347,0.39139217138290405
0.8586524128913879,0.39188987016677856
0.8589025139808655,0.39265120029449463
0.8592756390571594,0.3937869071960449
0.8598566651344299,0.3955574631690979
0.8599164485931396,0.39573973417282104
0.8602291345596313,0.39669346809387207
0.860798716545105,0.39843183755874634
0.8610903024673462,0.3993225693702698
0.861294686794281,0.399946928024292
0.861548662185669,0.4007231593132019
0.8623186349868774,0.40307873487472534
0.8623518943786621,0.4031805992126465
0.8626265525817871,0.4040217399597168
0.8628616333007812,0.4047418236732483
0.8636400699615479,0.40712863206863403
0.863834023475647,0.407723605632782
0.8639149069786072,0.40797197818756104
0.8641682267189026,0.40874946117401123
0.8649533987045288,0.41116225719451904
0.8651628494262695,0.4118061065673828
0.865343451499939,0.4123615622520447
0.8654687404632568,0.41274720430374146
0.8662904500961304,0.41527771949768066
0.8663733601570129,0.41553300619125366
0.8667636513710022,0.4167361259460449
0.866845428943634,0.4169883728027344
0.8675494194030762,0.4191608428955078
0.8676499128341675,0.4194711446762085
0.868053138256073,0.42071694135665894
0.8683386445045471,0.42159920930862427
0.868694007396698,0.42269814014434814
0.869030237197876,0.42373859882354736
0.8693376779556274,0.42469048500061035
0.8698101043701172,0.4261537194252014
0.8698215484619141,0.4261893033981323
0.8704301714897156,0.4280763864517212
0.8706174492835999,0.4286573529243469
0.8709007501602173,0.42953670024871826
0.8712928891181946,0.43075406551361084
0.8718481659889221,0.4324798583984375
0.8718928694725037,0.4326188564300537
0.8719689249992371,0.43285536766052246
0.87275230884552,0.4352928400039673
0.8730176091194153,0.436119019985199
0.873164176940918,0.43657541275024414
0.8732829093933105,0.43694543838500977
0.8740497827529907,0.4393365979194641
0.8741999864578247,0.43980520963668823
0.874431848526001,0.4405288100242615
0.8747329115867615,0.4414687752723694
0.8750684261322021,0.4425170421600342
0.8756363987922668,0.44429248571395874
0.8756961226463318,0.44447916746139526
0.8760765194892883,0.44566941261291504
0.8761967420578003,0.44604551792144775
0.8769572973251343,0.44842785596847534
0.8770618438720703,0.44875526428222656
0.8770771026611328,0.4488031268119812
0.8776730895042419,0.45067209005355835
0.8780730962753296,0.45192742347717285
0.8782157897949219,0.4523754119873047
0.878476619720459,0.45319461822509766
0.8790675401687622,0.45505160093307495
0.8791605234146118,0.45534390211105347
0.8794717788696289,0.45632272958755493
0.8798811435699463,0.45761120319366455
0.8800634145736694,0.45818495750427246
0.8806575536727905,0.4600565433502197
0.8807257413864136,0.46027129888534546
0.8810636401176453,0.4613366723060608
0.8812756538391113,0.4620051980018616
0.8819779753684998,0.4642217755317688
0.8820711970329285,0.46451616287231445
0.8821628093719482,0.4648054838180542
0.8826584219932556,0.46637165546417236
0.882660448551178,0.46637779474258423
0.8830891847610474,0.46773362159729004
0.8832287192344666,0.4681750535964966
0.8836748600006104,0.46958696842193604
0.8840360045433044,0.4707307815551758
0.8841204643249512,0.47099804878234863
0.88437819480896,0.4718145728111267
0.8844783902168274,0.47213214635849
0.8851680755615234,0.4743191599845886
0.8851922750473022,0.4743961691856384
0.8854025602340698,0.4750630855560303
0.8857272863388062,0.476094126701355
0.8860336542129517,0.47706735134124756
0.8862349390983582,0.47770655155181885
0.8867136836051941,0.4792283773422241
0.8867604732513428,0.4793771505355835
0.8873240947723389,0.4811703562736511
0.8876276612281799,0.4821365475654602
0.8881100416183472,0.483673095703125
0.8882375955581665,0.4840795397758484
0.8884384632110596,0.4847196936607361
0.8891631960868835,0.4870314598083496
0.8894516229629517,0.48795193433761597
0.8895810842514038,0.48836517333984375
0.8897626996040344,0.488944947719574
0.8906433582305908,0.4917595386505127
0.8907545208930969,0.49211496114730835
0.8907855749130249,0.49221450090408325
0.8912874460220337,0.4938202500343323
0.8919587731361389,0.4959700107574463
0.8920710682868958,0.49632954597473145
0.892112135887146,0.4964614510536194
0.8928105235099792,0.4987003207206726
0.8931924104690552,0.4999256134033203
0.8934317827224731,0.5006939768791199
0.8934493064880371,0.5007502436637878
0.8943304419517517,0.5035806894302368
0.8944540023803711,0.5039780139923096
0.8947446942329407,0.5049127340316772
0.8947811722755432,0.5050301551818848
0.8957421779632568,0.5081232190132141
0.8958458304405212,0.5084571838378906
0.896051287651062,0.5091187953948975
0.8960695266723633,0.509177565574646
0.8970555067062378,0.5123568177223206
0.8973174691200256,0.5132022500038147
0.8973518013954163,0.5133129358291626
0.8973552584648132,0.5133240222930908
0.8983925580978394,0.5166746973991394
0.898527979850769,0.5171124935150146
0.8986467123031616,0.5174963474273682
0.8988572359085083,0.518177330493927
0.8997040390968323,0.5209176540374756
0.8997520208358765,0.5210729837417603
0.8999361991882324,0.5216694474220276
0.9003504514694214,0.5230119228363037
0.9008486270904541,0.5246269106864929
0.901132345199585,0.5255470275878906
0.9012207388877869,0.5258341431617737
0.9018333554267883,0.5278224945068359
0.9019647240638733,0.528249204158783
0.9025005102157593,0.529990017414093
0.9025322794914246,0.530093252658844
0.9030554294586182,0.5317941904067993
0.9033046960830688,0.5326052308082581
0.9037759304046631,0.5341387987136841
0.9039502739906311,0.5347063541412354
0.9041235446929932,0.5352707505226135
0.9047640562057495,0.5373581051826477
0.9050472974777222,0.5382814407348633
0.9051722288131714,0.5386888980865479
0.9053850173950195,0.5393831133842468
0.9062044024467468,0.542057991027832
0.906211793422699,0.5420820713043213
0.9063149690628052,0.542418897151947
0.9068350195884705,0.5441181659698486
0.9072230458259583,0.5453867316246033
0.9075791835784912,0.5465518236160278
0.9076482057571411,0.5467777848243713
0.9082311391830444,0.5486858487129211
0.9082988500595093,0.5489077568054199
0.9088404178619385,0.550681471824646
0.9090736508369446,0.5514461994171143
0.9092317223548889,0.5519644021987915
0.9097751975059509,0.5537469387054443
0.9100988507270813,0.5548089146614075
0.9102277159690857,0.5552322864532471
0.9104884266853333,0.5560881495475769
0.9112221598625183,0.5584988594055176
0.9112626314163208,0.5586317777633667
0.9113548994064331,0.5589351058006287
0.9118929505348206,0.5607044100761414
0.9122179746627808,0.561773955821991
0.9126088619232178,0.5630608797073364
0.9127596616744995,0.5635574460029602
0.9132182598114014,0.5650680661201477
0.9132874011993408,0.565295934677124
0.9138610363006592,0.5671868324279785
0.9142258167266846,0.5683903098106384
0.9142649173736572,0.568519115447998
0.9146722555160522,0.5698636174201965
0.9148277640342712,0.5703769326210022
0.915111780166626,0.571314811706543
0.9152438044548035,0.5717511177062988
0.9157769680023193,0.5735126733779907
0.9160478115081787,0.5744082927703857
0.9162750840187073,0.5751599073410034
0.9163614511489868,0.5754455924034119
0.9165475368499756,0.5760611295700073
0.9172943830490112,0.5785332918167114
0.9173226952552795,0.5786271691322327
0.9174143671989441,0.5789310336112976
0.9176103472709656,0.5795802474021912
0.9182029962539673,0.5815441608428955
0.9183895587921143,0.5821627378463745
0.918772280216217,0.5834320783615112
0.9188157916069031,0.583576500415802
0.919478714466095,0.5857768058776855
0.9197970032691956,0.5868338346481323
0.9201218485832214,0.587912917137146
0.9203397035598755,0.588637113571167
0.9205930829048157,0.589479386806488
0.9213325381278992,0.5919390916824341
0.9214634299278259,0.5923745036125183
0.9217357039451599,0.5932809114456177
0.9218648076057434,0.5937107801437378
0.9227973818778992,0.5968177318572998
0.9228127002716064,0.5968689918518066
0.922909140586853,0.5971901416778564
0.9233895540237427,0.5987924933433533
0.924113392829895,0.6012080907821655
0.924124002456665,0.6012433171272278
0.9242404103279114,0.6016321778297424
0.9249126315116882,0.603877604007721
0.9253469705581665,0.6053292155265808
0.9254435300827026,0.6056522130966187
0.9256186485290527,0.6062377691268921
0.9264325499534607,0.6089609861373901
0.9266086220741272,0.6095503568649292
0.9267565011978149,0.6100454330444336
0.9269505143165588,0.6106953024864197
0.9278967380523682,0.6138664484024048
0.9279479384422302,0.6140381693840027
0.9280630946159363,0.6144242286682129
0.9282388687133789,0.615013837814331
0.9292100667953491,0.6182733774185181
0.9293636083602905,0.6187888383865356
0.9294573664665222,0.6191037893295288
0.9294868111610413,0.619202733039856
0.9305471777915955,0.6227667927742004
0.9306585192680359,0.6231412887573242
0.9306973218917847,0.6232717037200928
0.9309593439102173,0.6241533756256104
0.9318733811378479,0.6272298693656921
0.9319066405296326,0.6273421049118042
0.9319480061531067,0.6274815797805786
0.9324525594711304,0.6291815638542175
0.9330179691314697,0.6310874223709106
0.9332325458526611,0.6318113207817078
0.9332869648933411,0.6319947242736816
0.9339354634284973,0.6341831684112549
0.9341340661048889,0.6348536014556885
0.9345123171806335,0.6361308097839355
0.9346868991851807,0.6367206573486328
0.9352247714996338,0.6385383605957031
0.9354068040847778,0.6391538381576538
0.9357877373695374,0.6404417753219604
0.9361048936843872,0.6415148973464966
0.9362928867340088,0.6421510577201843
0.9368661642074585,0.6440916657447815
0.9370590448379517,0.6447449922561646
0.937341570854187,0.6457021236419678
0.9375395774841309,0.6463728547096252
0.938313901424408,0.6489979028701782
0.9383267164230347,0.6490412354469299
0.9383737444877625,0.6492009162902832
0.9389896392822266,0.6512904763221741
0.9393923878669739,0.6526575684547424
0.9395909905433655,0.6533321738243103
0.9397503137588501,0.6538733243942261
0.9404004812240601,0.6560824513435364
0.9404535293579102,0.6562626361846924
0.940852165222168,0.6576180458068848
0.9411757588386536,0.6587185859680176
0.9414010643959045,0.6594851016998291
0.941929817199707,0.6612848043441772
0.9421106576919556,0.6619002819061279
0.9423970580101013,0.6628758907318115
0.9425905346870422,0.6635347604751587
0.9433666467666626,0.6661798357963562
0.9433915019035339,0.6662646532058716
0.9434172511100769,0.666352391242981
0.9439950585365295,0.6683228015899658
0.9443873167037964,0.6696615219116211
0.9446206092834473,0.6704577207565308
0.9449142813682556,0.6714605093002319
0.945387601852417,0.6730771660804749
0.9453895092010498,0.6730835437774658
0.9458728432655334,0.6747351884841919
0.9463951587677002,0.6765210628509521
0.9464194774627686,0.676604151725769
0.9467743635177612,0.6778179407119751
0.94697505235672,0.6785047054290771
0.9471235871315002,0.6790130138397217
0.9474131464958191,0.6800044178962708
0.9479315280914307,0.6817792057991028
0.9481499195098877,0.6825274229049683
0.9483732581138611,0.6832925081253052
0.9484444260597229,0.6835365295410156
0.9486948251724243,0.6843945980072021
0.9494490027427673,0.686980664730072
0.9494920372962952,0.6871285438537598
0.9495164752006531,0.6872122883796692
0.9496221542358398,0.6875746250152588
0.950350284576416,0.6900738477706909
0.9505589008331299,0.6907899379730225
0.950874388217926,0.69187331199646
0.9509704113006592,0.6922033429145813
0.9516480565071106,0.6945322155952454
0.9519442915916443,0.6955506801605225
0.9522239565849304,0.6965124011039734
0.9524943232536316,0.6974422335624695
0.9527624249458313,0.6983649730682373
0.9534798264503479,0.7008343935012817
0.9535655379295349,0.7011294960975647
0.9539050459861755,0.702299177646637
0.9540194272994995,0.7026932239532471
0.9548994898796082,0.7057264447212219
0.9549599885940552,0.7059354186058044
0.9550784826278687,0.7063440680503845
0.9555441737174988,0.7079503536224365
0.956226110458374,0.7103039026260376
0.9562827348709106,0.7104995250701904
0.9563876986503601,0.7108621597290039
0.9570672512054443,0.7132093906402588
0.9575163125991821,0.7147612571716309
0.9575456380844116,0.7148627042770386
0.9577659368515015,0.7156243324279785
0.9585871696472168,0.7184646129608154
0.9587779641151428,0.719124972820282
0.9588586091995239,0.7194039821624756
0.9590978026390076,0.7202319502830505
0.9600660800933838,0.7235853672027588
0.9601025581359863,0.7237118482589722
0.9601652026176453,0.7239289283752441
0.9603861570358276,0.7246947884559631
0.9613794088363647,0.7281386852264404
0.9614657163619995,0.728438138961792
0.9616119861602783,0.7289456129074097
0.96163409948349,0.7290221452713013
0.9627165198326111,0.7327799797058105
0.9627606272697449,0.7329330444335938
0.9628446102142334,0.7332247495651245
0.9631139636039734,0.7341604828834534
0.9640206694602966,0.7373120784759521
0.9640501141548157,0.7374143004417419
0.9640759825706482,0.7375044226646423
0.9646071791648865,0.7393520474433899
0.9651652574539185,0.7412939667701721
0.9653346538543701,0.7418836355209351
0.9654563069343567,0.7423070669174194
0.9660900831222534,0.7445141673088074
0.9662813544273376,0.7451805472373962
0.9666144251823425,0.7463412284851074
0.9668562412261963,0.747184157371521
0.9673720598220825,0.7489824891090393
0.9675614237785339,0.7496429085731506
0.9678898453712463,0.7507885098457336
0.9682742357254028,0.7521299123764038
0.9684401750564575,0.752708911895752
0.9690208435058594,0.7547364234924316
0.9691611528396606,0.755226194858551
0.9694888591766357,0.7563711404800415
0.9697089195251465,0.757140040397644
0.9704288244247437,0.7596563100814819
0.9704685211181641,0.7597951889038086
0.9705210328102112,0.7599788904190063
0.9711589813232422,0.7622101306915283
0.9715396761894226,0.7635422348976135
0.9716930985450745,0.7640790939331055
0.9719049334526062,0.7648206949234009
0.9725477695465088,0.7670718431472778
0.9726228713989258,0.7673348784446716
0.972954273223877,0.7684959173202515
0.9733303785324097,0.7698138952255249
0.9735483527183533,0.7705780267715454
0.9740991592407227,0.7725091576576233
0.9742127656936646,0.7729077339172363
0.97454434633255,0.7740707397460938
0.9747451543807983,0.774775505065918
0.9754687547683716,0.7773152589797974
0.9755387902259827,0.7775613069534302
0.9755865931510925,0.7777291536331177
0.9761496782302856,0.7797068357467651
0.9765346050262451,0.781059205532074
0.9767227172851562,0.7817203998565674
0.9770836234092712,0.7829886674880981
0.9775348901748657,0.7845758199691772
0.9775441884994507,0.7846082448959351
0.9779749512672424,0.786123514175415
0.9785424470901489,0.7881203889846802
0.9785888195037842,0.7882838249206543
0.9789289832115173,0.7894812822341919
0.9790635108947754,0.7899548411369324
0.9792256951332092,0.7905262112617493
0.9795604348182678,0.7917048931121826
0.9801008701324463,0.7936091423034668
0.9803045392036438,0.794326901435852
0.9804753661155701,0.7949289679527283
0.9805917143821716,0.7953391075134277
0.9807832837104797,0.7960145473480225
0.981618344783783,0.7989600300788879
0.9816393256187439,0.7990338802337646
0.9816710948944092,0.7991461753845215
0.9817242622375488,0.7993335723876953
0.9824387431144714,0.8018553853034973
0.9827061891555786,0.8027998208999634
0.9830290079116821,0.8039395809173584
0.9831397533416748,0.8043310642242432
0.9837953448295593,0.8066472411155701
0.9840327501296997,0.8074861168861389
0.9843785762786865,0.808708906173706
0.9846636652946472,0.8097168803215027
0.98490971326828,0.8105870485305786
0.9855682849884033,0.8129171133041382
0.985720157623291,0.8134546875953674
0.9860523343086243,0.8146304488182068
0.9861887693405151,0.8151133060455322
0.9870484471321106,0.8181580305099487
0.9870541095733643,0.8181781768798828
0.9872257709503174,0.8187863230705261
0.9877135157585144,0.8205147385597229
0.9883806705474854,0.8228799700737
0.9884300231933594,0.8230549097061157
0.9884761571884155,0.823218822479248
0.98923659324646,0.8259161710739136
0.9896636009216309,0.8274316787719727
0.9897003173828125,0.8275619745254517
0.9898543953895569,0.8281087875366211
0.9907565116882324,0.8313122987747192
0.9909252524375916,0.8319119215011597
0.99101322889328,0.8322243690490723
0.991186261177063,0.8328391313552856
0.9922133684158325,0.8364900350570679
0.992271900177002,0.8366981744766235
0.9923198223114014,0.8368687033653259
0.9924746155738831,0.8374190926551819
0.9935266971588135,0.8411623239517212
0.9936203360557556,0.8414957523345947
0.9937225580215454,0.8418593406677246
0.993781328201294,0.8420686721801758
0.9948638081550598,0.8459235429763794
0.994915246963501,0.846107006072998
0.9949330687522888,0.8461704254150391
0.995283305644989,0.8474183082580566
0.996109127998352,0.8503620624542236
0.9962047338485718,0.8507029414176941
0.9962232708930969,0.8507688045501709
0.9967765212059021,0.8527424335479736
0.9972537159919739,0.8544447422027588
0.9974892735481262,0.8552852869033813
0.9976035952568054,0.8556934595108032
0.998259425163269,0.8580348491668701
0.9983698129653931,0.858428955078125
0.9987690448760986,0.8598545789718628
0.999003529548645,0.8606924414634705
0.9994604587554932,0.8623249530792236
0.9997307658195496,0.8632908463478088
1.0000444650650024,0.8644124269485474
1.0004215240478516,0.8657605648040771
1.0005286931991577,0.8661438226699829
1.001190185546875,0.8685097694396973
1.0013158321380615,0.8689594268798828
1.001577377319336,0.8698953986167908
1.0018562078475952,0.8708931803703308
1.0025835037231445,0.8734971284866333
1.0026094913482666,0.8735901117324829
1.0026378631591797,0.8736916184425354
1.003306269645691,0.8760858774185181
1.003628134727478,0.8772389888763428
1.0038477182388306,0.8780258297920227
1.0040743350982666,0.878838300704956
1.004636287689209,0.8808527588844299
1.0047701597213745,0.8813327550888062
1.0051089525222778,0.8825477957725525
1.0054997205734253,0.8839493989944458
1.0056368112564087,0.8844412565231323
1.0062464475631714,0.8866291642189026
1.0063673257827759,0.8870629072189331
1.0066328048706055,0.8880156874656677
1.006914496421814,0.8890273571014404
1.0076234340667725,0.891573429107666
1.007627248764038,0.8915871381759644
1.0077338218688965,0.8919700384140015
1.0083190202713013,0.8940728902816772
1.0086231231689453,0.8951656818389893
1.0088773965835571,0.8960797190666199
1.0092308521270752,0.8973504304885864
1.0096232891082764,0.8987618684768677
1.0097135305404663,0.8990864753723145
1.0101295709609985,0.900583028793335
1.0106309652328491,0.9023871421813965
1.010736107826233,0.9027655720710754
1.0110565423965454,0.9039191603660583
1.0110983848571777,0.9040694832801819
1.0113803148269653,0.905084490776062
1.0116488933563232,0.906051754951477
1.012248158454895,0.9082099199295044
1.0124738216400146,0.9090228080749512
1.0126299858093262,0.9095855355262756
1.012680172920227,0.9097665548324585
1.0127763748168945,0.9101130962371826
1.0137277841567993,0.9135423898696899
1.013765573501587,0.9136785864830017
1.0138404369354248,0.9139483571052551
1.0138789415359497,0.9140873551368713
1.0144318342208862,0.9160811305046082
1.0147945880889893,0.9173899292945862
1.0151983499526978,0.9188465476036072
1.0152870416641235,0.9191664457321167
1.0158838033676147,0.9213205575942993
1.0160257816314697,0.9218330383300781
1.0165479183197021,0.9237182140350342
1.0168110132217407,0.9246683120727539
1.0169981718063354,0.9253443479537964
1.017561435699463,0.9273792505264282
1.0178894996643066,0.9285645484924316
1.0181407928466797,0.9294727444648743
1.0183360576629639,0.9301788806915283
1.0190415382385254,0.9327293634414673
1.0192234516143799,0.9333872199058533
1.0193142890930176,0.9337158203125
1.019860863685608,0.9356929063796997
1.0204691886901855,0.9378939867019653
1.02051842212677,0.9380720853805542
1.020550012588501,0.9381865859031677
1.0213838815689087,0.941204845905304
1.021752119064331,0.942538321018219
1.0218474864959717,0.9428838491439819
1.0218696594238281,0.9429640769958496
1.0229038000106812,0.946710467338562
1.023013710975647,0.9471088647842407
1.023179292678833,0.9477087259292603
1.0231825113296509,0.9477204084396362
1.0243018865585327,0.9517785310745239
1.0244191884994507,0.9522038698196411
1.0244677066802979,0.952379584312439
1.024489164352417,0.9524577856063843
1.0256152153015137,0.9565424919128418
1.025715708732605,0.9569071531295776
1.025789737701416,0.9571757316589355
1.0259286165237427,0.9576798677444458
1.0269261598587036,0.9613012075424194
1.0269522666931152,0.9613959193229675
1.0270845890045166,0.9618765711784363
1.0274306535720825,0.9631333351135254
1.028102159500122,0.9655728340148926
1.0283117294311523,0.9663341641426086
1.0283740758895874,0.9665607213973999
1.028923749923706,0.9685584902763367
1.0292468070983887,0.9697326421737671
1.029658555984497,0.9712294936180115
1.0296920537948608,0.9713515639305115
1.0303629636764526,0.9737914800643921
1.0304067134857178,0.9739505052566528
1.0309383869171143,0.9758846163749695
1.0310919284820557,0.9764432311058044
1.0314536094665527,0.9777592420578003
1.0318779945373535,0.9793039560317993
1.032213807106018,0.980526328086853
1.0325100421905518,0.9816047549247742
1.0325217247009277,0.9816474914550781
1.0333374738693237,0.984618067741394
1.0334851741790771,0.9851561784744263
1.033570408821106,0.9854665994644165
1.0339447259902954,0.9868303537368774
1.0346025228500366,0.9892273545265198
1.0347528457641602,0.9897750616073608
1.0347851514816284,0.9898927807807922
1.0353946685791016,0.9921146631240845
1.035621166229248,0.9929406642913818
1.0360170602798462,0.9943842887878418
1.0362216234207153,0.9951302409172058
1.036629319190979,0.9966171979904175
1.0368585586547852,0.9974536895751953
1.0372782945632935,0.9989850521087646
1.0376298427581787,1.0002678632736206
1.037647008895874,1.0003304481506348
1.0383349657058716,1.002841591835022
1.0385366678237915,1.0035779476165771
1.038625955581665,1.003903865814209
1.0390617847442627,1.005495309829712
1.0396203994750977,1.007535457611084
1.039792776107788,1.0081651210784912
1.0398223400115967,1.0082732439041138
1.04046630859375,1.0106258392333984
1.0406161546707153,1.0111736059188843
1.0410467386245728,1.012747049331665
1.0413193702697754,1.0137434005737305
1.041616439819336,1.014829397201538
1.041860818862915,1.0157228708267212
1.0422989130020142,1.017324686050415
1.0426239967346191,1.018513560295105
1.042824625968933,1.01924729347229
1.0429186820983887,1.0195914506912231
1.0432456731796265,1.0207875967025757
1.043549656867981,1.021899700164795
1.0436419248580933,1.0222371816635132
1.0443366765975952,1.0247795581817627
1.044621229171753,1.0258209705352783
1.0446385145187378,1.0258840322494507
1.044673204421997,1.0260112285614014
1.0447993278503418,1.026472806930542
1.0457208156585693,1.029846429824829
1.045854091644287,1.0303345918655396
1.0459877252578735,1.0308239459991455
1.0460482835769653,1.0310457944869995
1.0462939739227295,1.0319455862045288
1.0467877388000488,1.0337543487548828
1.0473456382751465,1.035798192024231
1.0473754405975342,1.0359073877334595
1.0478768348693848,1.0377447605133057
1.047887921333313,1.037785530090332
1.0486952066421509,1.0407445430755615
1.0488994121551514,1.0414930582046509
1.0489912033081055,1.0418297052383423
1.0494235754013062,1.0434151887893677
1.0500367879867554,1.0456640720367432
1.0501338243484497,1.0460200309753418
1.0504244565963745,1.0470860004425049
1.0509036779403687,1.048844337463379
1.0513073205947876,1.0503252744674683
1.0513707399368286,1.050558090209961
1.0519492626190186,1.0526810884475708
1.0523313283920288,1.0540837049484253
1.0525115728378296,1.0547454357147217
1.0526973009109497,1.055427074432373
1.0534722805023193,1.0582727193832397
1.053709626197815,1.0591446161270142
1.053745150566101,1.0592751502990723
1.0540169477462769,1.060273289680481
1.0549923181533813,1.063856601715088
1.055006742477417,1.0639095306396484
1.0550414323806763,1.0640369653701782
1.0553297996520996,1.0650967359542847
1.0562949180603027,1.0686438083648682
1.0563298463821411,1.0687721967697144
1.0565077066421509,1.0694260597229004
1.0566364526748657,1.069899320602417
1.0575778484344482,1.0733609199523926
1.0576082468032837,1.0734726190567017
1.0579370260238647,1.0746818780899048
1.0580170154571533,1.0749759674072266
1.0587882995605469,1.0778131484985352
1.0589454174041748,1.0783913135528564
1.0592318773269653,1.0794453620910645
1.0595190525054932,1.0805020332336426
1.0599644184112549,1.0821409225463867
1.0603047609329224,1.0833935737609863
1.0605213642120361,1.084190845489502
1.0610122680664062,1.0859980583190918
1.061108946800232,1.08635413646698
1.0616852045059204,1.0884759426116943
1.0618058443069458,1.08892023563385
1.062225103378296,1.0904641151428223
1.062495231628418,1.0914589166641235
1.0630850791931152,1.0936317443847656
1.063085675239563,1.0936338901519775
1.063315749168396,1.0944817066192627
1.0639665126800537,1.096879243850708
1.0643610954284668,1.098333477973938
1.064383864402771,1.0984172821044922
1.0645030736923218,1.0988565683364868
1.0654258728027344,1.1022579669952393
1.0654325485229492,1.1022827625274658
1.0656324625015259,1.1030197143554688
1.0659377574920654,1.1041451692581177
1.0664646625518799,1.1060880422592163
1.0668736696243286,1.1075962781906128
1.0669001340866089,1.1076940298080444
1.0673878192901611,1.109492540359497
1.0674833059310913,1.1098448038101196
1.068164348602295,1.1123570203781128
1.068310022354126,1.1128944158554077
1.0684914588928223,1.113563895225525
1.0688517093658447,1.1148929595947266
1.0694255828857422,1.1170108318328857
1.0694921016693115,1.1172562837600708
1.0697355270385742,1.118154764175415
1.0703279972076416,1.1203415393829346
1.0704880952835083,1.1209325790405273
1.0706839561462402,1.1216555833816528
1.071150302886963,1.1233773231506348
1.071482539176941,1.1246039867401123
1.0718153715133667,1.1258330345153809
1.0719400644302368,1.126293420791626
1.0724782943725586,1.1282809972763062
1.0725547075271606,1.128563404083252
1.0731940269470215,1.1309248208999634
1.0733124017715454,1.1313621997833252
1.0734785795211792,1.1319760084152222
1.0739492177963257,1.1337147951126099
1.074446201324463,1.13555109500885
1.0744861364364624,1.1356985569000244
1.0746139287948608,1.1361708641052246
1.0748176574707031,1.1369236707687378
1.075334072113037,1.1388320922851562
1.0755040645599365,1.1394604444503784
1.0756969451904297,1.140173316001892
1.0763297080993652,1.142512321472168
1.07633376121521,1.1425273418426514
1.0765353441238403,1.1432725191116333
1.0767096281051636,1.1439169645309448
1.0769466161727905,1.1447930335998535
1.0775829553604126,1.1471458673477173
1.0778471231460571,1.1481226682662964
1.0779892206192017,1.1486481428146362
1.0780762434005737,1.148970127105713
1.078195571899414,1.1494112014770508
1.078649878501892,1.151091456413269
1.0793685913085938,1.153749942779541
1.0794340372085571,1.1539921760559082
1.0795831680297852,1.1545437574386597
1.079738974571228,1.1551200151443481
1.080783724784851,1.1589856147766113
1.0808533430099487,1.159243106842041
1.080892562866211,1.1593881845474243
1.0811188220977783,1.1602256298065186
1.081995964050293,1.1634714603424072
1.0821253061294556,1.1639503240585327
1.082417607307434,1.1650322675704956
1.0825989246368408,1.165703296661377
1.0831694602966309,1.1678154468536377
1.0834591388702393,1.1688878536224365
1.0839424133300781,1.1706769466400146
1.084026575088501,1.1709885597229004
1.0843737125396729,1.1722737550735474
1.08478581905365,1.1737998723983765
1.085404872894287,1.1760923862457275
1.085465431213379,1.176316499710083
1.0856072902679443,1.1768419742584229
1.0861053466796875,1.1786868572235107
1.0867366790771484,1.1810252666473389
1.0868688821792603,1.1815152168273926
1.0869853496551514,1.1819465160369873
1.0874183177947998,1.1835505962371826
1.0880250930786133,1.1857984066009521
1.088157057762146,1.1862874031066895
1.088500738143921,1.187560796737671
1.0887248516082764,1.1883913278579712
1.0892730951309204,1.1904231309890747
1.089470386505127,1.1911542415618896
1.090010166168213,1.1931545734405518
1.0900254249572754,1.1932110786437988
1.090483546257019,1.1949089765548706
1.090807557106018,1.1961100101470947
1.091320276260376,1.1980106830596924
1.0915122032165527,1.198722243309021
1.0916595458984375,1.1992682218551636
1.0921669006347656,1.2011492252349854
1.0926098823547363,1.202791690826416
1.092804193496704,1.2035119533538818
1.0930052995681763,1.2042577266693115
1.0935473442077637,1.2062677145004272
1.093894362449646,1.2075544595718384
1.093920350074768,1.207650899887085
1.094488263130188,1.209756851196289
1.0949472188949585,1.2114589214324951
1.0950109958648682,1.211695671081543
1.0951740741729736,1.2123003005981445
1.0959596633911133,1.2152141332626343
1.0960791110992432,1.2156572341918945
1.096365213394165,1.2167184352874756
1.0964494943618774,1.2170308828353882
1.0971277952194214,1.2195472717285156
1.097419023513794,1.220627784729004
1.0977208614349365,1.221747636795044
1.0977998971939087,1.2220407724380493
1.098159909248352,1.2233763933181763
1.0988667011260986,1.2259987592697144
1.0989885330200195,1.226450800895691
1.0991785526275635,1.2271560430526733
1.0992499589920044,1.2274210453033447
1.1001867055892944,1.2308968305587769
1.1002528667449951,1.231142520904541
1.1003031730651855,1.2313292026519775
1.100713849067688,1.2328531742095947
1.1011872291564941,1.2346099615097046
1.1015139818191528,1.2358226776123047
1.1017285585403442,1.236619234085083
1.1021833419799805,1.238306999206543
1.1021901369094849,1.2383322715759277
1.1027724742889404,1.240493655204773
1.103143334388733,1.2418701648712158
1.103177785873413,1.2419980764389038
1.10367751121521,1.2438530921936035
1.1040284633636475,1.245155930519104
1.1041735410690308,1.2456943988800049
1.1045478582382202,1.2470839023590088
1.1051738262176514,1.2494077682495117
1.1051745414733887,1.2494103908538818
1.1052824258804321,1.249811053276062
1.1059423685073853,1.2522611618041992
1.1061069965362549,1.252872347831726
1.1061813831329346,1.2531484365463257
1.106534719467163,1.2544604539871216
1.1066797971725464,1.254999041557312
1.1071993112564087,1.2569280862808228
1.1073272228240967,1.257402777671814
1.1077854633331299,1.2591042518615723
1.107826828956604,1.2592580318450928
1.1081918478012085,1.2606134414672852
1.1082305908203125,1.2607569694519043
1.1087026596069336,1.262510061264038
1.1090350151062012,1.2637441158294678
1.1092782020568848,1.264647126197815
1.1094822883605957,1.2654051780700684
1.1097092628479004,1.2662479877471924
1.1100692749023438,1.2675846815109253
1.1102839708328247,1.26838219165802
1.1103451251983643,1.2686091661453247
1.1110762357711792,1.2713242769241333
1.111230731010437,1.2718979120254517
1.1114271879196167,1.2726274728775024
1.1114342212677002,1.2726536989212036
1.112548589706421,1.276792287826538
1.1126118898391724,1.2770272493362427
1.1127547025680542,1.2775578498840332
1.112776756286621,1.277639627456665
1.1136912107467651,1.2810359001159668
1.1140919923782349,1.2825243473052979
1.1141183376312256,1.282622218132019
1.1142797470092773,1.2832214832305908
1.114864706993103,1.2853940725326538
1.1154522895812988,1.28757643699646
1.115519642829895,1.2878265380859375
1.1158045530319214,1.2888848781585693
1.116068959236145,1.2898666858673096
1.11677885055542,1.2925034761428833
1.1168979406356812,1.2929457426071167
1.1173025369644165,1.2944486141204834
1.1173275709152222,1.2945414781570435
1.118098497390747,1.2974047660827637
1.1182297468185425,1.2978922128677368
1.1185641288757324,1.2991342544555664
1.1188474893569946,1.3001867532730103
1.1194113492965698,1.3022810220718384
1.1195181608200073,1.3026777505874634
1.1198523044586182,1.3039186000823975
1.1203628778457642,1.3058151006698608
1.120718002319336,1.3071340322494507
1.1207661628723145,1.3073128461837769
1.1211656332015991,1.3087965250015259
1.1218723058700562,1.3114210367202759
1.121976613998413,1.3118085861206055
1.122018575668335,1.311964511871338
1.1225028038024902,1.3137627840042114
1.123152732849121,1.3161765336990356
1.1233134269714355,1.3167732954025269
1.123374342918396,1.3169997930526733
1.1238621473312378,1.318811297416687
1.1242972612380981,1.3204271793365479
1.1246029138565063,1.32156240940094
1.1248674392700195,1.322544813156128
1.1252425909042358,1.323938012123108
1.125413417816162,1.3245723247528076
1.125887393951416,1.3263325691223145
1.1263504028320312,1.3280519247055054
1.1265040636062622,1.3286224603652954
1.1266424655914307,1.3291364908218384
1.1271672248840332,1.331085205078125
1.1275721788406372,1.332588791847229
1.127821683883667,1.3335155248641968
1.1280604600906372,1.3344018459320068
1.128442645072937,1.3358209133148193
1.1286208629608154,1.3364826440811157
1.1292811632156372,1.3389344215393066
1.1294951438903809,1.339728832244873
1.129652976989746,1.3403148651123047
1.129714012145996,1.3405416011810303
1.1306716203689575,1.3440967798233032
1.130728840827942,1.3443094491958618
1.1309452056884766,1.3451125621795654
1.130981683731079,1.3452479839324951
1.1316797733306885,1.3478397130966187
1.1321653127670288,1.349642038345337
1.1322458982467651,1.3499411344528198
1.1324090957641602,1.350546956062317
1.1326804161071777,1.3515541553497314
1.1335071325302124,1.3546228408813477
1.1335906982421875,1.3549330234527588
1.1336764097213745,1.3552513122558594
1.133885383605957,1.3560268878936768
1.1346708536148071,1.3589422702789307
1.1347655057907104,1.3592935800552368
1.1350054740905762,1.3601839542388916
1.1353727579116821,1.3615472316741943
1.1356666088104248,1.3626376390457153
1.136021614074707,1.3639552593231201
1.1364099979400635,1.3653963804244995
1.1366668939590454,1.3663495779037476
1.1368697881698608,1.3671026229858398
1.1372755765914917,1.3686082363128662
1.1373629570007324,1.3689324855804443
1.1376744508743286,1.3700883388519287
1.1378045082092285,1.3705708980560303
1.1383750438690186,1.372687578201294
1.138527750968933,1.3732540607452393
1.1386923789978027,1.3738648891448975
1.1390827894210815,1.3753135204315186
1.13918936252594,1.3757085800170898
1.1397236585617065,1.3776906728744507
1.1397784948349,1.3778941631317139
1.1398870944976807,1.378296971321106
1.1405649185180664,1.380811333656311
1.1407382488250732,1.3814541101455688
1.1407712697982788,1.381576657295227
1.1410281658172607,1.3825292587280273
1.1414045095443726,1.3839253187179565
1.1418381929397583,1.3855335712432861
1.141931414604187,1.3858791589736938
1.1422771215438843,1.387161374092102
1.1423321962356567,1.387365698814392
1.1429259777069092,1.3895673751831055
1.1429272890090942,1.3895723819732666
1.14328932762146,1.390914797782898
1.14386785030365,1.3930596113204956
1.144041657447815,1.3937041759490967
1.1444499492645264,1.3952178955078125
1.1446388959884644,1.3959182500839233
1.1451842784881592,1.3979400396347046
1.1453479528427124,1.3985464572906494
1.1459749937057495,1.4008708000183105
1.1459804773330688,1.4008911848068237
1.146357774734497,1.402289628982544
1.1467756032943726,1.4038381576538086
1.147314429283142,1.4058349132537842
1.1474997997283936,1.4065216779708862
1.147562026977539,1.406752347946167
1.1481539011001587,1.4089454412460327
1.1486409902572632,1.410750150680542
1.1487956047058105,1.411323070526123
1.1490228176116943,1.4121648073196411
1.14948570728302,1.4138795137405396
1.1499606370925903,1.415639042854309
1.1500571966171265,1.4159964323043823
1.1505427360534668,1.4177948236465454
1.1507741212844849,1.418652057647705
1.151273488998413,1.4205012321472168
1.1513453722000122,1.4207674264907837
1.152022123336792,1.4232733249664307
1.1520581245422363,1.4234063625335693
1.1525801420211792,1.4253393411636353
1.1526587009429932,1.4256303310394287
1.1532325744628906,1.4277546405792236
1.1535675525665283,1.4289946556091309
1.1538807153701782,1.4301540851593018
1.1539958715438843,1.4305801391601562
1.1544086933135986,1.4321080446243286
1.1550695896148682,1.434554100036621
1.1551755666732788,1.434946060180664
1.1553552150726318,1.4356108903884888
1.1555532217025757,1.436343789100647
1.1564650535583496,1.4397172927856445
1.1565626859664917,1.4400783777236938
1.1566693782806396,1.4404730796813965
1.1567356586456299,1.440718173980713
1.1577495336532593,1.444468379020691
1.1577600240707397,1.444507360458374
1.1580456495285034,1.4455636739730835
1.1581355333328247,1.445896029472351
1.1588281393051147,1.4484574794769287
1.1590293645858765,1.4492015838623047
1.1595170497894287,1.4510043859481812
1.1595535278320312,1.4511393308639526
1.159876823425293,1.4523347616195679
1.1603047847747803,1.4539167881011963
1.1609089374542236,1.4561495780944824
1.1609764099121094,1.4563989639282227
1.160988211631775,1.4564425945281982
1.1615761518478394,1.4586154222488403
1.161927580833435,1.4599140882492065
1.162424087524414,1.461748480796814
1.1624382734298706,1.4618011713027954
1.1628438234329224,1.4632991552352905
1.162935733795166,1.4636386632919312
1.163860559463501,1.467054843902588
1.1639021635055542,1.4672083854675293
1.1639363765716553,1.4673346281051636
1.1641080379486084,1.4679685831069946
1.164932370185852,1.471012830734253
1.1652859449386597,1.4723182916641235
1.1653692722320557,1.472625732421875
1.165378451347351,1.472659945487976
1.1659268140792847,1.474684238433838
1.1666276454925537,1.4772709608078003
1.1667007207870483,1.4775408506393433
1.1668658256530762,1.4781497716903687
1.1669225692749023,1.4783594608306885
1.1678837537765503,1.4819061756134033
1.167922854423523,1.4820505380630493
1.1681052446365356,1.482723355293274
1.1683464050292969,1.4836127758026123
1.1683628559112549,1.4836739301681519
1.1689304113388062,1.4857672452926636
1.169137716293335,1.4865319728851318
1.1694997549057007,1.487866997718811
1.1698681116104126,1.4892255067825317
1.1699483394622803,1.4895211458206177
1.170066237449646,1.4899559020996094
1.1703898906707764,1.4911493062973022
1.170884609222412,1.4929732084274292
1.170979619026184,1.4933234453201294
1.1713801622390747,1.4947998523712158
1.1716406345367432,1.4957597255706787
1.1717216968536377,1.4960588216781616
1.1720272302627563,1.4971847534179688
1.172260046005249,1.4980427026748657
1.172890305519104,1.5003650188446045
1.1728975772857666,1.5003917217254639
1.1730941534042358,1.5011160373687744
1.1733156442642212,1.5019320249557495
1.1736266613006592,1.5030773878097534
1.1741392612457275,1.5049654245376587
1.1741832494735718,1.5051274299621582
1.1744190454483032,1.5059959888458252
1.1748512983322144,1.5075876712799072
1.1749845743179321,1.5080783367156982
1.1752976179122925,1.5092308521270752
1.1759430170059204,1.5116066932678223
1.1763314008712769,1.5130363702774048
1.1763341426849365,1.5130462646484375
1.1764402389526367,1.5134367942810059
1.1774680614471436,1.517218828201294
1.1776137351989746,1.5177549123764038
1.177675724029541,1.517982840538025
1.177759051322937,1.51828932762146
1.1788179874420166,1.5221842527389526
1.1789928674697876,1.522827386856079
1.1790096759796143,1.5228891372680664
1.1791373491287231,1.523358702659607
1.180051565170288,1.5267198085784912
1.1803362369537354,1.5277661085128784
1.1804691553115845,1.5282546281814575
1.1805158853530884,1.5284264087677002
1.181313157081604,1.5313563346862793
1.1816558837890625,1.5326155424118042
1.1817575693130493,1.5329890251159668
1.1820358037948608,1.5340113639831543
1.1826013326644897,1.536088466644287
1.1829687356948853,1.537437915802002
1.1830055713653564,1.5375730991363525
1.1835511922836304,1.5395764112472534
1.1839146614074707,1.5409108400344849
1.184216022491455,1.5420169830322266
1.1842753887176514,1.542235016822815
1.1850606203079224,1.5451167821884155
1.1852518320083618,1.5458184480667114
1.185392141342163,1.5463333129882812
1.1855759620666504,1.54700767993927
1.1865366697311401,1.5505318641662598
1.1865626573562622,1.5506271123886108
1.1866111755371094,1.5508050918579102
1.186870813369751,1.5517570972442627
1.187652826309204,1.554624319076538
1.1879916191101074,1.5558662414550781
1.1880557537078857,1.5561012029647827
1.1881603002548218,1.556484580039978
1.1887434720993042,1.5586217641830444
1.1893914937973022,1.560996174812317
1.1894447803497314,1.561191439628601
1.1895387172698975,1.5615355968475342
1.1898115873336792,1.562535047531128
1.1907246112823486,1.565878987312317
1.1908094882965088,1.5661896467208862
1.1908602714538574,1.5663756132125854
1.1910099983215332,1.56692373752594
1.191892385482788,1.570154070854187
1.1920000314712524,1.5705479383468628
1.1922441720962524,1.571441411972046
1.1924694776535034,1.572265863418579
1.1929110288619995,1.5738812685012817
1.1932713985443115,1.5751994848251343
1.1936942338943481,1.5767459869384766
1.193917155265808,1.5775612592697144
1.1939191818237305,1.577568769454956
1.1945390701293945,1.5798351764678955
1.1949198246002197,1.5812273025512695
1.1951581239700317,1.5820982456207275
1.195353627204895,1.5828126668930054
1.1958032846450806,1.584455966949463
1.1959158182144165,1.5848671197891235
1.1966344118118286,1.5874923467636108
1.1967790126800537,1.5880205631256104
1.1969102621078491,1.588499903678894
1.1970645189285278,1.589063286781311
1.1979060173034668,1.5921359062194824
1.1981217861175537,1.592923641204834
1.1981937885284424,1.593186378479004
1.1983228921890259,1.5936577320098877
1.1989063024520874,1.5957869291305542
1.1990227699279785,1.5962120294570923
1.1995790004730225,1.5982413291931152
1.1995983123779297,1.5983119010925293
1.1996188163757324,1.5983864068984985
1.1999138593673706,1.5994627475738525
1.2007426023483276,1.6024850606918335
1.2008329629898071,1.6028145551681519
1.2009317874908447,1.6031748056411743
1.2009928226470947,1.603397250175476
1.2011240720748901,1.6038756370544434
1.2019630670547485,1.606933832168579
1.2020851373672485,1.607378602027893
1.2023776769638062,1.6084444522857666
1.2023980617523193,1.6085188388824463
1.2026361227035522,1.6093860864639282
1.2030106782913208,1.6107505559921265
1.2033358812332153,1.611934781074524
1.2037532329559326,1.6134546995162964
1.2039920091629028,1.6143238544464111
1.2040776014328003,1.6146355867385864
1.2041535377502441,1.6149121522903442
1.2045855522155762,1.6164846420288086
1.2051197290420532,1.6184285879135132
1.2051666975021362,1.61859929561615
1.205527663230896,1.61991286277771
1.2056750059127808,1.6204489469528198
1.2058345079421997,1.6210289001464844
1.206281065940857,1.6226533651351929
1.2064776420593262,1.6233680248260498
1.2070077657699585,1.625295639038086
1.207198977470398,1.625990629196167
1.2074236869812012,1.6268073320388794
1.2078272104263306,1.6282739639282227
1.2084354162216187,1.630483865737915
1.208597183227539,1.6310713291168213
1.208724021911621,1.6315321922302246
1.209168791770935,1.6331477165222168
1.209801435470581,1.6354445219039917
1.2098137140274048,1.6354893445968628
1.2102488279342651,1.637068748474121
1.2105027437210083,1.637990117073059
1.2110350131988525,1.6399216651916504
1.2111455202102661,1.6403226852416992
1.211771845817566,1.6425944566726685
1.2118293046951294,1.6428028345108032
1.2122966051101685,1.6444975137710571
1.212433934211731,1.6449953317642212
1.2131489515304565,1.6475869417190552
1.2132917642593384,1.6481045484542847
1.2135847806930542,1.6491663455963135
1.213681936264038,1.649518370628357
1.2144618034362793,1.6523433923721313
1.214807152748108,1.6535940170288086
1.2148923873901367,1.6539026498794556
1.2148981094360352,1.6539233922958374
1.2157684564590454,1.6570740938186646
1.2160685062408447,1.658159852027893
1.2162352800369263,1.6587635278701782
1.2163165807724,1.6590576171875
1.2170690298080444,1.6617791652679443
1.2172130346298218,1.6623001098632812
1.2175946235656738,1.6636799573898315
1.2178186178207397,1.6644898653030396
1.2183291912078857,1.6663353443145752
1.218363881111145,1.6664607524871826
1.2189750671386719,1.6686691045761108
1.2193117141723633,1.6698851585388184
1.2194198369979858,1.6702756881713867
1.2196533679962158,1.6711190938949585
1.2203749418258667,1.6737245321273804
1.2204879522323608,1.6741324663162231
1.220794677734375,1.6752396821975708
1.2209378480911255,1.675756573677063
1.221536636352539,1.6779167652130127
1.2217929363250732,1.678841233253479
1.2222176790237427,1.6803733110427856
1.2222659587860107,1.6805473566055298
1.2225687503814697,1.681639313697815
1.223227620124817,1.684014081954956
1.2234930992126465,1.6849709749221802
1.2235873937606812,1.6853104829788208
1.223725438117981,1.6858079433441162
1.224595546722412,1.6889421939849854
1.2246776819229126,1.6892380714416504
1.2247644662857056,1.689550518989563
1.2251731157302856,1.6910218000411987
1.2255961894989014,1.6925445795059204
1.2260321378707886,1.6941134929656982
1.2261415719985962,1.694507122039795
1.2265921831130981,1.696128249168396
1.2266095876693726,1.6961908340454102
1.2272963523864746,1.6986603736877441
1.2275866270065308,1.6997041702270508
1.227617859840393,1.6998162269592285
1.2280349731445312,1.7013155221939087
1.2285575866699219,1.7031934261322021
1.2285823822021484,1.7032824754714966
1.2291052341461182,1.7051604986190796
1.2293577194213867,1.7060672044754028
1.22944974899292,1.706397533416748
1.229582667350769,1.706874966621399
1.22981595993042,1.7077125310897827
1.2305902242660522,1.7104911804199219
1.2306022644042969,1.7105345726013184
1.2308542728424072,1.7114386558532715
1.2310720682144165,1.7122200727462769
1.2310775518417358,1.7122395038604736
1.2316081523895264,1.7141424417495728
1.2321075201034546,1.7159327268600464
1.2322487831115723,1.716439127922058
1.2323260307312012,1.7167160511016846
1.2326394319534302,1.717839241027832
1.2327330112457275,1.7181744575500488
1.2335782051086426,1.7212022542953491
1.2336195707321167,1.7213504314422607
1.2336336374282837,1.7214009761810303
1.2336870431900024,1.7215920686721802
1.234326958656311,1.723883032798767
1.234753966331482,1.7254114151000977
1.2348289489746094,1.725679874420166
1.2350091934204102,1.7263249158859253
1.2351369857788086,1.7267818450927734
1.2358430624008179,1.7293074131011963
1.2358626127243042,1.729377269744873
1.2360786199569702,1.730149745941162
1.2363756895065308,1.73121178150177
1.2366584539413452,1.7322224378585815
1.2369574308395386,1.7332911491394043
1.2373275756835938,1.7346134185791016
1.2373427152633667,1.734667420387268
1.2377336025238037,1.736063838005066
1.2381000518798828,1.7373725175857544
1.2381824254989624,1.7376666069030762
1.2387703657150269,1.7397655248641968
1.239083170890808,1.7408815622329712
1.2392735481262207,1.7415610551834106
1.2397074699401855,1.7431089878082275
1.240148663520813,1.7446824312210083
1.2404247522354126,1.7456666231155396
1.2404778003692627,1.7458558082580566
1.2412322759628296,1.7485448122024536
1.2414804697036743,1.7494289875030518
1.2417113780975342,1.7502515316009521
1.2417587041854858,1.750420093536377
1.2427552938461304,1.753968596458435
1.2427688837051392,1.7540169954299927
1.24297297000885,1.754743218421936
1.243085265159607,1.7551429271697998
1.2440168857574463,1.758457064628601
1.2442611455917358,1.7593255043029785
1.2442752122879028,1.7593754529953003
1.244404911994934,1.7598369121551514
1.245227336883545,1.7627599239349365
1.2455744743347168,1.7639930248260498
1.2457177639007568,1.7645020484924316
1.2457906007766724,1.7647606134414673
1.246403455734253,1.7669367790222168
1.246911644935608,1.7687408924102783
1.247024416923523,1.7691410779953003
1.2473000288009644,1.7701187133789062
1.24754798412323,1.770998477935791
1.2482709884643555,1.7735623121261597
1.248324990272522,1.7737538814544678
1.248664140701294,1.774956226348877
1.2488020658493042,1.7754449844360352
1.2496198415756226,1.7783421277999878
1.2496514320373535,1.778454065322876
1.249754786491394,1.7788199186325073
1.2502951622009277,1.780733346939087
1.250822901725769,1.7826011180877686
1.2509093284606934,1.782907247543335
1.2510513067245483,1.7834094762802124
1.2517781257629395,1.785980224609375
1.2518715858459473,1.7863109111785889
1.252193808555603,1.787449836730957
1.2524693012237549,1.7884235382080078
1.252903699874878,1.7899585962295532
1.2532494068145752,1.7911797761917114
1.2534736394882202,1.791972041130066
1.2539039850234985,1.7934914827346802
1.2539223432540894,1.7935560941696167
1.2547088861465454,1.7963321208953857
1.254749059677124,1.7964738607406616
1.2549304962158203,1.7971138954162598
1.2553540468215942,1.7986078262329102
1.2559311389923096,1.800642490386963
1.256020426750183,1.800957202911377
1.25615656375885,1.8014371395111084
1.2568179368972778,1.8037673234939575
1.2569271326065063,1.8041516542434692
1.2572880983352661,1.8054230213165283
1.257593035697937,1.8064968585968018
1.257921576499939,1.8076529502868652
1.2582942247390747,1.8089642524719238
1.2585523128509521,1.8098722696304321
1.2589173316955566,1.811155915260315
1.2590184211730957,1.8115116357803345
1.2593166828155518,1.8125602006912231
1.2597815990447998,1.8141944408416748
1.2598135471343994,1.814306616783142
1.2599176168441772,1.8146722316741943
1.2604331970214844,1.8164833784103394
1.2609251737594604,1.8182110786437988
1.2610365152359009,1.8186018466949463
1.2610719203948975,1.8187263011932373
1.2612786293029785,1.8194518089294434
1.2618377208709717,1.8214137554168701
1.2619431018829346,1.8217833042144775
1.262328028678894,1.8231334686279297
1.2626919746398926,1.8244094848632812
1.2627838850021362,1.824731707572937
1.2629743814468384,1.8253995180130005
1.2632322311401367,1.826303243637085
1.2635819911956787,1.827528715133667
1.2640219926834106,1.8290698528289795
1.264285922050476,1.8299940824508667
1.2642959356307983,1.8300291299819946
1.2646170854568481,1.8311532735824585
1.2648341655731201,1.8319129943847656
1.2650889158248901,1.8328046798706055
1.2658133506774902,1.8353383541107178
1.2658215761184692,1.8353674411773682
1.2659926414489746,1.8359652757644653
1.266084909439087,1.8362878561019897
1.266178011894226,1.8366131782531738
1.2672923803329468,1.840506911277771
1.2673016786575317,1.8405393362045288
1.2673345804214478,1.8406543731689453
1.2673348188400269,1.8406553268432617
1.2673591375350952,1.8407402038574219
1.268435001373291,1.8444955348968506
1.2685835361480713,1.8450136184692383
1.2687170505523682,1.8454793691635132
1.268729329109192,1.8455222845077515
1.268858790397644,1.8459738492965698
1.269608497619629,1.8485876321792603
1.2700666189193726,1.8501840829849243
1.270107626914978,1.8503271341323853
1.2703838348388672,1.85128915309906
1.270812749862671,1.8527828454971313
1.271408200263977,1.8548554182052612
1.2714394330978394,1.854964017868042
1.2719086408615112,1.8565967082977295
1.2720463275909424,1.857075572013855
1.2727278470993042,1.8594452142715454
1.2727421522140503,1.8594948053359985
1.2733079195022583,1.8614610433578491
1.273431658744812,1.8618907928466797
1.2739758491516113,1.8637806177139282
1.2740687131881714,1.8641029596328735
1.274596095085144,1.8659334182739258
1.2749515771865845,1.8671669960021973
1.27518630027771,1.8679810762405396
1.2753883600234985,1.8686816692352295
1.275909423828125,1.8704882860183716
1.276362419128418,1.8720577955245972
1.276466965675354,1.872420072555542
1.2767012119293213,1.8732316493988037
1.2772465944290161,1.8751198053359985
1.277506947517395,1.876021385192871
1.277976393699646,1.877645492553711
1.2780078649520874,1.8777544498443604
1.2786059379577637,1.8798227310180664
1.278623104095459,1.8798820972442627
1.2793084383010864,1.8822507858276367
1.2794784307479858,1.8828381299972534
1.279713749885559,1.8836508989334106
1.2799863815307617,1.8845922946929932
1.280603289604187,1.8867220878601074
1.280781865119934,1.887338399887085
1.2809715270996094,1.8879927396774292
1.2813862562179565,1.889423131942749
1.2818305492401123,1.8909550905227661
1.2818927764892578,1.8911693096160889
1.282454490661621,1.8931050300598145
1.282804250717163,1.8943099975585938
1.282862663269043,1.8945109844207764
1.2831772565841675,1.8955943584442139
1.2838813066482544,1.8980169296264648
1.2839257717132568,1.8981698751449585
1.2842389345169067,1.8992472887039185
1.2844570875167847,1.899997353553772
1.2848894596099854,1.9014837741851807
1.285385251045227,1.9031871557235718
1.2856889963150024,1.9042305946350098
1.2857325077056885,1.904379963874817
1.2858901023864746,1.904921293258667
1.2868329286575317,1.9081568717956543
1.2868860960006714,1.9083393812179565
1.2870038747787476,1.9087432622909546
1.287152886390686,1.909254550933838
1.287880539894104,1.9117488861083984
1.2882694005966187,1.913081407546997
1.2882715463638306,1.9130885601043701
1.288629174232483,1.914313554763794
1.288865327835083,1.9151220321655273
1.2888762950897217,1.9151597023010254
1.2895357608795166,1.9174164533615112
1.2896947860717773,1.917960286140442
1.2898765802383423,1.9185824394226074
1.290116548538208,1.9194029569625854
1.2905851602554321,1.9210047721862793
1.2907969951629639,1.9217288494110107
1.2908841371536255,1.922026515007019
1.291109561920166,1.922796607017517
1.2916135787963867,1.9245177507400513
1.2919020652770996,1.9255026578903198
1.292055368423462,1.926025629043579
1.2922406196594238,1.926658034324646
1.2925140857696533,1.92759108543396
1.2929333448410034,1.929020881652832
1.2931188344955444,1.9296531677246094
1.2933114767074585,1.930309772491455
1.2938345670700073,1.9320921897888184
1.2939085960388184,1.9323439598083496
1.2939809560775757,1.9325908422470093
1.2945654392242432,1.9345810413360596
1.2946308851242065,1.9348037242889404
1.2950478792190552,1.9362225532531738
1.2952934503555298,1.9370579719543457
1.2953702211380005,1.9373191595077515
1.2958176136016846,1.938840389251709
1.2961369752883911,1.9399256706237793
1.2961483001708984,1.9399642944335938
1.2966690063476562,1.9417331218719482
1.296850323677063,1.9423490762710571
1.2970683574676514,1.943089246749878
1.2972513437271118,1.943710446357727
1.297669768333435,1.9451303482055664
1.2980355024337769,1.9463711977005005
1.2982779741287231,1.9471935033798218
1.2983180284500122,1.947329044342041
1.298393964767456,1.9475865364074707
1.2991937398910522,1.9502968788146973
1.2993934154510498,1.9509730339050293
1.2995669841766357,1.9515609741210938
1.299567461013794,1.951562523841858
1.2996562719345093,1.9518632888793945
1.3007187843322754,1.955458402633667
1.3007429838180542,1.9555401802062988
1.300771713256836,1.9556373357772827
1.3009880781173706,1.9563689231872559
1.3020052909851074,1.9598060846328735
1.3020845651626587,1.9600739479064941
1.3022435903549194,1.9606108665466309
1.3022764921188354,1.9607218503952026
1.3032668828964233,1.9640638828277588
1.303418517112732,1.9645750522613525
1.3035244941711426,1.9649323225021362
1.3037666082382202,1.9657484292984009
1.304555058479309,1.96840500831604
1.3047349452972412,1.9690107107162476
1.304745078086853,1.9690449237823486
1.3052865266799927,1.970867395401001
1.30586838722229,1.9728245735168457
1.3059110641479492,1.972968339920044
1.3060647249221802,1.973484754562378
1.3068019151687622,1.9759621620178223
1.3070555925369263,1.9768143892288208
1.3072055578231812,1.9773180484771729
1.307377576828003,1.977895736694336
1.3081717491149902,1.9805606603622437
1.3083113431930542,1.9810285568237305
1.3085649013519287,1.9818788766860962
1.308684229850769,1.982278823852539
1.3092623949050903,1.984216570854187
1.309813380241394,1.986061692237854
1.3099453449249268,1.9865034818649292
1.309984803199768,1.986635446548462
1.3103305101394653,1.9877922534942627
1.3112796545028687,1.990966558456421
1.3113064765930176,1.9910560846328735
1.3113452196121216,1.9911854267120361
1.3113791942596436,1.991299033164978
1.3124113082885742,1.9947459697723389
1.3125691413879395,1.9952731132507324
1.3127632141113281,1.9959205389022827
1.3127894401550293,1.9960081577301025
1.3134299516677856,1.9981443881988525
1.3138536214828491,1.9995564222335815
1.3141978979110718,2.0007033348083496
1.314260721206665,2.000912666320801
1.3144381046295166,2.0015034675598145
1.3151334524154663,2.0038182735443115
1.3154387474060059,2.004833698272705
1.3156479597091675,2.0055294036865234
1.3157202005386353,2.0057694911956787
1.3164088726043701,2.008058547973633
1.3164347410202026,2.0081446170806885
1.317111849784851,2.010392904281616
1.31716787815094,2.0105788707733154
1.3174291849136353,2.011446237564087
1.3176802396774292,2.0122790336608887
1.317969560623169,2.0132386684417725
1.318424940109253,2.0147483348846436
1.318588137626648,2.015289068222046
1.3186043500900269,2.015342950820923
1.3189479112625122,2.0164809226989746
1.3194252252578735,2.018061399459839
1.319689393043518,2.0189356803894043
1.3200297355651855,2.02006196975708
1.320075511932373,2.0202131271362305
1.3202121257781982,2.020665168762207
1.3204327821731567,2.021394729614258
1.3213448524475098,2.0244083404541016
1.3214445114135742,2.024737596511841
1.3214507102966309,2.0247581005096436
1.3214733600616455,2.0248329639434814
1.3215725421905518,2.025160312652588
1.3224819898605347,2.0281612873077393
1.3227317333221436,2.028984785079956
1.3228490352630615,2.029371500015259
1.3229387998580933,2.0296671390533447
1.3230777978897095,2.030125617980957
1.323529601097107,2.031614065170288
1.3239878416061401,2.0331227779388428
1.3242435455322266,2.0339643955230713
1.3244744539260864,2.0347237586975098
1.3245898485183716,2.0351035594940186
1.3245965242385864,2.035125494003296
1.3252418041229248,2.0372471809387207
1.325628399848938,2.038517475128174
1.3256856203079224,2.038705587387085
1.325954556465149,2.039588451385498
1.3261072635650635,2.0400900840759277
1.3264939785003662,2.0413594245910645
1.326799988746643,2.042363166809082
1.3270039558410645,2.043032169342041
1.327382206916809,2.0442721843719482
1.3276287317276,2.0450801849365234
1.327744722366333,2.0454602241516113
1.3279426097869873,2.0461084842681885
1.328370451927185,2.0475094318389893
1.3287605047225952,2.048785924911499
1.3289943933486938,2.049551010131836
1.3291161060333252,2.0499491691589355
1.3291527032852173,2.0500688552856445
1.329728364944458,2.051950693130493
1.3300923109054565,2.0531396865844727
1.3302433490753174,2.053632974624634
1.3303203582763672,2.053884267807007
1.3306777477264404,2.055051326751709
1.3310779333114624,2.056356906890869
1.3313807249069214,2.057344675064087
1.3315539360046387,2.0579092502593994
1.3322025537490845,2.060023069381714
1.332419514656067,2.060729503631592
1.3326287269592285,2.061410903930664
1.3328155279159546,2.062019109725952
1.3337255716323853,2.064979076385498
1.3337534666061401,2.0650696754455566
1.3338391780853271,2.0653481483459473
1.3341037034988403,2.0662078857421875
1.3350152969360352,2.0691680908203125
1.3350800275802612,2.069378137588501
1.3352454900741577,2.0699150562286377
1.3354170322418213,2.0704715251922607
1.3361598253250122,2.0728795528411865
1.3363996744155884,2.0736565589904785
1.3367542028427124,2.0748047828674316
1.3367608785629272,2.074826240539551
1.3372759819030762,2.076493501663208
1.3377125263214111,2.0779054164886475
1.33811354637146,2.0792016983032227
1.3382703065872192,2.0797085762023926
1.3383666276931763,2.08001971244812
1.3390191793441772,2.0821268558502197
1.3394347429275513,2.083467960357666
1.339493989944458,2.0836589336395264
1.339772343635559,2.0845565795898438
1.3403197526931763,2.0863211154937744
1.3404834270477295,2.086848497390747
1.3408938646316528,2.088170289993286
1.3412654399871826,2.0893661975860596
1.3415155410766602,2.0901708602905273
1.3416146039962769,2.090489387512207
1.3423118591308594,2.09273099899292
1.3425341844558716,2.093445301055908
1.3427484035491943,2.094133138656616
1.3429040908813477,2.0946333408355713
1.3435423374176025,2.0966813564300537
1.343746542930603,2.0973362922668457
1.3441885709762573,2.098752975463867
1.34421968460083,2.09885311126709
1.3445429801940918,2.099888801574707
1.3451966047286987,2.1019814014434814
1.3454684019088745,2.102851152420044
1.3455389738082886,2.103076696395874
1.3456791639328003,2.103525161743164
1.3465334177017212,2.106255531311035
1.3465951681137085,2.106452703475952
1.3466604948043823,2.106661319732666
1.3467438220977783,2.1069273948669434
1.347126841545105,2.108150005340576
1.3475291728973389,2.109433650970459
1.3480151891708374,2.110983371734619
1.3481367826461792,2.1113712787628174
1.3483150005340576,2.111938953399658
1.3485294580459595,2.112622022628784
1.348563313484192,2.112729787826538
1.3492828607559204,2.115020275115967
1.3495370149612427,2.1158287525177
1.3496241569519043,2.1161060333251953
1.3499704599380493,2.1172070503234863
1.3499886989593506,2.117264747619629
1.3505470752716064,2.1190388202667236
1.3505549430847168,2.1190638542175293
1.351121187210083,2.120861291885376
1.3514034748077393,2.1217565536499023
1.3515644073486328,2.122267007827759
1.3515862226486206,2.1223363876342773
1.3518083095550537,2.1230404376983643
1.3526264429092407,2.1256322860717773
1.3526338338851929,2.1256556510925293
1.3528079986572266,2.126206874847412
1.3530666828155518,2.127025604248047
1.353100061416626,2.127131223678589
1.3537007570266724,2.12903094291687
1.3541384935379028,2.1304140090942383
1.3542025089263916,2.1306164264678955
1.3543227910995483,2.1309962272644043
1.3545801639556885,2.1318087577819824
1.3547898530960083,2.1324708461761475
1.355576753616333,2.1349525451660156
1.355587363243103,2.13498592376709
1.3556559085845947,2.135201930999756
1.355904221534729,2.1359846591949463
1.3560078144073486,2.1363110542297363
1.3568289279937744,2.1388957500457764
1.3569629192352295,2.139317274093628
1.3570468425750732,2.1395814418792725
1.3571773767471313,2.1399919986724854
1.3573861122131348,2.140648126602173
1.3580796718597412,2.142827272415161
1.3582203388214111,2.1432688236236572
1.35832941532135,2.143611431121826
1.3587013483047485,2.1447787284851074
1.358717918395996,2.1448307037353516
1.359329342842102,2.1467478275299072
1.3594245910644531,2.1470463275909424
1.359687328338623,2.14786958694458
1.360006332397461,2.1488685607910156
1.3602263927459717,2.149557590484619
1.3605782985687256,2.15065860748291
1.3606581687927246,2.1509084701538086
1.3610368967056274,2.152092695236206
1.361254334449768,2.1527721881866455
1.3617511987686157,2.1543242931365967
1.3619197607040405,2.154850959777832
1.362378478050232,2.1562821865081787
1.3624647855758667,2.1565513610839844
1.3632079362869263,2.158867835998535
1.3632742166519165,2.159074306488037
1.3636407852172852,2.1602160930633545
1.3637124300003052,2.1604392528533936
1.3645212650299072,2.1629555225372314
1.3647854328155518,2.163776397705078
1.364794135093689,2.1638035774230957
1.3650389909744263,2.164564609527588
1.3658584356307983,2.1671082973480225
1.3659015893936157,2.1672420501708984
1.3663095235824585,2.1685070991516113
1.3663586378097534,2.1686594486236572
1.3669922351837158,2.1706225872039795
1.367217779159546,2.171320915222168
1.3676714897155762,2.172725200653076
1.3678189516067505,2.1731810569763184
1.3680603504180908,2.1739275455474854
1.368598222732544,2.1755895614624023
1.3689781427383423,2.176762819290161
1.369109034538269,2.1771669387817383
1.3693209886550903,2.1778206825256348
1.3699980974197388,2.1799087524414062
1.3701411485671997,2.180349588394165
1.3702787160873413,2.1807734966278076
1.3708140850067139,2.182421922683716
1.3711597919464111,2.183485507965088
1.3714160919189453,2.1842739582061768
1.371573567390442,2.184757709503174
1.372167944908142,2.186583995819092
1.3722970485687256,2.1869804859161377
1.372850775718689,2.1886796951293945
1.3728630542755127,2.1887173652648926
1.3731684684753418,2.1896541118621826
1.3737683296203613,2.1914923191070557
1.3741475343704224,2.192653179168701
1.3741645812988281,2.1927053928375244
1.3743008375167847,2.193122386932373
1.374708652496338,2.1943700313568115
1.3751590251922607,2.195746660232544
1.3752278089523315,2.1959567070007324
1.3754273653030396,2.196566581726074
1.3757647275924683,2.197596311569214
1.3761547803878784,2.198786973953247
1.376428484916687,2.1996214389801025
1.3766754865646362,2.2003746032714844
1.3767027854919434,2.2004575729370117
1.377155065536499,2.2018356323242188
1.3772410154342651,2.2020974159240723
1.3779741525650024,2.2043280601501465
1.3780839443206787,2.2046620845794678
1.3781119585037231,2.204747438430786
1.3781626224517822,2.2049014568328857
1.3787283897399902,2.206620693206787
1.3791805505752563,2.207993268966675
1.3792418241500854,2.208179473876953
1.3795373439788818,2.209075927734375
1.3796778917312622,2.2095022201538086
1.3802118301391602,2.211120367050171
1.380225419998169,2.2111616134643555
1.3805060386657715,2.2120115756988525
1.3809521198272705,2.2133617401123047
1.3812135457992554,2.2141525745391846
1.3812594413757324,2.2142913341522217
1.3817306756973267,2.2157158851623535
1.3817672729492188,2.2158262729644775
1.382326364517212,2.217514753341675
1.3823566436767578,2.21760630607605
1.3826936483383179,2.218622922897339
1.3830256462097168,2.2196245193481445
1.3832427263259888,2.22027850151062
1.3834154605865479,2.220798969268799
1.3837511539459229,2.2218101024627686
1.384121298789978,2.22292423248291
1.3842817544937134,2.2234067916870117
1.3845298290252686,2.2241528034210205
1.3847601413726807,2.2248454093933105
1.3851360082626343,2.2259747982025146
1.3854995965957642,2.2270665168762207
1.385535717010498,2.2271745204925537
1.3856724500656128,2.2275850772857666
1.3862816095352173,2.2294118404388428
1.3865115642547607,2.2301011085510254
1.3867878913879395,2.230928897857666
1.3868314027786255,2.2310593128204346
1.3868459463119507,2.231102705001831
1.3878055810928345,2.233973979949951
1.3878780603408813,2.2341907024383545
1.3880386352539062,2.234670639038086
1.3880501985549927,2.2347049713134766
1.3881198167800903,2.2349131107330322
1.3892359733581543,2.2382442951202393
1.3892837762832642,2.238386869430542
1.389288306236267,2.2383999824523926
1.3893306255340576,2.2385263442993164
1.3893678188323975,2.2386374473571777
1.3905372619628906,2.242119312286377
1.39054536819458,2.2421438694000244
1.390578269958496,2.242241382598877
1.3905855417251587,2.242263078689575
1.3908554315567017,2.24306583404541
1.391754388809204,2.2457358837127686
1.3918335437774658,2.2459707260131836
1.3919271230697632,2.246248722076416
1.3923784494400024,2.247586727142334
1.3928989171981812,2.249129056930542
1.3931468725204468,2.249863624572754
1.3932610750198364,2.2502012252807617
1.393898367881775,2.2520864009857178
1.3940150737762451,2.2524313926696777
1.394484043121338,2.253816843032837
1.3945876359939575,2.2541229724884033
1.3951057195663452,2.2556517124176025
1.3954137563705444,2.2565598487854004
1.3958433866500854,2.2578258514404297
1.3959072828292847,2.2580137252807617
1.3961738348007202,2.2587990760803223
1.3969231843948364,2.261003017425537
1.3972201347351074,2.2618753910064697
1.3972225189208984,2.261882781982422
1.3972238302230835,2.2618868350982666
1.398254632949829,2.2649118900299072
1.3984252214431763,2.2654120922088623
1.3985267877578735,2.265709638595581
1.3986237049102783,2.265993595123291
1.3992732763290405,2.2678956985473633
1.3998273611068726,2.2695164680480957
1.3999183177947998,2.269782304763794
1.4000416994094849,2.2701427936553955
1.4002814292907715,2.270843029022217
1.4011222124099731,2.27329683303833
1.4012820720672607,2.2737627029418945
1.4014012813568115,2.2741103172302246
1.4014763832092285,2.2743289470672607
1.4022759199142456,2.2766571044921875
1.4022780656814575,2.276663303375244
1.402411699295044,2.277052402496338
1.4028725624084473,2.2783918380737305
1.4029264450073242,2.2785487174987793
1.4032725095748901,2.2795538902282715
1.4036961793899536,2.2807834148406982
1.4039957523345947,2.2816524505615234
1.4042682647705078,2.282442569732666
1.4043320417404175,2.2826273441314697
1.4043903350830078,2.2827963829040527
1.4049760103225708,2.284492254257202
1.4052685499191284,2.2853386402130127
1.4056512117385864,2.286445140838623
1.4057797193527222,2.286816358566284
1.4058666229248047,2.287067413330078
1.4062514305114746,2.2881786823272705
1.4062761068344116,2.288249969482422
1.407216191291809,2.2909610271453857
1.40724515914917,2.2910444736480713
1.4072940349578857,2.2911853790283203
1.4073539972305298,2.29135799407959
1.4075227975845337,2.291844129562378
1.4083253145217896,2.2941529750823975
1.4086415767669678,2.2950618267059326
1.408780813217163,2.295461893081665
1.4087904691696167,2.29548978805542
1.4088510274887085,2.295663833618164
1.4093729257583618,2.29716157913208
1.4100546836853027,2.2991158962249756
1.4100563526153564,2.2991206645965576
1.4102609157562256,2.2997066974639893
1.4103562831878662,2.2999796867370605
1.4104398488998413,2.3002188205718994
1.41131591796875,2.302724599838257
1.4114608764648438,2.3031387329101562
1.4115289449691772,2.303333282470703
1.4116885662078857,2.3037891387939453
1.4118683338165283,2.304302215576172
1.412574291229248,2.3063156604766846
1.412643313407898,2.3065123558044434
1.4128553867340088,2.3071165084838867
1.4130668640136719,2.3077187538146973
1.4133857488632202,2.308626413345337
1.4137859344482422,2.309764862060547
1.4138303995132446,2.3098912239074707
1.4142402410507202,2.3110554218292236
1.4143986701965332,2.3115053176879883
1.4149072170257568,2.312948703765869
1.41495943069458,2.313096761703491
1.4150843620300293,2.313450813293457
1.4156157970428467,2.3149571418762207
1.415687084197998,2.3151588439941406
1.416163682937622,2.3165078163146973
1.4163365364074707,2.3169965744018555
1.416431188583374,2.3172643184661865
1.4169350862503052,2.318688154220581
1.4169822931289673,2.318821430206299
1.4173972606658936,2.319993019104004
1.4175872802734375,2.320528745651245
1.4179562330245972,2.3215692043304443
1.4181455373764038,2.3221023082733154
1.4183402061462402,2.322650909423828
1.4186588525772095,2.323547840118408
1.4188369512557983,2.3240487575531006
1.4193215370178223,2.325411319732666
1.4194810390472412,2.325859308242798
1.4196897745132446,2.3264455795288086
1.4199470281600952,2.327167510986328
1.4200859069824219,2.3275575637817383
1.4204661846160889,2.3286237716674805
1.421004056930542,2.3301308155059814
1.4210313558578491,2.330206871032715
1.4212603569030762,2.330847978591919
1.4215823411941528,2.3317487239837646
1.4223653078079224,2.3339362144470215
1.4225239753723145,2.334379196166992
1.4225975275039673,2.3345844745635986
1.422672986984253,2.3347949981689453
1.4236918687820435,2.337634325027466
1.423741102218628,2.337771415710449
1.4239568710327148,2.338371753692627
1.424039363861084,2.3386013507843018
1.4247897863388062,2.3406870365142822
1.4250115156173706,2.3413023948669434
1.425337314605713,2.3422064781188965
1.425548791885376,2.3427927494049072
1.4258219003677368,2.3435494899749756
1.4263243675231934,2.3449411392211914
1.4267371892929077,2.346082925796509
1.4268405437469482,2.3463687896728516
1.4270508289337158,2.346949815750122
1.4276310205459595,2.3485519886016846
1.4278486967086792,2.3491525650024414
1.4281551837921143,2.3499975204467773
1.4285439252853394,2.3510684967041016
1.428849220275879,2.3519091606140137
1.4289315938949585,2.35213565826416
1.4292632341384888,2.3530478477478027
1.429589867591858,2.35394549369812
1.4298453330993652,2.354647159576416
1.430026888847351,2.3551454544067383
1.430226445198059,2.3556933403015137
1.4308397769927979,2.357374668121338
1.430983066558838,2.357767105102539
1.4310399293899536,2.3579227924346924
1.4314982891082764,2.359177350997925
1.4315159320831299,2.3592257499694824
1.4318355321884155,2.3600995540618896
1.4325038194656372,2.361924648284912
1.4326385259628296,2.3622922897338867
1.4328004121780396,2.362733840942383
1.4328358173370361,2.362830400466919
1.432957649230957,2.3631625175476074
1.4338433742523193,2.365575075149536
1.433980107307434,2.3659470081329346
1.4340802431106567,2.3662192821502686
1.434232473373413,2.3666329383850098
1.4344053268432617,2.367102861404419
1.4348613023757935,2.3683414459228516
1.4353556632995605,2.3696823120117188
1.4354674816131592,2.369985580444336
1.4357681274414062,2.370800018310547
1.4358417987823486,2.370999574661255
1.4358925819396973,2.3711371421813965
1.4366270303726196,2.373124361038208
1.4369401931762695,2.3739705085754395
1.436964511871338,2.3740363121032715
1.4372482299804688,2.3748021125793457
1.4372671842575073,2.3748533725738525
1.4378947019577026,2.3765456676483154
1.438007116317749,2.3768489360809326
1.4384697675704956,2.3780946731567383
1.438675880432129,2.3786489963531494
1.438681960105896,2.3786656856536865
1.439096212387085,2.379779577255249
1.4391589164733887,2.379948377609253
1.4399818181991577,2.3821568489074707
1.440054178237915,2.3823509216308594
1.4400864839553833,2.3824379444122314
1.4402105808258057,2.382770299911499
1.440420150756836,2.3833320140838623
1.44135320186615,2.385828733444214
1.4413859844207764,2.3859164714813232
1.4414809942245483,2.3861703872680664
1.4414992332458496,2.386219024658203
1.441678524017334,2.386698007583618
1.4425266981124878,2.38896107673645
1.4426743984222412,2.389354705810547
1.4428658485412598,2.389864683151245
1.4429346323013306,2.390047788619995
1.4430207014083862,2.3902769088745117
1.4437309503555298,2.3921661376953125
1.4439224004745483,2.392674684524536
1.4441885948181152,2.3933818340301514
1.4442412853240967,2.393521785736084
1.4445446729660034,2.3943264484405518
1.4449645280838013,2.395439624786377
1.445132851600647,2.395885467529297
1.4454407691955566,2.396700620651245
1.4456079006195068,2.3971426486968994
1.4460697174072266,2.3983638286590576
1.4462261199951172,2.3987772464752197
1.4463088512420654,2.3989956378936768
1.4466915130615234,2.40000581741333
1.4469658136367798,2.400728940963745
1.447453498840332,2.4020142555236816
1.447514295578003,2.402174234390259
1.4475945234298706,2.4023854732513428
1.4479411840438843,2.4032974243164062
1.4483153820037842,2.4042811393737793
1.448569655418396,2.404949188232422
1.4488276243209839,2.4056265354156494
1.4491175413131714,2.4063870906829834
1.4491901397705078,2.4065773487091064
1.4496569633483887,2.4078004360198975
1.449660301208496,2.407809257507324
1.450164794921875,2.4091296195983887
1.4506374597549438,2.410365104675293
1.450728416442871,2.4106030464172363
1.450990915298462,2.411288022994995
1.4515241384506226,2.4126789569854736
1.4517771005630493,2.4133379459381104
1.4521528482437134,2.414316415786743
1.452317476272583,2.4147446155548096
1.45280921459198,2.416022777557373
1.4529045820236206,2.4162707328796387
1.4536371231079102,2.4181714057922363
1.4536622762680054,2.41823673248291
1.4538278579711914,2.418665647506714
1.4543044567108154,2.4198997020721436
1.4548360109329224,2.421274423599243
1.454949975013733,2.4215691089630127
1.4551643133163452,2.4221227169036865
1.4556362628936768,2.423340320587158
1.455722451210022,2.423562526702881
1.455836534500122,2.423856735229492
1.456256628036499,2.4249391555786133
1.4566574096679688,2.4259703159332275
1.4568326473236084,2.4264211654663086
1.4571571350097656,2.427255153656006
1.4573560953140259,2.4277658462524414
1.457557201385498,2.4282822608947754
1.457827091217041,2.4289743900299072
1.4581403732299805,2.4297773838043213
1.4586071968078613,2.4309728145599365
1.4588228464126587,2.4315242767333984
1.4588520526885986,2.4315991401672363
1.4590115547180176,2.4320068359375
1.4596116542816162,2.433539390563965
1.4598231315612793,2.434079170227051
1.460071086883545,2.434711217880249
1.4601415395736694,2.4348909854888916
1.460605502128601,2.43607234954834
1.4608306884765625,2.4366455078125
1.4610711336135864,2.4372570514678955
1.461426019668579,2.4381587505340576
1.4615473747253418,2.438466787338257
1.4618486166000366,2.4392313957214355
1.4621411561965942,2.4399733543395996
1.4625188112258911,2.440930128097534
1.4627058506011963,2.441403388977051
1.4628798961639404,2.4418437480926514
1.463034749031067,2.4422357082366943
1.4636212587356567,2.4437174797058105
1.4639275074005127,2.4444901943206787
1.463955283164978,2.4445605278015137
1.4639812707901,2.4446260929107666
1.4645317792892456,2.4460134506225586
1.4649944305419922,2.4471778869628906
1.465048909187317,2.447314739227295
1.4652526378631592,2.447827100753784
1.4653806686401367,2.448148488998413
1.4660370349884033,2.449795961380005
1.4660835266113281,2.4499127864837646
1.466427206993103,2.4507741928100586
1.4665203094482422,2.45100736618042
1.4667954444885254,2.4516963958740234
1.4671978950500488,2.4527029991149902
1.4675490856170654,2.453580617904663
1.4677590131759644,2.4541046619415283
1.4677845239639282,2.4541683197021484
1.4681999683380127,2.455204486846924
1.468340516090393,2.455554962158203
1.4690457582473755,2.457310676574707
1.4690474271774292,2.4573147296905518
1.4690665006637573,2.457362174987793
1.469514012336731,2.4584743976593018
1.4695944786071777,2.458674192428589
1.4702954292297363,2.4604132175445557
1.4703041315078735,2.460434913635254
1.470587968826294,2.4611377716064453
1.470718264579773,2.4614601135253906
1.4709793329238892,2.462106227874756
1.471505880355835,2.4634079933166504
1.4715602397918701,2.4635419845581055
1.4719518423080444,2.464508295059204
1.4721119403839111,2.4649033546447754
1.4723548889160156,2.4655020236968994
1.472681999206543,2.4663076400756836
1.4728142023086548,2.4666330814361572
1.4732134342193604,2.4676146507263184
1.4736369848251343,2.4686548709869385
1.4737213850021362,2.4688620567321777
1.47382652759552,2.4691202640533447
1.4740663766860962,2.4697084426879883
1.474501609802246,2.4707746505737305
1.474942684173584,2.4718542098999023
1.4750792980194092,2.4721882343292236
1.4751617908477783,2.4723896980285645
1.475317120552063,2.4727694988250732
1.475814938545227,2.473984479904175
1.476033329963684,2.4745168685913086
1.4764288663864136,2.475480556488037
1.4765667915344238,2.475816488265991
1.476684808731079,2.4761037826538086
1.477101445198059,2.477116584777832
1.4771521091461182,2.4772400856018066
1.477770447731018,2.478740692138672
1.4778157472610474,2.4788506031036377
1.4781501293182373,2.479661226272583
1.4782047271728516,2.4797933101654053
1.4785114526748657,2.4805359840393066
1.4791043996810913,2.4819698333740234
1.479182243347168,2.4821574687957764
1.479720115661621,2.4834556579589844
1.4798918962478638,2.4838695526123047
1.4802008867263794,2.4846138954162598
1.4804309606552124,2.485167980194092
1.4812090396881104,2.4870376586914062
1.481229543685913,2.4870872497558594
1.4812917709350586,2.487236499786377
1.481361985206604,2.4874050617218018
1.4817506074905396,2.4883368015289307
1.4822096824645996,2.489436388015747
1.4827097654342651,2.4906320571899414
1.482731580734253,2.4906842708587646
1.4830634593963623,2.4914770126342773
1.4830818176269531,2.491520643234253
1.4832056760787964,2.491816282272339
1.4841444492340088,2.4940528869628906
1.484200119972229,2.494185447692871
1.4842246770858765,2.494243860244751
1.4843701124191284,2.4945898056030273
1.4847372770309448,2.49546217918396
1.4851958751678467,2.4965507984161377
1.4855945110321045,2.497495412826538
1.4856706857681274,2.497675657272339
1.4857076406478882,2.4977633953094482
1.4861961603164673,2.4989192485809326
1.4863312244415283,2.4992384910583496
1.486965537071228,2.5007359981536865
1.487058401107788,2.500955104827881
1.4871790409088135,2.50123929977417
1.4872037172317505,2.5012974739074707
1.4878668785095215,2.502858877182007
1.4882216453552246,2.503692626953125
1.4882550239562988,2.5037710666656494
1.488534688949585,2.504427909851074
1.4886384010314941,2.504671096801758
1.4892529249191284,2.5061116218566895
1.489346981048584,2.5063316822052
1.4895395040512085,2.506782293319702
1.49002206325531,2.5079104900360107
1.4900860786437988,2.5080599784851074
1.4903005361557007,2.5085608959198
1.4907746315002441,2.5096664428710938
1.4908193349838257,2.509770393371582
1.4913674592971802,2.511046886444092
1.4915190935134888,2.511399269104004
1.4915225505828857,2.5114073753356934
1.4920947551727295,2.5127363204956055
1.4921529293060303,2.512871265411377
1.4924565553665161,2.513575553894043
1.4929479360580444,2.5147135257720947
1.4930243492126465,2.514890432357788
1.4933661222457886,2.5156807899475098
1.4934847354888916,2.5159549713134766
1.4935709238052368,2.5161538124084473
1.494362711906433,2.5179803371429443
1.4945363998413086,2.5183801651000977
1.4946337938308716,2.518604278564453
1.494713544845581,2.5187878608703613
1.4947731494903564,2.518925189971924
1.4957672357559204,2.5212082862854004
1.495887041091919,2.5214829444885254
1.4958980083465576,2.52150821685791
1.4960211515426636,2.5217905044555664
1.4960538148880005,2.5218653678894043
1.497091293334961,2.524237871170044
1.4971592426300049,2.524393081665039
1.4971617460250854,2.5243985652923584
1.4972316026687622,2.5245585441589355
1.497575283050537,2.5253422260284424
1.4983248710632324,2.5270485877990723
1.4984076023101807,2.5272367000579834
1.498417615890503,2.527259588241577
1.4985466003417969,2.527552604675293
1.4990992546081543,2.5288071632385254
1.4995522499084473,2.5298335552215576
1.4995864629745483,2.5299110412597656
1.4996737241744995,2.530108690261841
1.4999220371246338,2.5306708812713623
1.5006242990493774,2.532257080078125
1.5006684064865112,2.5323565006256104
1.500874638557434,2.5328216552734375
1.5009276866912842,2.5329413414001465
1.501288652420044,2.533754348754883
1.5017590522766113,2.5348126888275146
1.5021491050720215,2.535688877105713
1.5021798610687256,2.5357577800750732
1.502187967300415,2.535775899887085
1.502646565437317,2.53680419921875
1.5028271675109863,2.5372087955474854
1.5034306049346924,2.5385589599609375
1.5035251379013062,2.5387704372406006
1.5036721229553223,2.5390985012054443
1.5038758516311646,2.53955340385437
1.5039961338043213,2.5398216247558594
1.5046802759170532,2.5413460731506348
1.5048844814300537,2.5418002605438232
1.5049079656600952,2.5418522357940674
1.5051920413970947,2.5424838066101074
1.5053377151489258,2.542807102203369
1.5059266090393066,2.5441133975982666
1.5059292316436768,2.544119358062744
1.5062649250030518,2.5448622703552246
1.5064064264297485,2.545175790786743
1.506671667098999,2.545762062072754
1.5067074298858643,2.5458409786224365
1.5069347620010376,2.5463430881500244
1.5076647996902466,2.5479531288146973
1.5079352855682373,2.548548460006714
1.5079982280731201,2.5486867427825928
1.5081262588500977,2.5489683151245117
1.5082168579101562,2.5491678714752197
1.5089313983917236,2.55073618888855
1.5090827941894531,2.551067590713501
1.5093178749084473,2.5515828132629395
1.509718894958496,2.552460193634033
1.5097817182540894,2.5525975227355957
1.5099258422851562,2.5529122352600098
1.5105174779891968,2.554203748703003
1.51063072681427,2.554450273513794
1.510921597480774,2.555084228515625
1.5112119913101196,2.555715560913086
1.5113756656646729,2.5560715198516846
1.5119218826293945,2.5572574138641357
1.5119373798370361,2.557291269302368
1.5119675397872925,2.557356357574463
1.5126949548721313,2.558931827545166
1.512911319732666,2.5593996047973633
1.5129294395446777,2.559439182281494
1.5132379531860352,2.560105323791504
1.513431429862976,2.5605227947235107
1.5139473676681519,2.5616345405578613
1.5141663551330566,2.562106132507324
1.5143914222717285,2.5625901222229004
1.5145328044891357,2.562893867492676
1.514907717704773,2.5636987686157227
1.5149786472320557,2.5638508796691895
1.5156257152557373,2.565237045288086
1.5158190727233887,2.5656509399414062
1.5158222913742065,2.565657615661621
1.516026258468628,2.566093683242798
1.516395092010498,2.5668811798095703
1.517073392868042,2.568326711654663
1.5170931816101074,2.568368911743164
1.5171067714691162,2.5683977603912354
1.5171973705291748,2.5685901641845703
1.5178921222686768,2.570066452026367
1.5181822776794434,2.5706820487976074
1.5183866024017334,2.5711145401000977
1.518509864807129,2.571375846862793
1.5185291767120361,2.5714168548583984
1.519296646118164,2.5730390548706055
1.5193973779678345,2.573251247406006
1.5196620225906372,2.5738096237182617
1.519817590713501,2.5741372108459473
1.5199352502822876,2.574385166168213
1.5204392671585083,2.5754454135894775
1.5209094285964966,2.576432466506958
1.5209333896636963,2.5764827728271484
1.521065592765808,2.5767598152160645
1.5213500261306763,2.5773561000823975
1.5216127634048462,2.5779058933258057
1.5222010612487793,2.5791354179382324
1.5222760438919067,2.579291582107544
1.5224268436431885,2.579606533050537
1.5227545499801636,2.580289363861084
1.5228170156478882,2.5804193019866943
1.5234520435333252,2.581739902496338
1.5234652757644653,2.5817675590515137
1.523948311805725,2.5827701091766357
1.5240505933761597,2.582982063293457
1.5241490602493286,2.583185911178589
1.5245966911315918,2.5841126441955566
1.5247265100479126,2.584381103515625
1.5253121852874756,2.585590362548828
1.5254722833633423,2.5859200954437256
1.52553391456604,2.586047410964966
1.5257128477096558,2.5864157676696777
1.5259848833084106,2.586975574493408
1.5266003608703613,2.588239908218384
1.5268034934997559,2.588656425476074
1.526909351348877,2.5888736248016357
1.5269973278045654,2.5890536308288574
1.5272409915924072,2.589552879333496
1.5278716087341309,2.590841770172119
1.5279136896133423,2.5909276008605957
1.528275966644287,2.5916664600372314
1.528494954109192,2.5921127796173096
1.5285221338272095,2.592168092727661
1.528920292854309,2.592978000640869
1.5292508602142334,2.593649387359619
1.52963387966156,2.594426393508911
1.5297471284866333,2.594656229019165
1.5299524068832397,2.595071792602539
1.5300451517105103,2.595259428024292
1.530610203742981,2.5964012145996094
1.530735969543457,2.5966556072235107
1.5309710502624512,2.5971295833587646
1.5309834480285645,2.5971546173095703
1.5309978723526,2.5971837043762207
1.5315650701522827,2.598325729370117
1.5319792032241821,2.5991580486297607
1.531990647315979,2.5991809368133545
1.532247543334961,2.599696397781372
1.532325029373169,2.5998518466949463
1.5324558019638062,2.600113868713379
1.5329797267913818,2.6011626720428467
1.5330804586410522,2.6013638973236084
1.5333905220031738,2.6019833087921143
1.5334964990615845,2.6021947860717773
1.5336589813232422,2.6025187969207764
1.5339758396148682,2.6031501293182373
1.5341112613677979,2.603419780731201
1.5345898866653442,2.6043710708618164
1.5348085165023804,2.6048049926757812
1.5349702835083008,2.605126142501831
1.5349855422973633,2.605156421661377
1.5357052087783813,2.606581211090088
1.5359660387039185,2.6070966720581055
1.536091923713684,2.60734486579895
1.536243200302124,2.6076436042785645
1.5363051891326904,2.6077659130096436
1.536966323852539,2.609067916870117
1.5372408628463745,2.609607219696045
1.5375850200653076,2.6102826595306396
1.5376180410385132,2.610347270965576
1.5376932621002197,2.61049485206604
1.5379738807678223,2.6110448837280273
1.538720965385437,2.6125051975250244
1.5389246940612793,2.6129026412963867
1.5389918088912964,2.6130332946777344
1.5390679836273193,2.6131818294525146
1.5391571521759033,2.6133556365966797
1.5400230884552002,2.615039348602295
1.5401486158370972,2.6152830123901367
1.5402252674102783,2.615431785583496
1.540539264678955,2.616039991378784
1.5406334400177002,2.616222381591797
1.5410706996917725,2.61706805229187
1.541520118713379,2.6179354190826416
1.5415269136428833,2.617948532104492
1.5419987440109253,2.6188571453094482
1.5421208143234253,2.6190922260284424
1.542137622833252,2.619124174118042
1.5428096055984497,2.6204147338867188
1.5428587198257446,2.620508909225464
1.543226718902588,2.621213436126709
1.54344642162323,2.621633529663086
1.543617844581604,2.6219613552093506
1.5440940856933594,2.6228702068328857
1.5441471338272095,2.622971534729004
1.5443410873413086,2.6233410835266113
1.544882893562317,2.6243715286254883
1.5451231002807617,2.6248278617858887
1.5453739166259766,2.625303268432617
1.5453951358795166,2.6253437995910645
1.5454837083816528,2.625511646270752
1.5463082790374756,2.627070665359497
1.5466055870056152,2.627631425857544
1.5466351509094238,2.6276872158050537
1.5466493368148804,2.627713918685913
1.5466572046279907,2.6277289390563965
1.5477230548858643,2.629732608795166
1.5477817058563232,2.629842758178711
1.5478614568710327,2.6299922466278076
1.5479207038879395,2.63010311126709
1.5481525659561157,2.630537509918213
1.5489262342453003,2.6319832801818848
1.5490950345993042,2.632297992706299
1.5491275787353516,2.6323585510253906
1.5491883754730225,2.632471799850464
1.5496740341186523,2.633375406265259
1.5500423908233643,2.6340596675872803
1.5503566265106201,2.6346423625946045
1.5504525899887085,2.634819984436035
1.5505220890045166,2.63494873046875
1.5511330366134644,2.636078119277954
1.5511980056762695,2.6361982822418213
1.5516448020935059,2.637022018432617
1.5517138242721558,2.6371493339538574
1.551906943321228,2.6375043392181396
1.5522011518478394,2.638045310974121
1.5527230501174927,2.639003276824951
1.5529581308364868,2.6394333839416504
1.5529721975326538,2.6394591331481934
1.5532498359680176,2.639967203140259
1.5532824993133545,2.640026569366455
1.5542283058166504,2.641751289367676
1.5542478561401367,2.641786813735962
1.5542819499969482,2.6418490409851074
1.554295301437378,2.6418731212615967
1.5543204545974731,2.6419191360473633
1.554648995399475,2.6425161361694336
1.5553005933761597,2.643697500228882
1.555482268333435,2.644026279449463
1.5556546449661255,2.6443376541137695
1.5557708740234375,2.644547700881958
1.556006908416748,2.6449737548828125
1.5560402870178223,2.645033836364746
1.5563087463378906,2.6455178260803223
1.5567344427108765,2.6462836265563965
1.5570350885391235,2.6468238830566406
1.55729079246521,2.647282838821411
1.5573093891143799,2.6473159790039062
1.5573564767837524,2.647400379180908
1.557695746421814,2.648007869720459
1.5579851865768433,2.6485257148742676
1.5583053827285767,2.649096965789795
1.5584349632263184,2.6493282318115234
1.558698058128357,2.649796962738037
1.5588061809539795,2.649989366531372
1.559234857559204,2.6507515907287598
1.5592896938323975,2.650848388671875
1.5592998266220093,2.650866746902466
1.559852957725525,2.6518473625183105
1.5600320100784302,2.6521637439727783
1.560295581817627,2.652629852294922
1.5603156089782715,2.652665138244629
1.5604838132858276,2.6529624462127686
1.5608253479003906,2.653564453125
1.5612876415252686,2.6543774604797363
1.5612958669662476,2.6543922424316406
1.5613585710525513,2.6545023918151855
1.5618176460266113,2.655308246612549
1.5623034238815308,2.656158447265625
1.5623054504394531,2.6561622619628906
1.5626782178878784,2.656813621520996
1.5627377033233643,2.656917095184326
1.5633107423782349,2.6579158306121826
1.5633213520050049,2.6579344272613525
1.5637331008911133,2.6586499214172363
1.5639910697937012,2.659097194671631
1.5642015933990479,2.6594619750976562
1.5643526315689087,2.6597235202789307
1.5647937059402466,2.6604862213134766
1.5651113986968994,2.661034107208252
1.5652977228164673,2.6613550186157227
1.565400242805481,2.661531448364258
1.5656778812408447,2.6620090007781982
1.5662651062011719,2.6630167961120605
1.5664432048797607,2.6633219718933105
1.5664671659469604,2.663362979888916
1.5665982961654663,2.6635873317718506
1.5671652555465698,2.664555788040161
1.5675562620162964,2.665221691131592
1.5677244663238525,2.6655077934265137
1.5677316188812256,2.665519952774048
1.567893147468567,2.665794610977173
1.5686622858047485,2.6670985221862793
1.568670630455017,2.6671128273010254
1.5689796209335327,2.667635202407837
1.5691721439361572,2.6679601669311523
1.5691826343536377,2.667978048324585
1.5698132514953613,2.6690402030944824
1.5701675415039062,2.669635534286499
1.5701900720596313,2.669673204421997
1.5704671144485474,2.670138120651245
1.5706086158752441,2.670374870300293
1.5709867477416992,2.6710076332092285
1.5713660717010498,2.671640634536743
1.5716795921325684,2.6721630096435547
1.5717469453811646,2.6722755432128906
1.5720340013504028,2.672752857208252
1.5721909999847412,2.67301344871521
1.5725107192993164,2.673543930053711
1.5730223655700684,2.6743907928466797
1.5731970071792603,2.6746790409088135
1.5734245777130127,2.6750545501708984
1.5734487771987915,2.6750946044921875
1.5736268758773804,2.6753883361816406
1.5742937326431274,2.6764845848083496
1.5746861696243286,2.6771278381347656
1.5747175216674805,2.6771793365478516
1.5747184753417969,2.677180767059326
1.5748533010482788,2.677401542663574
1.5755614042282104,2.6785573959350586
1.5757856369018555,2.6789228916168213
1.5759743452072144,2.679229736328125
1.576242446899414,2.6796655654907227
1.5762478113174438,2.6796741485595703
1.5768256187438965,2.6806106567382812
1.5768343210220337,2.6806247234344482
1.5771654844284058,2.6811599731445312
1.5772876739501953,2.6813576221466064
1.5776326656341553,2.681913375854492
1.5777674913406372,2.6821305751800537
1.5778664350509644,2.6822898387908936
1.5780868530273438,2.6826443672180176
1.5786248445510864,2.6835074424743652
1.5788850784301758,2.6839237213134766
1.5788853168487549,2.6839241981506348
1.5790081024169922,2.6841204166412354
1.5792922973632812,2.6845741271972656
1.5793452262878418,2.684659004211426
1.5798932313919067,2.6855316162109375
1.579984188079834,2.685676097869873
1.5803747177124023,2.686296224594116
1.5805407762527466,2.6865592002868652
1.5806013345718384,2.686655044555664
1.580815315246582,2.6869935989379883
1.5808937549591064,2.6871178150177
1.581364631652832,2.687861204147339
1.5817326307296753,2.6884405612945557
1.581855297088623,2.688633441925049
1.5818898677825928,2.688688039779663
1.58213472366333,2.689072608947754
1.5823352336883545,2.6893868446350098
1.5827645063400269,2.690059185028076
1.5828843116760254,2.690246343612671
1.5830821990966797,2.6905550956726074
1.5831074714660645,2.690594434738159
1.5836703777313232,2.691471576690674
1.583850622177124,2.691751718521118
1.583880066871643,2.6917972564697266
1.5841825008392334,2.6922667026519775
1.5843582153320312,2.6925392150878906
1.5844237804412842,2.692640542984009
1.5848803520202637,2.6933465003967285
1.5851504802703857,2.693763256072998
1.585360050201416,2.6940858364105225
1.585607886314392,2.694467067718506
1.585617184638977,2.694481611251831
1.5857577323913574,2.694697618484497
1.5858879089355469,2.694897413253784
1.586578130722046,2.6959543228149414
1.5868568420410156,2.6963796615600586
1.5868620872497559,2.6963882446289062
1.586905837059021,2.6964547634124756
1.5870672464370728,2.6967008113861084
1.5870842933654785,2.6967267990112305
1.5879371166229248,2.6980226039886475
1.587956428527832,2.698051691055298
1.5883551836013794,2.698655366897583
1.5884039402008057,2.6987287998199463
1.5885311365127563,2.698920965194702
1.588984727859497,2.6996049880981445
1.5892882347106934,2.700061559677124
1.5897167921066284,2.700704574584961
1.5898381471633911,2.7008862495422363
1.5900074243545532,2.7011399269104004
1.5900516510009766,2.7012059688568115
1.5905766487121582,2.7019901275634766
1.5910234451293945,2.702655076980591
1.5911407470703125,2.702829360961914
1.5913095474243164,2.703080177307129
1.5914947986602783,2.703354597091675
1.5918246507644653,2.703843116760254
1.5922551155090332,2.7044787406921387
1.5923240184783936,2.704580545425415
1.592768907546997,2.705235242843628
1.592991828918457,2.7055628299713135
1.593035101890564,2.7056264877319336
1.5933977365493774,2.706157684326172
1.5936188697814941,2.706481456756592
1.5942111015319824,2.707345485687256
1.5942165851593018,2.707353353500366
1.5944970846176147,2.707761764526367
1.5945712327957153,2.707869529724121
1.594908356666565,2.7083587646484375
1.595355749130249,2.7090063095092773
1.5956530570983887,2.7094357013702393
1.5957754850387573,2.7096123695373535
1.5960091352462769,2.709949016571045
1.5961928367614746,2.7102131843566895
1.596471905708313,2.7106142044067383
1.5970090627670288,2.71138334274292
1.5970784425735474,2.711482524871826
1.5974726676940918,2.712045192718506
1.5975265502929688,2.7121219635009766
1.597562551498413,2.7121732234954834
1.5982706546783447,2.713179588317871
1.598493218421936,2.7134947776794434
1.598630666732788,2.7136893272399902
1.5987480878829956,2.713855504989624
1.5990480184555054,2.7142786979675293
1.5992966890335083,2.7146291732788086
1.5995588302612305,2.7149980068206787
1.5996793508529663,2.7151670455932617
1.5998977422714233,2.7154736518859863
1.6000194549560547,2.715644359588623
1.6005719900131226,2.716417074203491
1.600711464881897,2.716611862182617
1.6008721590042114,2.7168357372283936
1.6010165214538574,2.717036485671997
1.6012871265411377,2.7174127101898193
1.6012922525405884,2.7174201011657715
1.6017301082611084,2.718027114868164
1.6020970344543457,2.718534231185913
1.6022093296051025,2.718689441680908
1.6025513410568237,2.719161033630371
1.6026719808578491,2.7193264961242676
1.6026771068572998,2.7193336486816406
1.6027382612228394,2.7194178104400635
1.60356867313385,2.7205560207366943
1.6036218404769897,2.7206287384033203
1.603738784790039,2.7207884788513184
1.603812575340271,2.7208893299102783
1.6040525436401367,2.7212166786193848
1.6042659282684326,2.7215070724487305
1.6047348976135254,2.7221436500549316
1.6049491167068481,2.7224340438842773
1.605070948600769,2.7225985527038574
1.6051448583602905,2.72269868850708
1.6054191589355469,2.723068952560425
1.605729341506958,2.72348690032959
1.6058015823364258,2.7235841751098633
1.6063270568847656,2.724289655685425
1.606348991394043,2.7243189811706543
1.606664776802063,2.7247419357299805
1.6067250967025757,2.7248222827911377
1.6067770719528198,2.7248919010162354
1.6072816848754883,2.72556471824646
1.6075810194015503,2.7259624004364014
1.6077253818511963,2.726154327392578
1.6077669858932495,2.7262091636657715
1.6081266403198242,2.7266855239868164
1.6081801652908325,2.7267563343048096
1.6087093353271484,2.727454662322998
1.6087329387664795,2.7274856567382812
1.6088331937789917,2.7276177406311035
1.6092016696929932,2.7281017303466797
1.6094682216644287,2.7284510135650635
1.6096895933151245,2.728740692138672
1.6097508668899536,2.72882080078125
1.6100839376449585,2.7292556762695312
1.6100876331329346,2.7292604446411133
1.6106517314910889,2.729994297027588
1.6107821464538574,2.730163335800171
1.610802173614502,2.730189323425293
1.6111916303634644,2.7306933403015137
1.6113336086273193,2.730876922607422
1.611419439315796,2.730987787246704
1.6118297576904297,2.731516122817993
1.6121156215667725,2.7318835258483887
1.612128734588623,2.731900453567505
1.6125825643539429,2.7324819564819336
1.612684726715088,2.732612371444702
1.6127078533172607,2.73264217376709
1.6128966808319092,2.7328829765319824
1.6134483814239502,2.7335853576660156
1.6135919094085693,2.733767509460449
1.6139558553695679,2.7342288494110107
1.6139857769012451,2.734266757965088
1.6141676902770996,2.734496593475342
1.614761233329773,2.7352447509765625
1.6150792837142944,2.7356441020965576
1.6151001453399658,2.735670328140259
1.6151663064956665,2.7357535362243652
1.6156389713287354,2.736344814300537
1.616067886352539,2.736879348754883
1.61624276638031,2.7370970249176025
1.616342306137085,2.737220525741577
1.6165763139724731,2.737510919570923
1.6170984506607056,2.738156795501709
1.617368459701538,2.7384896278381348
1.617416262626648,2.7385482788085938
1.6174869537353516,2.738635540008545
1.6180815696716309,2.739365577697754
1.6185461282730103,2.7399330139160156
1.6186031103134155,2.7400026321411133
1.61862051486969,2.7400240898132324
1.6186633110046387,2.7400760650634766
1.619593620300293,2.7412056922912598
1.6196937561035156,2.7413265705108643
1.6198540925979614,2.741520404815674
1.6199527978897095,2.7416393756866455
1.6199826002120972,2.7416751384735107
1.6207400560379028,2.7425856590270996
1.6207618713378906,2.7426116466522217
1.6211110353469849,2.7430291175842285
1.6211156845092773,2.743034839630127
1.6212372779846191,2.7431800365448
1.6214079856872559,2.7433834075927734
1.6218105554580688,2.7438619136810303
1.622403860092163,2.744565010070801
1.622459888458252,2.744630813598633
1.6225171089172363,2.7446987628936768
1.6226325035095215,2.7448346614837646
1.6228227615356445,2.745059013366699
1.6228426694869995,2.745082378387451
1.623717188835144,2.746107816696167
1.6237925291061401,2.7461955547332764
1.623861312866211,2.7462759017944336
1.6241153478622437,2.7465720176696777
1.6241564750671387,2.746619939804077
1.6242272853851318,2.746702194213867
1.624869465827942,2.7474470138549805
1.6250543594360352,2.7476606369018555
1.6250638961791992,2.7476720809936523
1.6256217956542969,2.748314142227173
1.6256815195083618,2.748382806777954
1.6257092952728271,2.7484147548675537
1.6258699893951416,2.748599052429199
1.6263315677642822,2.74912691116333
1.6264137029647827,2.749220848083496
1.626866102218628,2.7497360706329346
1.6270066499710083,2.7498955726623535
1.6272063255310059,2.7501220703125
1.6272449493408203,2.7501657009124756
1.6275957822799683,2.7505621910095215
1.6277941465377808,2.750786066055298
1.6278605461120605,2.750861167907715
1.6283822059631348,2.7514472007751465
1.6287250518798828,2.7518310546875
1.6287293434143066,2.751835823059082
1.6288563013076782,2.7519776821136475
1.6288570165634155,2.7519781589508057
1.6291940212249756,2.7523536682128906
1.6297487020492554,2.75296950340271
1.6298565864562988,2.75308895111084
1.6301153898239136,2.7533748149871826
1.630152702331543,2.753415822982788
1.630249261856079,2.7535223960876465
1.6306120157241821,2.7539215087890625
1.630864143371582,2.7541980743408203
1.6311066150665283,2.7544634342193604
1.6313714981079102,2.7547526359558105
1.631531000137329,2.7549266815185547
1.6317646503448486,2.755180597305298
1.6318820714950562,2.755308151245117
1.6320466995239258,2.7554867267608643
1.6324561834335327,2.755929946899414
1.6326254606246948,2.756112575531006
1.6328628063201904,2.7563681602478027
1.63291335105896,2.756422519683838
1.6332740783691406,2.7568094730377197
1.6334967613220215,2.7570481300354004
1.6337977647781372,2.7573695182800293
1.6338776350021362,2.7574541568756104
1.6339609622955322,2.7575430870056152
1.6341512203216553,2.7577455043792725
1.6347761154174805,2.7584078311920166
1.634960651397705,2.7586026191711426
1.6350278854370117,2.7586734294891357
1.635128378868103,2.758779525756836
1.6351317167282104,2.7587831020355225
1.6353992223739624,2.7590644359588623
1.6361169815063477,2.7598161697387695
1.636269211769104,2.759974479675293
1.6363780498504639,2.7600879669189453
1.636436939239502,2.7601492404937744
1.6364582777023315,2.760171413421631
1.636609673500061,2.760328769683838
1.6372313499450684,2.760972499847412
1.6376270055770874,2.761380434036255
1.6377521753311157,2.7615089416503906
1.6377779245376587,2.76153564453125
1.6377856731414795,2.7615432739257812
1.637924313545227,2.761685848236084
1.6383739709854126,2.762146234512329
1.638930320739746,2.7627131938934326
1.6390907764434814,2.762876033782959
1.639223575592041,2.7630107402801514
1.6394213438034058,2.7632110118865967
1.6395474672317505,2.763338565826416
1.64004647731781,2.763841390609741
1.6403974294662476,2.7641937732696533
1.6406829357147217,2.764479398727417
1.6407517194747925,2.7645480632781982
1.6409265995025635,2.7647228240966797
1.6411371231079102,2.764932632446289
1.6415220499038696,2.765315055847168
1.6416980028152466,2.765489101409912
1.641985297203064,2.765773296356201
1.6421306133270264,2.7659168243408203
1.6422052383422852,2.7659902572631836
1.6424386501312256,2.7662200927734375
1.6429928541183472,2.76676344871521
1.6432418823242188,2.7670063972473145
1.6432468891143799,2.7670114040374756
1.6432539224624634,2.7670183181762695
1.6435670852661133,2.7673234939575195
1.6439560651779175,2.767700672149658
1.644282341003418,2.7680165767669678
1.644286036491394,2.7680201530456543
1.6445350646972656,2.7682604789733887
1.6448973417282104,2.768608808517456
1.644992470741272,2.768700122833252
1.6453046798706055,2.7689990997314453
1.645477533340454,2.7691643238067627
1.6455668210983276,2.76924991607666
1.6458483934402466,2.769517660140991
1.6463128328323364,2.769958734512329
1.6464072465896606,2.770048141479492
1.646491289138794,2.770127773284912
1.6468466520309448,2.770462989807129
1.6470015048980713,2.770608901977539
1.6471855640411377,2.770781993865967
1.6473133563995361,2.770901918411255
1.647811770439148,2.7713687419891357
1.648026943206787,2.77156925201416
1.6481220722198486,2.771657705307007
1.6483094692230225,2.77183198928833
1.6485265493392944,2.772033452987671
1.6485449075698853,2.7720508575439453
1.649206280708313,2.7726616859436035
1.649303913116455,2.772751808166504
1.6493934392929077,2.772834062576294
1.6495070457458496,2.7729384899139404
1.6499253511428833,2.7733218669891357
1.6500513553619385,2.773437023162842
1.6502996683120728,2.7736637592315674
1.6505911350250244,2.7739291191101074
1.6506611108779907,2.7739925384521484
1.6509346961975098,2.7742409706115723
1.6512999534606934,2.774571418762207
1.6513252258300781,2.7745938301086426
1.6515743732452393,2.7748184204101562
1.6519253253936768,2.7751340866088867
1.6519665718078613,2.7751710414886475
1.6523075103759766,2.7754764556884766
1.652312994003296,2.7754812240600586
1.6527432203292847,2.775864839553833
1.6530942916870117,2.776176929473877
1.653186559677124,2.776258707046509
1.6533254384994507,2.776381731033325
1.6533331871032715,2.776388645172119
1.6536448001861572,2.7766640186309814
1.6541779041290283,2.777132987976074
1.6543567180633545,2.777289867401123
1.654444932937622,2.777367115020752
1.6546096801757812,2.7775111198425293
1.6546911001205444,2.7775821685791016
1.654933214187622,2.7777936458587646
1.6554043292999268,2.778203248977661
1.655627965927124,2.7783968448638916
1.6557010412216187,2.7784600257873535
1.6560406684875488,2.7787530422210693
1.6561191082000732,2.778820514678955
1.6561812162399292,2.778874397277832
1.6564712524414062,2.779123544692993
1.6569550037384033,2.7795376777648926
1.6570918560028076,2.7796545028686523
1.6573822498321533,2.7799019813537598
1.6573916673660278,2.77990984916687
1.6575603485107422,2.78005313873291
1.657621145248413,2.780104875564575
1.6582071781158447,2.7806005477905273
1.6585676670074463,2.7809040546417236
1.6585681438446045,2.780904769897461
1.658674716949463,2.780994176864624
1.6587162017822266,2.781029224395752
1.6591142416000366,2.781362533569336
1.6594579219818115,2.781649589538574
1.659712314605713,2.7818610668182373
1.6598173379898071,2.7819483280181885
1.6600427627563477,2.782135486602783
1.6600555181503296,2.7821457386016846
1.6605972051620483,2.7825934886932373
1.6607075929641724,2.782684326171875
1.6608284711837769,2.7827839851379395
1.660990834236145,2.7829172611236572
1.6613624095916748,2.783221483230591
1.6615525484085083,2.783376932144165
1.6616688966751099,2.7834718227386475
1.661919116973877,2.7836756706237793
1.661956548690796,2.7837061882019043
1.6620686054229736,2.783797264099121
1.662195086479187,2.7838995456695557
1.6626752614974976,2.7842884063720703
1.662987232208252,2.7845396995544434
1.663057804107666,2.7845964431762695
1.663388729095459,2.7848620414733887
1.6634286642074585,2.7848942279815674
1.6635279655456543,2.7849738597869873
1.6639819145202637,2.7853360176086426
1.6640359163284302,2.78537917137146
1.6645698547363281,2.7858033180236816
1.6646902561187744,2.7858986854553223
1.664975643157959,2.7861242294311523
1.6650441884994507,2.78617787361145
1.6650680303573608,2.786196708679199
1.6652824878692627,2.7863659858703613
1.6659784317016602,2.7869112491607666
1.6660866737365723,2.7869956493377686
1.66608726978302,2.7869961261749268
1.666412115097046,2.7872488498687744
1.6665773391723633,2.78737735748291
1.6666381359100342,2.7874245643615723
1.6670948266983032,2.787778377532959
1.6672917604446411,2.7879302501678467
1.6676087379455566,2.7881739139556885
1.6678375005722046,2.7883498668670654
1.667866826057434,2.788372039794922
1.668095350265503,2.7885472774505615
1.6681737899780273,2.788607120513916
1.6686289310455322,2.788954019546509
1.6690914630889893,2.7893052101135254
1.6691327095031738,2.7893362045288086
1.6691513061523438,2.7893502712249756
1.6692522764205933,2.789426803588867
1.6696538925170898,2.789729595184326
1.6699882745742798,2.7899811267852783
1.6700859069824219,2.7900543212890625
1.670431137084961,2.7903125286102295
1.6706568002700806,2.7904810905456543
1.670657753944397,2.7904815673828125
1.67108154296875,2.7907965183258057
1.6710816621780396,2.7907967567443848
1.6713687181472778,2.7910094261169434
1.6717065572738647,2.7912590503692627
1.6720513105392456,2.7915127277374268
1.6720819473266602,2.7915351390838623
1.672182559967041,2.791609287261963
1.6724598407745361,2.7918124198913574
1.6727685928344727,2.7920379638671875
1.6729779243469238,2.7921905517578125
1.6730895042419434,2.792271614074707
1.673436164855957,2.7925236225128174
1.6737055778503418,2.7927184104919434
1.6737916469573975,2.7927803993225098
1.6741074323654175,2.793008327484131
1.6741865873336792,2.793065071105957
1.6742455959320068,2.793107509613037
1.674811601638794,2.793513298034668
1.6750800609588623,2.7937049865722656
1.6751387119293213,2.7937467098236084
1.6752254962921143,2.7938082218170166
1.6755098104476929,2.7940104007720947
1.6756212711334229,2.7940893173217773
1.676178216934204,2.794482946395874
1.6761863231658936,2.7944889068603516
1.6763280630111694,2.794588804244995
1.6767408847808838,2.7948784828186035
1.6767710447311401,2.7948997020721436
1.6770713329315186,2.795109748840332
1.677253246307373,2.795236825942993
1.677536129951477,2.795433759689331
1.677538514137268,2.7954354286193848
1.6780294179916382,2.795775890350342
1.6782503128051758,2.795928716659546
1.678342342376709,2.795992136001587
1.6785352230072021,2.7961246967315674
1.6787145137786865,2.796248197555542
1.6788856983184814,2.79636549949646
1.6792855262756348,2.7966392040252686
1.6794567108154297,2.7967560291290283
1.6797523498535156,2.79695725440979
1.6798591613769531,2.797029972076416
1.680011510848999,2.797133445739746
1.680227279663086,2.7972793579101562
1.6805394887924194,2.797490358352661
1.680599331855774,2.7975306510925293
1.680975317955017,2.797783851623535
1.681206464767456,2.797938585281372
1.6812454462051392,2.7979648113250732
1.6814988851547241,2.7981340885162354
1.6815612316131592,2.798175811767578
1.6817728281021118,2.7983169555664062
1.6817916631698608,2.7983293533325195
1.6820659637451172,2.7985117435455322
1.6827284097671509,2.7989501953125
1.6828877925872803,2.799055337905884
1.6829262971878052,2.7990806102752686
1.6829770803451538,2.799114227294922
1.6829959154129028,2.799126625061035
1.6830424070358276,2.79915714263916
1.6831340789794922,2.7992169857025146
1.6841827630996704,2.7999024391174316
1.6841998100280762,2.799913167953491
1.6842074394226074,2.7999184131622314
1.6842106580734253,2.7999203205108643
1.6842920780181885,2.799973487854004
1.6845011711120605,2.8001089096069336
1.6845817565917969,2.800161123275757
1.685214877128601,2.800569534301758
1.6854722499847412,2.8007349967956543
1.6855202913284302,2.8007655143737793
1.685541033744812,2.800778865814209
1.6856591701507568,2.8008546829223633
1.6860132217407227,2.8010807037353516
1.6861757040023804,2.8011844158172607
1.6862335205078125,2.8012213706970215
1.686760425567627,2.801555871963501
1.6868269443511963,2.801598072052002
1.6871068477630615,2.801774501800537
1.6872416734695435,2.8018596172332764
1.6875306367874146,2.8020412921905518
1.6877113580703735,2.802155017852783
1.688073754310608,2.8023815155029297
1.6881275177001953,2.802415370941162
1.6882421970367432,2.8024868965148926
1.6885433197021484,2.8026742935180664
1.6890521049499512,2.8029897212982178
1.689191460609436,2.8030760288238525
1.6892383098602295,2.803104877471924
1.689410924911499,2.803211212158203
1.689422369003296,2.803218364715576
1.6899687051773071,2.803554058074951
1.690232753753662,2.803715467453003
1.6905760765075684,2.803925037384033
1.6906191110610962,2.8039512634277344
1.6907118558883667,2.8040075302124023
1.6907702684402466,2.8040432929992676
1.6912285089492798,2.804320812225342
1.6913834810256958,2.804414749145508
1.6919963359832764,2.804783582687378
1.6919974088668823,2.8047842979431152
1.6921011209487915,2.80484676361084
1.6921507120132446,2.8048763275146484
1.6922287940979004,2.8049230575561523
1.692788004875183,2.8052573204040527
1.6932363510131836,2.80552339553833
1.6932761669158936,2.805546760559082
1.6933292150497437,2.8055784702301025
1.6935505867004395,2.8057093620300293
1.6936259269714355,2.8057539463043213
1.6941825151443481,2.806081533432007
1.6942542791366577,2.8061234951019287
1.6945515871047974,2.806297779083252
1.6946176290512085,2.8063364028930664
1.694968581199646,2.8065414428710938
1.6951489448547363,2.8066461086273193
1.6952855587005615,2.8067257404327393
1.6955673694610596,2.806889057159424
1.6958229541778564,2.807036876678467
1.6958656311035156,2.8070614337921143
1.6963331699371338,2.80733060836792
1.6964032649993896,2.807371139526367
1.6966688632965088,2.807523012161255
1.6969428062438965,2.8076798915863037
1.6970760822296143,2.807755947113037
1.6970906257629395,2.8077640533447266
1.6974000930786133,2.8079400062561035
1.6978533267974854,2.808197021484375
1.6981842517852783,2.8083841800689697
1.6982522010803223,2.808422565460205
1.6983094215393066,2.808454751968384
1.6983548402786255,2.8084802627563477
1.6984891891479492,2.8085556030273438
1.699317216873169,2.8090193271636963
1.6993967294692993,2.809063673019409
1.69960355758667,2.8091788291931152
1.6996160745620728,2.809185743331909
1.6996673345565796,2.8092141151428223
1.6996936798095703,2.8092288970947266
1.7001608610153198,2.809487819671631
1.7005128860473633,2.8096818923950195
1.7007461786270142,2.809810161590576
1.7007935047149658,2.8098361492156982
1.7008744478225708,2.809880495071411
1.701016902923584,2.8099589347839355
1.7011957168579102,2.8100569248199463
1.7016035318374634,2.810279369354248
1.701880693435669,2.8104300498962402
1.701919674873352,2.810451030731201
1.7021305561065674,2.81056547164917
1.702280879020691,2.8106472492218018
1.7023584842681885,2.8106892108917236
1.7026716470718384,2.8108582496643066
1.7026888132095337,2.8108675479888916
1.703123927116394,2.811101198196411
1.703384518623352,2.8112409114837646
1.7035361528396606,2.8113222122192383
1.7036924362182617,2.811405658721924
1.7037203311920166,2.811420202255249
1.7037779092788696,2.8114511966705322
1.7041717767715454,2.8116607666015625
1.7043575048446655,2.8117594718933105
1.7046366930007935,2.8119072914123535
1.7047524452209473,2.8119683265686035
1.7050189971923828,2.8121089935302734
1.7051301002502441,2.8121674060821533
1.7052831649780273,2.8122475147247314
1.7056190967559814,2.8124237060546875
1.7056431770324707,2.81243634223938
1.7057710886001587,2.8125033378601074
1.7058874368667603,2.812563896179199
1.70633864402771,2.8127989768981934
1.7066657543182373,2.8129687309265137
1.7067792415618896,2.8130273818969727
1.7067952156066895,2.8130359649658203
1.7069072723388672,2.813093900680542
1.7071025371551514,2.813194513320923
1.707137107849121,2.8132123947143555
1.7076514959335327,2.813477039337158
1.707779884338379,2.8135430812835693
1.7081458568572998,2.813730001449585
1.7082206010818481,2.813768148422241
1.7083126306533813,2.813815116882324
1.7083860635757446,2.813852548599243
1.708550214767456,2.8139359951019287
1.7087758779525757,2.8140506744384766
1.7089581489562988,2.8141427040100098
1.7095577716827393,2.814445972442627
1.70957350730896,2.814453601837158
1.7097703218460083,2.8145527839660645
1.709834098815918,2.814584732055664
1.709986686706543,2.8146615028381348
1.7102587223052979,2.8147974014282227
1.710766077041626,2.8150508403778076
1.7109171152114868,2.8151257038116455
1.710951805114746,2.815142869949341
1.7113580703735352,2.8153443336486816
1.7114120721817017,2.815370798110962
1.7115535736083984,2.8154408931732178
1.7117663621902466,2.8155457973480225
1.7122836112976074,2.815800189971924
1.7122975587844849,2.815807342529297
1.7127739191055298,2.816039800643921
1.7128268480300903,2.816066026687622
1.7128430604934692,2.8160736560821533
1.7128831148147583,2.8160932064056396
1.7135720252990723,2.8164279460906982
1.7136974334716797,2.81648850440979
1.713791847229004,2.8165345191955566
1.714127540588379,2.8166961669921875
1.7142313718795776,2.816746234893799
1.7144079208374023,2.816831111907959
1.7148200273513794,2.817028522491455
1.7148231267929077,2.8170299530029297
1.7151154279708862,2.817169666290283
1.715407371520996,2.8173089027404785
1.7156258821487427,2.817412853240967
1.71587073802948,2.81752872467041
1.7159309387207031,2.8175575733184814
1.716030478477478,2.8176040649414062
1.7165501117706299,2.817849636077881
1.7166827917099,2.8179118633270264
1.7169376611709595,2.8180315494537354
1.717010736465454,2.818065881729126
1.7172064781188965,2.81815767288208
1.7174508571624756,2.8182716369628906
1.717954158782959,2.8185057640075684
1.7180001735687256,2.8185272216796875
1.7180267572402954,2.818539619445801
1.718351125717163,2.818690299987793
1.718386173248291,2.8187060356140137
1.7185581922531128,2.8187856674194336
1.7189662456512451,2.818974018096924
1.7191411256790161,2.819054126739502
1.719221830368042,2.819091320037842
1.7194640636444092,2.819202184677124
1.719467282295227,2.8192036151885986
1.7197527885437012,2.8193342685699463
1.720278024673462,2.8195736408233643
1.7202837467193604,2.8195760250091553
1.720475673675537,2.8196632862091064
1.720486044883728,2.8196678161621094
1.7205579280853271,2.8197004795074463
1.720940351486206,2.819873571395874
1.7211107015609741,2.819950580596924
1.7214572429656982,2.820106267929077
1.7216260433197021,2.8201823234558105
1.7217472791671753,2.8202364444732666
1.7219334840774536,2.820319890975952
1.721977710723877,2.8203399181365967
1.7224277257919312,2.8205406665802
1.7224602699279785,2.8205549716949463
1.7226614952087402,2.8206446170806885
1.7226747274398804,2.820650577545166
1.7230056524276733,2.8207974433898926
1.7234708070755005,2.8210031986236572
1.723527431488037,2.821028232574463
1.723706841468811,2.8211071491241455
1.723801851272583,2.8211488723754883
1.7238950729370117,2.821190118789673
1.7239247560501099,2.8212029933929443
1.72426176071167,2.8213508129119873
1.7247254848480225,2.8215534687042236
1.7249537706375122,2.821653127670288
1.7250630855560303,2.8217005729675293
1.7251358032226562,2.8217320442199707
1.7251566648483276,2.8217413425445557
1.7254300117492676,2.8218600749969482
1.7255157232284546,2.821897268295288
1.7257336378097534,2.821991205215454
1.7264251708984375,2.82228946685791
1.7264448404312134,2.822298049926758
1.7264623641967773,2.82230544090271
1.7265431880950928,2.822340250015259
1.7267341613769531,2.8224222660064697
1.726767897605896,2.822436571121216
1.7269420623779297,2.8225111961364746
1.7277302742004395,2.8228471279144287
1.7277581691741943,2.8228588104248047
1.7277820110321045,2.822868824005127
1.7278845310211182,2.8229126930236816
1.727970838546753,2.822949171066284
1.7280186414718628,2.822969436645508
1.7284594774246216,2.8231561183929443
1.728724718093872,2.823267936706543
1.7290948629379272,2.823423147201538
1.7290953397750854,2.823423385620117
1.7292683124542236,2.823495864868164
1.7293322086334229,2.8235228061676025
1.729349136352539,2.8235297203063965
1.7297204732894897,2.8236851692199707
1.7299809455871582,2.823793649673462
1.7304015159606934,2.8239688873291016
1.730454683303833,2.823990821838379
1.7305172681808472,2.824016571044922
1.7306809425354004,2.824084520339966
1.7307207584381104,2.8241007328033447
1.7307686805725098,2.82412052154541
1.7315049171447754,2.8244245052337646
1.7317020893096924,2.824505567550659
1.7317283153533936,2.8245162963867188
1.731835126876831,2.8245599269866943
1.7319693565368652,2.8246147632598877
1.7321940660476685,2.824706554412842
1.7327462434768677,2.824932098388672
1.732996940612793,2.8250339031219482
1.7330299615859985,2.825047254562378
1.7332173585891724,2.8251233100891113
1.7332350015640259,2.8251304626464844
1.7336088418960571,2.8252816200256348
1.7337775230407715,2.825350046157837
1.7342864274978638,2.825554847717285
1.734427809715271,2.825611114501953
1.7345547676086426,2.82566237449646
1.7346529960632324,2.8257014751434326
1.7348251342773438,2.825770616531372
1.7350133657455444,2.825845956802368
1.7355709075927734,2.8260679244995117
1.7356038093566895,2.8260810375213623
1.7358920574188232,2.826195478439331
1.7360777854919434,2.8262689113616943
1.736087679862976,2.826272964477539
1.7364078760147095,2.826399564743042
1.7364245653152466,2.8264060020446777
1.736748456954956,2.8265340328216553
1.7368507385253906,2.8265740871429443
1.7369811534881592,2.826625108718872
1.7375377416610718,2.826843500137329
1.7375977039337158,2.82686710357666
1.737792730331421,2.8269433975219727
1.73786461353302,2.8269715309143066
1.7380955219268799,2.827061176300049
1.7381261587142944,2.827073335647583
1.7381443977355957,2.827080726623535
1.7389552593231201,2.827395439147949
1.7390016317367554,2.827413320541382
1.7391130924224854,2.827456474304199
1.7391681671142578,2.8274776935577393
1.7392381429672241,2.8275046348571777
1.7393975257873535,2.827566146850586
1.7397998571395874,2.827721118927002
1.7400233745574951,2.8278064727783203
1.740411639213562,2.827955722808838
1.7404779195785522,2.8279812335968018
1.740534782409668,2.828002691268921
1.7406225204467773,2.828036308288574
1.7406651973724365,2.828052520751953
1.7410720586776733,2.8282077312469482
1.741393804550171,2.8283300399780273
1.741615891456604,2.8284146785736084
1.741892695426941,2.828519344329834
1.7419294118881226,2.828533172607422
1.7419652938842773,2.8285470008850098
1.742104172706604,2.828599452972412
1.7421245574951172,2.8286070823669434
1.7428494691848755,2.8288800716400146
1.742929458618164,2.8289101123809814
1.7431228160858154,2.8289828300476074
1.7431906461715698,2.829008102416992
1.7432422637939453,2.8290276527404785
1.743462324142456,2.8291101455688477
1.7436176538467407,2.8291680812835693
1.7441110610961914,2.829352378845215
1.7441309690475464,2.829359531402588
1.7444095611572266,2.829463243484497
1.7444490194320679,2.8294780254364014
1.7445838451385498,2.8295280933380127
1.7449675798416138,2.8296701908111572
1.7451006174087524,2.8297195434570312
1.745131492614746,2.829730987548828
1.7453992366790771,2.829829692840576
1.7457051277160645,2.829942464828491
1.7458372116088867,2.829991340637207
1.745917797088623,2.8300209045410156
1.7461276054382324,2.8300981521606445
1.7464796304702759,2.8302271366119385
1.7465720176696777,2.830260992050171
1.746712565422058,2.8303120136260986
1.7469590902328491,2.830402374267578
1.747122049331665,2.8304617404937744
1.7472155094146729,2.830495834350586
1.7472443580627441,2.8305063247680664
1.7479970455169678,2.830780029296875
1.7480313777923584,2.8307924270629883
1.7480497360229492,2.8307993412017822
1.7481178045272827,2.8308238983154297
1.7482112646102905,2.830857753753662
1.7485473155975342,2.830979108810425
1.7485640048980713,2.8309853076934814
1.7491180896759033,2.8311851024627686
1.7494090795516968,2.831289768218994
1.7494620084762573,2.8313088417053223
1.749479055404663,2.831315040588379
1.7495185136795044,2.831329107284546
1.749835729598999,2.8314428329467773
1.749876856803894,2.8314576148986816
1.7501256465911865,2.8315467834472656
1.7507116794586182,2.831756114959717
1.7507895231246948,2.8317835330963135
1.75091552734375,2.8318283557891846
1.7510424852371216,2.8318734169006348
1.7510837316513062,2.831888198852539
1.7511435747146606,2.831909418106079
1.7511835098266602,2.8319239616394043
1.7519606351852417,2.8321993350982666
1.7521748542785645,2.832274913787842
1.7521893978118896,2.832279920578003
1.7522941827774048,2.8323171138763428
1.7523409128189087,2.832333564758301
1.7524840831756592,2.8323841094970703
1.7525675296783447,2.8324134349823
1.7532224655151367,2.832643747329712
1.7534701824188232,2.832730770111084
1.7536073923110962,2.8327789306640625
1.7537556886672974,2.8328306674957275
1.7537789344787598,2.832839012145996
1.753786325454712,2.832841634750366
1.7540923357009888,2.8329484462738037
1.7542893886566162,2.833017110824585
1.7546148300170898,2.8331305980682373
1.7550420761108398,2.8332791328430176
1.7550684213638306,2.8332881927490234
1.7551602125167847,2.833320140838623
1.7553784847259521,2.8333959579467773
1.755506157875061,2.833440065383911
1.7556153535842896,2.8334779739379883
1.7557309865951538,2.8335180282592773
1.7563529014587402,2.8337326049804688
1.7564921379089355,2.8337807655334473
1.7564928531646729,2.8337812423706055
1.7565547227859497,2.8338022232055664
1.756821632385254,2.8338944911956787
1.757135272026062,2.8340024948120117
1.7571616172790527,2.8340113162994385
1.7576327323913574,2.8341727256774902
1.757635474205017,2.8341734409332275
1.757889747619629,2.8342607021331787
1.7579395771026611,2.834277629852295
1.7579560279846191,2.8342835903167725
1.7586506605148315,2.8345203399658203
1.7587555646896362,2.8345565795898438
1.758808970451355,2.8345744609832764
1.7589081525802612,2.8346080780029297
1.7589384317398071,2.83461856842041
1.759315013885498,2.834746837615967
1.759432315826416,2.8347866535186768
1.7599705457687378,2.8349690437316895
1.760013222694397,2.8349835872650146
1.7601600885391235,2.8350331783294678
1.7601795196533203,2.8350396156311035
1.7602912187576294,2.8350772857666016
1.7606816291809082,2.8352091312408447
1.7609196901321411,2.835289716720581
1.7609891891479492,2.835313081741333
1.7612468004226685,2.835399627685547
1.7614471912384033,2.8354673385620117
1.7616621255874634,2.8355395793914795
1.761771321296692,2.835576057434082
1.7619973421096802,2.8356518745422363
1.7620395421981812,2.8356664180755615
1.7624167203903198,2.8357927799224854
1.7625083923339844,2.8358235359191895
1.7627114057540894,2.8358914852142334
1.7629978656768799,2.835987091064453
1.763155221939087,2.8360395431518555
1.763198971748352,2.8360540866851807
1.7633891105651855,2.83611798286438
1.7637965679168701,2.8362534046173096
1.7639219760894775,2.8362951278686523
1.7639726400375366,2.8363120555877686
1.7639939785003662,2.8363194465637207
1.7645772695541382,2.836513042449951
1.7646381855010986,2.836533308029175
1.76473069190979,2.8365638256073
1.7649884223937988,2.8366494178771973
1.765109896659851,2.8366899490356445
1.7652310132980347,2.8367300033569336
1.7654340267181396,2.836796998977661
1.7659090757369995,2.836954116821289
1.7659841775894165,2.8369789123535156
1.7660646438598633,2.837005376815796
1.7661094665527344,2.8370201587677
1.7664470672607422,2.8371317386627197
1.7664871215820312,2.837144613265991
1.7669514417648315,2.8372976779937744
1.766984462738037,2.837308168411255
1.7671974897384644,2.8373782634735107
1.7673912048339844,2.83744215965271
1.7675689458847046,2.837500810623169
1.767741084098816,2.837556838989258
1.7678064107894897,2.837578773498535
1.7679920196533203,2.837639331817627
1.7684454917907715,2.837787628173828
1.7684729099273682,2.837796926498413
1.7687108516693115,2.8378746509552
1.7689932584762573,2.8379671573638916
1.7690099477767944,2.837972402572632
1.7690166234970093,2.837974786758423
1.7691868543624878,2.8380303382873535
1.7696559429168701,2.838183641433716
1.7699968814849854,2.838294744491577
1.7700237035751343,2.8383030891418457
1.7700412273406982,2.8383090496063232
1.7702440023422241,2.8383750915527344
1.7704530954360962,2.8384432792663574
1.7705867290496826,2.838486671447754
1.7706689834594727,2.8385133743286133
1.7708320617675781,2.838566303253174
1.7710888385772705,2.8386499881744385
1.7713303565979004,2.838728427886963
1.771493673324585,2.8387813568115234
1.7715219259262085,2.8387904167175293
1.7718784809112549,2.8389062881469727
1.7719765901565552,2.8389382362365723
1.7720047235488892,2.838947057723999
1.77215576171875,2.838995933532715
1.7723888158798218,2.839071273803711
1.7726309299468994,2.8391499519348145
1.7727426290512085,2.839186191558838
1.7730467319488525,2.8392844200134277
1.7730927467346191,2.839299201965332
1.773244857788086,2.839348316192627
1.7732932567596436,2.8393638134002686
1.7734394073486328,2.8394110202789307
1.77392578125,2.8395683765411377
1.7740442752838135,2.839606285095215
1.7741833925247192,2.839651107788086
1.7743592262268066,2.839707612991333
1.7745697498321533,2.839775562286377
1.7746977806091309,2.8398170471191406
1.7748894691467285,2.839878797531128
1.7752152681350708,2.8399837017059326
1.7752515077590942,2.8399953842163086
1.7755018472671509,2.840075969696045
1.775638222694397,2.8401198387145996
1.7760896682739258,2.8402647972106934
1.776092290878296,2.8402657508850098
1.7763001918792725,2.840332508087158
1.776353359222412,2.8403496742248535
1.7764997482299805,2.8403964042663574
1.7766753435134888,2.8404531478881836
1.7771738767623901,2.8406128883361816
1.7773323059082031,2.8406636714935303
1.7774771451950073,2.840710163116455
1.7776050567626953,2.8407511711120605
1.7777795791625977,2.8408069610595703
1.777829647064209,2.840823173522949
1.7778795957565308,2.840839147567749
1.7783509492874146,2.8409900665283203
1.7786539793014526,2.8410871028900146
1.7788527011871338,2.841150999069214
1.7790549993515015,2.8412153720855713
1.7791131734848022,2.8412342071533203
1.7791144847869873,2.8412344455718994
1.779317021369934,2.841299057006836
1.7793591022491455,2.8413126468658447
1.7800816297531128,2.841543674468994
1.7802191972732544,2.841588020324707
1.7803263664245605,2.8416218757629395
1.7803597450256348,2.841632843017578
1.7803747653961182,2.84163761138916
1.7806165218353271,2.84171462059021
1.7808140516281128,2.841778039932251
1.7813557386398315,2.8419508934020996
1.781459927558899,2.8419837951660156
1.7815771102905273,2.8420214653015137
1.7815940380096436,2.842027187347412
1.781662940979004,2.8420491218566895
1.7821096181869507,2.842191696166992
1.7823193073272705,2.8422586917877197
1.7823501825332642,2.842268705368042
1.7827917337417603,2.842409133911133
1.7828582525253296,2.842430353164673
1.7829266786575317,2.8424525260925293
1.7829762697219849,2.84246826171875
1.7833459377288818,2.842586040496826
1.7835925817489624,2.842664957046509
1.7838313579559326,2.842741012573242
1.784080147743225,2.842820405960083
1.7841194868087769,2.8428328037261963
1.7842682600021362,2.8428804874420166
1.784313440322876,2.842895030975342
1.7843462228775024,2.8429055213928223
1.7850639820098877,2.8431344032287598
1.7853281497955322,2.8432185649871826
1.7853487730026245,2.8432252407073975
1.7853537797927856,2.843226671218872
1.785377860069275,2.8432343006134033
1.7856022119522095,2.843306303024292
1.7856727838516235,2.8433284759521484
1.7863717079162598,2.8435516357421875
1.7865233421325684,2.843600034713745
1.7865386009216309,2.843604564666748
1.7866339683532715,2.843635320663452
1.7868702411651611,2.8437106609344482
1.7869287729263306,2.843729257583618
1.7870532274246216,2.843769073486328
1.7870991230010986,2.8437838554382324
1.7874029874801636,2.8438806533813477
1.7877147197723389,2.843980073928833
1.7878879308700562,2.8440356254577637
1.787971019744873,2.844062328338623
1.7882484197616577,2.844151020050049
1.7883942127227783,2.8441975116729736
1.7884505987167358,2.8442156314849854
1.7884531021118164,2.8442163467407227
1.7888189554214478,2.8443331718444824
1.788859248161316,2.844346284866333
1.7891401052474976,2.8444361686706543
1.78940749168396,2.8445215225219727
1.7895175218582153,2.8445568084716797
1.7895612716674805,2.8445708751678467
1.789871096611023,2.844669818878174
1.7899192571640015,2.8446855545043945
1.7899754047393799,2.844703197479248
1.7903908491134644,2.844836473464966
1.7904744148254395,2.844862937927246
1.7906066179275513,2.844905376434326
1.7908328771591187,2.844977855682373
1.7908679246902466,2.84498929977417
1.79106605052948,2.845052719116211
1.7913057804107666,2.8451292514801025
1.7914440631866455,2.8451740741729736
1.7916405200958252,2.8452367782592773
1.791720986366272,2.8452625274658203
1.792068362236023,2.8453738689422607
1.792134165763855,2.845395088195801
1.7921684980392456,2.8454060554504395
1.7922476530075073,2.8454318046569824
1.7927558422088623,2.845594882965088
1.7928636074066162,2.8456296920776367
1.7928894758224487,2.845637798309326
1.7929670810699463,2.845662832260132
1.7931828498840332,2.8457322120666504
1.7934633493423462,2.84582257270813
1.7936040163040161,2.845867872238159
1.7936521768569946,2.8458831310272217
1.794037103652954,2.8460068702697754
1.7942149639129639,2.846064567565918
1.794219732284546,2.8460659980773926
1.7944869995117188,2.8461523056030273
1.794752836227417,2.846238136291504
1.7950466871261597,2.8463327884674072
1.7950841188430786,2.8463447093963623
1.7952336072921753,2.846393346786499
1.795241355895996,2.846395492553711
1.7956960201263428,2.8465425968170166
1.7960023880004883,2.8466415405273438
1.7960373163223267,2.8466529846191406
1.7962417602539062,2.8467190265655518
1.796431541442871,2.84678053855896
1.7964749336242676,2.846794605255127
1.7965117692947388,2.846806526184082
1.7971833944320679,2.8470242023468018
1.7972424030303955,2.847043514251709
1.7973171472549438,2.8470675945281982
1.7975118160247803,2.84713077545166
1.7977365255355835,2.8472039699554443
1.797806978225708,2.847226619720459
1.797890067100525,2.8472537994384766
1.7982383966445923,2.847367286682129
1.7985925674438477,2.847482442855835
1.7986804246902466,2.8475112915039062
1.7990138530731201,2.8476195335388184
1.7990247011184692,2.847623109817505
1.7991735935211182,2.8476717472076416
1.7992218732833862,2.8476874828338623
1.799232840538025,2.847691059112549
1.7998639345169067,2.8478972911834717
1.8001856803894043,2.8480026721954346
1.8002285957336426,2.8480162620544434
1.8003380298614502,2.848052501678467
1.8005069494247437,2.8481078147888184
1.800510287284851,2.848109245300293
1.8005315065383911,2.8481156826019287
1.8011316061019897,2.8483128547668457
1.8012288808822632,2.848344564437866
1.8016752004623413,2.8484911918640137
1.8016977310180664,2.848498582839966
1.8017582893371582,2.8485186100006104
1.8018810749053955,2.8485591411590576
1.8019899129867554,2.848594903945923
1.8022364377975464,2.8486759662628174
1.8023958206176758,2.848728656768799
1.8029687404632568,2.8489179611206055
1.8030345439910889,2.8489396572113037
1.8031022548675537,2.8489623069763184
1.8032151460647583,2.848999500274658
1.80322265625,2.849001884460449
1.8032543659210205,2.8490123748779297
1.8034613132476807,2.849081039428711
1.803657054901123,2.8491456508636475
1.8041448593139648,2.8493072986602783
1.8042856454849243,2.849353790283203
1.804414987564087,2.8493969440460205
1.8045566082000732,2.8494441509246826
1.804736614227295,2.849503993988037
1.8048220872879028,2.8495328426361084
1.804915428161621,2.8495638370513916
1.8049206733703613,2.849565267562866
1.805289387702942,2.8496885299682617
1.8053332567214966,2.849702835083008
1.8058148622512817,2.8498635292053223
1.8058831691741943,2.849886417388916
1.8061715364456177,2.849982976913452
1.806260585784912,2.85001277923584
1.806368350982666,2.8500490188598633
1.806400179862976,2.850059747695923
1.8064055442810059,2.8500614166259766
1.8064775466918945,2.850085496902466
1.8072028160095215,2.8503289222717285
1.8072328567504883,2.850339412689209
1.8074254989624023,2.8504040241241455
1.807489275932312,2.8504252433776855
1.807496190071106,2.8504276275634766
1.8077856302261353,2.850525140762329
1.807804822921753,2.850531578063965
1.808071494102478,2.8506217002868652
1.8085156679153442,2.85077166557312
1.808564305305481,2.850788116455078
1.8086036443710327,2.850801467895508
1.808667540550232,2.850823163986206
1.8086776733398438,2.8508267402648926
1.8092302083969116,2.8510138988494873
1.8093104362487793,2.851041316986084
1.8096071481704712,2.851141929626465
1.8096129894256592,2.8511440753936768
1.809746265411377,2.851189136505127
1.8098223209381104,2.851215362548828
1.8099284172058105,2.8512511253356934
1.8101176023483276,2.851315975189209
1.8106449842453003,2.8514962196350098
1.8106451034545898,2.8514959812164307
1.81083345413208,2.851560115814209
1.8109197616577148,2.8515899181365967
1.8110872507095337,2.851647138595581
1.8111228942871094,2.8516595363616943
1.8111780881881714,2.8516783714294434
1.8115814924240112,2.8518168926239014
1.8116637468338013,2.8518450260162354
1.8120495080947876,2.851977825164795
1.8121240139007568,2.852003574371338
1.8123533725738525,2.8520822525024414
1.81241774559021,2.852104902267456
1.812427043914795,2.8521080017089844
1.8125149011611938,2.8521382808685303
1.8126718997955322,2.8521926403045654
1.813057780265808,2.852325916290283
1.8133575916290283,2.8524298667907715
1.8134440183639526,2.8524599075317383
1.8136725425720215,2.852539300918579
1.8137072324752808,2.8525514602661133
1.813868761062622,2.852607488632202
1.81389319896698,2.8526158332824707
1.8145451545715332,2.8528428077697754
1.8146191835403442,2.8528690338134766
1.8146685361862183,2.852886438369751
1.814828872680664,2.85294246673584
1.8149917125701904,2.852998971939087
1.8152250051498413,2.8530807495117188
1.815378189086914,2.8531346321105957
1.8156629800796509,2.8532347679138184
1.81590735912323,2.853320598602295
1.816042184829712,2.8533682823181152
1.816204309463501,2.8534252643585205
1.8162715435028076,2.8534488677978516
1.8165134191513062,2.853533983230591
1.8166587352752686,2.8535854816436768
1.816880226135254,2.853663682937622
1.817220687866211,2.8537845611572266
1.8175469636917114,2.85390043258667
1.8175474405288696,2.853900909423828
1.8175709247589111,2.8539090156555176
1.8176590204238892,2.85394024848938
1.8177614212036133,2.8539769649505615
1.8183733224868774,2.8541951179504395
1.818557858467102,2.8542611598968506
1.8186665773391724,2.854299545288086
1.8187047243118286,2.854313373565674
1.8188183307647705,2.854353904724121
1.818928837776184,2.854393720626831
1.818971872329712,2.8544092178344727
1.8190594911575317,2.854440450668335
1.8196845054626465,2.8546652793884277
1.8198562860488892,2.854727268218994
1.8199172019958496,2.8547492027282715
1.8200860023498535,2.8548099994659424
1.82014799118042,2.854832410812378
1.8202784061431885,2.854879856109619
1.8204245567321777,2.8549323081970215
1.8205769062042236,2.854987621307373
1.8207157850265503,2.8550379276275635
1.821292519569397,2.8552472591400146
1.8212976455688477,2.8552494049072266
1.8213276863098145,2.8552603721618652
1.8213502168655396,2.8552684783935547
1.821619987487793,2.8553671836853027
1.8217633962631226,2.855419158935547
1.8220800161361694,2.8555350303649902
1.8220983743667603,2.855541706085205
1.822408676147461,2.8556554317474365
1.8226114511489868,2.855729818344116
1.8226975202560425,2.8557615280151367
1.8227870464324951,2.8557944297790527
1.822830319404602,2.8558104038238525
1.8229539394378662,2.855855941772461
1.823499321937561,2.8560569286346436
1.8236223459243774,2.856102466583252
1.823673963546753,2.85612154006958
1.8238698244094849,2.856194257736206
1.823919415473938,2.856212615966797
1.824115514755249,2.856285333633423
1.8242347240447998,2.8563296794891357
1.8242805004119873,2.856346607208252
1.824567437171936,2.8564534187316895
1.8250337839126587,2.8566272258758545
1.8251259326934814,2.856661796569824
1.8251473903656006,2.8566699028015137
1.825209617614746,2.8566932678222656
1.8255501985549927,2.856820583343506
1.8256001472473145,2.856839418411255
1.8256161212921143,2.8568453788757324
1.8256711959838867,2.856865882873535
1.826176404953003,2.857055902481079
1.8263798952102661,2.85713267326355
1.826648235321045,2.857234239578247
1.8266721963882446,2.857243061065674
1.8266897201538086,2.8572499752044678
1.8269129991531372,2.8573341369628906
1.8270002603530884,2.857367515563965
1.8270965814590454,2.8574042320251465
1.8273499011993408,2.8575000762939453
1.8276320695877075,2.857607364654541
1.8276668787002563,2.8576207160949707
1.8281173706054688,2.857792854309082
1.8281952142715454,2.8578224182128906
1.8282196521759033,2.8578317165374756
1.828464150428772,2.8579254150390625
1.828511357307434,2.857943296432495
1.8285541534423828,2.857959747314453
1.8286750316619873,2.858006238937378
1.8288828134536743,2.858086109161377
1.8294956684112549,2.8583223819732666
1.8295202255249023,2.8583316802978516
1.8296756744384766,2.8583920001983643
1.8297151327133179,2.8584067821502686
1.8297877311706543,2.8584351539611816
1.8299158811569214,2.858484983444214
1.8299404382705688,2.858494281768799
1.8301324844360352,2.8585689067840576
1.8306716680526733,2.858778476715088
1.830815076828003,2.8588345050811768
1.8308274745941162,2.8588390350341797
1.8310493230819702,2.858926296234131
1.8312305212020874,2.858996868133545
1.8313103914260864,2.8590283393859863
1.8313814401626587,2.859055995941162
1.831427812576294,2.859074354171753
1.831666111946106,2.85916805267334
1.8321045637130737,2.859340190887451
1.832115888595581,2.859344959259033
1.832337498664856,2.8594322204589844
1.8326618671417236,2.85956072807312
1.8326952457427979,2.8595738410949707
1.8327399492263794,2.859591484069824
1.8329248428344727,2.8596651554107666
1.8333638906478882,2.8598392009735107
1.8333890438079834,2.859849214553833
1.833650827407837,2.8599536418914795
1.8336621522903442,2.8599581718444824
1.8339321613311768,2.8600661754608154
1.8340706825256348,2.860121726989746
1.8342419862747192,2.8601903915405273
1.8344300985336304,2.8602662086486816
1.8345743417739868,2.860323905944824
1.8346688747406006,2.8603618144989014
1.8346697092056274,2.8603625297546387
1.834987998008728,2.860490560531616
1.835437297821045,2.8606722354888916
1.8356519937515259,2.8607594966888428
1.8356876373291016,2.860773801803589
1.8357350826263428,2.860792875289917
1.8357503414154053,2.8607993125915527
1.8359421491622925,2.860877275466919
1.8359442949295044,2.8608782291412354
1.8363473415374756,2.8610424995422363
1.8367189168930054,2.861194133758545
1.8367952108383179,2.8612253665924072
1.8368949890136719,2.861266613006592
1.8372156620025635,2.8613979816436768
1.8372180461883545,2.8613991737365723
1.8373074531555176,2.861436128616333
1.8374595642089844,2.8614983558654785
1.8377277851104736,2.86160945892334
1.8377665281295776,2.8616251945495605
1.8380111455917358,2.8617262840270996
1.8381447792053223,2.861781597137451
1.8384833335876465,2.8619225025177
1.8386893272399902,2.8620083332061768
1.8388334512710571,2.8620681762695312
1.838901400566101,2.8620963096618652
1.838981032371521,2.8621296882629395
1.839101791381836,2.862180233001709
1.8391276597976685,2.8621909618377686
1.8394863605499268,2.8623411655426025
1.8397475481033325,2.86245059967041
1.839922547340393,2.8625245094299316
1.8401488065719604,2.8626198768615723
1.840169906616211,2.862628698348999
1.8404370546340942,2.862741470336914
1.8405050039291382,2.8627703189849854
1.840545654296875,2.8627874851226807
1.8408203125,2.8629038333892822
1.8410087823867798,2.8629839420318604
1.8410369157791138,2.8629958629608154
1.8412185907363892,2.8630731105804443
1.8415964841842651,2.863234043121338
1.8419171571731567,2.8633711338043213
1.8419803380966187,2.863398313522339
1.8420300483703613,2.863419771194458
1.842146873474121,2.8634698390960693
1.842179536819458,2.8634839057922363
1.8422507047653198,2.8635146617889404
1.8422671556472778,2.8635215759277344
1.843032956123352,2.863851547241211
1.8432693481445312,2.8639538288116455
1.843344807624817,2.8639869689941406
1.843353033065796,2.863990306854248
1.8434303998947144,2.8640239238739014
1.8434665203094482,2.864039659500122
1.8435232639312744,2.8640642166137695
1.8435548543930054,2.8640780448913574
1.8442775011062622,2.864393472671509
1.8444583415985107,2.8644721508026123
1.844557285308838,2.864515781402588
1.844723105430603,2.864588499069214
1.844777226448059,2.864612340927124
1.844779372215271,2.8646130561828613
1.844894289970398,2.86466383934021
1.8450778722763062,2.8647446632385254
1.845278024673462,2.864832878112793
1.8457908630371094,2.8650600910186768
1.8458731174468994,2.8650963306427
1.8460294008255005,2.8651657104492188
1.8460549116134644,2.8651773929595947
1.846086025238037,2.8651909828186035
1.8462741374969482,2.8652749061584473
1.8463705778121948,2.8653175830841064
1.8465977907180786,2.8654191493988037
1.8470524549484253,2.8656227588653564
1.8472685813903809,2.865719795227051
1.8472776412963867,2.8657238483428955
1.8472801446914673,2.86572527885437
1.8473433256149292,2.865753412246704
1.8473865985870361,2.8657732009887695
1.84785795211792,2.865985631942749
1.8481131792068481,2.866100788116455
1.8482643365859985,2.8661699295043945
1.848340630531311,2.866204261779785
1.8485298156738281,2.8662900924682617
1.8485913276672363,2.866318464279175
1.8486721515655518,2.8663549423217773
1.8486814498901367,2.8663594722747803
1.8488106727600098,2.8664181232452393
1.8492646217346191,2.866626024246216
1.8493549823760986,2.8666670322418213
1.8496226072311401,2.8667898178100586
1.849653959274292,2.8668041229248047
1.8497787714004517,2.8668618202209473
1.849801778793335,2.866872549057007
1.8499709367752075,2.866950273513794
1.8500570058822632,2.866989850997925
1.8502721786499023,2.8670895099639893
1.8505305051803589,2.867208957672119
1.8508602380752563,2.8673620223999023
1.850977897644043,2.8674168586730957
1.850991129875183,2.8674230575561523
1.85112464427948,2.867485284805298
1.8512554168701172,2.867546319961548
1.8512901067733765,2.8675622940063477
1.8514325618743896,2.867629051208496
1.85212242603302,2.867952585220337
1.8521859645843506,2.8679826259613037
1.8523213863372803,2.8680460453033447
1.8523504734039307,2.868060350418091
1.8523722887039185,2.868070125579834
1.8525352478027344,2.868147134780884
1.8526177406311035,2.8681862354278564
1.8527990579605103,2.868271827697754
1.853238582611084,2.868480682373047
1.8533689975738525,2.8685426712036133
1.8537309169769287,2.868715286254883
1.853779911994934,2.8687386512756348
1.8538106679916382,2.868753433227539
1.8538897037506104,2.868791103363037
1.8541007041931152,2.868892192840576
1.8541569709777832,2.8689193725585938
1.854329228401184,2.869002103805542
1.854435920715332,2.869053363800049
1.8550820350646973,2.8693649768829346
1.8551307916641235,2.8693888187408447
1.8553155660629272,2.869478225708008
1.855397343635559,2.8695180416107178
1.855411171913147,2.8695247173309326
1.8555065393447876,2.8695709705352783
1.855525016784668,2.869580030441284
1.855571985244751,2.869602680206299
1.8563497066497803,2.8699824810028076
1.8564460277557373,2.8700296878814697
1.85654878616333,2.87007999420166
1.8566393852233887,2.870124578475952
1.8567956686019897,2.870201587677002
1.856848120689392,2.870227336883545
1.8569351434707642,2.870270252227783
1.8570314645767212,2.8703176975250244
1.857478141784668,2.8705387115478516
1.8576139211654663,2.870605945587158
1.857782006263733,2.8706893920898438
1.8579834699630737,2.8707895278930664
1.8581820726394653,2.8708887100219727
1.85822331905365,2.8709092140197754
1.8584601879119873,2.8710274696350098
1.8584791421890259,2.8710367679595947
1.8584967851638794,2.8710458278656006
1.8588751554489136,2.8712356090545654
1.8589555025100708,2.8712759017944336
1.8594335317611694,2.871516704559326
1.8595049381256104,2.8715527057647705
1.8595086336135864,2.8715548515319824
1.859601616859436,2.8716018199920654
1.8599156141281128,2.871760845184326
1.8599849939346313,2.871796131134033
1.8601335287094116,2.8718714714050293
1.8601597547531128,2.871884822845459
1.8605055809020996,2.872060775756836
1.8608282804489136,2.8722259998321533
1.860897421836853,2.8722612857818604
1.8609334230422974,2.8722798824310303
1.8613409996032715,2.8724892139434814
1.8613896369934082,2.872514486312866
1.8613933324813843,2.87251615524292
1.8615015745162964,2.8725717067718506
1.8615080118179321,2.872575283050537
1.8621411323547363,2.8729023933410645
1.8622218370437622,2.8729443550109863
1.86237370967865,2.873023271560669
1.862496018409729,2.873086929321289
1.8626435995101929,2.873163938522339
1.8626549243927002,2.8731698989868164
1.8627557754516602,2.8732221126556396
1.8630279302597046,2.8733646869659424
1.8633661270141602,2.873542070388794
1.8634477853775024,2.873584747314453
1.8634698390960693,2.873596429824829
1.8634917736053467,2.873607873916626
1.863861083984375,2.873802423477173
1.8638957738876343,2.8738207817077637
1.863943099975586,2.8738455772399902
1.8641602993011475,2.873960494995117
1.8644920587539673,2.874136209487915
1.8645433187484741,2.8741633892059326
1.864680290222168,2.874236583709717
1.8647483587265015,2.874272346496582
1.8650859594345093,2.8744523525238037
1.865146517753601,2.8744850158691406
1.865256428718567,2.8745436668395996
1.8653581142425537,2.874598264694214
1.8654996156692505,2.874673843383789
1.8655548095703125,2.8747036457061768
1.865856409072876,2.8748655319213867
1.866043210029602,2.8749661445617676
1.8660527467727661,2.874971389770508
1.866396188735962,2.875156879425049
1.8665175437927246,2.875222682952881
1.866593599319458,2.8752636909484863
1.866741418838501,2.8753437995910645
1.8668633699417114,2.8754100799560547
1.866939663887024,2.8754515647888184
1.867000937461853,2.8754851818084717
1.8673326969146729,2.8756661415100098
1.8675488233566284,2.875784158706665
1.867554783821106,2.8757877349853516
1.8676451444625854,2.8758370876312256
1.8679529428482056,2.8760058879852295
1.868117094039917,2.87609601020813
1.8683152198791504,2.8762054443359375
1.8683353662490845,2.8762166500091553
1.8683754205703735,2.8762388229370117
1.8685964345932007,2.8763606548309326
1.8686171770095825,2.8763720989227295
1.8690478801727295,2.8766112327575684
1.869207739830017,2.876699924468994
1.8693333864212036,2.87677001953125
1.8696633577346802,2.8769543170928955
1.869681715965271,2.876964569091797
1.8698710203170776,2.877070188522339
1.8698928356170654,2.877082109451294
1.8698970079421997,2.877084732055664
1.870275855064392,2.877297878265381
1.8705308437347412,2.877441167831421
1.8707332611083984,2.8775556087493896
1.8707524538040161,2.877566337585449
1.871039628982544,2.8777287006378174
1.8711724281311035,2.8778045177459717
1.8713245391845703,2.8778905868530273
1.8713511228561401,2.87790584564209
1.871414303779602,2.877941608428955
1.8718668222427368,2.878199815750122
1.872002124786377,2.87827730178833
1.872151255607605,2.8783626556396484
1.872356653213501,2.8784806728363037
1.8723891973495483,2.8784992694854736
1.8724437952041626,2.878530979156494
1.8727787733078003,2.878723621368408
1.8729382753372192,2.8788156509399414
1.873009443283081,2.878857135772705
1.8733752965927124,2.8790690898895264
1.8734616041183472,2.8791189193725586
1.8735859394073486,2.8791913986206055
1.8737114667892456,2.8792645931243896
1.8737307786941528,2.8792760372161865
1.8741570711135864,2.8795244693756104
1.874182939529419,2.879539966583252
1.8743834495544434,2.87965726852417
1.8744633197784424,2.879703998565674
1.8749092817306519,2.8799664974212646
1.8749756813049316,2.8800055980682373
1.8750360012054443,2.8800413608551025
1.875064730644226,2.8800580501556396
1.8753840923309326,2.880246877670288
1.875387191772461,2.880248785018921
1.8754888772964478,2.8803093433380127
1.8759881258010864,2.880605936050415
1.876236915588379,2.8807544708251953
1.8763457536697388,2.88081955909729
1.8763800859451294,2.8808400630950928
1.8763912916183472,2.8808467388153076
1.876499891281128,2.8809115886688232
1.8766207695007324,2.880984306335449
1.8767772912979126,2.8810784816741943
1.877374529838562,2.8814382553100586
1.877495288848877,2.8815112113952637
1.8775111436843872,2.8815207481384277
1.87762451171875,2.881589412689209
1.8777109384536743,2.8816418647766113
1.8777711391448975,2.881678342819214
1.8778823614120483,2.8817458152770996
1.8779761791229248,2.881803035736084
1.8780252933502197,2.8818328380584717
1.8783702850341797,2.8820431232452393
1.8787513971328735,2.8822762966156006
1.879023790359497,2.882443428039551
1.8790310621261597,2.8824479579925537
1.879170536994934,2.8825340270996094
1.8791859149932861,2.8825433254241943
1.8792357444763184,2.8825740814208984
1.8793443441390991,2.882641077041626
1.8793705701828003,2.882657289505005
1.87946355342865,2.8827145099639893
1.8800053596496582,2.8830502033233643
1.8803304433822632,2.8832521438598633
1.8803781270980835,2.883281946182251
1.8804118633270264,2.883302688598633
1.880483865737915,2.883347988128662
1.8805464506149292,2.8833870887756348
1.8805904388427734,2.8834142684936523
1.8809605836868286,2.88364577293396
1.8809998035430908,2.8836705684661865
1.8812575340270996,2.8838324546813965
1.8813960552215576,2.8839197158813477
1.8815563917160034,2.8840208053588867
1.8816310167312622,2.884068012237549
1.8818210363388062,2.884187698364258
1.8819849491119385,2.884291887283325
1.8820558786392212,2.884336471557617
1.8824273347854614,2.884572744369507
1.8824658393859863,2.8845973014831543
1.8825082778930664,2.8846240043640137
1.8825937509536743,2.884678602218628
1.8826725482940674,2.8847289085388184
1.8829258680343628,2.884890556335449
1.8831803798675537,2.8850536346435547
1.88336980342865,2.8851752281188965
1.8834749460220337,2.8852427005767822
1.883557915687561,2.885296106338501
1.8837579488754272,2.885425090789795
1.8837631940841675,2.8854286670684814
1.8839778900146484,2.8855671882629395
1.8841294050216675,2.885664939880371
1.8842153549194336,2.885720729827881
1.8845418691635132,2.885932683944702
1.8845608234405518,2.8859450817108154
1.8847453594207764,2.8860652446746826
1.8848313093185425,2.8861212730407715
1.8850069046020508,2.8862357139587402
1.8850510120391846,2.8862645626068115
1.8854953050613403,2.8865556716918945
1.8854998350143433,2.8865585327148438
1.88560950756073,2.8866310119628906
1.8856309652328491,2.8866448402404785
1.8858799934387207,2.8868086338043213
1.8859606981277466,2.886861801147461
1.886111855506897,2.8869616985321045
1.8865339756011963,2.8872416019439697
1.8867453336715698,2.8873815536499023
1.8867796659469604,2.887404203414917
1.8869121074676514,2.8874924182891846
1.887016773223877,2.8875625133514404
1.8870371580123901,2.887576103210449
1.8873786926269531,2.8878042697906494
1.88746976852417,2.8878650665283203
1.887887954711914,2.888145685195923
1.8879307508468628,2.8881747722625732
1.888005256652832,2.8882246017456055
1.8880550861358643,2.888258695602417
1.8884154558181763,2.8885014057159424
1.8885407447814941,2.8885862827301025
1.8888133764266968,2.8887710571289062
1.8888193368911743,2.88877534866333
1.8889389038085938,2.8888564109802246
1.889061450958252,2.88893985748291
1.8893264532089233,2.889120578765869
1.8894647359848022,2.8892149925231934
1.8897472620010376,2.889408588409424
1.889939546585083,2.889540433883667
1.8900657892227173,2.88962721824646
1.8901609182357788,2.889692544937134
1.8902634382247925,2.889763355255127
1.890265703201294,2.8897645473480225
1.8905941247940063,2.889991521835327
1.890912413597107,2.890212059020996
1.8909355401992798,2.890228033065796
1.8910356760025024,2.8902974128723145
1.891494870185852,2.8906171321868896
1.8914992809295654,2.890619993209839
1.8915905952453613,2.890684127807617
1.8916116952896118,2.8906986713409424
1.891727328300476,2.890779495239258
1.8918583393096924,2.890871047973633
1.8919299840927124,2.890921115875244
1.8922836780548096,2.891170024871826
1.8923488855361938,2.8912155628204346
1.8927608728408813,2.8915061950683594
1.8928214311599731,2.8915491104125977
1.89292573928833,2.89162278175354
1.893113613128662,2.891756057739258
1.8931195735931396,2.8917603492736816
1.893203616142273,2.891819477081299
1.893331527709961,2.8919107913970947
1.8934941291809082,2.89202618598938
1.8937742710113525,2.892225980758667
1.8939260244369507,2.8923346996307373
1.894049048423767,2.8924224376678467
1.8941410779953003,2.892488479614258
1.8943779468536377,2.8926584720611572
1.8946335315704346,2.8928422927856445
1.8946702480316162,2.892868757247925
1.894690990447998,2.8928840160369873
1.8949335813522339,2.8930587768554688
1.8949869871139526,2.893097400665283
1.8951890468597412,2.8932435512542725
1.895362377166748,2.89336895942688
1.895453929901123,2.8934357166290283
1.8956340551376343,2.893566846847534
1.8958147764205933,2.89369797706604
1.895951509475708,2.893798351287842
1.896148920059204,2.89394211769104
1.8961880207061768,2.8939709663391113
1.8965809345245361,2.894258975982666
1.8965935707092285,2.894268035888672
1.8966995477676392,2.894346237182617
1.8967605829238892,2.894390821456909
1.896888017654419,2.8944849967956543
1.8969309329986572,2.8945164680480957
1.8969827890396118,2.894554853439331
1.897658348083496,2.895054578781128
1.8976932764053345,2.89508056640625
1.8979880809783936,2.8952999114990234
1.8980215787887573,2.895324945449829
1.898030400276184,2.895331621170044
1.8980588912963867,2.895352602005005
1.8980611562728882,2.8953545093536377
1.8981165885925293,2.8953957557678223
1.8981401920318604,2.895413398742676
1.8990896940231323,2.896125555038452
1.8990973234176636,2.8961308002471924
1.899160385131836,2.896178722381592
1.8992053270339966,2.896212339401245
1.8993560075759888,2.8963260650634766
1.899372935295105,2.896338939666748
1.8993909358978271,2.896352529525757
1.8994393348693848,2.8963892459869385
1.8995966911315918,2.896507978439331
1.9001383781433105,2.8969194889068604
1.9001864194869995,2.896955728530884
1.900640606880188,2.8973026275634766
1.9006454944610596,2.897306442260742
1.9006534814834595,2.8973124027252197
1.9007227420806885,2.8973658084869385
1.9007484912872314,2.897385358810425
1.9008392095565796,2.8974547386169434
1.901024341583252,2.897597074508667
1.9011704921722412,2.897709369659424
1.9013007879257202,2.8978095054626465
1.9018895626068115,2.8982646465301514
1.9019299745559692,2.8982958793640137
1.902114987373352,2.898439407348633
1.9021364450454712,2.89845609664917
1.9021891355514526,2.8984971046447754
1.902244210243225,2.8985397815704346
1.9022572040557861,2.898549795150757
1.902402639389038,2.89866304397583
1.9024434089660645,2.8986947536468506
1.9031972885131836,2.899284601211548
1.9032098054885864,2.899294137954712
1.903472900390625,2.899500846862793
1.9036078453063965,2.8996071815490723
1.9036169052124023,2.8996143341064453
1.9036918878555298,2.8996737003326416
1.9037344455718994,2.899707078933716
1.9037681818008423,2.899733781814575
1.9041979312896729,2.9000742435455322
1.9044852256774902,2.900301933288574
1.9048211574554443,2.9005696773529053
1.9048224687576294,2.9005706310272217
1.9050228595733643,2.900730609893799
1.9050672054290771,2.900766134262085
1.9051419496536255,2.9008257389068604
1.9051939249038696,2.9008677005767822
1.9052932262420654,2.900947093963623
1.90535306930542,2.9009950160980225
1.9057565927505493,2.9013192653656006
1.9060547351837158,2.901559829711914
1.9061640501022339,2.9016482830047607
1.9061883687973022,2.901668071746826
1.9062708616256714,2.9017345905303955
1.9065148830413818,2.9019322395324707
1.906605839729309,2.902006149291992
1.9068180322647095,2.9021787643432617
1.9070242643356323,2.902346611022949
1.907072901725769,2.902386426925659
1.90718412399292,2.902477264404297
1.9073163270950317,2.90258526802063
1.90748131275177,2.9027202129364014
1.9074980020523071,2.9027340412139893
1.9079513549804688,2.9031059741973877
1.908082127571106,2.9032139778137207
1.9081844091415405,2.9032981395721436
1.9082884788513184,2.9033844470977783
1.9083410501480103,2.9034276008605957
1.9086045026779175,2.9036455154418945
1.9086573123931885,2.90368914604187
1.9087283611297607,2.9037482738494873
1.9088245630264282,2.9038281440734863
1.9091919660568237,2.9041335582733154
1.9093767404556274,2.904287576675415
1.9095497131347656,2.9044320583343506
1.909569501876831,2.904448986053467
1.909801959991455,2.9046435356140137
1.9098609685897827,2.9046928882598877
1.9099178314208984,2.904740810394287
1.9101442098617554,2.904930830001831
1.9102098941802979,2.9049861431121826
1.9103223085403442,2.905080795288086
1.9107915163040161,2.9054768085479736
1.9108080863952637,2.9054911136627197
1.910918116569519,2.9055845737457275
1.9110665321350098,2.905710220336914
1.9112411737442017,2.905858278274536
1.9112550020217896,2.905870199203491
1.9113763570785522,2.905973434448242
1.9114570617675781,2.9060420989990234
1.9118579626083374,2.9063847064971924
1.9120087623596191,2.9065134525299072
1.9120641946792603,2.9065608978271484
1.9121960401535034,2.9066741466522217
1.912288784980774,2.9067540168762207
1.9125717878341675,2.906996965408325
1.912614345550537,2.907033920288086
1.9127637147903442,2.9071624279022217
1.9128857851028442,2.9072682857513428
1.9130768775939941,2.90743350982666
1.913318157196045,2.9076428413391113
1.9133380651474,2.9076595306396484
1.9133557081222534,2.90767502784729
1.9135905504226685,2.90787935256958
1.9139947891235352,2.908231496810913
1.9140642881393433,2.908292293548584
1.9140838384628296,2.9083094596862793
1.9141255617141724,2.908345937728882
1.914387822151184,2.9085752964019775
1.9144448041915894,2.908625841140747
1.9145703315734863,2.908735752105713
1.91476571559906,2.908907651901245
1.9149754047393799,2.909092426300049
1.915157675743103,2.9092531204223633
1.9153591394424438,2.9094314575195312
1.91539466381073,2.9094629287719727
1.91555917263031,2.909608840942383
1.9156012535095215,2.9096460342407227
1.9158210754394531,2.909841299057007
1.9158809185028076,2.9098947048187256
1.9161440134048462,2.9101290702819824
1.9161763191223145,2.9101579189300537
1.9163508415222168,2.910313844680786
1.9166486263275146,2.9105801582336426
1.9167017936706543,2.910627841949463
1.9168126583099365,2.9107277393341064
1.917070746421814,2.910959482192993
1.917122721672058,2.911006212234497
1.9171844720840454,2.9110617637634277
1.9173638820648193,2.9112236499786377
1.9174758195877075,2.9113245010375977
1.917717456817627,2.911543369293213
1.9178752899169922,2.911686658859253
1.9179331064224243,2.911738872528076
1.9181849956512451,2.9119679927825928
1.9182473421096802,2.91202449798584
1.9183197021484375,2.91209077835083
1.9186466932296753,2.912388801574707
1.9187642335891724,2.912496566772461
1.918835163116455,2.9125614166259766
1.9188748598098755,2.91259765625
1.9190753698349,2.9127814769744873
1.9190795421600342,2.912785530090332
1.9191811084747314,2.9128785133361816
1.9192129373550415,2.912907838821411
1.9196974039077759,2.9133543968200684
1.9200122356414795,2.9136455059051514
1.9201717376708984,2.9137933254241943
1.920175552368164,2.913796901702881
1.9202946424484253,2.913907527923584
1.9203131198883057,2.9139244556427
1.9204249382019043,2.9140286445617676
1.9204883575439453,2.9140875339508057
1.9205946922302246,2.914186477661133
1.9211612939834595,2.914715528488159
1.9211713075637817,2.9147250652313232
1.9212226867675781,2.9147729873657227
1.9215747117996216,2.9151036739349365
1.9216965436935425,2.9152181148529053
1.92174232006073,2.9152612686157227
1.9217597246170044,2.9152774810791016
1.9217665195465088,2.9152841567993164
1.9221715927124023,2.9156665802001953
1.9222501516342163,2.915740728378296
1.9223988056182861,2.915881395339966
1.9226375818252563,2.9161081314086914
1.9228628873825073,2.9163224697113037
1.9230273962020874,2.9164791107177734
1.923100471496582,2.916548728942871
1.923178791999817,2.916623592376709
1.9231791496276855,2.916624069213867
1.9232195615768433,2.9166626930236816
1.9235433340072632,2.9169723987579346
1.9238440990447998,2.9172608852386475
1.9241249561309814,2.9175310134887695
1.9241762161254883,2.9175803661346436
1.9241970777511597,2.917600631713867
1.9242916107177734,2.917691946029663
1.9244270324707031,2.9178225994110107
1.9246041774749756,2.9179940223693848
1.9246594905853271,2.9180474281311035
1.9247394800186157,2.9181251525878906
1.9252283573150635,2.918600082397461
1.925379753112793,2.9187474250793457
1.9255133867263794,2.9188780784606934
1.9255528450012207,2.9189164638519287
1.9256219863891602,2.9189839363098145
1.9257466793060303,2.9191060066223145
1.9257501363754272,2.919109344482422
1.9260189533233643,2.919373035430908
1.9262548685073853,2.919604539871216
1.9262759685516357,2.9196252822875977
1.9268112182617188,2.9201531410217285
1.9268182516098022,2.9201600551605225
1.9268598556518555,2.920200824737549
1.926872730255127,2.9202136993408203
1.927059531211853,2.9203989505767822
1.9271272420883179,2.9204659461975098
1.9273428916931152,2.920680046081543
1.9274234771728516,2.920760154724121
1.9277642965316772,2.921099901199341
1.9278669357299805,2.9212021827697754
1.9280673265457153,2.9214022159576416
1.928253173828125,2.92158842086792
1.9282875061035156,2.9216229915618896
1.9283661842346191,2.9217019081115723
1.9284319877624512,2.921767473220825
1.92863929271698,2.921976089477539
1.9288179874420166,2.9221560955047607
1.9288990497589111,2.9222376346588135
1.929266333580017,2.9226086139678955
1.9293212890625,2.922664165496826
1.9295463562011719,2.9228923320770264
1.9296530485153198,2.9230005741119385
1.9296658039093018,2.923013687133789
1.9296667575836182,2.9230146408081055
1.9299176931381226,2.923269748687744
1.9301567077636719,2.923513412475586
1.930202841758728,2.923560619354248
1.9305734634399414,2.9239397048950195
1.9306889772415161,2.924057960510254
1.9307594299316406,2.9241302013397217
1.9309258460998535,2.9243011474609375
1.9309616088867188,2.924337863922119
1.930997610092163,2.924375057220459
1.9310710430145264,2.924450635910034
1.9315783977508545,2.924973726272583
1.9316781759262085,2.925077199935913
1.9318242073059082,2.9252283573150635
1.931862473487854,2.9252679347991943
1.9319264888763428,2.9253344535827637
1.932202696800232,2.925621271133423
1.9322423934936523,2.9256627559661865
1.9322510957717896,2.9256715774536133
1.932286024093628,2.925708293914795
1.93250572681427,2.9259369373321533
1.9329224824905396,2.926372766494751
1.932944893836975,2.926396131515503
1.933066725730896,2.9265239238739014
1.933073878288269,2.9265313148498535
1.9332021474838257,2.926665782928467
1.933534026145935,2.9270150661468506
1.9335355758666992,2.927016496658325
1.933713674545288,2.9272043704986572
1.9339169263839722,2.9274189472198486
1.933922529220581,2.927424669265747
1.9339557886123657,2.9274604320526123
1.9343003034591675,2.9278247356414795
1.934302806854248,2.9278273582458496
1.9343228340148926,2.927849054336548
1.9347271919250488,2.928278684616089
1.9347444772720337,2.9282970428466797
1.9348154067993164,2.928372859954834
1.9349126815795898,2.928476572036743
1.9351731538772583,2.9287548065185547
1.9354196786880493,2.929018974304199
1.9355618953704834,2.929171323776245
1.9355779886245728,2.9291884899139404
1.9356523752212524,2.9292683601379395
1.9359129667282104,2.929548740386963
1.9359204769134521,2.9295568466186523
1.9360908269882202,2.9297401905059814
1.9362519979476929,2.9299142360687256
1.936620831489563,2.9303135871887207
1.9368500709533691,2.9305624961853027
1.9368959665298462,2.930612087249756
1.9369205236434937,2.9306387901306152
1.936993956565857,2.9307186603546143
1.9370651245117188,2.9307961463928223
1.9371719360351562,2.930912494659424
1.9373621940612793,2.931119918823242
1.9377750158309937,2.9315714836120605
1.9379384517669678,2.931750535964966
1.93805730342865,2.9318809509277344
1.93816339969635,2.931997537612915
1.9381812810897827,2.9320175647735596
1.9383279085159302,2.932178497314453
1.9383833408355713,2.9322400093078613
1.9386298656463623,2.932511568069458
1.9387075901031494,2.9325976371765137
1.9389697313308716,2.932887554168701
1.9392719268798828,2.933222770690918
1.9392949342727661,2.933248519897461
1.9394826889038086,2.933457374572754
1.9395005702972412,2.9334769248962402
1.9396544694900513,2.933648109436035
1.93988037109375,2.933900833129883
1.9398940801620483,2.933915615081787
1.9400173425674438,2.934053659439087
1.940187692642212,2.934244394302368
1.9403400421142578,2.934415102005005
1.9408103227615356,2.934943675994873
1.9408599138259888,2.934999704360962
1.9408974647521973,2.935042142868042
1.9409741163253784,2.935128688812256
1.9410842657089233,2.9352526664733887
1.9411553144454956,2.935333251953125
1.9413856267929077,2.935593843460083
1.941388726234436,2.9355971813201904
1.941615343093872,2.935854434967041
1.9421733617782593,2.9364893436431885
1.9422403573989868,2.936565637588501
1.9422869682312012,2.9366188049316406
1.9423019886016846,2.936635971069336
1.9423197507858276,2.9366562366485596
1.9424136877059937,2.9367637634277344
1.9424208402633667,2.936771869659424
1.9428976774215698,2.9373180866241455
1.9429936408996582,2.9374282360076904
1.94328773021698,2.9377670288085938
1.9434394836425781,2.937941789627075
1.9435936212539673,2.938119888305664
1.9436402320861816,2.938173770904541
1.9436697959899902,2.9382081031799316
1.9436964988708496,2.938239097595215
1.9438217878341675,2.9383835792541504
1.9443254470825195,2.9389686584472656
1.9444150924682617,2.939072847366333
1.9444303512573242,2.9390907287597656
1.944447636604309,2.93911075592041
1.9448941946029663,2.939631938934326
1.944923758506775,2.939666271209717
1.9450582265853882,2.939823865890503
1.945081353187561,2.9398510456085205
1.945314884185791,2.940124750137329
1.9453626871109009,2.940181016921997
1.9454481601715088,2.940281391143799
1.945603847503662,2.9404642581939697
1.9456138610839844,2.940476179122925
1.9459365606307983,2.940856695175171
1.9461759328842163,2.9411394596099854
1.946189045906067,2.941154956817627
1.9464442729949951,2.9414570331573486
1.9464569091796875,2.941472291946411
1.9464929103851318,2.9415149688720703
1.9467978477478027,2.9418773651123047
1.946808099746704,2.941889524459839
1.9468618631362915,2.941953182220459
1.94708251953125,2.942216396331787
1.947426676750183,2.942627429962158
1.9474387168884277,2.9426419734954834
1.9474605321884155,2.9426679611206055
1.9474785327911377,2.9426896572113037
1.947823405265808,2.943103075027466
1.9479429721832275,2.943246603012085
1.9480416774749756,2.9433653354644775
1.9480723142623901,2.943402051925659
1.9482691287994385,2.9436392784118652
1.9484344720840454,2.9438388347625732
1.948676347732544,2.9441311359405518
1.9487379789352417,2.9442052841186523
1.9487630128860474,2.9442358016967773
1.9489855766296387,2.944505453109741
1.949181318283081,2.9447433948516846
1.9492483139038086,2.944824695587158
1.9493032693862915,2.944891929626465
1.9494068622589111,2.9450175762176514
1.949434757232666,2.945051908493042
1.9497286081314087,2.9454102516174316
1.9499253034591675,2.945650577545166
1.9500428438186646,2.9457945823669434
1.9503319263458252,2.9461493492126465
1.9503929615020752,2.9462239742279053
1.9504423141479492,2.946284532546997
1.9505103826522827,2.94636869430542
1.9505308866500854,2.9463934898376465
1.9505914449691772,2.9464681148529053
1.950883150100708,2.9468276500701904
1.9511762857437134,2.947190046310425
1.9513182640075684,2.9473655223846436
1.9514602422714233,2.9475414752960205
1.9515091180801392,2.9476020336151123
1.9518675804138184,2.948047637939453
1.95187246799469,2.9480538368225098
1.9519047737121582,2.948094129562378
1.9520334005355835,2.948254346847534
1.952370524406433,2.9486751556396484
1.9524915218353271,2.948826313018799
1.9525896310806274,2.9489495754241943
1.9525997638702393,2.9489622116088867
1.9526127576828003,2.9489786624908447
1.9532064199447632,2.9497244358062744
1.9532419443130493,2.9497690200805664
1.9533476829528809,2.949902057647705
1.9535391330718994,2.9501442909240723
1.953553318977356,2.950161933898926
1.9536678791046143,2.9503068923950195
1.9538573026657104,2.9505465030670166
1.9538675546646118,2.9505598545074463
1.954038143157959,2.9507758617401123
1.9545329809188843,2.9514052867889404
1.9546012878417969,2.9514923095703125
1.954606056213379,2.951498508453369
1.9547165632247925,2.951639413833618
1.954775333404541,2.951714277267456
1.9550687074661255,2.952089786529541
1.9551215171813965,2.9521572589874268
1.9553728103637695,2.952479839324951
1.9554529190063477,2.952582359313965
1.9556951522827148,2.9528939723968506
1.9557486772537231,2.952962875366211
1.9558526277542114,2.953097105026245
1.955981731414795,2.953263521194458
1.9561536312103271,2.9534857273101807
1.9563827514648438,2.953782081604004
1.9565781354904175,2.954035520553589
1.9567673206329346,2.9542813301086426
1.9568095207214355,2.954336166381836
1.956857442855835,2.9543983936309814
1.9568848609924316,2.9544341564178467
1.9571654796600342,2.9547998905181885
1.9573816061019897,2.9550819396972656
1.9574854373931885,2.9552175998687744
1.9576411247253418,2.955421209335327
1.9577754735946655,2.955597400665283
1.9579521417617798,2.955829381942749
1.9580801725387573,2.9559974670410156
1.958251953125,2.956223726272583
1.958379864692688,2.9563920497894287
1.9584022760391235,2.9564216136932373
1.9584721326828003,2.9565136432647705
1.9587738513946533,2.9569125175476074
1.9587759971618652,2.9569153785705566
1.9587996006011963,2.95694637298584
1.9588972330093384,2.957075595855713
1.9591256380081177,2.9573781490325928
1.9595732688903809,2.9579737186431885
1.9596368074417114,2.9580583572387695
1.9597721099853516,2.9582386016845703
1.9597727060317993,2.9582393169403076
1.9599237442016602,2.9584412574768066
1.9600218534469604,2.9585723876953125
1.960099697113037,2.958676338195801
1.960151195526123,2.958745241165161
1.96023428440094,2.9588565826416016
1.9603298902511597,2.958984613418579
1.9607665538787842,2.959571123123169
1.961012363433838,2.95990252494812
1.9610562324523926,2.959961414337158
1.9610675573349,2.9599769115448
1.961232304573059,2.9601991176605225
1.9614033699035645,2.96043062210083
1.9614477157592773,2.9604907035827637
1.9615634679794312,2.9606475830078125
1.9616843461990356,2.960811138153076
1.9617551565170288,2.960907220840454
1.9617623090744019,2.9609169960021973
1.9623570442199707,2.961726665496826
1.9623788595199585,2.961756706237793
1.9624083042144775,2.961796522140503
1.9625275135040283,2.9619596004486084
1.9626541137695312,2.962132453918457
1.9627625942230225,2.962280750274658
1.962825059890747,2.9623663425445557
1.9629727602005005,2.962568759918213
1.9631482362747192,2.9628098011016846
1.9633491039276123,2.9630861282348633
1.9635529518127441,2.963366985321045
1.9636415243148804,2.963489055633545
1.9637367725372314,2.963620185852051
1.9637701511383057,2.9636662006378174
1.963903784751892,2.9638514518737793
1.9639869928359985,2.9639663696289062
1.9641132354736328,2.9641406536102295
1.9644975662231445,2.964674234390259
1.9646245241165161,2.964850902557373
1.964669108390808,2.9649128913879395
1.9647880792617798,2.965078353881836
1.9648847579956055,2.9652132987976074
1.9649213552474976,2.965264320373535
1.9650863409042358,2.965494394302368
1.9651527404785156,2.9655873775482178
1.9654265642166138,2.965970277786255
1.9654346704483032,2.9659817218780518
1.9657597541809082,2.966437816619873
1.9658193588256836,2.966521739959717
1.9660205841064453,2.9668045043945312
1.9661118984222412,2.966933250427246
1.9661967754364014,2.967052698135376
1.966364860534668,2.967289924621582
1.9664279222488403,2.967379093170166
1.9667637348175049,2.9678544998168945
1.9668278694152832,2.967944860458374
1.9668669700622559,2.9680004119873047
1.9668711423873901,2.9680063724517822
1.9674681425094604,2.968855381011963
1.9675405025482178,2.9689583778381348
1.96760892868042,2.9690558910369873
1.9677618741989136,2.9692745208740234
1.9677925109863281,2.969318389892578
1.9678765535354614,2.969438314437866
1.9679338932037354,2.9695208072662354
1.9681230783462524,2.9697914123535156
1.9682965278625488,2.9700403213500977
1.9687358140945435,2.9706716537475586
1.968908667564392,2.970921039581299
1.9690229892730713,2.971086263656616
1.9690558910369873,2.9711337089538574
1.9690884351730347,2.9711806774139404
1.9691141843795776,2.971217632293701
1.9691708087921143,2.971299886703491
1.9695035219192505,2.9717817306518555
1.9697113037109375,2.97208309173584
1.9699273109436035,2.9723970890045166
1.9700000286102295,2.9725029468536377
1.970137357711792,2.972703218460083
1.9704080820083618,2.9730982780456543
1.9705026149749756,2.973236322402954
1.9705653190612793,2.973328113555908
1.9706262350082397,2.973417282104492
1.9709033966064453,2.973823308944702
1.9709354639053345,2.9738707542419434
1.9711158275604248,2.974135637283325
1.9712612628936768,2.9743494987487793
1.9712799787521362,2.974376916885376
1.9712802171707153,2.974377393722534
1.9717209339141846,2.975027561187744
1.9717910289764404,2.975130796432495
1.9719359874725342,2.9753451347351074
1.9720673561096191,2.975539445877075
1.9721436500549316,2.9756524562835693
1.9723213911056519,2.9759163856506348
1.9724534749984741,2.9761126041412354
1.9725103378295898,2.9761972427368164
1.9725196361541748,2.9762110710144043
1.9729321002960205,2.97682523727417
1.9730000495910645,2.9769270420074463
1.9730275869369507,2.976968288421631
1.9730390310287476,2.976985216140747
1.9735604524612427,2.9777657985687256
1.9736577272415161,2.9779117107391357
1.9736651182174683,2.9779229164123535
1.9737560749053955,2.9780595302581787
1.9737757444381714,2.978088855743408
1.9738951921463013,2.978268623352051
1.9739265441894531,2.978315830230713
1.9742494821548462,2.978802442550659
1.9743281602859497,2.9789211750030518
1.9746555089950562,2.9794161319732666
1.9748913049697876,2.9797732830047607
1.9749222993850708,2.9798202514648438
1.975029706954956,2.979983329772949
1.9750434160232544,2.980004072189331
1.9751890897750854,2.9802255630493164
1.9752061367034912,2.9802517890930176
1.9752707481384277,2.9803497791290283
1.9754254817962646,2.9805855751037598
1.9756230115890503,2.980886697769165
1.9759225845336914,2.981343984603882
1.9761528968811035,2.9816970825195312
1.9762494564056396,2.9818451404571533
1.9762818813323975,2.9818949699401855
1.9765148162841797,2.982252836227417
1.9765701293945312,2.982337713241577
1.9766372442245483,2.982440948486328
1.9766700267791748,2.9824914932250977
1.9767141342163086,2.9825592041015625
1.976912498474121,2.98286509513855
1.9769301414489746,2.9828922748565674
1.9774410724639893,2.983682155609131
1.9775326251983643,2.983823776245117
1.9776862859725952,2.9840621948242188
1.9777851104736328,2.98421573638916
1.9779480695724487,2.984468936920166
1.9779741764068604,2.9845099449157715
1.9779951572418213,2.98454213142395
1.9781463146209717,2.9847774505615234
1.9781969785690308,2.984856605529785
1.9782389402389526,2.984922170639038
1.9787544012069702,2.9857277870178223
1.9787769317626953,2.98576283454895
1.978782296180725,2.985771417617798
1.9789793491363525,2.9860801696777344
1.9792652130126953,2.9865293502807617
1.9793447256088257,2.986654281616211
1.979421854019165,2.9867758750915527
1.979476809501648,2.9868621826171875
1.9796336889266968,2.987109422683716
1.9797619581222534,2.987312078475952
1.9798450469970703,2.987443208694458
1.9800269603729248,2.9877305030822754
1.9800312519073486,2.9877378940582275
1.9800915718078613,2.987833023071289
1.9806863069534302,2.9887771606445312
1.9806928634643555,2.9887874126434326
1.9807522296905518,2.988881826400757
1.980858325958252,2.9890506267547607
1.9808937311172485,2.989107131958008
1.9810938835144043,2.989426374435425
1.9811307191848755,2.989485263824463
1.9812818765640259,2.9897267818450928
1.9814509153366089,2.989996910095215
1.9819258451461792,2.9907591342926025
1.9820202589035034,2.990910768508911
1.9820235967636108,2.9909162521362305
1.9820711612701416,2.990992546081543
1.9821829795837402,2.9911723136901855
1.9822837114334106,2.9913346767425537
1.9826359748840332,2.991903066635132
1.9827972650527954,2.992164373397827
1.982831358909607,2.9922192096710205
1.9829444885253906,2.9924025535583496
1.9832912683486938,2.9929654598236084
1.983297348022461,2.9929752349853516
1.9833468198776245,2.9930553436279297
1.983402967453003,2.9931466579437256
1.9836984872817993,2.9936280250549316
1.9839526414871216,2.9940428733825684
1.9840894937515259,2.9942662715911865
1.9841480255126953,2.9943623542785645
1.9842312335968018,2.9944984912872314
1.9843066930770874,2.994621992111206
1.9844399690628052,2.994840145111084
1.9845554828643799,2.995029926300049
1.9846664667129517,2.9952123165130615
1.9846913814544678,2.995252847671509
1.9849531650543213,2.9956836700439453
1.9851030111312866,2.9959306716918945
1.985613465309143,2.9967739582061768
1.9856492280960083,2.996833086013794
1.9856654405593872,2.9968597888946533
1.9858087301254272,2.9970974922180176
1.985809326171875,2.997098445892334
1.9858167171478271,2.9971108436584473
1.985939383506775,2.997314214706421
1.9859492778778076,2.997330665588379
1.9859793186187744,2.997380256652832
1.9864975214004517,2.9982426166534424
1.986817717552185,2.998777151107788
1.9869437217712402,2.998988151550293
1.9870750904083252,2.9992079734802246
1.987083911895752,2.999222755432129
1.9871498346328735,2.999333143234253
1.9871869087219238,2.9993951320648193
1.9872859716415405,2.999561309814453
1.9873018264770508,2.9995882511138916
1.9874647855758667,2.999861478805542
1.987882375717163,3.0005645751953125
1.987939476966858,3.0006604194641113
1.9880512952804565,3.000849485397339
1.988325834274292,3.0013132095336914
1.9883311986923218,3.0013222694396973
1.9885339736938477,3.0016655921936035
1.9885865449905396,3.0017549991607666
1.988710880279541,3.0019655227661133
1.9887847900390625,3.0020911693573
1.9889397621154785,3.002354383468628
1.9890587329864502,3.002556800842285
1.9892578125,3.0028958320617676
1.9893128871917725,3.0029900074005127
1.9894704818725586,3.003258466720581
1.9895851612091064,3.0034546852111816
1.9898813962936401,3.0039613246917725
1.9899473190307617,3.0040740966796875
1.9899978637695312,3.0041608810424805
1.9902359247207642,3.0045692920684814
1.9902560710906982,3.004603862762451
1.9905866384506226,3.0051727294921875
1.9905943870544434,3.005185842514038
1.9906010627746582,3.005197525024414
1.9906244277954102,3.0052380561828613
1.9908373355865479,3.0056047439575195
1.9909652471542358,3.0058257579803467
1.991170883178711,3.006181478500366
1.9914741516113281,3.006706714630127
1.9916772842407227,3.007059335708618
1.9917155504226685,3.0071258544921875
1.9917607307434082,3.007204294204712
1.9919143915176392,3.007471799850464
1.991982340812683,3.00758957862854
1.9919965267181396,3.007614850997925
1.9920744895935059,3.0077502727508545
1.9920880794525146,3.0077741146087646
1.9924553632736206,3.0084149837493896
1.9927453994750977,3.008922815322876
1.9929615259170532,3.0093019008636475
1.993044137954712,3.009446620941162
1.9931632280349731,3.009655714035034
1.9932515621185303,3.0098111629486084
1.993283748626709,3.0098676681518555
1.9933319091796875,3.0099525451660156
1.9933377504348755,3.009963035583496
1.993502140045166,3.0102522373199463
1.9937351942062378,3.0106637477874756
1.9937940835952759,3.0107674598693848
1.9941110610961914,3.0113279819488525
1.994458556175232,3.011944055557251
1.994586706161499,3.012171506881714
1.99459969997406,3.012194871902466
1.9946109056472778,3.0122148990631104
1.994673490524292,3.012326240539551
1.9948036670684814,3.0125579833984375
1.9948261976242065,3.0125977993011475
1.9948804378509521,3.0126943588256836
1.9950106143951416,3.0129265785217285
1.9952001571655273,3.0132646560668945
1.995844841003418,3.014418840408325
1.9959638118743896,3.0146324634552
1.9959913492202759,3.0146820545196533
1.9960074424743652,3.0147111415863037
1.9960250854492188,3.014742612838745
1.9962122440338135,3.0150792598724365
1.9962819814682007,3.015204668045044
1.996314525604248,3.015263795852661
1.996319055557251,3.0152719020843506
1.996833324432373,3.016200065612793
1.996852993965149,3.016235589981079
1.9973340034484863,3.0171074867248535
1.9973912239074707,3.017211437225342
1.9974398612976074,3.0172994136810303
1.9974571466445923,3.017331123352051
1.9974758625030518,3.017364978790283
1.9975006580352783,3.0174098014831543
1.9975496530532837,3.0174994468688965
1.997828483581543,3.0180065631866455
1.9978535175323486,3.018052577972412
1.9985531568527222,3.019331455230713
1.9986306428909302,3.0194735527038574
1.9986536502838135,3.0195159912109375
1.9987486600875854,3.0196900367736816
1.9988092184066772,3.019801378250122
1.9988138675689697,3.0198097229003906
1.9988443851470947,3.0198659896850586
1.998849630355835,3.0198755264282227
1.9989932775497437,3.020139694213867
1.9993305206298828,3.0207605361938477
1.9998348951339722,3.0216922760009766
1.9998440742492676,3.0217092037200928
1.999959111213684,3.0219223499298096
1.9999665021896362,3.0219359397888184
2.000075101852417,3.0221376419067383
2.000208616256714,3.0223848819732666
2.0002388954162598,3.0224411487579346
2.000243902206421,3.0224504470825195
2.0005147457122803,3.022954225540161
2.000823736190796,3.0235297679901123
2.000839948654175,3.023559808731079
2.001068592071533,3.02398681640625
2.0011351108551025,3.024111270904541
2.0012731552124023,3.024369478225708
2.001333475112915,3.024482250213623
2.0016236305236816,3.025026321411133
2.0016939640045166,3.025158405303955
2.001802682876587,3.025362491607666
2.001840114593506,3.025432586669922
2.0020387172698975,3.0258066654205322
2.002279758453369,3.0262603759765625
2.0023066997528076,3.0263113975524902
2.0023300647735596,3.026355743408203
2.0025737285614014,3.026815891265869
2.002589464187622,3.0268454551696777
2.002847671508789,3.027334213256836
2.0029993057250977,3.027621269226074
2.0031578540802,3.0279221534729004
2.003338098526001,3.0282647609710693
2.0033957958221436,3.028374433517456
2.003563642501831,3.0286941528320312
2.0036182403564453,3.0287981033325195
2.0037779808044434,3.029102325439453
2.0038435459136963,3.0292274951934814
2.0038657188415527,3.0292701721191406
2.003868579864502,3.029275417327881
2.004365921020508,3.030226707458496
2.004486560821533,3.0304577350616455
2.004634141921997,3.030740976333618
2.0048182010650635,3.031094789505005
2.004896879196167,3.0312461853027344
2.004931688308716,3.0313127040863037
2.0050885677337646,3.0316152572631836
2.0050957202911377,3.0316290855407715
2.0051581859588623,3.0317492485046387
2.005237340927124,3.031902313232422
2.005554676055908,3.032515048980713
2.005723714828491,3.032841920852661
2.0059444904327393,3.0332696437835693
2.0061216354370117,3.033613443374634
2.0062460899353027,3.0338549613952637
2.0062687397003174,3.0338990688323975
2.0063464641571045,3.034050464630127
2.0064425468444824,3.0342373847961426
2.006603479385376,3.034550428390503
2.0066115856170654,3.034566640853882
2.0066850185394287,3.0347096920013428
2.0070114135742188,3.035346746444702
2.007073402404785,3.035468101501465
2.007596015930176,3.036492109298706
2.0076186656951904,3.036536693572998
2.007624387741089,3.036547899246216
2.0076282024383545,3.036555290222168
2.0076355934143066,3.036569833755493
2.0077223777770996,3.03674054145813
2.0081005096435547,3.037484645843506
2.0081214904785156,3.0375258922576904
2.008131504058838,3.037545680999756
2.0084149837493896,3.0381052494049072
2.0086541175842285,3.0385780334472656
2.008845090866089,3.0389564037323
2.00895619392395,3.0391767024993896
2.008997678756714,3.0392584800720215
2.0090084075927734,3.0392799377441406
2.0091238021850586,3.0395090579986572
2.0092148780822754,3.0396904945373535
2.0095372200012207,3.0403313636779785
2.009546995162964,3.0403506755828857
2.0096468925476074,3.0405499935150146
2.009662389755249,3.040581226348877
2.009748697280884,3.040753126144409
2.010244607925415,3.0417442321777344
2.0102691650390625,3.0417935848236084
2.010357618331909,3.0419704914093018
2.010408401489258,3.0420725345611572
2.0106358528137207,3.0425291061401367
2.010662794113159,3.0425829887390137
2.0109617710113525,3.043184518814087
2.011075496673584,3.0434134006500244
2.0111563205718994,3.043576240539551
2.0112569332122803,3.043779134750366
2.0114924907684326,3.044255256652832
2.011531114578247,3.0443332195281982
2.0115368366241455,3.044344902038574
2.0116589069366455,3.0445916652679443
2.011826515197754,3.044931411743164
2.012153387069702,3.0455942153930664
2.0123660564422607,3.0460267066955566
2.012394905090332,3.0460853576660156
2.012653350830078,3.046611785888672
2.0126583576202393,3.0466222763061523
2.0127029418945312,3.04671311378479
2.01273512840271,3.046778917312622
2.012801170349121,3.0469133853912354
2.0129125118255615,3.04714035987854
2.013261079788208,3.047853708267212
2.0136492252349854,3.048649787902832
2.013674736022949,3.0487020015716553
2.0137078762054443,3.048769950866699
2.013760566711426,3.0488784313201904
2.0138790607452393,3.0491220951080322
2.0139689445495605,3.049307107925415
2.0140621662139893,3.049499273300171
2.0141515731811523,3.0496833324432373
2.0145065784454346,3.0504162311553955
2.0146493911743164,3.0507113933563232
2.0147111415863037,3.0508389472961426
2.015014410018921,3.0514676570892334
2.015023708343506,3.0514872074127197
2.0151455402374268,3.0517396926879883
2.0151987075805664,3.0518505573272705
2.015230417251587,3.0519161224365234
2.0153207778930664,3.0521039962768555
2.015634536743164,3.0527572631835938
2.0156569480895996,3.0528037548065186
2.0160419940948486,3.05360746383667
2.0161397457122803,3.05381178855896
2.0161750316619873,3.0538856983184814
2.01631498336792,3.054178476333618
2.0165185928344727,3.05460524559021
2.0165209770202637,3.05461049079895
2.0165767669677734,3.05472731590271
2.0166749954223633,3.054933786392212
2.0167236328125,3.0550358295440674
2.0171058177948,3.055839776992798
2.017230272293091,3.0561020374298096
2.017522096633911,3.056717872619629
2.0176098346710205,3.05690336227417
2.017651319503784,3.0569913387298584
2.0177061557769775,3.0571072101593018
2.0178306102752686,3.057370662689209
2.017832040786743,3.057373523712158
2.017887592315674,3.0574913024902344
2.0182485580444336,3.0582571029663086
2.018298625946045,3.058363199234009
2.0185651779174805,3.0589303970336914
2.01875376701355,3.0593323707580566
2.018899440765381,3.059642791748047
2.0189499855041504,3.059750556945801
2.019083023071289,3.06003475189209
2.019138813018799,3.0601541996002197
2.0191690921783447,3.0602188110351562
2.0192453861236572,3.0603818893432617
2.0193471908569336,3.0606002807617188
2.0197715759277344,3.061509847640991
2.0198206901550293,3.061615467071533
2.020012855529785,3.0620288848876953
2.02018404006958,3.0623972415924072
2.0203282833099365,3.0627079010009766
2.020333766937256,3.06272029876709
2.0203793048858643,3.0628182888031006
2.020528554916382,3.0631401538848877
2.020595073699951,3.063284158706665
2.0206358432769775,3.0633721351623535
2.0209097862243652,3.063964605331421
2.021291494369507,3.0647926330566406
2.0213980674743652,3.065023899078369
2.021449327468872,3.0651354789733887
2.021463632583618,3.065166473388672
2.021583318710327,3.065426826477051
2.021660089492798,3.065593719482422
2.021908760070801,3.0661356449127197
2.0219366550445557,3.0661964416503906
2.022024154663086,3.066387891769409
2.0221409797668457,3.0666427612304688
2.0222270488739014,3.06683087348938
2.0224061012268066,3.0672225952148438
2.0227391719818115,3.0679521560668945
2.0228068828582764,3.068100690841675
2.022832155227661,3.0681562423706055
2.0228748321533203,3.0682504177093506
2.0229485034942627,3.0684123039245605
2.0231668949127197,3.068892478942871
2.023270606994629,3.0691208839416504
2.023308753967285,3.069204807281494
2.023406744003296,3.069420576095581
2.023653030395508,3.0699639320373535
2.023946762084961,3.0706138610839844
2.024010419845581,3.0707545280456543
2.0241963863372803,3.0711662769317627
2.024289608001709,3.0713729858398438
2.0243163108825684,3.07143235206604
2.0243403911590576,3.071485996246338
2.024402618408203,3.0716240406036377
2.02459716796875,3.0720560550689697
2.0247268676757812,3.072345018386841
2.0251705646514893,3.073333740234375
2.025278091430664,3.0735738277435303
2.0253970623016357,3.0738401412963867
2.025406837463379,3.073861837387085
2.0255444049835205,3.074169397354126
2.025602340698242,3.0742993354797363
2.025693893432617,3.0745046138763428
2.025818347930908,3.0747833251953125
2.025916814804077,3.0750043392181396
2.0261614322662354,3.0755536556243896
2.026392936706543,3.0760746002197266
2.0265424251556396,3.076411485671997
2.026582956314087,3.076503038406372
2.0266919136047363,3.0767486095428467
2.026778221130371,3.076943874359131
2.0270884037017822,3.0776448249816895
2.0271964073181152,3.0778896808624268
2.0272297859191895,3.077965497970581
2.0273115634918213,3.0781502723693848
2.027393102645874,3.0783352851867676
2.027611494064331,3.0788307189941406
2.0277276039123535,3.079094409942627
2.027803659439087,3.0792675018310547
2.0280396938323975,3.0798048973083496
2.0282158851623535,3.0802066326141357
2.0284008979797363,3.0806291103363037
2.028473377227783,3.0807948112487793
2.028536319732666,3.0809385776519775
2.0287318229675293,3.081386089324951
2.028794527053833,3.0815296173095703
2.028843641281128,3.081641912460327
2.029062032699585,3.0821428298950195
2.0290753841400146,3.0821735858917236
2.029327869415283,3.0827534198760986
2.029418706893921,3.0829620361328125
2.029740810394287,3.0837044715881348
2.029836893081665,3.08392596244812
2.02984881401062,3.0839531421661377
2.0299341678619385,3.0841503143310547
2.030211925506592,3.084792375564575
2.0302658081054688,3.0849170684814453
2.030318021774292,3.08503794670105
2.0304501056671143,3.085344076156616
2.0305516719818115,3.0855791568756104
2.0306413173675537,3.085787296295166
2.0310025215148926,3.0866267681121826
2.0311317443847656,3.0869274139404297
2.0312154293060303,3.0871224403381348
2.0312657356262207,3.0872395038604736
2.0314977169036865,3.087780714035034
2.031572103500366,3.087954044342041
2.031639814376831,3.0881125926971436
2.0317251682281494,3.0883121490478516
2.0319783687591553,3.08890438079834
2.032039165496826,3.0890469551086426
2.0320510864257812,3.0890748500823975
2.032421350479126,3.0899436473846436
2.032564401626587,3.090280294418335
2.0325732231140137,3.090301036834717
2.0327887535095215,3.090808153152466
2.0328242778778076,3.0908918380737305
2.033018112182617,3.091348886489868
2.033083200454712,3.0915024280548096
2.033172845840454,3.0917141437530518
2.0333378314971924,3.092103958129883
2.033536195755005,3.092573404312134
2.033653736114502,3.0928518772125244
2.033705711364746,3.09297513961792
2.0339229106903076,3.0934898853302
2.0340750217437744,3.0938515663146973
2.034101963043213,3.0939157009124756
2.034308671951294,3.094407081604004
2.0343499183654785,3.094505786895752
2.034609317779541,3.095123529434204
2.0347180366516113,3.095383405685425
2.0347681045532227,3.0955028533935547
2.0349280834198,3.0958850383758545
2.0349855422973633,3.096022605895996
2.035041332244873,3.096156120300293
2.0351099967956543,3.096320390701294
2.035264492034912,3.0966906547546387
2.0353245735168457,3.096834182739258
2.0356383323669434,3.0975875854492188
2.0358240604400635,3.098033905029297
2.0359106063842773,3.0982418060302734
2.0360348224639893,3.098541259765625
2.0361106395721436,3.098724126815796
2.0361180305480957,3.0987420082092285
2.0362608432769775,3.099086284637451
2.036553382873535,3.099792718887329
2.036573648452759,3.099841594696045
2.0365984439849854,3.0999019145965576
2.0366477966308594,3.1000213623046875
2.036886215209961,3.1005983352661133
2.0370841026306152,3.101078510284424
2.037106513977051,3.101132869720459
2.0373334884643555,3.101684093475342
2.037449598312378,3.101966619491577
2.037532329559326,3.1021676063537598
2.037536144256592,3.1021766662597656
2.0379250049591064,3.1031246185302734
2.0380709171295166,3.1034810543060303
2.0380966663360596,3.103543996810913
2.0381009578704834,3.1035547256469727
2.0382883548736572,3.1040127277374268
2.0383033752441406,3.1040494441986084
2.038800001144409,3.105266571044922
2.0388355255126953,3.105353832244873
2.038853883743286,3.1053991317749023
2.038970708847046,3.1056861877441406
2.0390968322753906,3.1059961318969727
2.0392446517944336,3.1063601970672607
2.0392727851867676,3.1064295768737793
2.0395219326019287,3.107043504714966
2.0395922660827637,3.107217311859131
2.0398974418640137,3.10797119140625
2.0400643348693848,3.108384609222412
2.0400969982147217,3.1084656715393066
2.040248394012451,3.1088407039642334
2.0403287410736084,3.1090402603149414
2.040417432785034,3.109260082244873
2.0404207706451416,3.1092684268951416
2.040557622909546,3.1096084117889404
2.040783643722534,3.110170364379883
2.041104793548584,3.1109704971313477
2.041116237640381,3.11099910736084
2.041325330734253,3.111521005630493
2.0414328575134277,3.1117897033691406
2.0415334701538086,3.112041473388672
2.041633367538452,3.112291097640991
2.04181170463562,3.1127378940582275
2.0418641567230225,3.1128697395324707
2.041884660720825,3.1129207611083984
2.04207181930542,3.1133904457092285
2.0421226024627686,3.1135177612304688
2.04258394241333,3.114678382873535
2.042623996734619,3.114779233932495
2.0426411628723145,3.1148223876953125
2.0429129600524902,3.1155083179473877
2.043008804321289,3.115750551223755
2.043154001235962,3.116117477416992
2.0431647300720215,3.116144895553589
2.043282985687256,3.1164438724517822
2.043360948562622,3.1166412830352783
2.0433850288391113,3.1167023181915283
2.0436923503875732,3.1174814701080322
2.043839931488037,3.117856025695801
2.044166088104248,3.118685722351074
2.044201612472534,3.118776559829712
2.0443408489227295,3.119131326675415
2.044375419616699,3.1192193031311035
2.044459581375122,3.119434118270874
2.044722080230713,3.1201043128967285
2.044740915298462,3.120152473449707
2.0447423458099365,3.1201562881469727
2.0448484420776367,3.1204276084899902
2.0450937747955322,3.1210553646087646
2.0452682971954346,3.1215028762817383
2.045689105987549,3.122584104537964
2.0457191467285156,3.1226611137390137
2.0457332134246826,3.122697591781616
2.0457491874694824,3.1227383613586426
2.0457730293273926,3.12280011177063
2.04608154296875,3.1235952377319336
2.046190023422241,3.1238749027252197
2.0463454723358154,3.124276638031006
2.0463461875915527,3.1242780685424805
2.0463576316833496,3.124307870864868
2.0467917919158936,3.1254312992095947
2.0470335483551025,3.126058340072632
2.047050952911377,3.126103639602661
2.0470829010009766,3.1261868476867676
2.0472090244293213,3.126513957977295
2.047461986541748,3.1271724700927734
2.0474720001220703,3.1271982192993164
2.0475969314575195,3.127523422241211
2.047626495361328,3.127600908279419
2.04766583442688,3.1277034282684326
2.047799825668335,3.1280527114868164
2.0478506088256836,3.1281850337982178
2.0483133792877197,3.12939453125
2.048339366912842,3.129462480545044
2.048424482345581,3.129685878753662
2.048614501953125,3.1301841735839844
2.048724412918091,3.1304726600646973
2.048800468444824,3.1306722164154053
2.048846483230591,3.1307930946350098
2.0488617420196533,3.130833387374878
2.0490520000457764,3.131333351135254
2.0493626594543457,3.1321516036987305
2.0493855476379395,3.132211923599243
2.0495872497558594,3.132744312286377
2.049588680267334,3.1327478885650635
2.0497584342956543,3.1331963539123535
2.049787998199463,3.1332743167877197
2.0497963428497314,3.1332967281341553
2.050095319747925,3.134087562561035
2.050233840942383,3.1344552040100098
2.0502798557281494,3.1345772743225098
2.050466775894165,3.135073184967041
2.050790786743164,3.135934591293335
2.050797700881958,3.135952949523926
2.0508601665496826,3.1361196041107178
2.050880193710327,3.1361727714538574
2.050992250442505,3.1364710330963135
2.0510411262512207,3.136601209640503
2.0510849952697754,3.1367180347442627
2.0517146587371826,3.138401508331299
2.0517358779907227,3.138457775115967
2.0517866611480713,3.1385936737060547
2.0518710613250732,3.138819932937622
2.051973819732666,3.1390957832336426
2.0521278381347656,3.1395089626312256
2.0522258281707764,3.1397719383239746
2.052401542663574,3.140244483947754
2.0524046421051025,3.1402528285980225
2.0526351928710938,3.140873432159424
2.0527868270874023,3.141282320022583
2.0531184673309326,3.1421775817871094
2.053164482116699,3.1423017978668213
2.0532290935516357,3.1424765586853027
2.0532655715942383,3.1425750255584717
2.053391933441162,3.1429171562194824
2.053487539291382,3.1431760787963867
2.053717613220215,3.1438000202178955
2.0537946224212646,3.1440088748931885
2.0539255142211914,3.144364356994629
2.054170608520508,3.145030975341797
2.054234504699707,3.145204544067383
2.054628372192383,3.146278142929077
2.0546505451202393,3.146338939666748
2.0546531677246094,3.146346092224121
2.0547120571136475,3.1465067863464355
2.0547757148742676,3.1466808319091797
2.054812431335449,3.1467812061309814
2.0550241470336914,3.147359848022461
2.0553250312805176,3.148184299468994
2.055450439453125,3.1485280990600586
2.0556507110595703,3.149078130722046
2.0558438301086426,3.149609088897705
2.0559117794036865,3.1497962474823
2.056025981903076,3.1501102447509766
2.056088924407959,3.1502838134765625
2.056104898452759,3.1503279209136963
2.056183338165283,3.1505441665649414
2.0563247203826904,3.1509344577789307
2.0563933849334717,3.1511237621307373
2.056891441345215,3.152501106262207
2.0569753646850586,3.152733564376831
2.0570785999298096,3.153020143508911
2.0571677684783936,3.1532671451568604
2.0573925971984863,3.1538915634155273
2.0574259757995605,3.153984308242798
2.0574419498443604,3.1540286540985107
2.0575921535491943,3.1544463634490967
2.057619571685791,3.154522657394409
2.057642698287964,3.1545870304107666
2.0579581260681152,3.155466079711914
2.0584216117858887,3.1567611694335938
2.0584568977355957,3.1568596363067627
2.058474063873291,3.156907558441162
2.0584983825683594,3.156975746154785
2.0587503910064697,3.157681703567505
2.0587854385375977,3.1577796936035156
2.0589091777801514,3.1581270694732666
2.0590474605560303,3.158515214920044
2.059089183807373,3.158632516860962
2.0590903759002686,3.1586358547210693
2.059492826461792,3.1597678661346436
2.05967378616333,3.160278081893921
2.059788703918457,3.160602331161499
2.060018301010132,3.1612508296966553
2.0601000785827637,3.161482095718384
2.060161828994751,3.161656618118286
2.0601658821105957,3.161668300628662
2.0601935386657715,3.1617462635040283
2.0605008602142334,3.1626169681549072
2.0605268478393555,3.1626908779144287
2.0605945587158203,3.1628825664520264
2.060924530029297,3.1638200283050537
2.061077117919922,3.1642541885375977
2.0613043308258057,3.164900779724121
2.061441659927368,3.165292501449585
2.0614733695983887,3.1653831005096436
2.0615015029907227,3.1654632091522217
2.0615336894989014,3.165555000305176
2.061565637588501,3.1656463146209717
2.0619523525238037,3.1667516231536865
2.0621066093444824,3.1671931743621826
2.0621743202209473,3.1673872470855713
2.0623250007629395,3.1678194999694824
2.0624778270721436,3.16825795173645
2.06249737739563,3.168314218521118
2.062748670578003,3.169036388397217
2.0627756118774414,3.169113874435425
2.062983751296997,3.169713258743286
2.0630431175231934,3.169884204864502
2.0633671283721924,3.17081880569458
2.0634231567382812,3.17098069190979
2.0634918212890625,3.1711788177490234
2.063535451889038,3.1713051795959473
2.0636239051818848,3.1715612411499023
2.0636820793151855,3.171729326248169
2.0640201568603516,3.172708749771118
2.0641021728515625,3.1729466915130615
2.0644185543060303,3.17386531829834
2.0644876956939697,3.1740667819976807
2.064545154571533,3.1742336750030518
2.064711570739746,3.174718141555786
2.0647714138031006,3.1748924255371094
2.064915657043457,3.1753127574920654
2.065145254135132,3.175983190536499
2.0652878284454346,3.1763994693756104
2.0654218196868896,3.1767916679382324
2.065487861633301,3.176985025405884
2.0658562183380127,3.1780643463134766
2.065868377685547,3.1780996322631836
2.0660383701324463,3.1785988807678223
2.0661659240722656,3.178974151611328
2.0661773681640625,3.1790075302124023
2.066495656967163,3.1799440383911133
2.06655216217041,3.180110454559326
2.066669225692749,3.1804556846618652
2.066734790802002,3.1806490421295166
2.066972255706787,3.1813502311706543
2.0673322677612305,3.182415246963501
2.0674655437469482,3.182810068130493
2.0675134658813477,3.1829521656036377
2.067521333694458,3.1829752922058105
2.0675508975982666,3.18306303024292
2.0678131580352783,3.1838417053222656
2.0680413246154785,3.1845200061798096
2.0680627822875977,3.1845834255218506
2.0681943893432617,3.1849753856658936
2.068544864654541,3.1860201358795166
2.0687787532806396,3.186718225479126
2.0688087940216064,3.1868081092834473
2.0689263343811035,3.187159538269043
2.0689926147460938,3.1873579025268555
2.0690717697143555,3.1875948905944824
2.0691311359405518,3.187772750854492
2.0693418979644775,3.1884043216705322
2.0695924758911133,3.1891565322875977
2.069719076156616,3.1895370483398438
2.070115804672241,3.1907310485839844
2.0701797008514404,3.1909236907958984
2.0702929496765137,3.191265106201172
2.070296049118042,3.191274404525757
2.0703277587890625,3.1913704872131348
2.0704519748687744,3.1917452812194824
2.070636749267578,3.192303419113159
2.0706591606140137,3.192371129989624
2.071211814880371,3.1940455436706543
2.071242332458496,3.1941380500793457
2.0714752674102783,3.194845199584961
2.0715816020965576,3.1951687335968018
2.071650743484497,3.1953790187835693
2.0717484951019287,3.195676565170288
2.0717930793762207,3.195812463760376
2.071899652481079,3.1961371898651123
2.0719263553619385,3.196218490600586
2.072230577468872,3.19714617729187
2.0727622509002686,3.19877290725708
2.072834014892578,3.198992967605591
2.0728557109832764,3.19905948638916
2.0728628635406494,3.1990811824798584
2.073000431060791,3.199503183364868
2.0732107162475586,3.200148820877075
2.0732386112213135,3.2002346515655518
2.073298454284668,3.200418472290039
2.073336124420166,3.200533866882324
2.074005365371704,3.2025961875915527
2.074084758758545,3.202841281890869
2.0742392539978027,3.2033190727233887
2.0742554664611816,3.203369140625
2.074277639389038,3.203437328338623
2.0743420124053955,3.203636407852173
2.074490547180176,3.2040963172912598
2.0747616291046143,3.2049365043640137
2.07481050491333,3.2050883769989014
2.075178861618042,3.206232786178589
2.07523512840271,3.2064077854156494
2.075334310531616,3.2067160606384277
2.0756735801696777,3.2077736854553223
2.0756759643554688,3.2077808380126953
2.07576584815979,3.208061695098877
2.075786828994751,3.208127021789551
2.076176404953003,3.2093446254730225
2.0762295722961426,3.2095110416412354
2.0763278007507324,3.2098183631896973
2.076383113861084,3.209991931915283
2.07658314704895,3.210618734359741
2.07700252532959,3.2119359970092773
2.0770373344421387,3.212045669555664
2.077108383178711,3.2122693061828613
2.07722544670105,3.2126379013061523
2.077288866043091,3.2128374576568604
2.077580690383911,3.2137579917907715
2.0776166915893555,3.213871479034424
2.0778491497039795,3.2146058082580566
2.078225612640381,3.2157974243164062
2.0783050060272217,3.2160491943359375
2.078322172164917,3.2161037921905518
2.0785582065582275,3.2168524265289307
2.078782081604004,3.2175636291503906
2.078878402709961,3.2178702354431152
2.078975200653076,3.2181782722473145
2.079233407974243,3.219001054763794
2.0793731212615967,3.2194464206695557
2.0795693397521973,3.2200732231140137
2.0796351432800293,3.220283269882202
2.080022096633911,3.2215218544006348
2.0801665782928467,3.221984624862671
2.0802512168884277,3.2222564220428467
2.0802650451660156,3.2223005294799805
2.080360174179077,3.2226059436798096
2.0808303356170654,3.2241172790527344
2.0808982849121094,3.2243363857269287
2.080941677093506,3.2244760990142822
2.081282615661621,3.2255756855010986
2.081479787826538,3.226212501525879
2.081498622894287,3.22627329826355
2.081735610961914,3.2270398139953613
2.0817363262176514,3.2270424365997314
2.0820889472961426,3.2281851768493652
2.082242250442505,3.22868275642395
2.0823302268981934,3.228968381881714
2.082422971725464,3.2292699813842773
2.0828168392181396,3.2305517196655273
2.0829858779907227,3.23110294342041
2.083102226257324,3.231482744216919
2.083195686340332,3.23178768157959
2.0833449363708496,3.2322754859924316
2.0833969116210938,3.232445240020752
2.0835371017456055,3.2329041957855225
2.0839462280273438,3.2342448234558105
2.0841763019561768,3.234999895095825
2.0844600200653076,3.2359328269958496
2.0844829082489014,3.2360081672668457
2.084486246109009,3.2360188961029053
2.0845987796783447,3.2363898754119873
2.084643602371216,3.2365376949310303
2.084826707839966,3.2371411323547363
2.085466146469116,3.2392537593841553
2.085556745529175,3.2395544052124023
2.0856006145477295,3.239699363708496
2.0858097076416016,3.2403926849365234
2.0858511924743652,3.2405307292938232
2.0859882831573486,3.240985631942749
2.0860798358917236,3.2412900924682617
2.086111068725586,3.241393566131592
2.086743116378784,3.2434985637664795
2.08695650100708,3.244210720062256
2.0869815349578857,3.2442941665649414
2.087101936340332,3.244696855545044
2.087151288986206,3.2448618412017822
2.087390899658203,3.245663642883301
2.0875003337860107,3.246030330657959
2.087505340576172,3.2460477352142334
2.087916612625122,3.247427463531494
2.0883514881134033,3.2488903999328613
2.088374614715576,3.2489683628082275
2.0884852409362793,3.2493412494659424
2.0884907245635986,3.2493598461151123
2.0886662006378174,3.2499516010284424
2.0889201164245605,3.2508091926574707
2.089017629623413,3.251138687133789
2.089120864868164,3.251488208770752
2.0896003246307373,3.253113031387329
2.0898094177246094,3.2538230419158936
2.0898118019104004,3.253831386566162
2.089937686920166,3.254258871078491
2.0899927616119385,3.2544467449188232
2.090324640274048,3.2555766105651855
2.0903544425964355,3.2556779384613037
2.09053897857666,3.256307363510132
2.0911314487457275,3.2583329677581787
2.091205358505249,3.2585859298706055
2.091259241104126,3.2587709426879883
2.0914859771728516,3.2595484256744385
2.091616153717041,3.259995460510254
2.091719150543213,3.2603490352630615
2.0920629501342773,3.2615318298339844
2.09244441986084,3.2628467082977295
2.0924696922302246,3.2629342079162598
2.0927231311798096,3.2638099193573
2.0929043292999268,3.2644362449645996
2.0929689407348633,3.264659881591797
2.0931038856506348,3.265127420425415
2.09358811378479,3.2668075561523438
2.0937306880950928,3.267303466796875
2.0937509536743164,3.26737380027771
2.0941996574401855,3.2689359188079834
2.094217538833618,3.268998384475708
2.094440221786499,3.269775629043579
2.094479560852051,3.2699131965637207
2.09498929977417,3.2716963291168213
2.0950515270233154,3.271914005279541
2.0951128005981445,3.2721290588378906
2.0955545902252197,3.273679733276367
2.095686912536621,3.2741451263427734
2.095846176147461,3.274705648422241
2.0958995819091797,3.2748935222625732
2.096245288848877,3.2761127948760986
2.096346378326416,3.2764692306518555
2.0966358184814453,3.277492046356201
2.096914052963257,3.278477191925049
2.0971839427948,3.2794339656829834
2.0972039699554443,3.2795052528381348
2.0973474979400635,3.280015230178833
2.097499132156372,3.2805535793304443
2.0976359844207764,3.2810404300689697
2.098155975341797,3.282892942428589
2.098294496536255,3.2833878993988037
2.0985536575317383,3.284313678741455
2.098689317703247,3.284799337387085
2.0987515449523926,3.285022258758545
2.0987837314605713,3.285137414932251
2.0989203453063965,3.2856268882751465
2.0996713638305664,3.2883243560791016
2.09969425201416,3.28840708732605
2.0998952388763428,3.2891311645507812
2.1000022888183594,3.2895169258117676
2.1002001762390137,3.290231466293335
2.100201368331909,3.290235757827759
2.1002092361450195,3.290264129638672
2.1011123657226562,3.293534278869629
2.1011805534362793,3.2937815189361572
2.101228952407837,3.293957471847534
2.1012518405914307,3.2940406799316406
2.101475477218628,3.294853448867798
2.101624011993408,3.2953941822052
2.1017186641693115,3.295738697052002
2.1025006771087646,3.2985942363739014
2.1025471687316895,3.2987639904022217
2.102555751800537,3.298795461654663
2.102682590484619,3.299259901046753
2.1027469635009766,3.2994959354400635
2.1030285358428955,3.3005282878875732
2.1032400131225586,3.3013052940368652
2.103875160217285,3.303643226623535
2.103996992111206,3.3040928840637207
2.1040146350860596,3.3041582107543945
2.1041758060455322,3.304753065109253
2.1044230461120605,3.305666923522949
2.104763984680176,3.306929588317871
2.1051881313323975,3.308504104614258
2.105278968811035,3.3088414669036865
2.1054608821868896,3.3095180988311768
2.105658769607544,3.310255289077759
2.1058077812194824,3.3108105659484863
2.1062891483306885,3.312607765197754
2.106494665145874,3.3133769035339355
2.1065399646759033,3.3135461807250977
2.1069374084472656,3.3150367736816406
2.1071300506591797,3.3157598972320557
2.1071834564208984,3.315960645675659
2.107795238494873,3.3182637691497803
2.1077985763549805,3.3182764053344727
2.107813835144043,3.318333864212036
2.108424663543701,3.3206417560577393
2.1085500717163086,3.3211164474487305
2.1085894107818604,3.321265459060669
2.1090545654296875,3.3230299949645996
2.1090900897979736,3.323164701461792
2.1093368530273438,3.3241031169891357
2.109907865524292,3.3262786865234375
2.10992169380188,3.326331853866577
2.110037326812744,3.326773166656494
2.1103084087371826,3.3278093338012695
2.110379695892334,3.3280820846557617
2.1108570098876953,3.3299107551574707
2.111257553100586,3.331449270248413
2.111427068710327,3.332101821899414
2.111473560333252,3.3322806358337402
2.111560821533203,3.3326168060302734
2.111664295196533,3.3330156803131104
2.112372398376465,3.335750102996826
2.1125991344451904,3.3366281986236572
2.11281156539917,3.337451934814453
2.1128990650177,3.3377912044525146
2.1129391193389893,3.337946891784668
2.1129438877105713,3.337965726852417
2.1138815879821777,3.3416149616241455
2.1139328479766846,3.341815233230591
2.114061117172241,3.342316150665283
2.1142194271087646,3.3429348468780518
2.114313840866089,3.34330415725708
2.1144564151763916,3.3438618183135986
2.1152596473693848,3.3470137119293213
2.115309953689575,3.3472113609313965
2.1153836250305176,3.347501516342163
2.115490674972534,3.3479228019714355
2.115718364715576,3.3488199710845947
2.1159777641296387,3.349843740463257
2.116579055786133,3.3522212505340576
2.116758346557617,3.3529317378997803
2.1168768405914307,3.3534018993377686
2.117112874984741,3.3543388843536377
2.117501735687256,3.3558855056762695
2.117892026901245,3.3574411869049072
2.1180226802825928,3.3579626083374023
2.1183598041534424,3.359309673309326
2.118497610092163,3.359860897064209
2.1190268993377686,3.361982583999634
2.1191985607147217,3.3626720905303955
2.11928391456604,3.3630151748657227
2.119831085205078,3.365217924118042
2.119873285293579,3.3653879165649414
2.1204991340637207,3.3679158687591553
2.120542287826538,3.3680906295776367
2.120551586151123,3.3681280612945557
2.1212399005889893,3.3709189891815186
2.121290445327759,3.371124029159546
2.1217939853668213,3.3731725215911865
2.121798276901245,3.373189926147461
2.122074604034424,3.374316453933716
2.1225976943969727,3.3764536380767822
2.1227383613586426,3.3770294189453125
2.1230523586273193,3.3783156871795654
2.1230835914611816,3.378443717956543
2.1235947608947754,3.3805429935455322
2.1239473819732666,3.3819942474365234
2.1241745948791504,3.3829307556152344
2.1243045330047607,3.383466958999634
2.124368190765381,3.3837294578552246
2.125110149383545,3.386798620223999
2.125288963317871,3.387539863586426
2.1255552768707275,3.3886454105377197
2.1256000995635986,3.388831615447998
2.125647783279419,3.3890295028686523
2.126619338989258,3.3930771350860596
2.1266226768493652,3.3930909633636475
2.126804828643799,3.3938519954681396
2.1269233226776123,3.3943474292755127
2.1270148754119873,3.39473032951355
2.1279494762420654,3.3986501693725586
2.128053903579712,3.3990895748138428
2.1281213760375977,3.3993730545043945
2.128194570541382,3.3996810913085938
2.1284193992614746,3.400628089904785
2.1292688846588135,3.404214859008789
2.129462242126465,3.405033588409424
2.1296145915985107,3.405679225921631
2.1298139095306396,3.406524658203125
2.130581855773926,3.4097890853881836
2.1307265758514404,3.4104058742523193
2.1310975551605225,3.4119882583618164
2.1311986446380615,3.4124200344085693
2.1318883895874023,3.4153711795806885
2.1319878101348877,3.415797472000122
2.132568836212158,3.41829252243042
2.1325743198394775,3.418316125869751
2.1331889629364014,3.4209630489349365
2.1332461833953857,3.4212095737457275
2.1339409351348877,3.4242119789123535
2.134028196334839,3.4245898723602295
2.134483814239502,3.4265646934509277
2.1345021724700928,3.426644802093506
2.135298728942871,3.4301083087921143
2.1354761123657227,3.4308817386627197
2.135756254196167,3.4321036338806152
2.1357734203338623,3.432178497314453
2.136648416519165,3.436006784439087
2.1369123458862305,3.437164545059204
2.1370084285736084,3.437586545944214
2.1370580196380615,3.4378044605255127
2.1379899978637695,3.441906690597534
2.138259172439575,3.4430947303771973
2.1383376121520996,3.443441390991211
2.1383378505706787,3.4434423446655273
2.1393237113952637,3.447808027267456
2.1395087242126465,3.448629856109619
2.139613151550293,3.449093818664551
2.1397526264190674,3.4497132301330566
2.140650510787964,3.4537148475646973
2.1407577991485596,3.4541938304901123
2.1408843994140625,3.4547595977783203
2.1411571502685547,3.455979347229004
2.141969919204712,3.4596235752105713
2.1421520709991455,3.460441827774048
2.1425516605377197,3.462239980697632
2.143282890319824,3.4655380249023438
2.143416404724121,3.466141700744629
2.1439363956451416,3.4684948921203613
2.144589424133301,3.4714581966400146
2.1446776390075684,3.4718594551086426
2.1453120708465576,3.4747474193573
2.1458899974823,3.477384567260742
2.1459360122680664,3.477595090866089
2.1466786861419678,3.4809951782226562
2.1471848487854004,3.48331880569458
2.1471920013427734,3.483351707458496
2.148036479949951,3.4872395992279053
2.1484460830688477,3.4891302585601807
2.1484744548797607,3.4892613887786865
2.149386167526245,3.4934825897216797
2.149698257446289,3.4949309825897217
2.14975905418396,3.495213508605957
2.1507277488708496,3.499723196029663
2.150949001312256,3.500756025314331
2.151038646697998,3.5011744499206543
2.1520614624023438,3.5059621334075928
2.1521987915039062,3.5066065788269043
2.1523141860961914,3.507148504257202
2.153388261795044,3.5122032165527344
2.1534476280212402,3.5124831199645996
2.153585433959961,3.5131335258483887
2.154707670211792,3.5184431076049805
2.154853105545044,3.5191330909729004
2.1560206413269043,3.5246856212615967
2.1561174392700195,3.5251471996307373
2.157327175140381,3.530930995941162
2.157378673553467,3.531177520751953
2.15862774848938,3.5371792316436768
2.158637046813965,3.5372238159179688
2.159893035888672,3.5432891845703125
2.1599225997924805,3.5434324741363525
2.161147117614746,3.54937481880188
2.161212205886841,3.549691915512085
2.1623992919921875,3.55548095703125
2.16249680519104,3.555957555770874
2.1636500358581543,3.5616092681884766
2.163776397705078,3.562230110168457
2.1648998260498047,3.5677621364593506
2.1650519371032715,3.5685129165649414
2.1661486625671387,3.573939323425293
2.166323184967041,3.5748050212860107
2.167590856552124,3.581108570098877
2.1688551902770996,3.587425470352173
2.170116424560547,3.5937557220458984
2.171374797821045,3.6001009941101074
2.172630786895752,3.606462240219116
2.173884868621826,3.612842559814453
2.1751370429992676,3.619241714477539
2.1763877868652344,3.6256611347198486
2.1776375770568848,3.6321041584014893
2.1788864135742188,3.6385693550109863