x,f(x)
0.3319856524467468,-1.777976632118225
0.33928364515304565,-1.7540817260742188
0.34654855728149414,-1.7302782535552979
0.3537846803665161,-1.7065602540969849
0.36099672317504883,-1.6829203367233276
0.36225396394729614,-1.6787998676300049
0.36818927526474,-1.6593519449234009
0.36955195665359497,-1.6548877954483032
0.37536680698394775,-1.6358468532562256
0.37681686878204346,-1.631101131439209
0.3825339078903198,-1.6123987436294556
0.38405299186706543,-1.6074323654174805
0.38969510793685913,-1.58899986743927
0.39126503467559814,-1.5838747024536133
0.39138883352279663,-1.5834709405899048
0.39685511589050293,-1.5656421184539795
0.3984575867652893,-1.5604201555252075
0.39868682622909546,-1.55967378616333
0.40401846170425415,-1.5423187017440796
0.40563511848449707,-1.5370620489120483
0.40595173835754395,-1.5360329151153564
0.4111894965171814,-1.5190232992172241
0.41280221939086914,-1.5137922763824463
0.4131878614425659,-1.5125418901443481
0.4183729887008667,-1.4957480430603027
0.41942745447158813,-1.4923369884490967
0.41996341943740845,-1.4906035661697388
0.42039990425109863,-1.4891923666000366
0.4255734086036682,-1.4724864959716797
0.42672544717788696,-1.4687715768814087
0.42712342739105225,-1.4674887657165527
0.4275924563407898,-1.465977430343628
0.4327954649925232,-1.4492324590682983
0.43399035930633545,-1.4453928470611572
0.43428677320480347,-1.4444411993026733
0.43476998805999756,-1.442888855934143
0.440043568611145,-1.425979495048523
0.4412264823913574,-1.4221928119659424
0.4414578080177307,-1.4214526414871216
0.44193708896636963,-1.419919729232788
0.44640809297561646,-1.4056377410888672
0.44732236862182617,-1.402721881866455
0.44843852519989014,-1.399164080619812
0.448641300201416,-1.3985185623168945
0.44909828901290894,-1.3970627784729004
0.4537060856819153,-1.3824081420898438
0.4546363949775696,-1.3794548511505127
0.4556310772895813,-1.3762987852096558
0.45584172010421753,-1.3756312131881714
0.45625829696655273,-1.3743102550506592
0.46097099781036377,-1.3593932390213013
0.46199023723602295,-1.3561735153198242
0.46280860900878906,-1.3535900115966797
0.4630637764930725,-1.352784514427185
0.46342164278030396,-1.3516556024551392
0.46820712089538574,-1.3365854024887085
0.469388484954834,-1.3328733444213867
0.46997570991516113,-1.3310294151306152
0.47031188011169434,-1.3299740552902222
0.4705926775932312,-1.3290929794311523
0.47236913442611694,-1.3235224485397339
0.47541916370391846,-1.3139764070510864
0.47683560848236084,-1.3095511198043823
0.47713690996170044,-1.3086103200912476
0.4775906801223755,-1.3071941137313843
0.4777761697769165,-1.3066153526306152
0.47966712713241577,-1.30072021484375
0.4826117157936096,-1.2915585041046143
0.48429691791534424,-1.2863258123397827
0.48433637619018555,-1.286203384399414
0.4849047064781189,-1.2844406366348267
0.484976589679718,-1.284217357635498
0.48693203926086426,-1.2781587839126587
0.4897892475128174,-1.2693248987197876
0.49146026372909546,-1.2641693353652954
0.4918951988220215,-1.2628284692764282
0.492198646068573,-1.261893630027771
0.49225854873657227,-1.2617087364196777
0.49416816234588623,-1.255831003189087
0.49695634841918945,-1.2472680807113647
0.49734729528427124,-1.2460691928863525
0.4986312985420227,-1.242134928703308
0.4994467496871948,-1.2396389245986938
0.49951672554016113,-1.2394249439239502
0.4996567964553833,-1.238996148109436
0.501380205154419,-1.2337288856506348
0.5041175484657288,-1.2253808975219727
0.5046452879905701,-1.2237741947174072
0.505814790725708,-1.220216989517212
0.506725549697876,-1.2174493074417114
0.5071039199829102,-1.216300368309021
0.5072054862976074,-1.2159920930862427
0.5085727572441101,-1.2118444442749023
0.5112775564193726,-1.2036571502685547
0.5119102001190186,-1.2017453908920288
0.5130152106285095,-1.198409914970398
0.5140395760536194,-1.1953210830688477
0.5146046876907349,-1.193618655204773
0.5149661302566528,-1.1925302743911743
0.5157502889633179,-1.1901707649230957
0.5184409022331238,-1.1820900440216064
0.5191463232040405,-1.1799753904342651
0.5202372670173645,-1.176708698272705
0.5213803648948669,-1.1732902526855469
0.5213934183120728,-1.1732512712478638
0.5221635103225708,-1.1709507703781128
0.5228031277656555,-1.1690415143966675
0.5229173898696899,-1.1687006950378418
0.525611937046051,-1.1606749296188354
0.5263583660125732,-1.1584560871124268
0.5274853706359863,-1.1551100015640259
0.5286783576011658,-1.1515729427337646
0.5287916660308838,-1.1512372493743896
0.5297850370407104,-1.1482962369918823
0.5300785899162292,-1.1474277973175049
0.5307211875915527,-1.1455278396606445
0.5327954292297363,-1.1394058465957642
0.5335509181022644,-1.1371798515319824
0.5347641706466675,-1.133609652519226
0.5359432697296143,-1.1301453113555908
0.5362387895584106,-1.1292779445648193
0.537238597869873,-1.1263455152511597
0.5374737977981567,-1.1256561279296875
0.5387247204780579,-1.1219936609268188
0.5399958491325378,-1.1182783842086792
0.5407284498214722,-1.1161397695541382
0.5420781970024109,-1.1122052669525146
0.5431793928146362,-1.109000325202942
0.5437395572662354,-1.1073719263076782
0.5444019436836243,-1.1054480075836182
0.544504702091217,-1.105149507522583
0.5452344417572021,-1.1030322313308716
0.5468184947967529,-1.0984433889389038
0.5472179055213928,-1.0972880125045776
0.5478955507278442,-1.0953291654586792
0.5494320392608643,-1.0908942222595215
0.550391435623169,-1.0881298780441284
0.5512983798980713,-1.0855199098587036
0.5515729784965515,-1.0847303867340088
0.5518026947975159,-1.084070086479187
0.5530714392662048,-1.0804271697998047
0.5544660091400146,-1.0764304399490356
0.5550069808959961,-1.07488214969635
0.5550567507743835,-1.0747394561767578
0.5568302869796753,-1.0696719884872437
0.5575839877128601,-1.0675221681594849
0.5587564706802368,-1.0641824007034302
0.5589199066162109,-1.063717246055603
0.5590676069259644,-1.0632970333099365
0.560989499092102,-1.057836890220642
0.5617448091506958,-1.055694818496704
0.5622167587280273,-1.0543575286865234
0.5632948875427246,-1.051305890083313
0.5642774105072021,-1.048529028892517
0.5647615194320679,-1.0471622943878174
0.5659568905830383,-1.0437912940979004
0.5663037300109863,-1.0428142547607422
0.5666086673736572,-1.0419557094573975
0.5667561888694763,-1.0415403842926025
0.5689930319786072,-1.035254716873169
0.5690588355064392,-1.0350700616836548
0.5693801045417786,-1.0341688394546509
0.5716866254806519,-1.0277113914489746
0.5717781782150269,-1.027455449104309
0.5719286203384399,-1.027035117149353
0.5731789469718933,-1.023544430732727
0.573515772819519,-1.022605299949646
0.5740541815757751,-1.0211046934127808
0.5743693113327026,-1.020227074623108
0.5764126777648926,-1.0145453214645386
0.5765511393547058,-1.0141608715057373
0.5770868062973022,-1.012674331665039
0.5790898203849792,-1.0071260929107666
0.5793370008468628,-1.0064423084259033
0.5801863670349121,-1.0040950775146484
0.5804270505905151,-1.0034306049346924
0.5807083249092102,-1.0026538372039795
0.5813190937042236,-1.0009691715240479
0.5822063088417053,-0.9985242486000061
0.5837346315383911,-0.9943198561668396
0.5838109254837036,-0.9941103458404541
0.5852752923965454,-0.9900908470153809
0.586249828338623,-0.9874203205108643
0.5869585275650024,-0.985480785369873
0.5877058506011963,-0.9834375977516174
0.587885856628418,-0.9829456806182861
0.5881710648536682,-0.9821667671203613
0.5885552167892456,-0.9811179637908936
0.588797390460968,-0.9804571270942688
0.5901243686676025,-0.9768401384353638
0.5909350514411926,-0.9746338129043579
0.5912580490112305,-0.9737552404403687
0.5934131741523743,-0.9679049849510193
0.5935631990432739,-0.9674983620643616
0.5946472883224487,-0.9645628333091736
0.5950198769569397,-0.9635550379753113
0.59505295753479,-0.9634656310081482
0.595469057559967,-0.9623406529426575
0.5957672595977783,-0.9615349769592285
0.5975230932235718,-0.9567977786064148
0.5981279015541077,-0.9551686644554138
0.5981571078300476,-0.9550901055335999
0.5987588167190552,-0.9534708261489868
0.6005842089653015,-0.9485674500465393
0.6019549369812012,-0.9448934197425842
0.6022141575813293,-0.9441994428634644
0.6023737192153931,-0.9437724351882935
0.6024079322814941,-0.9436808824539185
0.6027339696884155,-0.9428086876869202
0.6029598116874695,-0.9422046542167664
0.6054052114486694,-0.9356780052185059
0.6062216758728027,-0.9335038661956787
0.6063176393508911,-0.9332484602928162
0.6063663959503174,-0.9331187605857849
0.6077677011489868,-0.9293940663337708
0.6087846159934998,-0.9266958236694336
0.6093741655349731,-0.9251334071159363
0.6097719669342041,-0.9240798950195312
0.6099700927734375,-0.923555314540863
0.6101373434066772,-0.9231127500534058
0.6102449297904968,-0.9228280782699585
0.6104546785354614,-0.9222733378410339
0.6126840114593506,-0.9163859486579895
0.6139391660690308,-0.9130797386169434
0.6144101619720459,-0.9118406176567078
0.6149681210517883,-0.9103738069534302
0.6153306365013123,-0.909421443939209
0.6160826086997986,-0.9074473977088928
0.6165375113487244,-0.9062542915344238
0.6171821355819702,-0.9045649170875549
0.617219090461731,-0.9044682383537292
0.6173044443130493,-0.904244601726532
0.618162989616394,-0.901997447013855
0.6190657019615173,-0.899637758731842
0.619998037815094,-0.8972039222717285
0.621627926826477,-0.8929569125175476
0.6221901774406433,-0.8914943337440491
0.6226980686187744,-0.8901739716529846
0.6233475208282471,-0.8884870409965515
0.6237085461616516,-0.8875501155853271
0.6243746876716614,-0.8858224153518677
0.6244190335273743,-0.8857074975967407
0.6244656443595886,-0.885586678981781
0.6247198581695557,-0.8849278688430786
0.6261665225028992,-0.8811835646629333
0.6273518800735474,-0.878121554851532
0.6277914047241211,-0.8769875168800354
0.6286322474479675,-0.8748201727867126
0.6293885707855225,-0.8728727102279663
0.6294382810592651,-0.8727447986602783
0.630583643913269,-0.8698000311851501
0.6308920383453369,-0.8690081238746643
0.6310898065567017,-0.8685002326965332
0.6315522193908691,-0.867313802242279
0.6316256523132324,-0.8671253323554993
0.6322786808013916,-0.8654511570930481
0.6336348056793213,-0.8619796633720398
0.6342602968215942,-0.8603807091712952
0.6347501277923584,-0.8591296076774597
0.6359302401542664,-0.8561190962791443
0.6366347074508667,-0.854324460029602
0.6367170810699463,-0.8541147112846375
0.6372255682945251,-0.852820634841919
0.6377956867218018,-0.8513708710670471
0.6380924582481384,-0.8506167531013489
0.6387193202972412,-0.849024772644043
0.6387889981269836,-0.8488478660583496
0.6395895481109619,-0.8468171954154968
0.6399002075195312,-0.8460298180580139
0.6421972513198853,-0.8402189612388611
0.6424487829208374,-0.8395838141441345
0.6429811716079712,-0.8382403254508972
0.6431951522827148,-0.8377006649971008
0.6440311074256897,-0.8355938196182251
0.6449882388114929,-0.8331848978996277
0.6451436281204224,-0.8327943086624146
0.6453145146369934,-0.8323644399642944
0.6455989480018616,-0.831649661064148
0.6458805203437805,-0.8309423923492432
0.6459600329399109,-0.830742597579956
0.6475889682769775,-0.8266565203666687
0.6477490067481995,-0.8262555599212646
0.6482005715370178,-0.8251249194145203
0.64969801902771,-0.8213806748390198
0.6504312753677368,-0.8195502758026123
0.6507366895675659,-0.8187885880470276
0.6513849496841431,-0.8171725869178772
0.6521657705307007,-0.8152284622192383
0.6524614095687866,-0.8144930005073547
0.6525626182556152,-0.8142412304878235
0.6530405282974243,-0.8130531311035156
0.6531435251235962,-0.8127971887588501
0.6531471610069275,-0.8127881288528442
0.6546873450279236,-0.8089653253555298
0.6550469994544983,-0.8080738186836243
0.655349612236023,-0.807324230670929
0.6569262742996216,-0.8034238815307617
0.6572568416595459,-0.8026072382926941
0.6576433181762695,-0.8016530275344849
0.6587831974029541,-0.7988419532775879
0.6591284275054932,-0.7979913949966431
0.6593328714370728,-0.7974878549575806
0.6598414182662964,-0.7962361574172974
0.6602038741111755,-0.7953448295593262
0.6603439450263977,-0.7950004935264587
0.6612409353256226,-0.792796790599823
0.6620786190032959,-0.7907413840293884
0.6623119115829468,-0.7901694774627686
0.6631866097450256,-0.788026750087738
0.6639031171798706,-0.7862737774848938
0.6648358702659607,-0.7839945554733276
0.6648783683776855,-0.7838906645774841
0.6657695770263672,-0.781715989112854
0.6661689877510071,-0.7807422876358032
0.666230320930481,-0.7805928587913513
0.6664940714836121,-0.7799503207206726
0.6671554446220398,-0.7783400416374207
0.6673749089241028,-0.7778061032295227
0.6675660014152527,-0.777341365814209
0.6676281690597534,-0.7771900296211243
0.6694294214248657,-0.7728157639503479
0.6695480346679688,-0.7725281715393066
0.6711046695709229,-0.7687580585479736
0.6718360185623169,-0.7669900059700012
0.6720134019851685,-0.7665613293647766
0.6725671291351318,-0.7652240991592407
0.6732494831085205,-0.7635780572891235
0.6734669804573059,-0.7630535364151001
0.6736540794372559,-0.762602686882019
0.6737310886383057,-0.7624170780181885
0.6745092868804932,-0.7605430483818054
0.6745584011077881,-0.7604248523712158
0.6747338175773621,-0.760002851486206
0.6748141050338745,-0.7598096132278442
0.6762391924858093,-0.7563851475715637
0.6767600774765015,-0.7551352381706238
0.6777173280715942,-0.7528408765792847
0.679108202457428,-0.7495130300521851
0.6791805028915405,-0.7493402361869812
0.6803277730941772,-0.7466008067131042
0.6807318925857544,-0.7456369996070862
0.6808174252510071,-0.7454330921173096
0.6812899112701416,-0.7443071603775024
0.681736946105957,-0.743242621421814
0.6817588210105896,-0.7431905269622803
0.6819075345993042,-0.7428365349769592
0.6820929050445557,-0.7423954010009766
0.6827297210693359,-0.7408810257911682
0.6838222146034241,-0.7382861971855164
0.6839272379875183,-0.738037109375
0.6839526295661926,-0.7379767298698425
0.6849648952484131,-0.7355769276618958
0.6861090660095215,-0.7328688502311707
0.6863417029380798,-0.732318639755249
0.687201976776123,-0.7302862405776978
0.6879680156707764,-0.7284787893295288
0.6879884600639343,-0.7284305691719055
0.6881647706031799,-0.7280148267745972
0.6889114379882812,-0.7262555956840515
0.6889808773994446,-0.7260921597480774
0.689354658126831,-0.7252122163772583
0.6894069314002991,-0.7250892519950867
0.6911301612854004,-0.7210397124290466
0.6912252306938171,-0.7208166718482971
0.6917845606803894,-0.719504714012146
0.6923469305038452,-0.7181868553161621
0.6930379867553711,-0.7165689468383789
0.6935017108917236,-0.7154840230941772
0.6938081979751587,-0.714767575263977
0.6946088075637817,-0.712897539138794
0.6951719522476196,-0.7115833759307861
0.6951800584793091,-0.7115645408630371
0.6953904628753662,-0.7110738754272461
0.6960828304290771,-0.7094602584838867
0.6962289810180664,-0.7091198563575745
0.6966001987457275,-0.7082557082176208
0.6967607736587524,-0.7078820466995239
0.6968554258346558,-0.7076619267463684
0.6982972621917725,-0.7043112516403198
0.6984901428222656,-0.7038635611534119
0.7006650567054749,-0.6988247632980347
0.7010578513145447,-0.6979166865348816
0.7019821405410767,-0.6957816481590271
0.7021043300628662,-0.6954996585845947
0.7023723721504211,-0.6948811411857605
0.7023726105690002,-0.6948806643486023
0.702384352684021,-0.6948534250259399
0.7027724385261536,-0.693958580493927
0.7032198309898376,-0.6929274797439575
0.7035077810287476,-0.6922642588615417
0.7036783695220947,-0.6918714046478271
0.7040863633155823,-0.6909323930740356
0.7041590213775635,-0.6907652616500854
0.704360842704773,-0.6903010606765747
0.7044142484664917,-0.6901782751083374
0.7054584622383118,-0.687778890132904
0.7057262659072876,-0.6871641874313354
0.7078360915184021,-0.6823300719261169
0.7083558440208435,-0.6811416149139404
0.709550142288208,-0.6784144639968872
0.7095944285392761,-0.6783133149147034
0.710821807384491,-0.6755159497261047
0.7116061449050903,-0.6737310886383057
0.7118608355522156,-0.6731520295143127
0.7118645906448364,-0.6731433868408203
0.7119455337524414,-0.6729594469070435
0.7120052576065063,-0.6728236675262451
0.7120357751846313,-0.6727543473243713
0.712070107460022,-0.6726762652397156
0.7121801376342773,-0.6724262833595276
0.7121978402137756,-0.6723859906196594
0.7123329639434814,-0.6720790266990662
0.7126184701919556,-0.6714305877685547
0.7129383087158203,-0.6707046031951904
0.7150195837020874,-0.665988564491272
0.715620756149292,-0.6646292209625244
0.7167172431945801,-0.6621531248092651
0.716842532157898,-0.6618704795837402
0.7175948023796082,-0.6601743698120117
0.7181756496429443,-0.6588662266731262
0.719106912612915,-0.6567713618278503
0.7197245359420776,-0.6553835272789001
0.7197818160057068,-0.6552549004554749
0.7201159000396729,-0.6545050144195557
0.7201308608055115,-0.6544713973999023
0.7203686237335205,-0.6539377570152283
0.7205698490142822,-0.653486430644989
0.720788836479187,-0.6529954075813293
0.7210766077041626,-0.6523503661155701
0.7214818000793457,-0.6514425873756409
0.7220528721809387,-0.6501641273498535
0.7222200036048889,-0.6497901082038879
0.7228400707244873,-0.6484037041664124
0.722856879234314,-0.6483661532402039
0.7238784432411194,-0.6460849046707153
0.7241213321685791,-0.6455430388450623
0.724892795085907,-0.6438234448432922
0.7255738973617554,-0.6423068642616272
0.726665735244751,-0.6398791670799255
0.726952850818634,-0.6392413973808289
0.7273083925247192,-0.6384521126747131
0.727485179901123,-0.6380598545074463
0.728119432926178,-0.6366533041000366
0.728656530380249,-0.635463297367096
0.7291808724403381,-0.6343024969100952
0.7294420599937439,-0.6337246894836426
0.7297530770301819,-0.6330368518829346
0.7300689220428467,-0.6323387622833252
0.7304229736328125,-0.631556510925293
0.7310384511947632,-0.6301978826522827
0.7312391996383667,-0.6297550201416016
0.7314353585243225,-0.6293224096298218
0.7321577072143555,-0.6277304887771606
0.732250452041626,-0.6275262236595154
0.7330210208892822,-0.6258302927017212
0.7335068583488464,-0.6247619986534119
0.7335721850395203,-0.6246184706687927
0.7341363430023193,-0.623379111289978
0.7342872619628906,-0.6230477690696716
0.7344754934310913,-0.6226346492767334
0.7353221774101257,-0.6207779049873352
0.736213207244873,-0.6188263893127441
0.7366901636123657,-0.6177828311920166
0.7370482683181763,-0.6169999837875366
0.7372614741325378,-0.6165339350700378
0.7379065752029419,-0.6151252388954163
0.7382017970085144,-0.6144810914993286
0.7387892007827759,-0.6131999492645264
0.7388414740562439,-0.6130861043930054
0.7393938302993774,-0.6118826866149902
0.7399032115936279,-0.6107739210128784
0.7405217885971069,-0.6094285845756531
0.7408701777458191,-0.6086716055870056
0.7411401271820068,-0.608085036277771
0.7413367629051208,-0.6076582074165344
0.7416366934776306,-0.6070072650909424
0.7419760227203369,-0.6062710285186768
0.7426012754440308,-0.6049157381057739
0.743240237236023,-0.6035319566726685
0.7439689636230469,-0.6019555926322937
0.7443364858627319,-0.6011612415313721
0.7444016933441162,-0.601020336151123
0.7444390058517456,-0.6009398698806763
0.7453728318214417,-0.5989238023757935
0.7455480098724365,-0.598546028137207
0.7461874485015869,-0.5971677899360657
0.7466058731079102,-0.5962666273117065
0.7467498779296875,-0.5959566831588745
0.7480572462081909,-0.593145489692688
0.7480806112289429,-0.5930953025817871
0.7481350898742676,-0.592978298664093
0.7485588192939758,-0.5920685529708862
0.7487967014312744,-0.591558039188385
0.7490238547325134,-0.5910707712173462
0.7495204210281372,-0.5900062322616577
0.7497366666793823,-0.5895429849624634
0.7511877417564392,-0.5864379405975342
0.7512437701225281,-0.5863181948661804
0.7512829899787903,-0.5862343311309814
0.7516061067581177,-0.5855439901351929
0.752556324005127,-0.5835158824920654
0.7526895999908447,-0.5832318067550659
0.7531083822250366,-0.5823391675949097
0.7536345720291138,-0.581218421459198
0.7537984251976013,-0.5808696150779724
0.7541590332984924,-0.5801023244857788
0.7553322911262512,-0.5776088237762451
0.7553712129592896,-0.5775261521339417
0.7557021379470825,-0.5768237113952637
0.7557141184806824,-0.5767983794212341
0.7558069229125977,-0.5766014456748962
0.7559600472450256,-0.5762765407562256
0.7563218474388123,-0.5755093693733215
0.7574036121368408,-0.573218047618866
0.757573664188385,-0.5728582739830017
0.7586368322372437,-0.5706108808517456
0.758767306804657,-0.570335328578949
0.7592778205871582,-0.5692577362060547
0.7593375444412231,-0.5691317915916443
0.7597567439079285,-0.5682476758956909
0.7609759569168091,-0.565679669380188
0.761081337928772,-0.5654579997062683
0.7611353397369385,-0.5653444528579712
0.7613853216171265,-0.5648185610771179
0.7625832557678223,-0.5623019337654114
0.7628847360610962,-0.5616694092750549
0.7630857229232788,-0.5612478256225586
0.7631310820579529,-0.5611526966094971
0.7633908987045288,-0.5606080293655396
0.7635867595672607,-0.5601975917816162
0.7637751698493958,-0.5598027110099792
0.763983428478241,-0.5593667030334473
0.7648025155067444,-0.5576525330543518
0.7654917240142822,-0.5562119483947754
0.7659273147583008,-0.5553023219108582
0.7660350799560547,-0.5550774335861206
0.7664974927902222,-0.5541127324104309
0.7668838500976562,-0.5533071756362915
0.7669788002967834,-0.5531092286109924
0.7675260305404663,-0.5519692897796631
0.7681430578231812,-0.5506852269172668
0.7686941623687744,-0.5495392680168152
0.7691787481307983,-0.5485326051712036
0.7695810794830322,-0.5476974248886108
0.7697758078575134,-0.5472933650016785
0.7703145742416382,-0.5461760759353638
0.7703997492790222,-0.5459997057914734
0.7708228826522827,-0.5451229214668274
0.7711515426635742,-0.5444424748420715
0.7712814211845398,-0.5441735982894897
0.7717280387878418,-0.5432496070861816
0.7717361450195312,-0.5432328581809998
0.773090660572052,-0.5404346585273743
0.7734822034835815,-0.539626955986023
0.7734952569007874,-0.5396000146865845
0.7740182876586914,-0.538521945476532
0.7742269039154053,-0.5380921959877014
0.7746047973632812,-0.5373140573501587
0.7753042578697205,-0.5358749628067017
0.7758139371871948,-0.534827470779419
0.7763156890869141,-0.533797025680542
0.7765010595321655,-0.5334165096282959
0.7769533395767212,-0.5324887633323669
0.7775149941444397,-0.5313374400138855
0.7777535915374756,-0.5308486819267273
0.7778352499008179,-0.5306814908981323
0.7780349254608154,-0.5302726626396179
0.7781921029090881,-0.5299509167671204
0.7784852385520935,-0.5293511748313904
0.7785463333129883,-0.5292261242866516
0.7789885401725769,-0.5283220410346985
0.7792263627052307,-0.5278359651565552
0.7802616953849792,-0.5257224440574646
0.7806922793388367,-0.5248445272445679
0.7809829711914062,-0.5242521166801453
0.7815057039260864,-0.5231875777244568
0.7815890312194824,-0.5230180621147156
0.7822432518005371,-0.5216871500015259
0.7824642658233643,-0.5212379693984985
0.7833646535873413,-0.5194092988967896
0.7840044498443604,-0.518111526966095
0.7841204404830933,-0.517876386642456
0.7842056751251221,-0.517703652381897
0.7847370505332947,-0.5166272521018982
0.7851518392562866,-0.5157875418663025
0.7852274775505066,-0.5156344771385193
0.7856006026268005,-0.5148798227310181
0.7857824563980103,-0.5145121216773987
0.7857832312583923,-0.5145105719566345
0.7862584590911865,-0.5135502815246582
0.7869065999984741,-0.512241780757904
0.7869178056716919,-0.5122191905975342
0.7874451875686646,-0.5111555457115173
0.7885417938232422,-0.5089468359947205
0.7888197302818298,-0.5083876252174377
0.789348840713501,-0.5073238015174866
0.789423942565918,-0.5071728825569153
0.7896276116371155,-0.5067636966705322
0.7897775173187256,-0.5064626336097717
0.7897806763648987,-0.5064563155174255
0.7912816405296326,-0.5034456253051758
0.7917650938034058,-0.5024774670600891
0.7919851541519165,-0.5020370483398438
0.7924050092697144,-0.5011972188949585
0.7925623059272766,-0.500882625579834
0.7925989627838135,-0.500809371471405
0.7927054166793823,-0.5005965828895569
0.7928448915481567,-0.5003178715705872
0.7929100394248962,-0.5001877546310425
0.792994499206543,-0.5000189542770386
0.7930481433868408,-0.4999117851257324
0.7946456074714661,-0.49672484397888184
0.7949101328849792,-0.49619802832603455
0.7957611083984375,-0.49450451135635376
0.7961593866348267,-0.49371272325515747
0.7961633205413818,-0.4937049448490143
0.7961735725402832,-0.4936845302581787
0.7967658042907715,-0.492508202791214
0.7967986464500427,-0.4924430251121521
0.7980654239654541,-0.4899306297302246
0.7984416484832764,-0.4891855716705322
0.7989964485168457,-0.48808753490448
0.7992639541625977,-0.4875585436820984
0.7995721101760864,-0.4869494140148163
0.7996020913124084,-0.48689019680023193
0.7997747659683228,-0.4865489602088928
0.7998602986335754,-0.4863799512386322
0.8000997304916382,-0.4859071373939514
0.8001870512962341,-0.4857347011566162
0.8002842664718628,-0.48554277420043945
0.8010416626930237,-0.48404866456985474
0.8013164401054382,-0.4835071265697479
0.801867663860321,-0.4824213683605194
0.802462100982666,-0.48125168681144714
0.8030039072036743,-0.4801865518093109
0.8035718202590942,-0.4790710508823395
0.8037396669387817,-0.47874149680137634
0.8038520812988281,-0.478520929813385
0.803982138633728,-0.47826582193374634
0.8047253489494324,-0.4768085479736328
0.8056049942970276,-0.4750860929489136
0.806207001209259,-0.47390884160995483
0.8062488436698914,-0.473827064037323
0.8064571619033813,-0.4734199345111847
0.8065779805183411,-0.47318390011787415
0.8067333102226257,-0.4728805422782898
0.8071252107620239,-0.4721153974533081
0.8073645830154419,-0.4716482162475586
0.8074963092803955,-0.4713912904262543
0.8075201511383057,-0.4713447690010071
0.8076585531234741,-0.4710748791694641
0.8081035614013672,-0.4702073931694031
0.8083428144454956,-0.4697412848472595
0.8091157674789429,-0.4682367146015167
0.810042142868042,-0.46643608808517456
0.8102818727493286,-0.465970516204834
0.8110189437866211,-0.46454036235809326
0.8111825585365295,-0.464223176240921
0.8111923933029175,-0.4642040431499481
0.8116127252578735,-0.46338948607444763
0.812219500541687,-0.4622146487236023
0.8127760291099548,-0.46113812923431396
0.8129168152809143,-0.4608660340309143
0.8135468363761902,-0.4596487283706665
0.8138137459754944,-0.459133505821228
0.8138933181762695,-0.45897987484931946
0.8139318227767944,-0.4589056372642517
0.8143613338470459,-0.4580770432949066
0.814531683921814,-0.45774853229522705
0.8146888613700867,-0.45744556188583374
0.814735472202301,-0.4573557674884796
0.8149569034576416,-0.4569290578365326
0.8152800798416138,-0.45630669593811035
0.8155236840248108,-0.4558377265930176
0.816394567489624,-0.4541628360748291
0.8164045810699463,-0.4541434645652771
0.817823052406311,-0.45142072439193726
0.8184046149253845,-0.4503062069416046
0.8185197114944458,-0.4500858187675476
0.8188854455947876,-0.4493856430053711
0.8194497227668762,-0.4483061134815216
0.819480299949646,-0.4482478201389313
0.8195783495903015,-0.4480603337287903
0.8196171522140503,-0.4479861855506897
0.8199595212936401,-0.44733187556266785
0.8208117485046387,-0.4457049071788788
0.8209486603736877,-0.445443719625473
0.8210566639900208,-0.44523775577545166
0.8213300704956055,-0.44471651315689087
0.8215733766555786,-0.4442528784275055
0.8216928839683533,-0.4440251588821411
0.8218663930892944,-0.4436947703361511
0.8221204280853271,-0.44321104884147644
0.8229688405990601,-0.44159719347953796
0.8230295181274414,-0.44148191809654236
0.8235679268836975,-0.44045907258987427
0.8236174583435059,-0.4403650462627411
0.8237085938453674,-0.4401920437812805
0.8249776363372803,-0.4377853274345398
0.8256527185440063,-0.4365071654319763
0.825900673866272,-0.4360380172729492
0.8260785341262817,-0.4357016682624817
0.8267554044723511,-0.43442243337631226
0.8268763422966003,-0.43419408798217773
0.8271599411964417,-0.4336586594581604
0.8273677825927734,-0.43326646089553833
0.8274402618408203,-0.43312975764274597
0.8278496861457825,-0.432357519865036
0.8278720378875732,-0.4323154091835022
0.8280478715896606,-0.43198394775390625
0.828227698802948,-0.4316451847553253
0.8287659287452698,-0.43063148856163025
0.8287771940231323,-0.4306102991104126
0.8288528919219971,-0.4304678440093994
0.8290334939956665,-0.43012791872024536
0.8307294845581055,-0.42694151401519775
0.8310624361038208,-0.4263169765472412
0.831309974193573,-0.42585289478302
0.8317782878875732,-0.4249754548072815
0.831805944442749,-0.42492368817329407
0.8321680426597595,-0.42424577474594116
0.8322936296463013,-0.424010694026947
0.8323758840560913,-0.4238568842411041
0.832584798336029,-0.4234660863876343
0.8329315185546875,-0.42281782627105713
0.8337000608444214,-0.4213821291923523
0.8341412544250488,-0.4205588400363922
0.8343819975852966,-0.4201098382472992
0.8352599143981934,-0.41847413778305054
0.8353713154792786,-0.4182666838169098
0.8354111909866333,-0.41819247603416443
0.8359434604644775,-0.4172021746635437
0.8360162377357483,-0.4170667827129364
0.8361946940422058,-0.41673514246940613
0.836277961730957,-0.41658028960227966
0.8363717794418335,-0.41640594601631165
0.8369380831718445,-0.41535407304763794
0.8371976613998413,-0.4148721992969513
0.8372272849082947,-0.41481730341911316
0.8372384309768677,-0.4147965908050537
0.8372625112533569,-0.41475188732147217
0.8384606838226318,-0.41253089904785156
0.8385664820671082,-0.41233497858047485
0.8398827910423279,-0.4099006652832031
0.8400938510894775,-0.40951088070869446
0.8402455449104309,-0.4092307388782501
0.8411369323730469,-0.40758639574050903
0.8413773775100708,-0.407143235206604
0.8413888216018677,-0.4071221649646759
0.8416301012039185,-0.4066776633262634
0.8418561220169067,-0.4062614440917969
0.8423656225204468,-0.4053238332271576
0.8424524664878845,-0.40516409277915955
0.8426116108894348,-0.4048714339733124
0.8427740931510925,-0.4045727550983429
0.8431105613708496,-0.40395432710647583
0.8431851267814636,-0.40381738543510437
0.8431872725486755,-0.4038134217262268
0.8433547019958496,-0.40350598096847534
0.8434650897979736,-0.40330323576927185
0.843836784362793,-0.40262091159820557
0.8449828028678894,-0.4005201756954193
0.8453022837638855,-0.3999353051185608
0.8459078073501587,-0.3988274931907654
0.8461538553237915,-0.3983777165412903
0.8464845418930054,-0.3977735936641693
0.8470985889434814,-0.3966524302959442
0.8471477031707764,-0.3965628743171692
0.8475993871688843,-0.39573904871940613
0.8479292988777161,-0.39513781666755676
0.8484855890274048,-0.3941245973110199
0.8485894203186035,-0.3939356505870819
0.8487520217895508,-0.3936396837234497
0.8489089012145996,-0.39335429668426514
0.8491494655609131,-0.3929167687892914
0.8496299982070923,-0.39204341173171997
0.8496691584587097,-0.39197224378585815
0.8498336672782898,-0.39167341589927673
0.8501011729240417,-0.3911876380443573
0.8502717614173889,-0.39087799191474915
0.8503707647323608,-0.3906983435153961
0.8505180478096008,-0.3904312252998352
0.8514583110809326,-0.3887268602848053
0.851473331451416,-0.38869959115982056
0.8516535758972168,-0.3883732557296753
0.8526002764701843,-0.3866606056690216
0.8527164459228516,-0.38645052909851074
0.8534085750579834,-0.38520050048828125
0.8537085056304932,-0.38465920090675354
0.8539392948150635,-0.3842429220676422
0.8543838262557983,-0.3834415078163147
0.8544880747795105,-0.38325366377830505
0.8549976348876953,-0.38233599066734314
0.8552459478378296,-0.38188907504081726
0.8555002212524414,-0.3814316391944885
0.8557819724082947,-0.3809249699115753
0.856222927570343,-0.3801324963569641
0.8567970991134644,-0.37910163402557373
0.856985330581665,-0.3787638545036316
0.8569864630699158,-0.37876182794570923
0.8570817708969116,-0.37859082221984863
0.8571462035179138,-0.3784753382205963
0.8574317693710327,-0.3779633045196533
0.8575711846351624,-0.37771332263946533
0.8576890826225281,-0.37750205397605896
0.8577641844749451,-0.3773674964904785
0.8587589263916016,-0.3755868375301361
0.8591470718383789,-0.37489280104637146
0.8591895699501038,-0.3748168349266052
0.8598651885986328,-0.37361010909080505
0.8599414825439453,-0.3734738528728485
0.8604448437690735,-0.3725758492946625
0.8609673976898193,-0.37164437770843506
0.861230731010437,-0.37117519974708557
0.861595869064331,-0.37052521109580994
0.8623063564300537,-0.36926138401031494
0.8624447584152222,-0.3690154254436493
0.8625518083572388,-0.36882513761520386
0.8625818490982056,-0.3687717914581299
0.8629595041275024,-0.36810103058815
0.8632235527038574,-0.36763226985931396
0.8635767698287964,-0.36700552701950073
0.8639582991600037,-0.36632904410362244
0.8643605709075928,-0.36561620235443115
0.8645951151847839,-0.36520081758499146
0.8647932410240173,-0.36485016345977783
0.8648725748062134,-0.36470967531204224
0.864904522895813,-0.3646531403064728
0.8649804592132568,-0.36451876163482666
0.8650621771812439,-0.36437422037124634
0.8652770519256592,-0.36399412155151367
0.865596354007721,-0.36342954635620117
0.8669077157974243,-0.3611142933368683
0.8671013116836548,-0.360772967338562
0.8673437833786011,-0.3603455424308777
0.867495596408844,-0.3600781261920929
0.8683332204818726,-0.3586035370826721
0.8684053421020508,-0.3584766685962677
0.868588924407959,-0.3581538200378418
0.8687884211540222,-0.357803076505661
0.8697547316551208,-0.3561059236526489
0.8699455261230469,-0.35577115416526794
0.870005190372467,-0.35566648840904236
0.8701266050338745,-0.3554535508155823
0.8707703351974487,-0.3543253242969513
0.8709750175476074,-0.35396677255630493
0.8711183071136475,-0.3537158966064453
0.8711316585540771,-0.35369253158569336
0.8715160489082336,-0.3530198037624359
0.8716745972633362,-0.3527425527572632
0.8717661499977112,-0.3525823652744293
0.8720413446426392,-0.35210126638412476
0.8720729947090149,-0.3520459532737732
0.8723199963569641,-0.3516143560409546
0.8723270893096924,-0.3516019284725189
0.8729080557823181,-0.35058751702308655
0.8738903403282166,-0.34887468814849854
0.8743133544921875,-0.3481380045413971
0.8743220567703247,-0.34812283515930176
0.8745976686477661,-0.34764307737350464
0.874744713306427,-0.3473872244358063
0.8751423954963684,-0.3466956615447998
0.87596595287323,-0.3452650010585785
0.8762776851654053,-0.34472396969795227
0.8767906427383423,-0.34383442997932434
0.8768329620361328,-0.3437610864639282
0.8772878050804138,-0.342972993850708
0.8773031830787659,-0.3429463803768158
0.8775043487548828,-0.342598021030426
0.8776946067810059,-0.3422686755657196
0.8777517080307007,-0.3421698808670044
0.8782816529273987,-0.34125322103500366
0.8784221410751343,-0.34101033210754395
0.8789496421813965,-0.3400990068912506
0.8790284395217896,-0.3399629592895508
0.8790582418441772,-0.33991149067878723
0.8792950510978699,-0.33950275182724
0.8793201446533203,-0.3394593894481659
0.8795632123947144,-0.33904001116752625
0.879937469959259,-0.3383945822715759
0.8806044459342957,-0.33724549412727356
0.8809199333190918,-0.3367024064064026
0.8810018301010132,-0.3365614414215088
0.8811792731285095,-0.33625611662864685
0.8815059065818787,-0.33569449186325073
0.8820590376853943,-0.33474400639533997
0.8826627731323242,-0.33370763063430786
0.883133053779602,-0.33290109038352966
0.8831653594970703,-0.3328457176685333
0.8840383291244507,-0.3313504755496979
0.8843550682067871,-0.33080849051475525
0.8843808174133301,-0.33076444268226624
0.8844478130340576,-0.33064988255500793
0.8845680952072144,-0.3304441571235657
0.884719967842102,-0.3301845192909241
0.8851258754730225,-0.32949087023735046
0.8854439854621887,-0.32894760370254517
0.8854526877403259,-0.3289327323436737
0.885922908782959,-0.32813024520874023
0.886150062084198,-0.3277428150177002
0.8864266872406006,-0.3272712528705597
0.8865431547164917,-0.32707279920578003
0.8866341710090637,-0.32691770792007446
0.8867752552032471,-0.3266773819923401
0.8872319459915161,-0.32589977979660034
0.8874499797821045,-0.32552874088287354
0.8881803154945374,-0.3242869973182678
0.8882017135620117,-0.3242506682872772
0.888483464717865,-0.3237721025943756
0.8886834383010864,-0.3234325349330902
0.8891903162002563,-0.3225724697113037
0.8893570303916931,-0.32228973507881165
0.8898202180862427,-0.32150474190711975
0.8902942538261414,-0.3207018971443176
0.8906663060188293,-0.32007232308387756
0.8913768529891968,-0.3188711106777191
0.8916111588478088,-0.31847530603408813
0.8918042182922363,-0.31814929842948914
0.8918753266334534,-0.3180292546749115
0.8921296000480652,-0.3176001310348511
0.8922576904296875,-0.3173840343952179
0.892574667930603,-0.3168494701385498
0.8926361799240112,-0.3167457580566406
0.8928146362304688,-0.316444993019104
0.893372118473053,-0.3155059218406677
0.8934817314147949,-0.3153214156627655
0.8938219547271729,-0.3147488832473755
0.8938738107681274,-0.3146617114543915
0.8939606547355652,-0.314515620470047
0.8939678072929382,-0.31450355052948
0.8939880132675171,-0.3144695460796356
0.8941696882247925,-0.31416410207748413
0.8942559957504272,-0.31401902437210083
0.8957157731056213,-0.31156837940216064
0.8958505392074585,-0.31134238839149475
0.8959497213363647,-0.31117624044418335
0.8966219425201416,-0.31005027890205383
0.8966304659843445,-0.3100360035896301
0.8968491554260254,-0.3096700608730316
0.8974542617797852,-0.30865809321403503
0.8974782228469849,-0.30861812829971313
0.8987600803375244,-0.3064780533313751
0.8987821936607361,-0.30644112825393677
0.8988685011863708,-0.306297242641449
0.899016261100769,-0.30605095624923706
0.8991665840148926,-0.3058004081249237
0.8997933864593506,-0.3047565519809723
0.8998365998268127,-0.3046845495700836
0.9003586173057556,-0.30381619930267334
0.9005752801895142,-0.3034559488296509
0.9006202220916748,-0.3033812642097473
0.9011032581329346,-0.30257877707481384
0.9011359810829163,-0.30252450704574585
0.901145339012146,-0.3025089502334595
0.9012179970741272,-0.3023882210254669
0.901258647441864,-0.30232077836990356
0.9013745784759521,-0.3021283745765686
0.9013862609863281,-0.3021089434623718
0.9014235138893127,-0.30204710364341736
0.9017276763916016,-0.3015424907207489
0.9030117392539978,-0.29941490292549133
0.9030129909515381,-0.2994128167629242
0.9037712812423706,-0.2981587052345276
0.9038580656051636,-0.2980153262615204
0.9043036103248596,-0.29727935791015625
0.9045607447624207,-0.2968548834323883
0.9046176075935364,-0.29676103591918945
0.9054107069969177,-0.29545313119888306
0.9057438969612122,-0.29490429162979126
0.9058699607849121,-0.2946966290473938
0.9059656858444214,-0.29453909397125244
0.9062088131904602,-0.29413890838623047
0.9066065549850464,-0.293484628200531
0.9068809747695923,-0.29303351044654846
0.9069485664367676,-0.29292240738868713
0.9070586562156677,-0.2927415072917938
0.9077969193458557,-0.2915293276309967
0.907899022102356,-0.2913617491722107
0.9083124399185181,-0.2906838059425354
0.9084122776985168,-0.29052016139030457
0.9084898233413696,-0.29039302468299866
0.9085235595703125,-0.29033780097961426
0.908646821975708,-0.29013580083847046
0.9087920188903809,-0.2898979187011719
0.908833384513855,-0.28983014822006226
0.9089334011077881,-0.2896663546562195
0.9090723395347595,-0.2894388437271118
0.9096981287002563,-0.28841495513916016
0.9101717472076416,-0.2876407504081726
0.9104337692260742,-0.2872127592563629
0.9110701084136963,-0.28617408871650696
0.9117886424064636,-0.28500276803970337
0.911977231502533,-0.284695565700531
0.9122347831726074,-0.28427621722221375
0.9124194383621216,-0.2839757204055786
0.913041889667511,-0.2829633355140686
0.9131661057472229,-0.2827613949775696
0.9132864475250244,-0.2825658321380615
0.913386344909668,-0.2824035882949829
0.9143067598342896,-0.28090959787368774
0.9143697023391724,-0.2808075249195099
0.9145011901855469,-0.2805943191051483
0.9148752689361572,-0.27998805046081543
0.9152130484580994,-0.2794409990310669
0.9152364730834961,-0.27940303087234497
0.9154641032218933,-0.2790345847606659
0.9154736399650574,-0.2790191173553467
0.9157596826553345,-0.27855631709098816
0.9158880710601807,-0.2783487141132355
0.9158906936645508,-0.27834445238113403
0.9163303375244141,-0.2776337265968323
0.9163341522216797,-0.277627557516098
0.9165074825286865,-0.2773475646972656
0.9165526628494263,-0.27727454900741577
0.9165549278259277,-0.2772708833217621
0.9173350930213928,-0.2760116159915924
0.9174441695213318,-0.27583566308021545
0.918218731880188,-0.274587482213974
0.9182626605033875,-0.2745167016983032
0.9182640314102173,-0.2745145261287689
0.9184486269950867,-0.27421730756759644
0.9189721345901489,-0.273375004529953
0.9197801351547241,-0.2720765471458435
0.9203068017959595,-0.27123117446899414
0.9203881621360779,-0.2711006700992584
0.92055344581604,-0.2708355486392975
0.9206939339637756,-0.2706103026866913
0.921065628528595,-0.27001455426216125
0.9215855598449707,-0.2691819667816162
0.9217095375061035,-0.26898354291915894
0.92212975025177,-0.26831138134002686
0.9225668907165527,-0.2676125764846802
0.9226336479187012,-0.267505943775177
0.9229015707969666,-0.2670780122280121
0.9229717254638672,-0.2669660449028015
0.9229807257652283,-0.26695168018341064
0.9233351945877075,-0.26638591289520264
0.9236282110214233,-0.265918493270874
0.9238929748535156,-0.2654964029788971
0.924079179763794,-0.2651996314525604
0.924243688583374,-0.26493754982948303
0.9243338704109192,-0.26479393243789673
0.924389660358429,-0.26470500230789185
0.9245061278343201,-0.2645195424556732
0.924669086933136,-0.2642601430416107
0.9247421622276306,-0.2641438841819763
0.9248520135879517,-0.2639690637588501
0.9254401922225952,-0.2630336880683899
0.9261725544929504,-0.2618703842163086
0.9265550971031189,-0.26126334071159363
0.9273392558097839,-0.26002034544944763
0.9275429248809814,-0.2596977651119232
0.9276362657546997,-0.259550005197525
0.9277146458625793,-0.25942593812942505
0.9280214309692383,-0.2589404582977295
0.9285387992858887,-0.25812235474586487
0.9288995862007141,-0.25755226612091064
0.9290956854820251,-0.2572426199913025
0.9292603731155396,-0.25698262453079224
0.9297323226928711,-0.2562379837036133
0.9297969937324524,-0.2561359703540802
0.9299651384353638,-0.25587084889411926
0.9301642775535583,-0.25555700063705444
0.930281400680542,-0.25537246465682983
0.9308359622955322,-0.2544991672039032
0.9310939908027649,-0.25409311056137085
0.9315145015716553,-0.25343185663223267
0.9316896200180054,-0.2531565725803375
0.9316918253898621,-0.25315314531326294
0.931706428527832,-0.253130167722702
0.9318591356277466,-0.2528902292251587
0.9320043325424194,-0.25266218185424805
0.9320070743560791,-0.25265783071517944
0.9321279525756836,-0.2524680495262146
0.9323077201843262,-0.2521858215332031
0.9323670864105225,-0.2520926296710968
0.9324276447296143,-0.25199761986732483
0.9326072931289673,-0.25171568989753723
0.9333946108818054,-0.25048142671585083
0.933731198310852,-0.2499542534351349
0.9345455765724182,-0.2486802190542221
0.9347549676895142,-0.24835288524627686
0.9348746538162231,-0.24816590547561646
0.9349150657653809,-0.24810278415679932
0.9353591203689575,-0.24740929901599884
0.9362534284591675,-0.24601447582244873
0.936393678188324,-0.24579593539237976
0.9367526769638062,-0.24523676931858063
0.9369680285453796,-0.24490153789520264
0.937110960483551,-0.24467916786670685
0.9373418092727661,-0.24431999027729034
0.9374122619628906,-0.24421045184135437
0.9379223585128784,-0.24341757595539093
0.9383947849273682,-0.24268384277820587
0.9388775825500488,-0.24193477630615234
0.9388900399208069,-0.24191537499427795
0.9392032623291016,-0.24142976105213165
0.9392431974411011,-0.2413678914308548
0.9394000768661499,-0.24112480878829956
0.9396277666091919,-0.2407720386981964
0.9397684931755066,-0.24055418372154236
0.9398413300514221,-0.24044138193130493
0.9401823878288269,-0.23991349339485168
0.9403112530708313,-0.2397141456604004
0.9405497312545776,-0.23934528231620789
0.9406161308288574,-0.23924264311790466
0.9406427145004272,-0.2392015904188156
0.9407307505607605,-0.23906546831130981
0.9407389760017395,-0.23905280232429504
0.9407588243484497,-0.23902210593223572
0.9414251446723938,-0.23799288272857666
0.9419475197792053,-0.23718686401844025
0.9420379996299744,-0.23704734444618225
0.9422290921211243,-0.23675274848937988
0.9424173831939697,-0.2364625483751297
0.9431968927383423,-0.23526230454444885
0.9436516761779785,-0.23456281423568726
0.9436585903167725,-0.23455217480659485
0.9441515207290649,-0.233794704079628
0.9445089101791382,-0.23324601352214813
0.9447270035743713,-0.23291128873825073
0.9449130296707153,-0.23262588679790497
0.9451435804367065,-0.23227234184741974
0.9460163116455078,-0.23093536496162415
0.9460259079933167,-0.2309207022190094
0.9461120963096619,-0.23078879714012146
0.9464552402496338,-0.23026379942893982
0.9469285011291504,-0.22954028844833374
0.946963906288147,-0.2294861376285553
0.9471035003662109,-0.22927294671535492
0.9475834965705872,-0.22854000329971313
0.9477593898773193,-0.22827160358428955
0.9479215145111084,-0.22802422940731049
0.9479699730873108,-0.2279503345489502
0.9480287432670593,-0.227860689163208
0.9484050273895264,-0.22728705406188965
0.9486349821090698,-0.2269366979598999
0.9489040374755859,-0.22652696073055267
0.9491080045700073,-0.22621646523475647
0.9491250514984131,-0.22619052231311798
0.9492090344429016,-0.22606271505355835
0.94925856590271,-0.22598735988140106
0.9493981599807739,-0.22577497363090515
0.9494646787643433,-0.22567379474639893
0.9495139718055725,-0.22559887170791626
0.9495829343795776,-0.22549395263195038
0.949748158454895,-0.2252427488565445
0.9508947134017944,-0.22350168228149414
0.9510987997055054,-0.22319211065769196
0.9513519406318665,-0.22280839085578918
0.9516497254371643,-0.22235718369483948
0.9516701102256775,-0.22232626378536224
0.9523581862449646,-0.2212846875190735
0.9524718523025513,-0.22111272811889648
0.9533002972602844,-0.21986070275306702
0.9533601999282837,-0.21977022290229797
0.953647792339325,-0.2193361222743988
0.9537050724029541,-0.2192496657371521
0.9540918469429016,-0.21866624057292938
0.9547104835510254,-0.21773386001586914
0.9548009037971497,-0.21759769320487976
0.9552355408668518,-0.2169433832168579
0.9552936553955078,-0.2168559581041336
0.9557629227638245,-0.2161502242088318
0.9558922052383423,-0.21595589816570282
0.9562921524047852,-0.2153550088405609
0.9563925266265869,-0.21520425379276276
0.9565144181251526,-0.21502132713794708
0.9565935134887695,-0.2149025797843933
0.9568555355072021,-0.21450941264629364
0.9569811820983887,-0.21432092785835266
0.9572957754135132,-0.21384921669960022
0.9576106071472168,-0.21337741613388062
0.9578695893287659,-0.21298953890800476
0.9581067562103271,-0.21263445913791656
0.958167552947998,-0.21254348754882812
0.9583079814910889,-0.21233338117599487
0.95853590965271,-0.21199239790439606
0.9585739970207214,-0.21193543076515198
0.9585995674133301,-0.21189719438552856
0.9586023688316345,-0.2118930220603943
0.9587252140045166,-0.21170933544635773
0.9587445259094238,-0.21168044209480286
0.958807110786438,-0.21158689260482788
0.9588301181793213,-0.21155253052711487
0.9596561789512634,-0.21031875908374786
0.9600933790206909,-0.20966655015945435
0.9606389999389648,-0.2088533192873001
0.9608253240585327,-0.20857582986354828
0.9608266949653625,-0.20857380330562592
0.9612628817558289,-0.2079245001077652
0.9614657163619995,-0.20762278139591217
0.9625297784805298,-0.20604167878627777
0.9625841975212097,-0.20596086978912354
0.9625893831253052,-0.2059532254934311
0.9627189636230469,-0.2057608962059021
0.9634533524513245,-0.2046719491481781
0.9635929465293884,-0.2044650763273239
0.9638566970825195,-0.2040744423866272
0.9639740586280823,-0.20390072464942932
0.9640915989875793,-0.20372670888900757
0.9644283056259155,-0.20322851836681366
0.964881420135498,-0.20255860686302185
0.9652993083000183,-0.20194120705127716
0.9653611183166504,-0.20184998214244843
0.9657955169677734,-0.20120881497859955
0.9658221006393433,-0.20116958022117615
0.9659934639930725,-0.2009168267250061
0.966158390045166,-0.20067360997200012
0.9664033055305481,-0.20031261444091797
0.9665952920913696,-0.20002976059913635
0.9669210910797119,-0.19954994320869446
0.967229962348938,-0.19909533858299255
0.9672722220420837,-0.19903314113616943
0.9677821397781372,-0.19828331470489502
0.9678181409835815,-0.19823038578033447
0.9678513407707214,-0.19818158447742462
0.9679530262947083,-0.1980321705341339
0.9679924249649048,-0.197974294424057
0.9682247638702393,-0.1976330280303955
0.9682773947715759,-0.19755567610263824
0.9684463739395142,-0.19730757176876068
0.9684826135635376,-0.19725440442562103
0.9685183763504028,-0.1972019076347351
0.9685835242271423,-0.1971062570810318
0.9693027138710022,-0.19605153799057007
0.9697418212890625,-0.1954081803560257
0.9699876308441162,-0.1950482875108719
0.9706133604049683,-0.19413287937641144
0.970722496509552,-0.1939733326435089
0.9708150029182434,-0.19383814930915833
0.9708331823348999,-0.1938115805387497
0.9712720513343811,-0.1931704580783844
0.9719290733337402,-0.19221162796020508
0.9720451831817627,-0.19204233586788177
0.9724768400192261,-0.19141316413879395
0.972685694694519,-0.19110897183418274
0.9731009006500244,-0.1905045211315155
0.9731644988059998,-0.19041195511817932
0.9732731580734253,-0.1902538388967514
0.9737799167633057,-0.1895170360803604
0.9741572141647339,-0.18896888196468353
0.974278450012207,-0.18879280984401703
0.9744065403938293,-0.18860690295696259
0.9751536250114441,-0.18752314150333405
0.9753068685531616,-0.18730102479457855
0.9754385948181152,-0.18711021542549133
0.9755427837371826,-0.18695925176143646
0.9755755066871643,-0.18691183626651764
0.9756221175193787,-0.1868443489074707
0.9756467938423157,-0.18680861592292786
0.9763606190681458,-0.1857755482196808
0.9767287969589233,-0.18524324893951416
0.9769343733787537,-0.18494616448879242
0.9771645069122314,-0.18461379408836365
0.9772207736968994,-0.18453258275985718
0.9774347543716431,-0.18422365188598633
0.9776107668876648,-0.183969646692276
0.9777767062187195,-0.18373024463653564
0.9778419733047485,-0.1836361587047577
0.9780631065368652,-0.18331724405288696
0.9782784581184387,-0.1830068975687027
0.9783835411071777,-0.18285545706748962
0.9785369634628296,-0.18263442814350128
0.9787435531616211,-0.1823369860649109
0.9787811040878296,-0.18228289484977722
0.9788162708282471,-0.18223227560520172
0.9790165424346924,-0.18194404244422913
0.9790254831314087,-0.18193116784095764
0.9791070222854614,-0.18181383609771729
0.9794878959655762,-0.18126605451107025
0.9796439409255981,-0.18104174733161926
0.9803330898284912,-0.18005192279815674
0.9803479909896851,-0.18003049492835999
0.9804149270057678,-0.17993444204330444
0.9813692569732666,-0.17856600880622864
0.981468677520752,-0.17842364311218262
0.9817728996276855,-0.1779879629611969
0.9823136329650879,-0.17721430957317352
0.9827051162719727,-0.17665471136569977
0.9828688502311707,-0.17642079293727875
0.9828734993934631,-0.17641416192054749
0.9831322431564331,-0.17604459822177887
0.9833797812461853,-0.17569127678871155
0.9841119050979614,-0.17464718222618103
0.9844028353691101,-0.17423267662525177
0.9849355220794678,-0.17347431182861328
0.9849477410316467,-0.17345693707466125
0.9852243065834045,-0.1730635166168213
0.9853419065475464,-0.17289632558822632
0.9853768348693848,-0.17284664511680603
0.9855763912200928,-0.17256301641464233
0.9857730865478516,-0.17228353023529053
0.9866447448730469,-0.17104622721672058
0.9867827296257019,-0.17085057497024536
0.9868051409721375,-0.17081879079341888
0.9870047569274902,-0.17053581774234772
0.9871094226837158,-0.17038752138614655
0.9871596693992615,-0.17031630873680115
0.9875484108924866,-0.16976574063301086
0.9875993728637695,-0.16969358921051025
0.9877687692642212,-0.16945379972457886
0.9879419803619385,-0.16920869052410126
0.9884311556816101,-0.16851696372032166
0.9885618090629578,-0.1683322787284851
0.9887248277664185,-0.1681019812822342
0.988865315914154,-0.1679035723209381
0.9891319274902344,-0.16752715408802032
0.9892293214797974,-0.1673896610736847
0.9894769787788391,-0.16704022884368896
0.989564836025238,-0.16691634058952332
0.9896922707557678,-0.16673660278320312
0.9900526404380798,-0.16622865200042725
0.9901028275489807,-0.16615797579288483
0.9901169538497925,-0.16613802313804626
0.9901384115219116,-0.16610780358314514
0.9901522397994995,-0.1660882830619812
0.9903392791748047,-0.16582489013671875
0.9903542995452881,-0.1658037304878235
0.9903839230537415,-0.16576199233531952
0.9904363751411438,-0.16568811237812042
0.9912790060043335,-0.16450265049934387
0.9912978410720825,-0.1644761711359024
0.9919755458831787,-0.16352416574954987
0.992131233215332,-0.1633056104183197
0.9924943447113037,-0.16279615461826324
0.9926559329032898,-0.1625695824623108
0.9929851293563843,-0.16210819780826569
0.9933180809020996,-0.16164183616638184
0.9934912323951721,-0.16139936447143555
0.9939651489257812,-0.1607363224029541
0.9944576621055603,-0.16004785895347595
0.9947704672813416,-0.15961092710494995
0.9947981834411621,-0.15957224369049072
0.9949227571487427,-0.15939830243587494
0.9951670169830322,-0.1590574085712433
0.9952926635742188,-0.15888214111328125
0.9957393407821655,-0.15825925767421722
0.9962619543075562,-0.1575312316417694
0.9966480135917664,-0.15699391067028046
0.9970663189888,-0.15641218423843384
0.9972245693206787,-0.15619219839572906
0.9973745346069336,-0.1559838056564331
0.9973957538604736,-0.15595431625843048
0.9975003004074097,-0.15580908954143524
0.9976530075073242,-0.15559695661067963
0.9984402060508728,-0.1545046865940094
0.9986287355422974,-0.1542433202266693
0.9987239241600037,-0.15411143004894257
0.9991096258163452,-0.15357711911201477
0.9993013739585876,-0.1533116102218628
0.9993316531181335,-0.1532697081565857
0.9996390342712402,-0.1528443694114685
1.0000097751617432,-0.15233172476291656
1.0001158714294434,-0.15218505263328552
1.0001487731933594,-0.1521395891904831
1.0001776218414307,-0.15209972858428955
1.0005218982696533,-0.1516241431236267
1.0009398460388184,-0.15104719996452332
1.0011014938354492,-0.1508241891860962
1.0011284351348877,-0.15078698098659515
1.0012680292129517,-0.15059448778629303
1.0015065670013428,-0.1502656191587448
1.0017225742340088,-0.1499679535627365
1.0018205642700195,-0.14983294904232025
1.0018678903579712,-0.14976777136325836
1.0020185708999634,-0.14956025779247284
1.0023114681243896,-0.1491570770740509
1.0023170709609985,-0.1491493284702301
1.0025588274002075,-0.14881671965122223
1.0025889873504639,-0.14877521991729736
1.0026028156280518,-0.148756206035614
1.002614140510559,-0.14874063432216644
1.0026898384094238,-0.14863653481006622
1.0027070045471191,-0.14861290156841278
1.0029064416885376,-0.14833872020244598
1.003684401512146,-0.1472700834274292
1.0038315057754517,-0.14706820249557495
1.004402995109558,-0.14628446102142334
1.0045865774154663,-0.1460328847169876
1.0047097206115723,-0.14586417376995087
1.0049843788146973,-0.14548802375793457
1.0052118301391602,-0.1451767086982727
1.0056002140045166,-0.14464542269706726
1.0058355331420898,-0.1443237066268921
1.0060193538665771,-0.144072487950325
1.0060219764709473,-0.1440688669681549
1.0065536499023438,-0.1433427929878235
1.0073552131652832,-0.14224955439567566
1.0073951482772827,-0.14219510555267334
1.0074080228805542,-0.14217761158943176
1.0075478553771973,-0.14198705554008484
1.0078046321868896,-0.14163735508918762
1.0079529285430908,-0.141435444355011
1.0082995891571045,-0.14096370339393616
1.0089586973190308,-0.1400676667690277
1.0089795589447021,-0.140039324760437
1.0092973709106445,-0.13960771262645721
1.0097944736480713,-0.13893313705921173
1.0100281238555908,-0.13861629366874695
1.0100677013397217,-0.1385626494884491
1.0101149082183838,-0.13849863409996033
1.010265588760376,-0.13829441368579865
1.0103058815002441,-0.13823983073234558
1.0103957653045654,-0.13811801373958588
1.0110318660736084,-0.13725677132606506
1.0115177631378174,-0.13659963011741638
1.0117790699005127,-0.1362464427947998
1.012053370475769,-0.13587595522403717
1.0120636224746704,-0.13586212694644928
1.0121841430664062,-0.1356993168592453
1.0126057863235474,-0.13513034582138062
1.012763500213623,-0.13491760194301605
1.0128333568572998,-0.13482341170310974
1.0129878520965576,-0.13461513817310333
1.013286828994751,-0.13421224057674408
1.0135607719421387,-0.1338432878255844
1.0138018131256104,-0.13351882994174957
1.0140202045440674,-0.1332249641418457
1.0143723487854004,-0.13275139033794403
1.0145223140716553,-0.13254982233047485
1.0145612955093384,-0.1324974000453949
1.014855146408081,-0.13210266828536987
1.0150307416915894,-0.13186687231063843
1.0151523351669312,-0.13170363008975983
1.015483021736145,-0.13125988841056824
1.0155258178710938,-0.13120248913764954
1.015565276145935,-0.13114957511425018
1.0155836343765259,-0.13112495839595795
1.015645146369934,-0.1310424655675888
1.0158460140228271,-0.1307731419801712
1.0159176588058472,-0.13067713379859924
1.0159202814102173,-0.1306735873222351
1.01598060131073,-0.13059276342391968
1.0161707401275635,-0.13033802807331085
1.0166113376617432,-0.12974804639816284
1.0169172286987305,-0.12933874130249023
1.0172276496887207,-0.12892362475395203
1.0175635814666748,-0.1284746676683426
1.0176737308502197,-0.12832754850387573
1.0177454948425293,-0.1282317042350769
1.0181862115859985,-0.12764336168766022
1.018254041671753,-0.12755286693572998
1.0183138847351074,-0.12747302651405334
1.0189566612243652,-0.12661609053611755
1.0192439556121826,-0.12623342871665955
1.0194618701934814,-0.12594333291053772
1.019486665725708,-0.12591032683849335
1.0199346542358398,-0.1253143697977066
1.020522117614746,-0.12453362345695496
1.020522952079773,-0.12453247606754303
1.0207951068878174,-0.12417110800743103
1.0210806131362915,-0.12379221618175507
1.0210816860198975,-0.12379079312086105
1.0211354494094849,-0.1237194687128067
1.0215336084365845,-0.12319143861532211
1.0216834545135498,-0.12299284338951111
1.0217831134796143,-0.12286078184843063
1.0223559141159058,-0.12210225313901901
1.0226829051971436,-0.12166966497898102
1.0226833820343018,-0.1216689944267273
1.0233633518218994,-0.12077029794454575
1.023402214050293,-0.12071894109249115
1.023404598236084,-0.12071578204631805
1.0237776041030884,-0.12022337317466736
1.0238715410232544,-0.12009938806295395
1.0239652395248413,-0.119975745677948
1.0241193771362305,-0.11977240443229675
1.0243909358978271,-0.11941437423229218
1.024828553199768,-0.11883777379989624
1.0252952575683594,-0.11822338402271271
1.0254359245300293,-0.11803829669952393
1.02550208568573,-0.11795128881931305
1.0259678363800049,-0.11733897030353546
1.026005506515503,-0.1172894537448883
1.0261237621307373,-0.11713410168886185
1.0263173580169678,-0.11687982082366943
1.0266220569610596,-0.11647982895374298
1.0266859531402588,-0.116395965218544
1.0269089937210083,-0.11610336601734161
1.0271180868148804,-0.11582916229963303
1.0276679992675781,-0.11510856449604034
1.0277349948883057,-0.11502084136009216
1.028096318244934,-0.11454781889915466
1.0282827615737915,-0.11430390179157257
1.0283946990966797,-0.11415747553110123
1.0285638570785522,-0.11393631249666214
1.0285903215408325,-0.11390168964862823
1.0288435220718384,-0.11357077211141586
1.029081106185913,-0.113260418176651
1.0292701721191406,-0.11301352083683014
1.0292977094650269,-0.11297757923603058
1.029520869255066,-0.11268634349107742
1.029859185218811,-0.11224499344825745
1.0299055576324463,-0.11218451708555222
1.0299147367477417,-0.11217258870601654
1.030153512954712,-0.11186128854751587
1.0302363634109497,-0.11175331473350525
1.0303906202316284,-0.11155233532190323
1.0304170846939087,-0.11151789128780365
1.0305408239364624,-0.11135672777891159
1.0311508178710938,-0.11056286096572876
1.031320333480835,-0.11034233868122101
1.0313634872436523,-0.11028627306222916
1.031562089920044,-0.11002808809280396
1.03206467628479,-0.10937526822090149
1.0321311950683594,-0.10928888618946075
1.0322632789611816,-0.10911744832992554
1.0323688983917236,-0.10898037254810333
1.0327808856964111,-0.10844602435827255
1.0329840183258057,-0.10818273574113846
1.0332741737365723,-0.10780678689479828
1.0332849025726318,-0.10779289901256561
1.0336785316467285,-0.10728327929973602
1.0340206623077393,-0.10684064030647278
1.034318447113037,-0.10645560920238495
1.034409761428833,-0.10633760690689087
1.0344111919403076,-0.10633576661348343
1.0349276065826416,-0.10566872358322144
1.0352213382720947,-0.10528966784477234
1.03529691696167,-0.10519212484359741
1.0357484817504883,-0.10460987687110901
1.0358121395111084,-0.10452781617641449
1.0360069274902344,-0.10427682101726532
1.0361196994781494,-0.10413157939910889
1.036165475845337,-0.10407263040542603
1.0363460779190063,-0.10384007543325424
1.0371536016464233,-0.1028013527393341
1.0374966859817505,-0.1023605614900589
1.0375362634658813,-0.1023097038269043
1.0375580787658691,-0.10228171944618225
1.0377079248428345,-0.1020893007516861
1.038070559501648,-0.10162387043237686
1.0383641719818115,-0.10124731063842773
1.03860342502594,-0.10094060748815536
1.0387455224990845,-0.10075852274894714
1.0388106107711792,-0.10067515075206757
1.039063811302185,-0.10035085678100586
1.0392767190933228,-0.10007832944393158
1.0393238067626953,-0.10001803934574127
1.0400948524475098,-0.09903205931186676
1.0404449701309204,-0.09858483821153641
1.040503978729248,-0.0985095277428627
1.040572166442871,-0.09842246025800705
1.040744662284851,-0.09820230305194855
1.040763020515442,-0.09817887097597122
1.0409082174301147,-0.0979936346411705
1.0409830808639526,-0.09789811074733734
1.041457176208496,-0.09729370474815369
1.0415406227111816,-0.09718740731477737
1.041806936264038,-0.09684813022613525
1.041968584060669,-0.09664233028888702
1.0421050786972046,-0.09646859765052795
1.0425996780395508,-0.09583942592144012
1.0429612398147583,-0.09537993371486664
1.0431467294692993,-0.09514433890581131
1.043177843093872,-0.09510480612516403
1.043296456336975,-0.09495420753955841
1.0435822010040283,-0.09459151327610016
1.0437262058258057,-0.09440883249044418
1.0439562797546387,-0.09411703050136566
1.0440226793289185,-0.09403283894062042
1.0440378189086914,-0.09401361644268036
1.0444324016571045,-0.093513622879982
1.0445677042007446,-0.09334225207567215
1.0447373390197754,-0.09312747418880463
1.0447800159454346,-0.09307343512773514
1.0448691844940186,-0.09296058118343353
1.0452250242233276,-0.09251035749912262
1.0454206466674805,-0.09226301312446594
1.0455342531204224,-0.09211942553520203
1.0458635091781616,-0.0917033702135086
1.0459458827972412,-0.09159936755895615
1.0459498167037964,-0.0915943831205368
1.046311378479004,-0.09113792330026627
1.0464692115783691,-0.09093880653381348
1.0465162992477417,-0.09087934345006943
1.0473284721374512,-0.08985570818185806
1.0474176406860352,-0.08974343538284302
1.047448754310608,-0.08970421552658081
1.0476083755493164,-0.08950328826904297
1.047687292098999,-0.08940393477678299
1.0476877689361572,-0.08940336108207703
1.0478370189666748,-0.08921555429697037
1.048581600189209,-0.08827947080135345
1.0487886667251587,-0.08801942318677902
1.0492701530456543,-0.08741510659456253
1.0492721796035767,-0.08741255104541779
1.0493741035461426,-0.08728471398353577
1.0495901107788086,-0.08701382577419281
1.0497462749481201,-0.08681809902191162
1.0503613948822021,-0.08604766428470612
1.0505938529968262,-0.08575671911239624
1.050673007965088,-0.08565770089626312
1.050794243812561,-0.08550605922937393
1.0508091449737549,-0.08548742532730103
1.0508875846862793,-0.08538933843374252
1.0517010688781738,-0.08437296748161316
1.0517463684082031,-0.0843164324760437
1.0519788265228271,-0.08402632176876068
1.0520291328430176,-0.08396358788013458
1.0520353317260742,-0.08395582437515259
1.0520412921905518,-0.08394839614629745
1.052865982055664,-0.08292042464017868
1.052985668182373,-0.08277137577533722
1.0531680583953857,-0.08254431188106537
1.0535420179367065,-0.08207902312278748
1.0536468029022217,-0.08194871991872787
1.0538702011108398,-0.08167095482349396
1.0539237260818481,-0.08160446584224701
1.05404794216156,-0.08145012706518173
1.0544495582580566,-0.08095132559537888
1.0546342134475708,-0.0807221308350563
1.054779291152954,-0.08054210990667343
1.054847002029419,-0.08045811206102371
1.0550731420516968,-0.08017763495445251
1.0552587509155273,-0.07994754612445831
1.0556061267852783,-0.07951715588569641
1.0560674667358398,-0.07894603908061981
1.0561707019805908,-0.07881829142570496
1.0564167499542236,-0.07851394265890121
1.0564334392547607,-0.07849332690238953
1.056499719619751,-0.07841137051582336
1.0568398237228394,-0.07799100875854492
1.0570234060287476,-0.07776427268981934
1.0572271347045898,-0.0775127187371254
1.0572788715362549,-0.07744884490966797
1.0574451684951782,-0.07724358141422272
1.0575618743896484,-0.07709963619709015
1.0579867362976074,-0.07657569646835327
1.0580946207046509,-0.07644271850585938
1.0580997467041016,-0.07643640786409378
1.0582749843597412,-0.07622048258781433
1.0591002702713013,-0.07520466297864914
1.059192419052124,-0.07509136199951172
1.0592793226242065,-0.07498450577259064
1.059300184249878,-0.07495883852243423
1.0595519542694092,-0.0746494010090828
1.0597481727600098,-0.07440836727619171
1.0600193738937378,-0.0740753561258316
1.0600998401641846,-0.07397659122943878
1.0601351261138916,-0.07393329590559006
1.0604161024093628,-0.0735885426402092
1.0606589317321777,-0.07329080998897552
1.0608139038085938,-0.07310083508491516
1.0608227252960205,-0.07308998703956604
1.060856819152832,-0.07304823398590088
1.0614917278289795,-0.07227064669132233
1.0615651607513428,-0.07218082249164581
1.0618302822113037,-0.07185646891593933
1.0619628429412842,-0.07169435918331146
1.0621881484985352,-0.07141891866922379
1.0622851848602295,-0.07130035758018494
1.0622941255569458,-0.07128942757844925
1.0630605220794678,-0.07035373896360397
1.0631440877914429,-0.07025176286697388
1.0633814334869385,-0.06996233016252518
1.0634686946868896,-0.0698559433221817
1.0635933876037598,-0.06970393657684326
1.0636651515960693,-0.06961649656295776
1.0638940334320068,-0.06933768093585968
1.064274549484253,-0.06887441873550415
1.0645031929016113,-0.0685962438583374
1.0645370483398438,-0.06855505704879761
1.0647838115692139,-0.0682549998164177
1.0650395154953003,-0.0679442286491394
1.06516432762146,-0.06779254972934723
1.0656325817108154,-0.06722400337457657
1.0656534433364868,-0.06719871610403061
1.066147804260254,-0.0665990337729454
1.0663635730743408,-0.06633755564689636
1.0664985179901123,-0.06617404520511627
1.0665363073349,-0.06612826883792877
1.0667850971221924,-0.06582698225975037
1.0669430494308472,-0.06563574075698853
1.0673460960388184,-0.06514813750982285
1.0675735473632812,-0.06487308442592621
1.067690134048462,-0.06473217904567719
1.067694902420044,-0.06472641229629517
1.0677790641784668,-0.06462471187114716
1.0679750442504883,-0.06438795477151871
1.0683236122131348,-0.06396710872650146
1.068740725517273,-0.06346390396356583
1.0689222812652588,-0.06324497610330582
1.0691022872924805,-0.0630280151963234
1.0691633224487305,-0.06295447796583176
1.0691804885864258,-0.0629337877035141
1.0694777965545654,-0.06257566809654236
1.0694996118545532,-0.06254943460226059
1.0697948932647705,-0.062193967401981354
1.0707335472106934,-0.061065543442964554
1.0707353353500366,-0.061063412576913834
1.0707566738128662,-0.061037782579660416
1.0709185600280762,-0.06084339693188667
1.070936918258667,-0.06082136929035187
1.0710543394088745,-0.060680411756038666
1.0710957050323486,-0.06063073128461838
1.0717862844467163,-0.05980253592133522
1.071997880935669,-0.059549007564783096
1.0720319747924805,-0.059508197009563446
1.072285771369934,-0.05920422822237015
1.072331428527832,-0.05914957448840141
1.0725970268249512,-0.05883171781897545
1.072818636894226,-0.0585666224360466
1.0728764533996582,-0.05849749594926834
1.0732749700546265,-0.058021143078804016
1.0734225511550903,-0.0578448548913002
1.0735470056533813,-0.05769623816013336
1.0737483501434326,-0.05745586380362511
1.0739456415176392,-0.05722043290734291
1.0744818449020386,-0.05658097192645073
1.074555516242981,-0.05649320408701897
1.0747816562652588,-0.056223779916763306
1.074825406074524,-0.05617166683077812
1.07487154006958,-0.05611672252416611
1.0749789476394653,-0.05598883330821991
1.0750088691711426,-0.05595320463180542
1.0751351118087769,-0.05580292269587517
1.0759072303771973,-0.054884642362594604
1.076131820678711,-0.05461782589554787
1.076385259628296,-0.05431685969233513
1.076390027999878,-0.05431123822927475
1.0766115188598633,-0.0540483333170414
1.0766552686691284,-0.05399640277028084
1.0767443180084229,-0.05389076843857765
1.0769411325454712,-0.05365733429789543
1.0773537158966064,-0.053168293088674545
1.0773937702178955,-0.053120870143175125
1.0774891376495361,-0.05300784111022949
1.0775750875473022,-0.05290605500340462
1.0778405666351318,-0.05259175971150398
1.077927827835083,-0.05248847231268883
1.0779696702957153,-0.05243896692991257
1.0781335830688477,-0.05224502831697464
1.0785198211669922,-0.051788341253995895
1.0789449214935303,-0.05128612369298935
1.0791168212890625,-0.05108312517404556
1.0793107748031616,-0.05085419863462448
1.0794925689697266,-0.050639718770980835
1.080134391784668,-0.04988313838839531
1.0802369117736816,-0.04976239800453186
1.080629587173462,-0.04930008575320244
1.080747365951538,-0.04916149377822876
1.0807855129241943,-0.049116604030132294
1.0807855129241943,-0.049116604030132294
1.0807945728302002,-0.04910596087574959
1.0809409618377686,-0.04893376678228378
1.0809637308120728,-0.04890697821974754
1.0811630487442017,-0.0486726313829422
1.0814051628112793,-0.04838808625936508
1.0814464092254639,-0.048339635133743286
1.0821363925933838,-0.04752957820892334
1.0822608470916748,-0.047383565455675125
1.0822985172271729,-0.04733940586447716
1.0823627710342407,-0.04726404696702957
1.0828008651733398,-0.04675057530403137
1.0833234786987305,-0.04613861069083214
1.0836334228515625,-0.04577603563666344
1.0838223695755005,-0.04555509239435196
1.0844396352767944,-0.04483390972018242
1.0844591856002808,-0.044811055064201355
1.084778070449829,-0.04443887993693352
1.0848380327224731,-0.044368937611579895
1.084975242614746,-0.04420884698629379
1.0849957466125488,-0.04418497160077095
1.0850032567977905,-0.044176191091537476
1.0851112604141235,-0.04405026137828827
1.0851157903671265,-0.04404497891664505
1.085181713104248,-0.04396812617778778
1.0852556228637695,-0.04388196021318436
1.0854485034942627,-0.043657198548316956
1.0855807065963745,-0.04350317269563675
1.0859954357147217,-0.04302027076482773
1.086242914199829,-0.042732324451208115
1.0866248607635498,-0.04228821396827698
1.0866526365280151,-0.042255938053131104
1.0875905752182007,-0.04116687551140785
1.087591290473938,-0.0411660335958004
1.0876615047454834,-0.04108462482690811
1.0879695415496826,-0.040727488696575165
1.0881184339523315,-0.04055490344762802
1.0887243747711182,-0.039853230118751526
1.0887980461120605,-0.03976798802614212
1.0888742208480835,-0.03967984765768051
1.0890052318572998,-0.039528295397758484
1.0890734195709229,-0.039449453353881836
1.0893725156784058,-0.0391036793589592
1.0893964767456055,-0.03907600790262222
1.0894694328308105,-0.038991667330265045
1.0894807577133179,-0.038978591561317444
1.0895156860351562,-0.0389382466673851
1.0895938873291016,-0.03884788602590561
1.0897157192230225,-0.038707148283720016
1.0897610187530518,-0.0386548712849617
1.0897938013076782,-0.03861701861023903
1.0902838706970215,-0.03805142641067505
1.090818166732788,-0.03743545711040497
1.0909122228622437,-0.03732707351446152
1.0909836292266846,-0.03724483400583267
1.091833472251892,-0.03626682981848717
1.0919122695922852,-0.03617624193429947
1.0923116207122803,-0.03571733832359314
1.092374324798584,-0.03564532473683357
1.0926640033721924,-0.0353127159178257
1.092696189880371,-0.035275764763355255
1.0930265188217163,-0.03489680215716362
1.0930814743041992,-0.03483375906944275
1.0933711528778076,-0.034501656889915466
1.0934126377105713,-0.0344540998339653
1.0935029983520508,-0.03435056284070015
1.0935077667236328,-0.03434508293867111
1.0935986042022705,-0.03424103185534477
1.0936294794082642,-0.03420567139983177
1.0938160419464111,-0.033991992473602295
1.093900442123413,-0.03389536589384079
1.093959093093872,-0.033828236162662506
1.0939786434173584,-0.03380585461854935
1.09407639503479,-0.03369395434856415
1.094211459159851,-0.03353939577937126
1.0952175855636597,-0.03238952159881592
1.0952855348587036,-0.03231196105480194
1.0962780714035034,-0.031180111691355705
1.0965614318847656,-0.030857402831315994
1.0965845584869385,-0.03083108365535736
1.0966267585754395,-0.030783070251345634
1.0966529846191406,-0.030753202736377716
1.0968918800354004,-0.03048134781420231
1.0968979597091675,-0.03047439269721508
1.0970768928527832,-0.03027089312672615
1.0972081422805786,-0.030121643096208572
1.09746515750885,-0.029829509556293488
1.0975818634033203,-0.029696881771087646
1.0976881980895996,-0.029576100409030914
1.0979421138763428,-0.029287822544574738
1.098122239112854,-0.02908337488770485
1.0981435775756836,-0.029059164226055145
1.0982263088226318,-0.028965279459953308
1.098682165145874,-0.02844836190342903
1.0987751483917236,-0.028342973440885544
1.0989609956741333,-0.02813239023089409
1.0995337963104248,-0.027483955025672913
1.099551796913147,-0.027463555335998535
1.0997992753982544,-0.027183666825294495
1.1004246473312378,-0.02647695317864418
1.1006402969360352,-0.026233475655317307
1.1006808280944824,-0.026187729090452194
1.1006994247436523,-0.026166733354330063
1.1006996631622314,-0.026166461408138275
1.1007438898086548,-0.026116561144590378
1.1009869575500488,-0.025842320173978806
1.1013144254684448,-0.025473061949014664
1.1013768911361694,-0.025402680039405823
1.1015901565551758,-0.02516236901283264
1.1017765998840332,-0.02495235949754715
1.102113962173462,-0.02457258477807045
1.1024467945098877,-0.024198200553655624
1.1024963855743408,-0.024142451584339142
1.102579116821289,-0.02404940500855446
1.1025941371917725,-0.02403254434466362
1.1029233932495117,-0.02366252988576889
1.103557825088501,-0.02295031026005745
1.10356867313385,-0.022938136011362076
1.1037771701812744,-0.02270428091287613
1.103833794593811,-0.02264077216386795
1.103853464126587,-0.022618699818849564
1.1042699813842773,-0.02215193212032318
1.1043155193328857,-0.02210092544555664
1.104479432106018,-0.021917372941970825
1.1047089099884033,-0.02166047692298889
1.104846715927124,-0.021506253629922867
1.1050803661346436,-0.021244917064905167
1.1051121950149536,-0.02120932936668396
1.1052666902542114,-0.021036602556705475
1.10530686378479,-0.020991705358028412
1.1055800914764404,-0.02068636566400528
1.1058545112609863,-0.020379893481731415
1.1059648990631104,-0.020256683230400085
1.106718897819519,-0.01941574364900589
1.1067818403244019,-0.019345592707395554
1.1069655418395996,-0.019140951335430145
1.107273817062378,-0.018797654658555984
1.107757568359375,-0.018259473145008087
1.1077790260314941,-0.01823560521006584
1.1078979969024658,-0.018103327602148056
1.1079559326171875,-0.018038958311080933
1.108170509338379,-0.01780048757791519
1.1082615852355957,-0.01769931986927986
1.1082618236541748,-0.017699066549539566
1.1084492206573486,-0.01749090850353241
1.1085782051086426,-0.01734774559736252
1.1087934970855713,-0.017108794301748276
1.1088228225708008,-0.01707625761628151
1.1088240146636963,-0.017074942588806152
1.1088881492614746,-0.017003793269395828
1.1095633506774902,-0.016255304217338562
1.1096067428588867,-0.016207225620746613
1.109706163406372,-0.016097132116556168
1.1098103523254395,-0.015981774777173996
1.1099128723144531,-0.01586826518177986
1.1099793910980225,-0.015794649720191956
1.1108397245407104,-0.014843322336673737
1.1109546422958374,-0.01471637561917305
1.1110754013061523,-0.014583036303520203
1.11121666431427,-0.014427050948143005
1.1120116710662842,-0.013550210744142532
1.1120185852050781,-0.01354258507490158
1.1120761632919312,-0.013479150831699371
1.112082839012146,-0.013471812009811401
1.1122677326202393,-0.013268101960420609
1.1124780178070068,-0.013036541640758514
1.112483024597168,-0.013031058013439178
1.1128637790679932,-0.01261204108595848
1.1129783391952515,-0.012486018240451813
1.1130380630493164,-0.012420345097780228
1.113368272781372,-0.012057378888130188
1.1134086847305298,-0.01201297715306282
1.1137347221374512,-0.011654838919639587
1.1138801574707031,-0.011495187878608704
1.1139194965362549,-0.011452019214630127
1.1139426231384277,-0.011426638811826706
1.1140263080596924,-0.01133481040596962
1.114060640335083,-0.011297132819890976
1.114571213722229,-0.010737217962741852
1.1145758628845215,-0.010732118040323257
1.1151485443115234,-0.010104823857545853
1.1153709888458252,-0.009861361235380173
1.1159298419952393,-0.009250253438949585
1.115950584411621,-0.009227585047483444
1.1161530017852783,-0.009006395936012268
1.1161797046661377,-0.008977275341749191
1.116324782371521,-0.008818835020065308
1.1167700290679932,-0.008332870900630951
1.116805076599121,-0.008294645696878433
1.1169819831848145,-0.0081016905605793
1.1171642541885376,-0.007902983576059341
1.1172443628311157,-0.007815703749656677
1.1178324222564697,-0.007175195962190628
1.1179335117340088,-0.00706515833735466
1.1181217432022095,-0.006860334426164627
1.1182059049606323,-0.006768811494112015
1.118323564529419,-0.006640896201133728
1.1183356046676636,-0.006627772003412247
1.1184390783309937,-0.006515301764011383
1.118491768836975,-0.006458021700382233
1.1190203428268433,-0.0058838315308094025
1.1191160678863525,-0.005779914557933807
1.1192948818206787,-0.00558583065867424
1.1196614503860474,-0.005188249051570892
1.119683027267456,-0.005164884030818939
1.119889259338379,-0.004941321909427643
1.119913101196289,-0.004915494471788406
1.120161771774292,-0.004646077752113342
1.1204254627227783,-0.004360593855381012
1.1205767393112183,-0.004196885973215103
1.1209683418273926,-0.003773301839828491
1.1210401058197021,-0.0036956965923309326
1.121227502822876,-0.0034931451082229614
1.1213746070861816,-0.0033341944217681885
1.121624231338501,-0.0030646249651908875
1.1217600107192993,-0.0029180534183979034
1.1218761205673218,-0.0027927570044994354
1.1223260164260864,-0.0023075267672538757
1.1225929260253906,-0.0020198486745357513
1.1226552724838257,-0.0019526779651641846
1.1229509115219116,-0.0016342811286449432
1.12330162525177,-0.001256849616765976
1.1233891248703003,-0.0011627264320850372
1.1235321760177612,-0.0010088719427585602
1.1237112283706665,-0.0008164122700691223
1.1237823963165283,-0.0007398873567581177
1.123883605003357,-0.0006311237812042236
1.1238977909088135,-0.0006158798933029175
1.12394118309021,-0.0005692914128303528
1.1241042613983154,-0.0003941059112548828
1.124183177947998,-0.00030938535928726196
1.1244044303894043,-7.183104753494263e-05
1.1244266033172607,-4.807859659194946e-05
1.1245625019073486,9.779632091522217e-05
1.1250181198120117,0.0005863532423973083
1.125269889831543,0.0008561611175537109
1.1252830028533936,0.0008701905608177185
1.1256023645401,0.00121220201253891
1.1257603168487549,0.0013812631368637085
1.1264680624008179,0.0021380558609962463
1.1264874935150146,0.002158842980861664
1.1265331506729126,0.0022075846791267395
1.1267246007919312,0.0024121329188346863
1.126816987991333,0.002510771155357361
1.126861810684204,0.0025586560368537903
1.1273943185806274,0.0031268298625946045
1.1274266242980957,0.0031612515449523926
1.1275780200958252,0.003322690725326538
1.127831220626831,0.0035925284028053284
1.127926230430603,0.003693714737892151
1.1282033920288086,0.0039888471364974976
1.1282365322113037,0.004024125635623932
1.1286473274230957,0.004461213946342468
1.1286802291870117,0.004496224224567413
1.1287285089492798,0.0045475587248802185
1.1287652254104614,0.004586614668369293
1.129371166229248,0.005230441689491272
1.1294931173324585,0.0053598955273628235
1.1295747756958008,0.005446605384349823
1.1297768354415894,0.005661003291606903
1.1298410892486572,0.00572919100522995
1.1299456357955933,0.00584007054567337
1.1302597522735596,0.006173074245452881
1.1305738687515259,0.006505914032459259
1.130601167678833,0.00653480738401413
1.1311246156692505,0.007088854908943176
1.1313278675079346,0.0073038265109062195
1.1314022541046143,0.007382482290267944
1.1315051317214966,0.007491216063499451
1.1315481662750244,0.007536724209785461
1.1318120956420898,0.007815584540367126
1.1320096254348755,0.008024148643016815
1.1321449279785156,0.008167028427124023
1.132277011871338,0.008306428790092468
1.1324126720428467,0.008449561893939972
1.1324429512023926,0.00848148763179779
1.1329164505004883,0.008980721235275269
1.133305311203003,0.009390346705913544
1.1336616277694702,0.009765349328517914
1.1336649656295776,0.009768851101398468
1.1338739395141602,0.009988658130168915
1.1339799165725708,0.01010008156299591
1.1340839862823486,0.010209470987319946
1.1342339515686035,0.010367073118686676
1.1346627473831177,0.010817490518093109
1.1350934505462646,0.01126939058303833
1.1352250576019287,0.011407434940338135
1.1353120803833008,0.011498667299747467
1.1353386640548706,0.011526539921760559
1.1353745460510254,0.011564135551452637
1.135485053062439,0.011679977178573608
1.135542631149292,0.011740297079086304
1.13556969165802,0.011768624186515808
1.1358346939086914,0.012046217918395996
1.1361267566680908,0.012351982295513153
1.1361939907073975,0.012422315776348114
1.1361948251724243,0.012423187494277954
1.1363418102264404,0.012576982378959656
1.1366543769836426,0.012903779745101929
1.136892318725586,0.013152442872524261
1.13705313205719,0.013320423662662506
1.1371198892593384,0.013390123844146729
1.1377356052398682,0.014032669365406036
1.137793779373169,0.014093339443206787
1.1382842063903809,0.014604449272155762
1.1383249759674072,0.014646872878074646
1.138667106628418,0.015003062784671783
1.1388707160949707,0.0152149498462677
1.1391053199768066,0.015458941459655762
1.1391938924789429,0.015551045536994934
1.1394662857055664,0.015834100544452667
1.1395103931427002,0.01587992161512375
1.139606237411499,0.015979498624801636
1.139878273010254,0.016261935234069824
1.1400541067123413,0.016444452106952667
1.1402478218078613,0.01664537936449051
1.1402702331542969,0.01666863262653351
1.140465497970581,0.01687108725309372
1.1405322551727295,0.01694028079509735
1.140740990638733,0.017156608402729034
1.1408320665359497,0.017250947654247284
1.1409413814544678,0.01736415922641754
1.1410578489303589,0.01748480647802353
1.1411092281341553,0.01753794401884079
1.1412904262542725,0.01772550493478775
1.1413320302963257,0.017768561840057373
1.1418747901916504,0.018329843878746033
1.1421613693237305,0.018625929951667786
1.1423135995864868,0.01878313720226288
1.142557978630066,0.01903536170721054
1.1426100730895996,0.019089162349700928
1.1431065797805786,0.019601181149482727
1.1431756019592285,0.019672326743602753
1.1432839632034302,0.019783973693847656
1.1435738801956177,0.02008260041475296
1.1435803174972534,0.020089246332645416
1.1438143253326416,0.020330116152763367
1.1439285278320312,0.020447641611099243
1.1443307399749756,0.02086130529642105
1.1443657875061035,0.020897306501865387
1.1443859338760376,0.020918041467666626
1.1444339752197266,0.020967423915863037
1.144813060760498,0.02135685831308365
1.144971251487732,0.021519258618354797
1.1454448699951172,0.022005222737789154
1.1455471515655518,0.022110089659690857
1.14590322971344,0.022475019097328186
1.1459091901779175,0.022481121122837067
1.1459230184555054,0.02249530702829361
1.1460992097854614,0.022675737738609314
1.1463156938552856,0.0228973850607872
1.1464879512786865,0.023073673248291016
1.1467773914337158,0.023369714617729187
1.1469074487686157,0.02350267767906189
1.14695143699646,0.023547649383544922
1.1469545364379883,0.02355083078145981
1.1470692157745361,0.023668020963668823
1.1471002101898193,0.023699678480625153
1.1474697589874268,0.024077124893665314
1.1475964784622192,0.02420647442340851
1.147668480873108,0.02427998185157776
1.1479933261871338,0.02461136132478714
1.1484817266464233,0.025109171867370605
1.1486108303070068,0.025240667164325714
1.1487534046173096,0.025385849177837372
1.149006962776184,0.025643907487392426
1.1490674018859863,0.025705412030220032
1.1496458053588867,0.026293516159057617
1.1496713161468506,0.02631942182779312
1.1497583389282227,0.02640785276889801
1.1498750448226929,0.026526376605033875
1.1501975059509277,0.0268537700176239
1.1505451202392578,0.027206435799598694
1.1507384777069092,0.02740246057510376
1.1507723331451416,0.0274367555975914
1.150795340538025,0.027460098266601562
1.150977611541748,0.027644798159599304
1.1510746479034424,0.02774309366941452
1.1510937213897705,0.027762435376644135
1.1517877578735352,0.028464876115322113
1.1519412994384766,0.028620153665542603
1.1521066427230835,0.028787270188331604
1.1521170139312744,0.028797723352909088
1.152138352394104,0.028819285333156586
1.1523611545562744,0.029044412076473236
1.1527951955795288,0.029482603073120117
1.1529831886291504,0.0296722874045372
1.1529905796051025,0.02967970073223114
1.153032660484314,0.029722146689891815
1.1530605554580688,0.029750294983386993
1.1531152725219727,0.029805466532707214
1.1533501148223877,0.030042223632335663
1.1537859439849854,0.03048127144575119
1.1539446115493774,0.030641019344329834
1.1539608240127563,0.0306573286652565
1.1546907424926758,0.03139140456914902
1.1547915935516357,0.031492769718170166
1.1548378467559814,0.031539253890514374
1.15493643283844,0.03163827955722809
1.1551156044006348,0.03181818872690201
1.1551532745361328,0.031856000423431396
1.1555358171463013,0.032239869236946106
1.1555635929107666,0.0322677418589592
1.1559247970581055,0.03262987732887268
1.1560001373291016,0.032705336809158325
1.1562448740005493,0.032950542867183685
1.1562978029251099,0.03300350904464722
1.1564397811889648,0.0331457182765007
1.156801462173462,0.03350761532783508
1.1569187641143799,0.03362489491701126
1.1569805145263672,0.03368667513132095
1.1571111679077148,0.03381728380918503
1.1571451425552368,0.03385119140148163
1.157608985900879,0.0343146026134491
1.1576321125030518,0.03433768451213837
1.1581487655639648,0.03485323488712311
1.1584210395812988,0.035124681890010834
1.1585559844970703,0.03525916486978531
1.1586334705352783,0.035336337983608246
1.1588325500488281,0.03553462028503418
1.1589529514312744,0.03565451502799988
1.1590971946716309,0.0357980877161026
1.1591609716415405,0.03586157411336899
1.1591860055923462,0.035886459052562714
1.159299612045288,0.035999491810798645
1.1594133377075195,0.036112599074840546
1.1594287157058716,0.036127880215644836
1.1594980955123901,0.03619688004255295
1.16007399559021,0.03676914423704147
1.1602258682250977,0.03691992163658142
1.16022789478302,0.03692194074392319
1.1602859497070312,0.03697957843542099
1.1603078842163086,0.037001341581344604
1.160404920578003,0.03709763288497925
1.161050796508789,0.03773811459541321
1.161161184310913,0.03784748911857605
1.1613746881484985,0.03805892914533615
1.1623165607452393,0.038990579545497894
1.162379503250122,0.03905276209115982
1.1624386310577393,0.039111196994781494
1.1625556945800781,0.03922680765390396
1.1625587940216064,0.03922988474369049
1.1626163721084595,0.03928674757480621
1.1626777648925781,0.03934735804796219
1.1627095937728882,0.03937878459692001
1.1632786989212036,0.03994029760360718
1.1633093357086182,0.0399705171585083
1.1634119749069214,0.04007168114185333
1.1634443998336792,0.040103644132614136
1.1637520790100098,0.040406785905361176
1.1642285585403442,0.04087585210800171
1.1643232107162476,0.04096902906894684
1.164858341217041,0.04149512201547623
1.1649301052093506,0.041565604507923126
1.164931058883667,0.04156655818223953
1.164979338645935,0.04161400347948074
1.1653321981430054,0.04196044057607651
1.1654040813446045,0.04203099012374878
1.1654324531555176,0.042058877646923065
1.1655046939849854,0.0421297624707222
1.1655104160308838,0.042135387659072876
1.165644884109497,0.042267292737960815
1.1657780408859253,0.042397886514663696
1.1660478115081787,0.04266232252120972
1.166254997253418,0.042865313589572906
1.1663930416107178,0.04300050437450409
1.166459560394287,0.04306560754776001
1.166633129119873,0.04323553293943405
1.1671910285949707,0.04378122836351395
1.1673879623413086,0.043973661959171295
1.1674853563308716,0.044068798422813416
1.1680840253829956,0.04465322941541672
1.168286919593811,0.04485113173723221
1.1683413982391357,0.04490424692630768
1.1683833599090576,0.04494517296552658
1.168745994567871,0.045298539102077484
1.1687597036361694,0.045311883091926575
1.1687966585159302,0.04534786194562912
1.1690335273742676,0.04557856172323227
1.1693296432495117,0.04586672782897949
1.169339656829834,0.04587646573781967
1.1693825721740723,0.04591820389032364
1.169487714767456,0.04602045565843582
1.1701138019561768,0.046628937125205994
1.1701401472091675,0.04665447026491165
1.1701751947402954,0.046688511967659
1.1705732345581055,0.04707484692335129
1.1706769466400146,0.04717544466257095
1.170713186264038,0.04721059650182724
1.1707741022109985,0.047269657254219055
1.1710606813430786,0.047547489404678345
1.171281337738037,0.04776123911142349
1.1714105606079102,0.04788640886545181
1.1715073585510254,0.04798014461994171
1.171515703201294,0.04798823595046997
1.1716543436050415,0.04812239110469818
1.1717889308929443,0.04825263470411301
1.1720399856567383,0.048495449125766754
1.1721949577331543,0.04864531755447388
1.172370433807373,0.04881487786769867
1.1724351644515991,0.048877403140068054
1.172532558441162,0.0489715114235878
1.1729096174240112,0.049335554242134094
1.1735522747039795,0.049955353140830994
1.1736228466033936,0.05002332478761673
1.1739437580108643,0.05033246427774429
1.1741338968276978,0.050515517592430115
1.1742558479309082,0.05063287168741226
1.1743110418319702,0.05068592727184296
1.174492359161377,0.050860367715358734
1.1746524572372437,0.051014311611652374
1.1747418642044067,0.051100216805934906
1.1747715473175049,0.051128774881362915
1.1749579906463623,0.051307909190654755
1.1753795146942139,0.05171263962984085
1.1753952503204346,0.05172780156135559
1.1754989624023438,0.051827266812324524
1.1756314039230347,0.05195434391498566
1.1759876012802124,0.05229589343070984
1.17604398727417,0.052349939942359924
1.1762453317642212,0.05254284292459488
1.176334261894226,0.05262802541255951
1.1766711473464966,0.052950553596019745
1.1769192218780518,0.05318787693977356
1.1771879196166992,0.05344478040933609
1.1772964000701904,0.05354849249124527
1.1773056983947754,0.053557388484478
1.1773525476455688,0.05360213667154312
1.1777331829071045,0.05396568775177002
1.177796721458435,0.054026342928409576
1.1779770851135254,0.054198481142520905
1.1780697107315063,0.05428686738014221
1.1781240701675415,0.054338715970516205
1.178222417831421,0.05443251132965088
1.1782399415969849,0.05444924533367157
1.1786932945251465,0.05488133430480957
1.1788069009780884,0.05498955398797989
1.178821325302124,0.055003292858600616
1.1793773174285889,0.05553247034549713
1.1794217824935913,0.055574774742126465
1.1794310808181763,0.05558361858129501
1.1797547340393066,0.05589132755994797
1.1798303127288818,0.05596315115690231
1.180006504058838,0.056130550801754
1.1801246404647827,0.056242749094963074
1.1804317235946655,0.056534238159656525
1.1805139780044556,0.05661231279373169
1.1807940006256104,0.056877873837947845
1.1810007095336914,0.05707384645938873
1.1810712814331055,0.05714070051908493
1.1816927194595337,0.05772913247346878
1.1817044019699097,0.057740218937397
1.1818137168884277,0.0578436553478241
1.1819889545440674,0.05800937861204147
1.1821401119232178,0.05815225839614868
1.1823146343231201,0.05831720679998398
1.1823360919952393,0.058337509632110596
1.1826915740966797,0.05867324769496918
1.1829102039337158,0.05887962132692337
1.1829816102981567,0.05894697457551956
1.1833088397979736,0.05925562232732773
1.1833522319793701,0.05929651856422424
1.183416724205017,0.05935732275247574
1.1835356950759888,0.059469446539878845
1.1836674213409424,0.0595935583114624
1.1837081909179688,0.05963195115327835
1.1838524341583252,0.05976781249046326
1.1838715076446533,0.059785760939121246
1.18472421169281,0.06058790534734726
1.1848269701004028,0.060684457421302795
1.184896469116211,0.060749754309654236
1.1851526498794556,0.0609903410077095
1.1854854822158813,0.061302728950977325
1.1856248378753662,0.061433449387550354
1.1858603954315186,0.06165430694818497
1.1858952045440674,0.061686933040618896
1.1859073638916016,0.061698317527770996
1.1859363317489624,0.06172548979520798
1.1861752271652222,0.06194935739040375
1.1862469911575317,0.06201653182506561
1.1863939762115479,0.062154173851013184
1.186596155166626,0.06234343349933624
1.186643123626709,0.0623873695731163
1.1866507530212402,0.062394507229328156
1.1869953870773315,0.06271686404943466
1.1870027780532837,0.06272374093532562
1.1871283054351807,0.06284110993146896
1.1873300075531006,0.06302960216999054
1.1878571510314941,0.06352180242538452
1.1879774332046509,0.06363406032323837
1.1889314651489258,0.06452308595180511
1.1889736652374268,0.0645623579621315
1.1890888214111328,0.06466953456401825
1.189168930053711,0.06474408507347107
1.1893142461776733,0.06487929075956345
1.1895413398742676,0.06509043276309967
1.1895434856414795,0.06509239971637726
1.1895748376846313,0.06512154638767242
1.1895872354507446,0.06513307988643646
1.1898690462112427,0.06539497524499893
1.1902241706848145,0.0657247006893158
1.1904083490371704,0.06589560210704803
1.1904809474945068,0.06596297025680542
1.190494179725647,0.06597519665956497
1.1905449628829956,0.06602231413125992
1.1908360719680786,0.06629225611686707
1.1908864974975586,0.06633895635604858
1.1909058094024658,0.06635686755180359
1.1909353733062744,0.06638427823781967
1.1910936832427979,0.06653095036745071
1.1912850141525269,0.06670812517404556
1.1916742324829102,0.06706835329532623
1.1918249130249023,0.06720772385597229
1.1919116973876953,0.06728796660900116
1.1920591592788696,0.06742428243160248
1.1920676231384277,0.06743213534355164
1.1923837661743164,0.06772421300411224
1.193021535873413,0.06831285357475281
1.1930545568466187,0.06834330409765244
1.1931836605072021,0.0684623271226883
1.1932461261749268,0.06851992756128311
1.1935734748840332,0.06882157921791077
1.193835735321045,0.06906303763389587
1.1938986778259277,0.06912099570035934
1.1940498352050781,0.06926010549068451
1.1940834522247314,0.06929107010364532
1.1942815780639648,0.06947328895330429
1.1943931579589844,0.06957588344812393
1.19463312625885,0.06979646533727646
1.194657564163208,0.06981891393661499
1.1948734521865845,0.07001720368862152
1.1950535774230957,0.07018262892961502
1.1951777935028076,0.07029662281274796
1.19528329372406,0.07039345800876617
1.1956098079681396,0.07069294154644012
1.1957522630691528,0.07082349061965942
1.1961369514465332,0.07117592543363571
1.196489691734314,0.07149884849786758
1.1970030069351196,0.07196826487779617
1.1970361471176147,0.07199850678443909
1.1970880031585693,0.07204590737819672
1.1971032619476318,0.07205985486507416
1.1974213123321533,0.07235037535429001
1.1974594593048096,0.07238519191741943
1.197542428970337,0.07246094197034836
1.1975780725479126,0.07249347865581512
1.1976145505905151,0.07252674549818039
1.1977570056915283,0.0726567730307579
1.197895884513855,0.0727834552526474
1.1980700492858887,0.07294225692749023
1.1981773376464844,0.07304006069898605
1.1981844902038574,0.07304657995700836
1.198341727256775,0.0731898844242096
1.1984952688217163,0.07332976162433624
1.1985259056091309,0.07335767149925232
1.1985968351364136,0.07342225313186646
1.1986027956008911,0.07342768460512161
1.1992510557174683,0.07401755452156067
1.1999256610870361,0.07463047653436661
1.2000981569290161,0.07478702068328857
1.2001816034317017,0.07486278563737869
1.2005589008331299,0.07520490884780884
1.200789213180542,0.07541367411613464
1.2008051872253418,0.07542812824249268
1.201013207435608,0.07561658322811127
1.20102059841156,0.07562326639890671
1.2010831832885742,0.07567990571260452
1.2015955448150635,0.07614355534315109
1.2016106843948364,0.07615728676319122
1.2016292810440063,0.0761740654706955
1.2018318176269531,0.07635720819234848
1.201916217803955,0.076433464884758
1.201948642730713,0.0764627754688263
1.2019925117492676,0.07650240510702133
1.2023999691009521,0.0768704041838646
1.202534794807434,0.07699207961559296
1.2025812864303589,0.07703405618667603
1.2026281356811523,0.07707633823156357
1.20268714427948,0.07712956517934799
1.20330810546875,0.07768935710191727
1.2034764289855957,0.07784092426300049
1.2036750316619873,0.07801976054906845
1.2039437294006348,0.07826153188943863
1.2041974067687988,0.07848963886499405
1.2045470476150513,0.07880384474992752
1.2046468257904053,0.07889346033334732
1.204763650894165,0.07899836450815201
1.2049131393432617,0.0791325643658638
1.2049496173858643,0.07916530221700668
1.2049561738967896,0.07917116582393646
1.2049763202667236,0.0791892260313034
1.2051012516021729,0.07930132001638412
1.2053377628326416,0.07951348274946213
1.2054494619369507,0.07961360365152359
1.20546293258667,0.0796256810426712
1.2056037187576294,0.0797518640756607
1.205620527267456,0.07976692169904709
1.2062681913375854,0.08034684509038925
1.2062995433807373,0.08037488907575607
1.2063870429992676,0.08045314252376556
1.206451416015625,0.08051073551177979
1.206884741783142,0.08089808374643326
1.2073450088500977,0.08130909502506256
1.2073930501937866,0.08135195076465607
1.2075154781341553,0.08146117627620697
1.2076208591461182,0.08155522495508194
1.2077701091766357,0.0816883072257042
1.2080519199371338,0.08193954825401306
1.20818030834198,0.08205388486385345
1.208493947982788,0.08233316242694855
1.2085213661193848,0.08235755562782288
1.208841323852539,0.08264225721359253
1.2089494466781616,0.08273841440677643
1.2090011835098267,0.08278439939022064
1.209169864654541,0.08293436467647552
1.209214210510254,0.08297380059957504
1.2093257904052734,0.08307288587093353
1.2096480131149292,0.08335909247398376
1.209833025932312,0.08352326601743698
1.209855556488037,0.08354328572750092
1.2098774909973145,0.08356273919343948
1.2101809978485107,0.08383198082447052
1.210432767868042,0.08405512571334839
1.2104915380477905,0.08410723507404327
1.2105867862701416,0.08419158309698105
1.211225152015686,0.08475665748119354
1.2113573551177979,0.08487361669540405
1.211521863937378,0.0850190743803978
1.2121270895004272,0.08555363863706589
1.212134838104248,0.08556050807237625
1.2121520042419434,0.08557561784982681
1.2121747732162476,0.0855957418680191
1.212268352508545,0.08567831665277481
1.2124234437942505,0.08581515401601791
1.2124407291412354,0.08583039790391922
1.2126007080078125,0.08597148209810257
1.2126678228378296,0.08603062480688095
1.2126855850219727,0.08604634553194046
1.2126998901367188,0.08605889230966568
1.212921142578125,0.08625389635562897
1.2129321098327637,0.08626357465982437
1.2129344940185547,0.0862656757235527
1.2129970788955688,0.08632078766822815
1.2135567665100098,0.0868135541677475
1.2136735916137695,0.08691629022359848
1.213974952697754,0.08718127012252808
1.2142479419708252,0.08742114156484604
1.214436411857605,0.08758663386106491
1.214503288269043,0.08764534443616867
1.2145159244537354,0.08765646070241928
1.215111494064331,0.08817887306213379
1.2152764797210693,0.08832348883152008
1.2152987718582153,0.08834303170442581
1.215341567993164,0.08838051557540894
1.2159090042114258,0.0888773575425148
1.216033935546875,0.08898665010929108
1.2160801887512207,0.08902712166309357
1.2162545919418335,0.089179627597332
1.2163476943969727,0.0892610251903534
1.2164790630340576,0.08937583863735199
1.2167394161224365,0.0896032452583313
1.2169268131256104,0.08976688235998154
1.2170047760009766,0.08983494341373444
1.2171869277954102,0.08999387919902802
1.2175631523132324,0.09032195806503296
1.2176918983459473,0.09043415635824203
1.2178726196289062,0.09059156477451324
1.2178956270217896,0.09061165153980255
1.2180798053741455,0.09077203273773193
1.2184689044952393,0.09111057221889496
1.2185206413269043,0.09115561097860336
1.2185996770858765,0.09122432768344879
1.2187412977218628,0.09134747087955475
1.2190933227539062,0.09165331721305847
1.2192163467407227,0.09176019579172134
1.2192941904067993,0.09182775020599365
1.2196290493011475,0.09211834520101547
1.2197564840316772,0.09222885221242905
1.2197853326797485,0.09225389361381531
1.2198976278305054,0.09235125780105591
1.2199242115020752,0.0923743024468422
1.2199571132659912,0.09240279346704483
1.2201473712921143,0.09256768226623535
1.2202191352844238,0.09262987971305847
1.2202883958816528,0.09268981963396072
1.220518708229065,0.09288929402828217
1.2207858562469482,0.09312044829130173
1.2209216356277466,0.09323794394731522
1.221099615097046,0.0933917984366417
1.2213466167449951,0.09360522776842117
1.2215290069580078,0.09376280009746552
1.2216994762420654,0.09390999376773834
1.221745252609253,0.09394952654838562
1.2219094038009644,0.09409122169017792
1.2223637104034424,0.09448299556970596
1.222501516342163,0.09460174292325974
1.2228364944458008,0.0948902815580368
1.223211407661438,0.0952128991484642
1.2234392166137695,0.0954088643193245
1.2237017154693604,0.09563446044921875
1.2237151861190796,0.09564601629972458
1.2237762212753296,0.09569847583770752
1.2237948179244995,0.09571445733308792
1.223902940750122,0.09580734372138977
1.2240536212921143,0.09593676030635834
1.2240757942199707,0.09595577418804169
1.2240915298461914,0.09596928209066391
1.224240779876709,0.09609737247228622
1.2243348360061646,0.09617810696363449
1.2244019508361816,0.09623565524816513
1.2249140739440918,0.09667468816041946
1.2249258756637573,0.09668482095003128
1.2250984907150269,0.09683270007371902
1.2251853942871094,0.0969071090221405
1.2256495952606201,0.09730435162782669
1.225691795349121,0.09734045714139938
1.226219654083252,0.0977916345000267
1.2264554500579834,0.09799303114414215
1.2265641689300537,0.09808578342199326
1.2267389297485352,0.09823493659496307
1.2268606424331665,0.0983387678861618
1.2269268035888672,0.09839517623186111
1.2270185947418213,0.0984734520316124
1.227074146270752,0.09852079302072525
1.2270839214324951,0.0985291451215744
1.2270901203155518,0.09853441268205643
1.2274830341339111,0.0988692194223404
1.2274839878082275,0.09887000918388367
1.2276713848114014,0.09902959316968918
1.2276866436004639,0.09904255717992783
1.2277177572250366,0.09906908124685287
1.227760672569275,0.09910561144351959
1.2282004356384277,0.09947974234819412
1.2284396886825562,0.09968303143978119
1.2285223007202148,0.0997532308101654
1.2288999557495117,0.1000739336013794
1.2295114994049072,0.1005927100777626
1.229595422744751,0.10066381841897964
1.2296648025512695,0.10072262585163116
1.2297780513763428,0.10081856697797775
1.2298040390014648,0.10084055364131927
1.2299549579620361,0.1009683832526207
1.2300331592559814,0.10103458166122437
1.23037850856781,0.1013268232345581
1.2306386232376099,0.10154680162668228
1.2307257652282715,0.10162044316530228
1.2307448387145996,0.101636603474617
1.2309272289276123,0.10179074108600616
1.231200933456421,0.10202186554670334
1.2312955856323242,0.10210178792476654
1.2313785552978516,0.10217179358005524
1.2313904762268066,0.10218185931444168
1.2315946817398071,0.10235414654016495
1.2318103313446045,0.10253600776195526
1.2319291830062866,0.1026361733675003
1.2320096492767334,0.10270394384860992
1.2321621179580688,0.10283242166042328
1.2323873043060303,0.10302207618951797
1.2328752279281616,0.10343261063098907
1.233039379119873,0.10357066243886948
1.2331640720367432,0.103675477206707
1.23328697681427,0.10377872735261917
1.2333134412765503,0.10380095988512039
1.2336153984069824,0.1040545254945755
1.2338110208511353,0.10421868413686752
1.2340129613876343,0.10438814014196396
1.2341060638427734,0.10446620732545853
1.2342677116394043,0.10460173338651657
1.2347201108932495,0.10498068481683731
1.234863519668579,0.10510072112083435
1.2349193096160889,0.10514745116233826
1.2351045608520508,0.10530247539281845
1.2351337671279907,0.10532686114311218
1.2352582216262817,0.1054309755563736
1.2352782487869263,0.10544770210981369
1.2353603839874268,0.10551638156175613
1.2355144023895264,0.10564511269330978
1.2355546951293945,0.10567878931760788
1.2356069087982178,0.10572239756584167
1.2357032299041748,0.10580290108919144
1.2358368635177612,0.10591451078653336
1.2358484268188477,0.10592414438724518
1.2361218929290771,0.10615245252847672
1.236156702041626,0.10618148744106293
1.2366160154342651,0.10656458139419556
1.2367557287216187,0.1066809818148613
1.2368359565734863,0.10674784332513809
1.2375397682189941,0.1073337197303772
1.2379199266433716,0.10764974355697632
1.2381114959716797,0.1078089103102684
1.2381198406219482,0.10781583935022354
1.2383548021316528,0.10801096260547638
1.2384119033813477,0.1080583781003952
1.2384248971939087,0.10806915909051895
1.2384657859802246,0.10810309648513794
1.238813877105713,0.10839185118675232
1.2388544082641602,0.10842543840408325
1.2389929294586182,0.10854030400514603
1.2390639781951904,0.10859919339418411
1.239151120185852,0.10867134481668472
1.23944091796875,0.1089114099740982
1.2400016784667969,0.10937540978193283
1.2400131225585938,0.10938487946987152
1.2400755882263184,0.1094365045428276
1.2400912046432495,0.10944943875074387
1.2401219606399536,0.10947483777999878
1.2407606840133667,0.11000245064496994
1.2407786846160889,0.11001729965209961
1.2409555912017822,0.11016330868005753
1.2411129474639893,0.11029309034347534
1.2414348125457764,0.1105584129691124
1.2415622472763062,0.11066344380378723
1.2415748834609985,0.11067384481430054
1.2418580055236816,0.11090702563524246
1.2419321537017822,0.11096806079149246
1.2420158386230469,0.11103689670562744
1.242161512374878,0.11115675419569016
1.242379903793335,0.11133638024330139
1.2424031496047974,0.1113554909825325
1.2426345348358154,0.11154569685459137
1.242793321609497,0.1116761639714241
1.2428507804870605,0.11172334849834442
1.2428683042526245,0.11173772811889648
1.2429096698760986,0.11177171766757965
1.2429249286651611,0.11178424209356308
1.2433700561523438,0.11214958876371384
1.2434728145599365,0.11223382502794266
1.2437119483947754,0.11242987960577011
1.243971347808838,0.11264247447252274
1.2440193891525269,0.1126817911863327
1.2442145347595215,0.11284162849187851
1.2443021535873413,0.1129133403301239
1.2446997165679932,0.11323857307434082
1.2447915077209473,0.11331365257501602
1.2448045015335083,0.11332425475120544
1.2449145317077637,0.11341418325901031
1.2449356317520142,0.1134314239025116
1.2452973127365112,0.11372688412666321
1.2455942630767822,0.11396928131580353
1.2457019090652466,0.11405710875988007
1.2458059787750244,0.11414200812578201
1.246440052986145,0.11465874314308167
1.2464759349822998,0.11468792706727982
1.2467548847198486,0.11491495370864868
1.2468235492706299,0.11497087776660919
1.246924638748169,0.11505310982465744
1.24698805809021,0.11510465294122696
1.247297763824463,0.11535647511482239
1.247318983078003,0.11537369340658188
1.2475371360778809,0.1155509427189827
1.2475411891937256,0.11555422842502594
1.2475810050964355,0.11558657139539719
1.2476321458816528,0.11562808603048325
1.247667670249939,0.11565692722797394
1.247915506362915,0.11585807800292969
1.2479498386383057,0.11588593572378159
1.2481069564819336,0.11601341515779495
1.248595952987671,0.11640982329845428
1.2486186027526855,0.11642816662788391
1.2490586042404175,0.11678440123796463
1.2491247653961182,0.11683794111013412
1.2494264841079712,0.11708202213048935
1.249571442604065,0.11719920486211777
1.2499228715896606,0.11748307198286057
1.2499254941940308,0.11748523265123367
1.2499562501907349,0.11751004308462143
1.2499666213989258,0.11751843988895416
1.2501933574676514,0.11770149320363998
1.2502665519714355,0.117760568857193
1.2503525018692017,0.11782985925674438
1.2503628730773926,0.11783826351165771
1.2505539655685425,0.1179923489689827
1.250648856163025,0.1180688664317131
1.250959873199463,0.11831952631473541
1.2512197494506836,0.11852885037660599
1.2512556314468384,0.11855772137641907
1.2514762878417969,0.11873526126146317
1.2517262697219849,0.11893636733293533
1.2518630027770996,0.11904627829790115
1.2520555257797241,0.11920098215341568
1.2520984411239624,0.11923550069332123
1.2524644136428833,0.1195293739438057
1.2526971101760864,0.119716115295887
1.2529139518737793,0.1198900118470192
1.2530924081802368,0.12003306299448013
1.2531039714813232,0.1200423464179039
1.253161072731018,0.12008810043334961
1.2533650398254395,0.12025149166584015
1.2537596225738525,0.12056740373373032
1.2539408206939697,0.12071236968040466
1.254007339477539,0.12076558917760849
1.2540607452392578,0.12080825865268707
1.2540901899337769,0.12083181738853455
1.2541087865829468,0.1208467036485672
1.254164695739746,0.12089139968156815
1.254265546798706,0.12097198516130447
1.25454580783844,0.12119589000940323
1.254906177520752,0.12148357927799225
1.2551332712173462,0.12166476994752884
1.2554951906204224,0.12195327132940292
1.25553560256958,0.12198550254106522
1.2557560205459595,0.12216107547283173
1.2559313774108887,0.12230067700147629
1.2562954425811768,0.12259036302566528
1.2563022375106812,0.12259576469659805
1.2563341856002808,0.12262117117643356
1.2564074993133545,0.12267947196960449
1.2566626071929932,0.12288229167461395
1.2567322254180908,0.12293756008148193
1.2569754123687744,0.1231306940317154
1.25725257396698,0.12335071712732315
1.2572945356369019,0.12338404357433319
1.2576531171798706,0.12366840243339539
1.2577064037322998,0.12371063977479935
1.2577136754989624,0.12371640652418137
1.257814884185791,0.12379663437604904
1.257962942123413,0.12391393631696701
1.2581807374954224,0.12408636510372162
1.2583825588226318,0.12424614280462265
1.2583909034729004,0.12425274401903152
1.2584419250488281,0.12429314851760864
1.258466362953186,0.12431245297193527
1.258920431137085,0.12467154115438461
1.2589911222457886,0.12472738325595856
1.2590341567993164,0.12476138770580292
1.2591886520385742,0.12488345056772232
1.2592854499816895,0.12495988607406616
1.2594163417816162,0.1250632107257843
1.2595701217651367,0.125184565782547
1.2596256732940674,0.1252283900976181
1.260046362876892,0.12556016445159912
1.2601065635681152,0.12560762465000153
1.2603689432144165,0.1258143186569214
1.260751485824585,0.12611544132232666
1.2608596086502075,0.12620049715042114
1.2612065076828003,0.12647321820259094
1.261484146118164,0.12669140100479126
1.2614996433258057,0.12670359015464783
1.2615070343017578,0.12670940160751343
1.261540412902832,0.1267356276512146
1.2616183757781982,0.12679685652256012
1.261824607849121,0.1269587278366089
1.2619253396987915,0.12703773379325867
1.2621757984161377,0.12723419070243835
1.262333631515503,0.12735795974731445
1.262406349182129,0.12741494178771973
1.262722134590149,0.12766233086585999
1.2629096508026123,0.12780910730361938
1.2629194259643555,0.12781678140163422
1.263353705406189,0.12815654277801514
1.2634693384170532,0.12824691832065582
1.2636120319366455,0.12835845351219177
1.2638746500015259,0.12856359779834747
1.2638928890228271,0.1285778284072876
1.263957142829895,0.1286279857158661
1.2640302181243896,0.12868502736091614
1.2642613649368286,0.12886542081832886
1.2645833492279053,0.12911656498908997
1.2647943496704102,0.12928101420402527
1.265161156654358,0.12956666946411133
1.265214443206787,0.129608154296875
1.2653167247772217,0.12968778610229492
1.2654279470443726,0.129774272441864
1.2655036449432373,0.1298331916332245
1.2655372619628906,0.1298593282699585
1.26554274559021,0.12986359000205994
1.2656232118606567,0.1299261748790741
1.2656899690628052,0.12997806072235107
1.266217589378357,0.1303880661725998
1.2663090229034424,0.13045907020568848
1.2667073011398315,0.1307680308818817
1.2667856216430664,0.13082878291606903
1.2668168544769287,0.13085302710533142
1.2668838500976562,0.13090500235557556
1.2669166326522827,0.1309303641319275
1.2670774459838867,0.13105502724647522
1.2670966386795044,0.13106988370418549
1.267195463180542,0.13114646077156067
1.2672840356826782,0.13121505081653595
1.2674797773361206,0.13136661052703857
1.2676050662994385,0.13146358728408813
1.2676446437835693,0.13149422407150269
1.2677586078643799,0.13158239424228668
1.2680089473724365,0.13177599012851715
1.2686488628387451,0.13227036595344543
1.2689460515975952,0.13249966502189636
1.2689541578292847,0.13250592350959778
1.2691211700439453,0.132634699344635
1.2691385746002197,0.13264811038970947
1.2692251205444336,0.13271483778953552
1.2695558071136475,0.1329696625471115
1.2697622776031494,0.13312862813472748
1.2699838876724243,0.13329915702342987
1.2700903415679932,0.13338109850883484
1.2701150178909302,0.133400097489357
1.2704956531524658,0.13369271159172058
1.2705047130584717,0.13369965553283691
1.2706305980682373,0.13379639387130737
1.2708237171173096,0.13394472002983093
1.2710034847259521,0.13408273458480835
1.2710671424865723,0.13413158059120178
1.2712950706481934,0.1343064308166504
1.2713377475738525,0.13433918356895447
1.271477222442627,0.13444611430168152
1.2715263366699219,0.13448378443717957
1.2715380191802979,0.13449274003505707
1.27227783203125,0.13505926728248596
1.2727149724960327,0.13539355993270874
1.272773265838623,0.13543811440467834
1.2728339433670044,0.1354844719171524
1.2729134559631348,0.13554519414901733
1.2729687690734863,0.13558749854564667
1.2729750871658325,0.13559231162071228
1.2731046676635742,0.1356913149356842
1.2732642889022827,0.13581311702728271
1.2734179496765137,0.13593041896820068
1.2734935283660889,0.1359880566596985
1.2737895250320435,0.13621380925178528
1.2739489078521729,0.13633525371551514
1.274084210395813,0.13643833994865417
1.2743079662322998,0.13660874962806702
1.2743124961853027,0.1366121917963028
1.2744511365890503,0.13671770691871643
1.2746483087539673,0.13686776161193848
1.2748171091079712,0.13699617981910706
1.2749426364898682,0.13709154725074768
1.2749695777893066,0.1371120661497116
1.2753047943115234,0.13736677169799805
1.2753410339355469,0.13739430904388428
1.275740385055542,0.13769742846488953
1.2758030891418457,0.1377449631690979
1.2760465145111084,0.13792955875396729
1.2764549255371094,0.13823899626731873
1.2764924764633179,0.13826748728752136
1.27660071849823,0.13834945857524872
1.276728868484497,0.13844645023345947
1.2768038511276245,0.13850319385528564
1.2768099308013916,0.13850778341293335
1.2769415378570557,0.13860732316970825
1.2769477367401123,0.1386120617389679
1.2772246599197388,0.13882145285606384
1.2772431373596191,0.13883543014526367
1.2772738933563232,0.13885870575904846
1.2776803970336914,0.1391657590866089
1.2777905464172363,0.13924892246723175
1.2778493165969849,0.13929328322410583
1.2782447338104248,0.13959160447120667
1.2784343957901,0.13973458111286163
1.2785311937332153,0.1398075520992279
1.2785460948944092,0.13981875777244568
1.278594970703125,0.13985557854175568
1.2788469791412354,0.1400453746318817
1.2791919708251953,0.14030501246452332
1.2793445587158203,0.14041978120803833
1.2795929908752441,0.1406065821647644
1.2798141241073608,0.1407727599143982
1.2801620960235596,0.14103397727012634
1.280282735824585,0.14112448692321777
1.2803947925567627,0.14120857417583466
1.2804803848266602,0.14127278327941895
1.2805811166763306,0.14134830236434937
1.2806340456008911,0.1413879692554474
1.2806401252746582,0.1413925141096115
1.2811012268066406,0.14173799753189087
1.2811107635498047,0.14174515008926392
1.2811200618743896,0.14175209403038025
1.2814748287200928,0.14201761782169342
1.2816123962402344,0.14212051033973694
1.281666874885559,0.14216125011444092
1.2820096015930176,0.14241744577884674
1.2820234298706055,0.1424277275800705
1.2820689678192139,0.14246176183223724
1.2820993661880493,0.14248444139957428
1.2822074890136719,0.14256517589092255
1.2823560237884521,0.14267611503601074
1.2824063301086426,0.14271366596221924
1.2824511528015137,0.14274710416793823
1.2830241918563843,0.14317446947097778
1.2835803031921387,0.1435886025428772
1.283640742301941,0.14363360404968262
1.2836674451828003,0.1436534821987152
1.2837269306182861,0.14369770884513855
1.283890724182129,0.14381954073905945
1.283947467803955,0.14386172592639923
1.2840137481689453,0.14391104876995087
1.2840826511383057,0.14396226406097412
1.2844382524490356,0.14422646164894104
1.284449815750122,0.1442350447177887
1.2844743728637695,0.14425325393676758
1.284570574760437,0.14432471990585327
1.2846463918685913,0.14438100159168243
1.2848150730133057,0.14450618624687195
1.2849538326263428,0.14460906386375427
1.2854118347167969,0.14494861662387848
1.28555428981781,0.1450541615486145
1.2856838703155518,0.1451501101255417
1.285743236541748,0.14519406855106354
1.285844087600708,0.14526867866516113
1.2860912084579468,0.14545153081417084
1.2865710258483887,0.1458061933517456
1.2865760326385498,0.14580991864204407
1.2865965366363525,0.14582505822181702
1.2870326042175293,0.14614704251289368
1.287179946899414,0.1462557315826416
1.287320613861084,0.14635947346687317
1.2874406576156616,0.14644798636436462
1.2874798774719238,0.1464768946170807
1.287636637687683,0.146592378616333
1.2876628637313843,0.14661172032356262
1.2878881692886353,0.14677771925926208
1.288083553314209,0.14692150056362152
1.2883034944534302,0.1470833569765091
1.2886343002319336,0.14732655882835388
1.2887723445892334,0.14742806553840637
1.288808822631836,0.14745482802391052
1.2888946533203125,0.1475178748369217
1.2890193462371826,0.14760948717594147
1.2891812324523926,0.1477283239364624
1.2891871929168701,0.1477326899766922
1.2894392013549805,0.14791759848594666
1.2894436120986938,0.14792081713676453
1.2897669076919556,0.14815789461135864
1.2899479866027832,0.14829057455062866
1.290008306503296,0.14833472669124603
1.290085792541504,0.14839155972003937
1.2904820442199707,0.14868158102035522
1.2905948162078857,0.14876407384872437
1.2906978130340576,0.14883944392204285
1.2911518812179565,0.14917123317718506
1.2911572456359863,0.14917516708374023
1.2913378477096558,0.14930707216262817
1.2913966178894043,0.14934995770454407
1.291635274887085,0.14952415227890015
1.291696310043335,0.14956864714622498
1.2917749881744385,0.14962604641914368
1.291894793510437,0.149713397026062
1.291951298713684,0.1497545838356018
1.2921249866485596,0.14988119900226593
1.2921805381774902,0.14992165565490723
1.2922085523605347,0.1499420702457428
1.2922760248184204,0.1499912142753601
1.292407512664795,0.15008699893951416
1.2925729751586914,0.15020743012428284
1.292935848236084,0.15047144889831543
1.292937994003296,0.1504729986190796
1.2931089401245117,0.1505972445011139
1.2933518886566162,0.150773823261261
1.2936105728149414,0.15096166729927063
1.2937777042388916,0.15108299255371094
1.2940670251846313,0.1512928605079651
1.2943041324615479,0.15146476030349731
1.2943589687347412,0.1515045166015625
1.2944098711013794,0.15154141187667847
1.2950348854064941,0.15199387073516846
1.2951669692993164,0.1520894467830658
1.2952216863632202,0.15212899446487427
1.2954819202423096,0.1523171067237854
1.295503854751587,0.15233299136161804
1.29580557346344,0.15255093574523926
1.2958441972732544,0.15257880091667175
1.295871615409851,0.152598574757576
1.2959356307983398,0.1526447832584381
1.296051263809204,0.15272822976112366
1.2961639165878296,0.1528095304965973
1.2961686849594116,0.1528129279613495
1.2963356971740723,0.15293341875076294
1.2963542938232422,0.1529468297958374
1.2965983152389526,0.15312273800373077
1.2966556549072266,0.15316404402256012
1.2967371940612793,0.15322276949882507
1.29679536819458,0.15326471626758575
1.297022819519043,0.15342846512794495
1.2976109981536865,0.15385153889656067
1.2977914810180664,0.1539812684059143
1.2978038787841797,0.15399016439914703
1.2981551885604858,0.15424245595932007
1.2987505197525024,0.15466949343681335
1.2988115549087524,0.1547131985425949
1.2988386154174805,0.1547325849533081
1.2988827228546143,0.15476424992084503
1.2989444732666016,0.15480849146842957
1.299092173576355,0.15491428971290588
1.2992408275604248,0.15502071380615234
1.2993084192276,0.15506908297538757
1.2993240356445312,0.15508028864860535
1.2993741035461426,0.15511611104011536
1.2995766401290894,0.15526098012924194
1.29973304271698,0.15537285804748535
1.300113320350647,0.15564464032649994
1.300325632095337,0.15579625964164734
1.300325632095337,0.15579625964164734
1.3003450632095337,0.15581011772155762
1.3003730773925781,0.15583011507987976
1.3004844188690186,0.15590958297252655
1.3005094528198242,0.15592747926712036
1.3005297183990479,0.1559419482946396
1.3006093502044678,0.15599873661994934
1.3011401891708374,0.15637719631195068
1.301548957824707,0.15666832029819489
1.3016407489776611,0.15673363208770752
1.3018851280212402,0.15690749883651733
1.3019661903381348,0.15696513652801514
1.302048921585083,0.15702393651008606
1.3021094799041748,0.15706700086593628
1.302480936050415,0.15733090043067932
1.302482008934021,0.1573316752910614
1.3026654720306396,0.15746192634105682
1.302699089050293,0.1574857532978058
1.3027260303497314,0.1575048714876175
1.3028432130813599,0.15758800506591797
1.3030099868774414,0.15770632028579712
1.3031067848205566,0.1577749252319336
1.3035154342651367,0.15806451439857483
1.3036137819290161,0.15813419222831726
1.3036811351776123,0.15818187594413757
1.3038244247436523,0.1582832932472229
1.3038482666015625,0.15830016136169434
1.3040021657943726,0.15840908885002136
1.3043713569641113,0.1586700975894928
1.3045170307159424,0.1587730348110199
1.3050165176391602,0.15912571549415588
1.3051166534423828,0.15919634699821472
1.3051280975341797,0.15920445322990417
1.3052185773849487,0.15926823019981384
1.305405616760254,0.1594001203775406
1.3056684732437134,0.15958534181118011
1.3061485290527344,0.15992335975170135
1.3061487674713135,0.1599235236644745
1.3062232732772827,0.15997594594955444
1.3063114881515503,0.16003799438476562
1.3063974380493164,0.16009843349456787
1.3065087795257568,0.16017670929431915
1.306896448135376,0.16044911742210388
1.3069841861724854,0.16051068902015686
1.3070846796035767,0.16058126091957092
1.3071401119232178,0.16062015295028687
1.3071895837783813,0.16065487265586853
1.307265043258667,0.16070786118507385
1.3072744607925415,0.16071441769599915
1.307280421257019,0.1607186198234558
1.3075571060180664,0.16091269254684448
1.3076236248016357,0.16095928847789764
1.3076354265213013,0.16096758842468262
1.307654857635498,0.1609812080860138
1.3082985877990723,0.16143205761909485
1.3083291053771973,0.1614534556865692
1.3084560632705688,0.16154229640960693
1.3086456060409546,0.16167482733726501
1.3088059425354004,0.16178694367408752
1.3090800046920776,0.1619783639907837
1.3094429969787598,0.16223180294036865
1.309719443321228,0.16242463886737823
1.3098348379135132,0.16250509023666382
1.3099740743637085,0.16260215640068054
1.3099827766418457,0.16260823607444763
1.3102457523345947,0.1627914011478424
1.3102540969848633,0.162797212600708
1.3102747201919556,0.16281157732009888
1.3102902173995972,0.16282235085964203
1.3105319738388062,0.16299065947532654
1.3106755018234253,0.1630905270576477
1.3107272386550903,0.16312652826309204
1.3110257387161255,0.16333407163619995
1.3112049102783203,0.16345858573913574
1.3112382888793945,0.16348175704479218
1.3114895820617676,0.16365626454353333
1.311490535736084,0.16365692019462585
1.3115992546081543,0.1637323796749115
1.3117989301681519,0.1638709008693695
1.3119148015975952,0.1639513075351715
1.312157154083252,0.16411930322647095
1.3122596740722656,0.1641903519630432
1.312570333480835,0.1644054651260376
1.3129823207855225,0.16469056904315948
1.313305139541626,0.16491374373435974
1.3135159015655518,0.16505935788154602
1.313537359237671,0.1650741845369339
1.3135958909988403,0.1651146411895752
1.3137253522872925,0.1652039885520935
1.3137309551239014,0.1652078479528427
1.3139090538024902,0.16533073782920837
1.314018964767456,0.16540659964084625
1.3140673637390137,0.16543999314308167
1.31414794921875,0.16549555957317352
1.3142166137695312,0.16554290056228638
1.3143582344055176,0.16564053297042847
1.3144416809082031,0.16569802165031433
1.3147497177124023,0.16591022908687592
1.3148884773254395,0.16600573062896729
1.3149216175079346,0.16602852940559387
1.3151273727416992,0.16617009043693542
1.3154258728027344,0.16637539863586426
1.3157742023468018,0.16661468148231506
1.315854787826538,0.16666999459266663
1.315912127494812,0.16670939326286316
1.3159278631210327,0.1667202115058899
1.316422939300537,0.16705982387065887
1.3164618015289307,0.16708646714687347
1.3165708780288696,0.1671612411737442
1.3166191577911377,0.16719433665275574
1.317219853401184,0.16760565340518951
1.3172330856323242,0.16761472821235657
1.3172526359558105,0.16762810945510864
1.3172528743743896,0.16762825846672058
1.3173072338104248,0.16766545176506042
1.317490577697754,0.16779083013534546
1.3175415992736816,0.16782569885253906
1.317736029624939,0.1679585874080658
1.3177505731582642,0.16796858608722687
1.3178389072418213,0.16802889108657837
1.3180947303771973,0.16820363700389862
1.3181928396224976,0.16827057301998138
1.3182926177978516,0.16833868622779846
1.3184503316879272,0.16844625771045685
1.3184616565704346,0.16845402121543884
1.3185029029846191,0.16848215460777283
1.3186458349227905,0.1685796082019806
1.3189654350280762,0.16879740357398987
1.3191180229187012,0.16890133917331696
1.3191996812820435,0.1689569652080536
1.319560170173645,0.16920223832130432
1.3196027278900146,0.16923114657402039
1.3199501037597656,0.16946738958358765
1.3201781511306763,0.1696222722530365
1.3202641010284424,0.1696806252002716
1.3208911418914795,0.17010605335235596
1.3209789991378784,0.17016559839248657
1.3210780620574951,0.17023271322250366
1.321096658706665,0.17024531960487366
1.3212509155273438,0.1703498214483261
1.3212611675262451,0.17035675048828125
1.3215930461883545,0.17058143019676208
1.3216016292572021,0.17058724164962769
1.3216419219970703,0.17061448097229004
1.3217077255249023,0.17065902054309845
1.321708083152771,0.17065925896167755
1.3219271898269653,0.17080745100975037
1.3220770359039307,0.17090871930122375
1.3221246004104614,0.17094087600708008
1.3223546743392944,0.1710963249206543
1.3224985599517822,0.1711934506893158
1.3226624727249146,0.1713041365146637
1.3227747678756714,0.17137986421585083
1.3228397369384766,0.17142371833324432
1.3228830099105835,0.17145290970802307
1.3234323263168335,0.1718231439590454
1.32377290725708,0.17205241322517395
1.3239322900772095,0.17215964198112488
1.324385166168213,0.17246413230895996
1.3245668411254883,0.17258614301681519
1.3246114253997803,0.17261609435081482
1.324680209159851,0.17266227304935455
1.3247127532958984,0.17268410325050354
1.3248200416564941,0.1727561354637146
1.3249404430389404,0.17283692955970764
1.325009822845459,0.17288348078727722
1.3251631259918213,0.17298632860183716
1.3253268003463745,0.17309598624706268
1.3253540992736816,0.17311431467533112
1.3255767822265625,0.1732635200023651
1.3255866765975952,0.17327015101909637
1.325587511062622,0.17327074706554413
1.3256428241729736,0.17330777645111084
1.3257074356079102,0.17335101962089539
1.3257677555084229,0.1733914017677307
1.326129674911499,0.1736336052417755
1.3262333869934082,0.17370295524597168
1.3265572786331177,0.1739194691181183
1.3268201351165771,0.17409507930278778
1.3270100355148315,0.17422184348106384
1.3270372152328491,0.17423996329307556
1.3271455764770508,0.17431220412254333
1.3273683786392212,0.17446091771125793
1.3276965618133545,0.17467960715293884
1.3279086351394653,0.17482084035873413
1.328026533126831,0.1748993694782257
1.3280823230743408,0.17493650317192078
1.3282577991485596,0.17505325376987457
1.3282893896102905,0.1750742793083191
1.3284000158309937,0.1751478612422943
1.32845139503479,0.1751820147037506
1.3284724950790405,0.1751960813999176
1.328655481338501,0.1753177046775818
1.3287649154663086,0.17539040744304657
1.3288168907165527,0.17542491853237152
1.3290905952453613,0.17560669779777527
1.3290942907333374,0.17560915648937225
1.3293366432189941,0.17576998472213745
1.3293750286102295,0.17579546570777893
1.3294683694839478,0.17585736513137817
1.329795002937317,0.17607393860816956
1.3299847841262817,0.17619967460632324
1.330125331878662,0.17629271745681763
1.3305513858795166,0.17657466232776642
1.3306169509887695,0.17661800980567932
1.3307414054870605,0.17670029401779175
1.330843210220337,0.17676760256290436
1.3309156894683838,0.17681553959846497
1.331585168838501,0.1772574931383133
1.3319134712219238,0.17747396230697632
1.3319207429885864,0.17747874557971954
1.3319607973098755,0.17750516533851624
1.3321533203125,0.17763200402259827
1.3321809768676758,0.17765016853809357
1.332193374633789,0.177658349275589
1.3325140476226807,0.1778694987297058
1.3326786756515503,0.1779777854681015
1.3327054977416992,0.17799541354179382
1.3327786922454834,0.17804357409477234
1.3328204154968262,0.1780710071325302
1.3328518867492676,0.17809170484542847
1.3328993320465088,0.17812290787696838
1.332942008972168,0.1781509518623352
1.3330038785934448,0.1781916469335556
1.3331109285354614,0.17826193571090698
1.333421230316162,0.17846575379371643
1.333674669265747,0.17863208055496216
1.333970546722412,0.17882616817951202
1.3340476751327515,0.17887671291828156
1.3343321084976196,0.1790631115436554
1.3346799612045288,0.17929083108901978
1.334923267364502,0.17945000529289246
1.3350228071212769,0.1795150637626648
1.3350410461425781,0.17952701449394226
1.335374355316162,0.17974483966827393
1.3355717658996582,0.1798737645149231
1.3356733322143555,0.17994005978107452
1.335719108581543,0.1799699366092682
1.3357365131378174,0.1799813210964203
1.335756540298462,0.1799944043159485
1.3358850479125977,0.18007822334766388
1.3359360694885254,0.18011149764060974
1.3362555503845215,0.18031981587409973
1.3362770080566406,0.18033379316329956
1.33652925491333,0.1804981231689453
1.3365695476531982,0.18052440881729126
1.3366398811340332,0.18057018518447876
1.3369109630584717,0.1807466298341751
1.3371706008911133,0.18091554939746857
1.3372617959976196,0.1809748411178589
1.3373053073883057,0.18100309371948242
1.3373184204101562,0.1810116469860077
1.3378264904022217,0.18134167790412903
1.338294267654419,0.18164511024951935
1.3383641242980957,0.18169042468070984
1.338484525680542,0.18176844716072083
1.3385742902755737,0.18182659149169922
1.3386952877044678,0.18190498650074005
1.3387715816497803,0.18195439875125885
1.3389370441436768,0.1820615530014038
1.3390522003173828,0.18213602900505066
1.3390612602233887,0.18214187026023865
1.3392395973205566,0.1822572499513626
1.3393189907073975,0.1823086440563202
1.3393938541412354,0.18235701322555542
1.3394222259521484,0.18237537145614624
1.3395156860351562,0.1824358105659485
1.339677333831787,0.18254020810127258
1.3397397994995117,0.1825805902481079
1.3398102521896362,0.18262609839439392
1.3399053812026978,0.18268752098083496
1.3399875164031982,0.18274053931236267
1.3402159214019775,0.1828879415988922
1.3402400016784668,0.1829034686088562
1.3402557373046875,0.1829136610031128
1.3403586149215698,0.1829800009727478
1.340612530708313,0.18314367532730103
1.3407907485961914,0.18325848877429962
1.341291069984436,0.18358060717582703
1.3414465188980103,0.18368059396743774
1.341954231262207,0.18400683999061584
1.3420512676239014,0.1840692013502121
1.3421236276626587,0.18411564826965332
1.3422520160675049,0.1841980516910553
1.3422589302062988,0.18420249223709106
1.3425101041793823,0.18436366319656372
1.3427141904830933,0.18449446558952332
1.342921495437622,0.18462733924388885
1.3429256677627563,0.18463000655174255
1.3430439233779907,0.18470576405525208
1.343119502067566,0.18475419282913208
1.343212604522705,0.18481376767158508
1.343237280845642,0.18482956290245056
1.3434154987335205,0.18494358658790588
1.343706727027893,0.18512991070747375
1.3438005447387695,0.1851898729801178
1.3438760042190552,0.1852380931377411
1.343965768814087,0.18529541790485382
1.3440039157867432,0.18531982600688934
1.3441729545593262,0.18542778491973877
1.3442004919052124,0.18544533848762512
1.3442696332931519,0.1854895055294037
1.344321370124817,0.18552252650260925
1.3444823026657104,0.18562522530555725
1.344749927520752,0.18579593300819397
1.3452234268188477,0.186097651720047
1.3455719947814941,0.18631955981254578
1.3455770015716553,0.18632271885871887
1.346153974533081,0.1866895705461502
1.346386432647705,0.18683719635009766
1.3465535640716553,0.18694332242012024
1.3466157913208008,0.18698276579380035
1.3467661142349243,0.18707814812660217
1.346848487854004,0.1871303915977478
1.3468730449676514,0.18714597821235657
1.3469586372375488,0.18720024824142456
1.3470954895019531,0.18728695809841156
1.34712553024292,0.1873060166835785
1.3471486568450928,0.18732064962387085
1.3473613262176514,0.18745540082454681
1.3474085330963135,0.18748530745506287
1.3475048542022705,0.1875462830066681
1.3479230403900146,0.18781085312366486
1.348449468612671,0.1881435215473175
1.3484752178192139,0.1881597638130188
1.3486039638519287,0.188241109251976
1.348757028579712,0.18833774328231812
1.3493356704711914,0.18870261311531067
1.3494055271148682,0.18874657154083252
1.3496205806732178,0.1888820230960846
1.3497908115386963,0.18898916244506836
1.3498148918151855,0.1890043318271637
1.3498990535736084,0.18905726075172424
1.3501160144805908,0.1891937404870987
1.3501449823379517,0.18921197950839996
1.3502002954483032,0.18924672901630402
1.3502682447433472,0.18928946554660797
1.3503198623657227,0.1893218755722046
1.3503239154815674,0.18932445347309113
1.3505324125289917,0.18945547938346863
1.3505439758300781,0.18946273624897003
1.350578784942627,0.18948455154895782
1.3507561683654785,0.18959595263004303
1.350796103477478,0.1896210014820099
1.3508738279342651,0.18966981768608093
1.3509185314178467,0.18969789147377014
1.3509364128112793,0.18970909714698792
1.351088047027588,0.18980416655540466
1.3510985374450684,0.18981078267097473
1.3511149883270264,0.18982109427452087
1.3513238430023193,0.18995200097560883
1.3515934944152832,0.19012102484703064
1.3517264127731323,0.19020426273345947
1.351876139640808,0.19029800593852997
1.3519560098648071,0.19034799933433533
1.3520903587341309,0.19043204188346863
1.3524422645568848,0.1906520426273346
1.3525183200836182,0.19069960713386536
1.3525646924972534,0.190728560090065
1.352979063987732,0.19098731875419617
1.3530815839767456,0.19105131924152374
1.353226900100708,0.19114196300506592
1.353325605392456,0.1912035048007965
1.3537498712539673,0.19146791100502014
1.3538639545440674,0.1915389895439148
1.353879451751709,0.1915486454963684
1.3539074659347534,0.19156602025032043
1.3540319204330444,0.19164352118968964
1.354266881942749,0.1917896866798401
1.354288101196289,0.19180288910865784
1.3543087244033813,0.19181571900844574
1.3544490337371826,0.1919030249118805
1.3545860052108765,0.19198817014694214
1.3546528816223145,0.19202971458435059
1.3547409772872925,0.19208446145057678
1.3548284769058228,0.19213882088661194
1.3550500869750977,0.19227638840675354
1.3554134368896484,0.19250181317329407
1.355732798576355,0.19269981980323792
1.3558030128479004,0.19274327158927917
1.3558212518692017,0.1927546262741089
1.355922818183899,0.19281750917434692
1.356367588043213,0.19309285283088684
1.3564423322677612,0.19313907623291016
1.3571561574935913,0.19358012080192566
1.3574011325836182,0.1937313675880432
1.3575143814086914,0.19380119442939758
1.3575420379638672,0.19381821155548096
1.3577499389648438,0.19394643604755402
1.3577710390090942,0.19395944476127625
1.3578197956085205,0.19398951530456543
1.3580350875854492,0.19412215054035187
1.3581010103225708,0.1941627562046051
1.3582117557525635,0.19423094391822815
1.3582806587219238,0.19427335262298584
1.3583334684371948,0.19430580735206604
1.358363389968872,0.19432424008846283
1.3584017753601074,0.19434788823127747
1.3584176301956177,0.19435760378837585
1.358522891998291,0.1944224089384079
1.3594555854797363,0.1949954330921173
1.3595633506774902,0.19506153464317322
1.3600068092346191,0.19533342123031616
1.360016942024231,0.195339635014534
1.3600192070007324,0.19534102082252502
1.3605365753173828,0.19565781950950623
1.3610644340515137,0.19598056375980377
1.3611427545547485,0.1960284262895584
1.3612322807312012,0.19608312845230103
1.36128830909729,0.1961173415184021
1.361303687095642,0.19612674415111542
1.3613057136535645,0.1961279809474945
1.3613207340240479,0.19613716006278992
1.361374855041504,0.19617022573947906
1.3614721298217773,0.19622954726219177
1.3616268634796143,0.19632399082183838
1.361633539199829,0.1963280737400055
1.3617531061172485,0.19640100002288818
1.361825704574585,0.1964452862739563
1.3619508743286133,0.1965216100215912
1.3619530200958252,0.19652295112609863
1.3620002269744873,0.19655171036720276
1.3620034456253052,0.19655364751815796
1.3622899055480957,0.1967281997203827
1.3624435663223267,0.19682174921035767
1.3627350330352783,0.19699916243553162
1.362810730934143,0.1970452070236206
1.362905502319336,0.1971028596162796
1.3629857301712036,0.19715163111686707
1.362990140914917,0.19715428352355957
1.3629971742630005,0.1971586048603058
1.3630058765411377,0.19716385006904602
1.3630166053771973,0.19717039167881012
1.3631070852279663,0.1972254067659378
1.3632937669754028,0.19733881950378418
1.3633670806884766,0.1973833441734314
1.3636075258255005,0.1975293606519699
1.3638051748275757,0.197649285197258
1.3640773296356201,0.19781437516212463
1.3643710613250732,0.19799235463142395
1.3645739555358887,0.19811521470546722
1.3646645545959473,0.19817006587982178
1.3647090196609497,0.19819697737693787
1.3647900819778442,0.198246031999588
1.3648681640625,0.1982932686805725
1.3649333715438843,0.19833272695541382
1.3651950359344482,0.1984909176826477
1.3652130365371704,0.1985018253326416
1.365271806716919,0.19853734970092773
1.3654581308364868,0.19864991307258606
1.365495204925537,0.19867229461669922
1.365499496459961,0.19867488741874695
1.365599513053894,0.1987352967262268
1.366106390953064,0.19904117286205292
1.3661649227142334,0.19907638430595398
1.3664299249649048,0.19923615455627441
1.3666213750839233,0.1993514597415924
1.366747260093689,0.19942721724510193
1.3670939207077026,0.1996358335018158
1.367127537727356,0.19965606927871704
1.3671661615371704,0.19967928528785706
1.3674814701080322,0.1998687982559204
1.367506980895996,0.19988411664962769
1.3684544563293457,0.20045262575149536
1.3684568405151367,0.20045402646064758
1.368643045425415,0.2005656212568283
1.3687204122543335,0.20061194896697998
1.3687528371810913,0.20063138008117676
1.3689143657684326,0.20072807371616364
1.3690398931503296,0.20080320537090302
1.3691456317901611,0.2008664309978485
1.369215726852417,0.20090839266777039
1.3692209720611572,0.2009114921092987
1.369222640991211,0.20091253519058228
1.3694472312927246,0.20104676485061646
1.369509220123291,0.20108383893966675
1.3696753978729248,0.20118314027786255
1.3700644969940186,0.20141541957855225
1.370161533355713,0.20147335529327393
1.370428442955017,0.20163249969482422
1.370647668838501,0.20176315307617188
1.370985984802246,0.20196464657783508
1.3710825443267822,0.20202210545539856
1.3713781833648682,0.20219799876213074
1.3715344667434692,0.2022908627986908
1.3720688819885254,0.20260831713676453
1.372133731842041,0.20264682173728943
1.372266411781311,0.2027255743741989
1.372304916381836,0.2027483582496643
1.3723583221435547,0.20278003811836243
1.3724197149276733,0.2028164565563202
1.372464895248413,0.20284326374530792
1.3726252317428589,0.20293831825256348
1.3727449178695679,0.20300926268100739
1.3727974891662598,0.20304042100906372
1.3728115558624268,0.2030487358570099
1.3728306293487549,0.20306003093719482
1.3731244802474976,0.2032340168952942
1.373552680015564,0.2034873366355896
1.373628854751587,0.20353233814239502
1.3738670349121094,0.20367315411567688
1.3741357326507568,0.20383179187774658
1.3744151592254639,0.2039967030286789
1.3747999668121338,0.20422354340553284
1.374807357788086,0.20422792434692383
1.3748302459716797,0.20424140989780426
1.374891757965088,0.2042776644229889
1.3749452829360962,0.20430916547775269
1.3750131130218506,0.2043491005897522
1.3750383853912354,0.20436404645442963
1.3750510215759277,0.20437142252922058
1.3752425909042358,0.2044842541217804
1.3752467632293701,0.20448672771453857
1.3754476308822632,0.204604834318161
1.375451922416687,0.20460741221904755
1.3754849433898926,0.20462682843208313
1.3756229877471924,0.20470798015594482
1.3756866455078125,0.20474547147750854
1.3757025003433228,0.20475473999977112
1.3757047653198242,0.20475611090660095
1.3757414817810059,0.20477768778800964
1.3757730722427368,0.20479628443717957
1.3758106231689453,0.20481833815574646
1.3758265972137451,0.20482772588729858
1.3759708404541016,0.20491242408752441
1.3760743141174316,0.2049732208251953
1.376146674156189,0.20501571893692017
1.376253604888916,0.20507851243019104
1.3763231039047241,0.2051192820072174
1.3763248920440674,0.20512033998966217
1.3763408660888672,0.2051297426223755
1.376451849937439,0.20519480109214783
1.3766463994979858,0.2053089439868927
1.3770966529846191,0.20557279884815216
1.377135992050171,0.20559588074684143
1.3773285150527954,0.2057085782289505
1.3774964809417725,0.2058068811893463
1.3777971267700195,0.20598271489143372
1.378014087677002,0.20610952377319336
1.3780544996261597,0.2061331421136856
1.3784011602401733,0.20633557438850403
1.378565788269043,0.20643159747123718
1.3785690069198608,0.20643350481987
1.3790712356567383,0.2067263126373291
1.3793559074401855,0.20689211785793304
1.379382848739624,0.20690779387950897
1.3795294761657715,0.20699314773082733
1.3796672821044922,0.20707328617572784
1.379713535308838,0.20710022747516632
1.379786491394043,0.2071426808834076
1.3799597024917603,0.20724332332611084
1.3800041675567627,0.20726919174194336
1.3800468444824219,0.2072940319776535
1.3800623416900635,0.2073030322790146
1.3802621364593506,0.20741905272006989
1.3804521560668945,0.20752941071987152
1.38059401512146,0.20761173963546753
1.3806533813476562,0.2076461911201477
1.380915880203247,0.20779845118522644
1.3815820217132568,0.20818427205085754
1.3817040920257568,0.20825493335723877
1.3823322057724,0.20861804485321045
1.3827171325683594,0.2088402509689331
1.382718563079834,0.20884102582931519
1.382981300354004,0.2089926302433014
1.3830254077911377,0.20901800692081451
1.3830270767211914,0.20901897549629211
1.3832088708877563,0.20912379026412964
1.383237600326538,0.2091403603553772
1.3834902048110962,0.20928584039211273
1.3835128545761108,0.20929884910583496
1.3835787773132324,0.2093367874622345
1.383638858795166,0.2093713879585266
1.3836638927459717,0.20938581228256226
1.383812427520752,0.20947134494781494
1.3840522766113281,0.209609255194664
1.384224534034729,0.20970824360847473
1.3845876455307007,0.20991680026054382
1.3848966360092163,0.2100941389799118
1.3849351406097412,0.21011623740196228
1.3857579231262207,0.21058762073516846
1.3861888647079468,0.21083414554595947
1.3862636089324951,0.21087685227394104
1.3864588737487793,0.21098843216896057
1.3865001201629639,0.21101200580596924
1.3865692615509033,0.21105149388313293
1.3865803480148315,0.21105781197547913
1.3866039514541626,0.21107126772403717
1.3866751194000244,0.21111193299293518
1.386712908744812,0.21113348007202148
1.3867367506027222,0.21114712953567505
1.3867783546447754,0.21117082238197327
1.38687002658844,0.21122317016124725
1.386946439743042,0.21126680076122284
1.3869526386260986,0.2112703174352646
1.3869633674621582,0.21127641201019287
1.3871781826019287,0.2113989144563675
1.3871816396713257,0.21140092611312866
1.3872143030166626,0.21141952276229858
1.387244462966919,0.2114367038011551
1.3872984647750854,0.21146750450134277
1.387300729751587,0.21146881580352783
1.3873207569122314,0.21148020029067993
1.3876694440841675,0.2116788625717163
1.3876886367797852,0.2116897851228714
1.3878713846206665,0.21179378032684326
1.3879263401031494,0.21182507276535034
1.3879644870758057,0.2118467539548874
1.3880492448806763,0.21189501881599426
1.388084888458252,0.2119152694940567
1.3881409168243408,0.21194712817668915
1.3884589672088623,0.2121279239654541
1.3885122537612915,0.2121582180261612
1.3886809349060059,0.21225398778915405
1.3887795209884644,0.21230998635292053
1.3889169692993164,0.21238794922828674
1.3889412879943848,0.21240180730819702
1.3890161514282227,0.2124442756175995
1.3891154527664185,0.21250063180923462
1.3891384601593018,0.21251367032527924
1.389326810836792,0.21262046694755554
1.3895783424377441,0.2127629816532135
1.3896220922470093,0.21278777718544006
1.3896416425704956,0.2127988487482071
1.389871597290039,0.21292904019355774
1.3899403810501099,0.21296797692775726
1.3902490139007568,0.21314257383346558
1.3902760744094849,0.21315789222717285
1.3902952671051025,0.21316871047019958
1.3904087543487549,0.2132328897714615
1.3906129598617554,0.21334826946258545
1.3906514644622803,0.21337002515792847
1.3906559944152832,0.213372603058815
1.3908565044403076,0.21348580718040466
1.3909037113189697,0.21351249516010284
1.3914339542388916,0.2138115018606186
1.3917672634124756,0.21399934589862823
1.3917796611785889,0.21400631964206696
1.3919329643249512,0.2140926569700241
1.3921239376068115,0.21420010924339294
1.3927335739135742,0.21454283595085144
1.3930730819702148,0.21473346650600433
1.3932526111602783,0.21483415365219116
1.3938827514648438,0.21518734097480774
1.3939132690429688,0.2152044177055359
1.3940234184265137,0.2152661383152008
1.3941097259521484,0.21531441807746887
1.3941349983215332,0.21532852947711945
1.3943487405776978,0.21544812619686127
1.3944761753082275,0.21551939845085144
1.3944885730743408,0.215526282787323
1.3945105075836182,0.21553859114646912
1.3946630954742432,0.21562382578849792
1.394688606262207,0.21563807129859924
1.3947731256484985,0.21568530797958374
1.3949964046478271,0.21581003069877625
1.395002007484436,0.21581314504146576
1.3951396942138672,0.21589002013206482
1.395748496055603,0.21622949838638306
1.3959015607833862,0.21631473302841187
1.3960210084915161,0.2163812220096588
1.3962087631225586,0.21648575365543365
1.397333025932312,0.21711042523384094
1.3974971771240234,0.21720150113105774
1.3975921869277954,0.217254176735878
1.3976256847381592,0.21727275848388672
1.3976491689682007,0.21728572249412537
1.3976664543151855,0.2172953337430954
1.397805094718933,0.21737214922904968
1.3978114128112793,0.2173757255077362
1.3980116844177246,0.21748657524585724
1.3980339765548706,0.21749892830848694
1.3980631828308105,0.21751511096954346
1.3980939388275146,0.21753212809562683
1.3981398344039917,0.21755754947662354
1.3981516361236572,0.21756410598754883
1.398156762123108,0.21756693720817566
1.39817476272583,0.21757686138153076
1.3982077836990356,0.2175951600074768
1.3983752727508545,0.21768783032894135
1.3984849452972412,0.2177485078573227
1.3984858989715576,0.21774902939796448
1.3987358808517456,0.21788722276687622
1.3989222049713135,0.2179901897907257
1.399122714996338,0.21810093522071838
1.3992023468017578,0.21814484894275665
1.3994206190109253,0.2182653248310089
1.3994628190994263,0.2182886004447937
1.3994693756103516,0.2182922065258026
1.3995105028152466,0.21831493079662323
1.3997424840927124,0.21844279766082764
1.400055170059204,0.2186150997877121
1.400245189666748,0.21871967613697052
1.400325894355774,0.21876409649848938
1.4006516933441162,0.21894335746765137
1.4007614850997925,0.21900372207164764
1.4008495807647705,0.21905210614204407
1.4009208679199219,0.2190912663936615
1.4011200666427612,0.21920070052146912
1.4011354446411133,0.21920913457870483
1.4011967182159424,0.21924276649951935
1.401279330253601,0.21928814053535461
1.4012808799743652,0.21928900480270386
1.4014970064163208,0.2194075882434845
1.4015100002288818,0.21941468119621277
1.4015295505523682,0.21942543983459473
1.40158212184906,0.21945427358150482
1.401703119277954,0.21952059864997864
1.4017353057861328,0.21953822672367096
1.4017410278320312,0.21954143047332764
1.4020226001739502,0.21969570219516754
1.4021304845809937,0.21975480020046234
1.4023946523666382,0.21989944577217102
1.4024150371551514,0.21991056203842163
1.402467966079712,0.21993955969810486
1.4028019905090332,0.22012218832969666
1.402830958366394,0.22013802826404572
1.4028515815734863,0.22014930844306946
1.4029940366744995,0.22022715210914612
1.403014063835144,0.2202380746603012
1.4032392501831055,0.22036108374595642
1.4032706022262573,0.22037822008132935
1.4032995700836182,0.22039403021335602
1.4033321142196655,0.2204117774963379
1.4037384986877441,0.22063349187374115
1.404536247253418,0.22106799483299255
1.4047759771347046,0.22119835019111633
1.4047925472259521,0.2212073802947998
1.4049746990203857,0.22130641341209412
1.4050474166870117,0.22134588658809662
1.4052010774612427,0.22142937779426575
1.405297040939331,0.22148147225379944
1.4053096771240234,0.22148828208446503
1.4053518772125244,0.22151121497154236
1.4057155847549438,0.22170856595039368
1.4057193994522095,0.2217106968164444
1.4058327674865723,0.22177211940288544
1.4059207439422607,0.22181981801986694
1.4059219360351562,0.22182045876979828
1.4064149856567383,0.222087562084198
1.4066259860992432,0.22220174968242645
1.4068833589553833,0.2223408818244934
1.4071766138076782,0.22249940037727356
1.4074238538742065,0.22263291478157043
1.4074492454528809,0.2226465940475464
1.4077059030532837,0.2227851152420044
1.4083834886550903,0.22315022349357605
1.4084469079971313,0.22318437695503235
1.4084643125534058,0.22319376468658447
1.4085506200790405,0.2232402116060257
1.4086551666259766,0.22329643368721008
1.4086699485778809,0.22330445051193237
1.4088423252105713,0.2233971357345581
1.408880591392517,0.22341769933700562
1.4089771509170532,0.2234696000814438
1.4090378284454346,0.2235022783279419
1.4090828895568848,0.22352644801139832
1.4093928337097168,0.22369292378425598
1.4096928834915161,0.2238539755344391
1.4097213745117188,0.22386924922466278
1.4097867012023926,0.2239043116569519
1.4098236560821533,0.22392410039901733
1.4100267887115479,0.22403304278850555
1.4100834131240845,0.22406339645385742
1.4100873470306396,0.22406546771526337
1.4104361534118652,0.22425232827663422
1.410506248474121,0.22428983449935913
1.4107595682144165,0.22442543506622314
1.4109854698181152,0.22454628348350525
1.4110747575759888,0.22459395229816437
1.4111394882202148,0.2246285378932953
1.4116441011428833,0.22489801049232483
1.4116566181182861,0.22490467131137848
1.411672592163086,0.22491319477558136
1.4117867946624756,0.2249741554260254
1.4120147228240967,0.2250957041978836
1.4120253324508667,0.22510135173797607
1.4120900630950928,0.22513583302497864
1.4121230840682983,0.22515344619750977
1.4121458530426025,0.22516559064388275
1.4123623371124268,0.22528089582920074
1.4123797416687012,0.2252901792526245
1.4124945402145386,0.22535134851932526
1.4125444889068604,0.2253779172897339
1.4125745296478271,0.22539392113685608
1.4125856161117554,0.22539982199668884
1.4126375913619995,0.22542746365070343
1.41294264793396,0.22558975219726562
1.4131619930267334,0.2257063239812851
1.4133371114730835,0.22579941153526306
1.4135067462921143,0.2258894443511963
1.413621425628662,0.22595039010047913
1.4139078855514526,0.22610238194465637
1.4139589071273804,0.226129412651062
1.4139608144760132,0.2261304408311844
1.4144437313079834,0.22638633847236633
1.4145128726959229,0.22642293572425842
1.4147202968597412,0.22653278708457947
1.4147337675094604,0.22653988003730774
1.4147400856018066,0.22654326260089874
1.4149357080459595,0.22664666175842285
1.4154744148254395,0.2269313931465149
1.4156622886657715,0.22703057527542114
1.4156646728515625,0.2270318567752838
1.4158332347869873,0.2271207869052887
1.4159488677978516,0.22718186676502228
1.4159696102142334,0.2271927297115326
1.4159997701644897,0.22720864415168762
1.4160476922988892,0.2272339165210724
1.4161314964294434,0.22727808356285095
1.4161403179168701,0.22728271782398224
1.416189193725586,0.22730855643749237
1.4163074493408203,0.22737082839012146
1.416411280632019,0.22742553055286407
1.4165375232696533,0.22749200463294983
1.4166417121887207,0.22754687070846558
1.4166805744171143,0.22756731510162354
1.4167388677597046,0.22759798169136047
1.4167490005493164,0.22760334610939026
1.416804313659668,0.22763243317604065
1.4169466495513916,0.22770732641220093
1.4170911312103271,0.22778329253196716
1.417186975479126,0.22783365845680237
1.4173247814178467,0.22790610790252686
1.4173327684402466,0.22791025042533875
1.417374610900879,0.22793222963809967
1.4178440570831299,0.2281787395477295
1.4186570644378662,0.22860485315322876
1.4187952280044556,0.2286771535873413
1.419172763824463,0.22887462377548218
1.4192627668380737,0.22892168164253235
1.419329285621643,0.2289564311504364
1.4194438457489014,0.2290162444114685
1.4195222854614258,0.22905728220939636
1.419531226158142,0.22906194627285004
1.4196600914001465,0.22912919521331787
1.4196715354919434,0.2291351556777954
1.4197219610214233,0.22916151583194733
1.4198106527328491,0.2292078137397766
1.4199953079223633,0.22930410504341125
1.420082926750183,0.22934986650943756
1.4203767776489258,0.22950303554534912
1.4208686351776123,0.2297590970993042
1.4210258722305298,0.22984087467193604
1.4213372468948364,0.2300027757883072
1.4214141368865967,0.2300427407026291
1.4214251041412354,0.23004844784736633
1.4216618537902832,0.23017138242721558
1.4216715097427368,0.2301764190196991
1.4220658540725708,0.230381041765213
1.4220705032348633,0.23038345575332642
1.4220876693725586,0.23039236664772034
1.4221957921981812,0.23044846951961517
1.4226164817810059,0.2306663990020752
1.4226384162902832,0.2306777536869049
1.4226858615875244,0.23070234060287476
1.422886848449707,0.2308063507080078
1.4229762554168701,0.2308526337146759
1.423004388809204,0.2308671921491623
1.423169493675232,0.23095259070396423
1.4231797456741333,0.23095792531967163
1.4232089519500732,0.23097297549247742
1.4233043193817139,0.23102223873138428
1.4233818054199219,0.23106232285499573
1.4233959913253784,0.2310696542263031
1.4234051704406738,0.23107439279556274
1.4234273433685303,0.2310858517885208
1.4238592386245728,0.23130890727043152
1.424024224281311,0.23139405250549316
1.424128532409668,0.23144778609275818
1.4242632389068604,0.2315172255039215
1.424281358718872,0.23152662813663483
1.4246538877487183,0.23171856999397278
1.4249374866485596,0.2318645417690277
1.4250845909118652,0.23194018006324768
1.425215721130371,0.23200765252113342
1.4252703189849854,0.23203566670417786
1.4255576133728027,0.2321833074092865
1.4256811141967773,0.2322467565536499
1.4257428646087646,0.2322784662246704
1.4257533550262451,0.2322838306427002
1.4261671304702759,0.23249612748622894
1.4261999130249023,0.23251298069953918
1.4262133836746216,0.23251992464065552
1.4265296459197998,0.23268195986747742
1.4265415668487549,0.23268809914588928
1.4266855716705322,0.23276184499263763
1.4268420934677124,0.23284196853637695
1.4268890619277954,0.2328660488128662
1.4269695281982422,0.23290720582008362
1.4270226955413818,0.2329343557357788
1.4272019863128662,0.23302611708641052
1.4273724555969238,0.23311322927474976
1.4275541305541992,0.23320609331130981
1.4277455806732178,0.23330390453338623
1.4277539253234863,0.2333081066608429
1.4278128147125244,0.23333820700645447
1.4280309677124023,0.23344948887825012
1.428191900253296,0.23353159427642822
1.4286961555480957,0.23378854990005493
1.4287865161895752,0.23383454978466034
1.429137945175171,0.2340134084224701
1.4294281005859375,0.23416092991828918
1.4294307231903076,0.23416230082511902
1.429832935333252,0.23436656594276428
1.4300100803375244,0.23445646464824677
1.4301341772079468,0.23451945185661316
1.430134892463684,0.2345198094844818
1.4301878213882446,0.23454663157463074
1.4303301572799683,0.23461881279945374
1.4303689002990723,0.23463843762874603
1.4305000305175781,0.2347048968076706
1.4305592775344849,0.2347349226474762
1.4305875301361084,0.2347492277622223
1.4306373596191406,0.23477451503276825
1.4306412935256958,0.23477649688720703
1.4306418895721436,0.2347767949104309
1.430777668952942,0.23484554886817932
1.4308967590332031,0.23490580916404724
1.430898904800415,0.23490694165229797
1.4314098358154297,0.23516535758972168
1.431472659111023,0.23519709706306458
1.43168306350708,0.23530341684818268
1.4318764209747314,0.23540103435516357
1.4319519996643066,0.23543915152549744
1.4319771528244019,0.2354518473148346
1.4320127964019775,0.23546986281871796
1.4321465492248535,0.2355373352766037
1.4321905374526978,0.23555952310562134
1.4329386949539185,0.2359364926815033
1.4330092668533325,0.23597200214862823
1.4330168962478638,0.23597583174705505
1.433030128479004,0.2359825074672699
1.433225393295288,0.23608070611953735
1.433235764503479,0.236085906624794
1.4332892894744873,0.23611286282539368
1.4333394765853882,0.23613807559013367
1.4335379600524902,0.23623786866664886
1.4335991144180298,0.2362685650587082
1.43361234664917,0.23627525568008423
1.433722734451294,0.23633068799972534
1.4337518215179443,0.23634526133537292
1.4338555335998535,0.23639732599258423
1.433856725692749,0.23639793694019318
1.4340503215789795,0.23649512231349945
1.4341340065002441,0.23653706908226013
1.4342153072357178,0.2365778684616089
1.434234380722046,0.23658743500709534
1.4342833757400513,0.23661205172538757
1.4342892169952393,0.2366149127483368
1.4343373775482178,0.23663906753063202
1.434686541557312,0.23681405186653137
1.4347953796386719,0.23686856031417847
1.435099720954895,0.23702089488506317
1.43512761592865,0.2370348870754242
1.4351756572723389,0.2370588779449463
1.4355498552322388,0.23724594712257385
1.435591697692871,0.2372668981552124
1.4359424114227295,0.2374420017004013
1.436064600944519,0.2375030219554901
1.4365179538726807,0.2377290576696396
1.4366235733032227,0.23778167366981506
1.4366419315338135,0.23779085278511047
1.43696129322052,0.23794987797737122
1.4369757175445557,0.23795701563358307
1.4370248317718506,0.23798143863677979
1.437117338180542,0.23802751302719116
1.4373881816864014,0.23816220462322235
1.4374136924743652,0.23817485570907593
1.4375321865081787,0.2382337898015976
1.4375699758529663,0.23825253546237946
1.437726378440857,0.23833023011684418
1.4377284049987793,0.23833124339580536
1.437798023223877,0.23836582899093628
1.4378533363342285,0.23839333653450012
1.4382537603378296,0.2385919988155365
1.438455581665039,0.238692045211792
1.4387357234954834,0.23883084952831268
1.4387438297271729,0.2388349026441574
1.4389212131500244,0.23892268538475037
1.4390872716903687,0.2390049248933792
1.4394431114196777,0.23918090760707855
1.439712643623352,0.23931406438350677
1.4399305582046509,0.23942166566848755
1.440035104751587,0.23947328329086304
1.4406538009643555,0.23977836966514587
1.4409770965576172,0.23993754386901855
1.4409998655319214,0.23994877934455872
1.4410401582717896,0.23996856808662415
1.4412094354629517,0.24005186557769775
1.4412102699279785,0.24005226790905
1.441328763961792,0.2401105761528015
1.4413927793502808,0.24014204740524292
1.441440463066101,0.24016547203063965
1.4414705038070679,0.24018023908138275
1.4416027069091797,0.24024517834186554
1.4416171312332153,0.2402522712945938
1.441789984703064,0.24033717811107635
1.4418554306030273,0.24036934971809387
1.4422686100006104,0.24057209491729736
1.4422965049743652,0.2405858039855957
1.442297101020813,0.240586057305336
1.4428644180297852,0.24086403846740723
1.4429566860198975,0.24090921878814697
1.443016529083252,0.24093851447105408
1.4431266784667969,0.2409924864768982
1.444107174873352,0.24147149920463562
1.4441628456115723,0.2414986789226532
1.4442291259765625,0.24153101444244385
1.444230318069458,0.2415315806865692
1.4445228576660156,0.2416742444038391
1.444541573524475,0.24168330430984497
1.4445735216140747,0.24169892072677612
1.4445799589157104,0.24170200526714325
1.444610357284546,0.24171686172485352
1.444631576538086,0.24172721803188324
1.4447033405303955,0.2417621612548828
1.4447276592254639,0.24177397787570953
1.444777488708496,0.24179823696613312
1.4448429346084595,0.24183014035224915
1.444887638092041,0.24185189604759216
1.4449052810668945,0.24186047911643982
1.4450459480285645,0.24192896485328674
1.4450628757476807,0.24193720519542694
1.4450963735580444,0.2419535368680954
1.4451298713684082,0.24196979403495789
1.4451755285263062,0.24199196696281433
1.445350170135498,0.24207694828510284
1.445367693901062,0.24208545684814453
1.4455710649490356,0.2421843409538269
1.4456249475479126,0.2422105073928833
1.4459534883499146,0.24237008392810822
1.4459724426269531,0.24237927794456482
1.4460771083831787,0.24243004620075226
1.446258544921875,0.24251806735992432
1.44630765914917,0.24254190921783447
1.446561336517334,0.2426648736000061
1.446648359298706,0.2427070140838623
1.4467791318893433,0.24277034401893616
1.4469053745269775,0.2428315281867981
1.4469242095947266,0.24284064769744873
1.4470250606536865,0.24288944900035858
1.4471501111984253,0.2429499328136444
1.447174310684204,0.24296168982982635
1.447428822517395,0.24308475852012634
1.447450041770935,0.2430950403213501
1.44754958152771,0.24314311146736145
1.4476983547210693,0.24321499466896057
1.4477648735046387,0.2432471066713333
1.447920799255371,0.2433224618434906
1.4481370449066162,0.2434268295764923
1.4482405185699463,0.2434767782688141
1.4482786655426025,0.2434951364994049
1.448373556137085,0.2435409128665924
1.4485598802566528,0.24363072216510773
1.4486076831817627,0.24365372955799103
1.4486267566680908,0.24366292357444763
1.4486825466156006,0.24368980526924133
1.4489006996154785,0.24379485845565796
1.4489413499832153,0.24381443858146667
1.4490023851394653,0.24384377896785736
1.4493488073349,0.24401044845581055
1.44969642162323,0.24417752027511597
1.4500653743743896,0.24435469508171082
1.450082778930664,0.24436303973197937
1.4501168727874756,0.2443794310092926
1.4501553773880005,0.24439790844917297
1.4506250619888306,0.24462305009365082
1.4508429765701294,0.24472744762897491
1.4513413906097412,0.24496594071388245
1.4514968395233154,0.24504026770591736
1.451858401298523,0.24521294236183167
1.451886773109436,0.24522653222084045
1.45204758644104,0.24530327320098877
1.452081561088562,0.2453194558620453
1.4520909786224365,0.2453240156173706
1.4521589279174805,0.24535639584064484
1.4521639347076416,0.24535880982875824
1.4522234201431274,0.24538719654083252
1.4522989988327026,0.24542319774627686
1.452545166015625,0.245540589094162
1.4526220560073853,0.24557718634605408
1.4526762962341309,0.2456030249595642
1.4527140855789185,0.24562104046344757
1.4528948068618774,0.24570712447166443
1.45319402217865,0.24584953486919403
1.453765869140625,0.24612131714820862
1.4541515111923218,0.24630434811115265
1.4541971683502197,0.2463260293006897
1.4542109966278076,0.24633264541625977
1.454317331314087,0.24638304114341736
1.4544051885604858,0.24642470479011536
1.4549319744110107,0.24667423963546753
1.455212116241455,0.2468068152666092
1.4554626941680908,0.2469252496957779
1.455467700958252,0.2469276487827301
1.4555447101593018,0.24696406722068787
1.4555926322937012,0.24698668718338013
1.455721139907837,0.24704739451408386
1.4557340145111084,0.24705350399017334
1.4557878971099854,0.24707892537117004
1.4558751583099365,0.24712012708187103
1.4558916091918945,0.24712790548801422
1.4560548067092896,0.2472049593925476
1.4560871124267578,0.24722015857696533
1.4561152458190918,0.24723342061042786
1.4562156200408936,0.2472808063030243
1.4562950134277344,0.24731823801994324
1.4564239978790283,0.24737903475761414
1.4565067291259766,0.24741804599761963
1.456620693206787,0.24747177958488464
1.4568724632263184,0.2475903332233429
1.4569660425186157,0.2476343810558319
1.4569703340530396,0.24763642251491547
1.4570881128311157,0.24769183993339539
1.4571136236190796,0.24770386517047882
1.4574834108352661,0.24787771701812744
1.4575998783111572,0.24793243408203125
1.4576919078826904,0.247975692152977
1.4578849077224731,0.2480662763118744
1.4584141969680786,0.24831463396549225
1.4584258794784546,0.24832013249397278
1.458427906036377,0.2483210563659668
1.4584619998931885,0.24833698570728302
1.4587278366088867,0.24846158921718597
1.4590473175048828,0.24861113727092743
1.4590871334075928,0.24862980842590332
1.459137201309204,0.24865320324897766
1.4592108726501465,0.24868763983249664
1.4592812061309814,0.24872055649757385
1.4592921733856201,0.24872565269470215
1.4593905210494995,0.24877169728279114
1.459416389465332,0.24878375232219696
1.4594569206237793,0.24880272150039673
1.459479808807373,0.24881339073181152
1.4595110416412354,0.24882802367210388
1.4596400260925293,0.24888822436332703
1.4601000547409058,0.24910305440425873
1.4602351188659668,0.2491660714149475
1.4602802991867065,0.24918708205223083
1.4606008529663086,0.24933654069900513
1.4606388807296753,0.24935421347618103
1.4606475830078125,0.24935831129550934
1.4607164859771729,0.2493904083967209
1.4607254266738892,0.2493945062160492
1.4611217975616455,0.2495790421962738
1.461179256439209,0.24960581958293915
1.4613890647888184,0.24970334768295288
1.4615265130996704,0.2497672438621521
1.4616519212722778,0.24982550740242004
1.461920976638794,0.24995040893554688
1.4619386196136475,0.2499585896730423
1.4623883962631226,0.25016722083091736
1.4626150131225586,0.250272274017334
1.462701678276062,0.2503124177455902
1.4627107381820679,0.2503165900707245
1.4627281427383423,0.25032469630241394
1.462881088256836,0.2503954768180847
1.4629017114639282,0.25040504336357117
1.4629465341567993,0.2504258155822754
1.4629926681518555,0.2504471242427826
1.4630526304244995,0.25047487020492554
1.4630982875823975,0.250495970249176
1.4631277322769165,0.2505096197128296
1.4631516933441162,0.2505207657814026
1.4631752967834473,0.2505316436290741
1.463285207748413,0.2505825161933899
1.4633984565734863,0.2506348192691803
1.4634711742401123,0.25066840648651123
1.4635555744171143,0.2507074475288391
1.4635884761810303,0.25072264671325684
1.4636038541793823,0.2507297396659851
1.4639545679092407,0.25089165568351746
1.4645485877990723,0.25116562843322754
1.4646590948104858,0.25121647119522095
1.4649486541748047,0.2513498365879059
1.465267300605774,0.2514963746070862
1.4654051065444946,0.2515597641468048
1.4661728143692017,0.2519122362136841
1.4663093090057373,0.25197482109069824
1.4663801193237305,0.25200727581977844
1.4663820266723633,0.2520081698894501
1.4664511680603027,0.2520398199558258
1.4665517807006836,0.25208598375320435
1.4665583372116089,0.2520889937877655
1.4667036533355713,0.25215551257133484
1.466721773147583,0.252163827419281
1.4669269323349,0.25225770473480225
1.4669636487960815,0.2522745132446289
1.4672467708587646,0.25240400433540344
1.4674535989761353,0.252498596906662
1.467628836631775,0.2525786757469177
1.46763277053833,0.2525804042816162
1.4677798748016357,0.25264763832092285
1.4677859544754028,0.2526504099369049
1.4678566455841064,0.2526826858520508
1.4680838584899902,0.2527863383293152
1.4680907726287842,0.2527894973754883
1.468195915222168,0.2528374493122101
1.4683202505111694,0.2528941333293915
1.4685214757919312,0.2529858648777008
1.4685674905776978,0.25300681591033936
1.4686275720596313,0.25303420424461365
1.4688273668289185,0.2531251609325409
1.4690947532653809,0.25324684381484985
1.4692156314849854,0.25330179929733276
1.4693634510040283,0.253369003534317
1.4697327613830566,0.25353679060935974
1.469799280166626,0.2535669803619385
1.469831109046936,0.2535814344882965
1.469928503036499,0.25362563133239746
1.469989538192749,0.25365328788757324
1.4700416326522827,0.2536769509315491
1.4700443744659424,0.25367817282676697
1.4702197313308716,0.2537577748298645
1.4702906608581543,0.25378987193107605
1.4703397750854492,0.25381216406822205
1.4703447818756104,0.2538144290447235
1.4703950881958008,0.2538371980190277
1.4706311225891113,0.25394412875175476
1.4710514545440674,0.2541344165802002
1.4711143970489502,0.25416287779808044
1.4713959693908691,0.2542901337146759
1.4714323282241821,0.2543066143989563
1.471456527709961,0.2543174624443054
1.4715650081634521,0.25436654686927795
1.4715865850448608,0.25437629222869873
1.4718235731124878,0.25448328256607056
1.4721035957336426,0.2546096444129944
1.472252368927002,0.2546766996383667
1.4722635746002197,0.254681795835495
1.4724197387695312,0.25475215911865234
1.4726626873016357,0.2548615634441376
1.4729695320129395,0.25499966740608215
1.473035454750061,0.2550293207168579
1.473363995552063,0.2551770508289337
1.4735573530197144,0.25526392459869385
1.4735654592514038,0.25526756048202515
1.473638892173767,0.25530052185058594
1.4737117290496826,0.2553332448005676
1.4738050699234009,0.2553751468658447
1.473830223083496,0.25538644194602966
1.4738554954528809,0.2553977370262146
1.4738811254501343,0.255409300327301
1.473957896232605,0.2554437220096588
1.4739991426467896,0.2554621994495392
1.474231481552124,0.25556641817092896
1.4743835926055908,0.255634605884552
1.474411964416504,0.25564730167388916
1.4744277000427246,0.25565439462661743
1.474564552307129,0.25571563839912415
1.4751625061035156,0.25598323345184326
1.4751818180084229,0.2559919059276581
1.4755454063415527,0.2561543583869934
1.475728988647461,0.2562362551689148
1.4759892225265503,0.25635236501693726
1.4762969017028809,0.256489634513855
1.4765808582305908,0.25661617517471313
1.4768502712249756,0.25673604011535645
1.476890206336975,0.2567538022994995
1.477115273475647,0.25685393810272217
1.4771506786346436,0.25686970353126526
1.4772155284881592,0.25689855217933655
1.4772815704345703,0.25692784786224365
1.4773035049438477,0.2569376230239868
1.4773809909820557,0.2569720149040222
1.4774672985076904,0.2570103704929352
1.4775323867797852,0.25703921914100647
1.477555513381958,0.2570495307445526
1.4777919054031372,0.25715452432632446
1.4778612852096558,0.25718528032302856
1.4780563116073608,0.25727176666259766
1.4781078100204468,0.25729459524154663
1.4784585237503052,0.25745007395744324
1.478474736213684,0.2574571967124939
1.4786033630371094,0.25751417875289917
1.4786121845245361,0.25751805305480957
1.4787359237670898,0.25757285952568054
1.4790515899658203,0.2577124834060669
1.4790756702423096,0.2577231526374817
1.4791237115859985,0.25774437189102173
1.4791463613510132,0.2577544152736664
1.4791550636291504,0.2577582597732544
1.4792386293411255,0.2577952742576599
1.479249119758606,0.2577998638153076
1.4793217182159424,0.2578319311141968
1.4795172214508057,0.2579182982444763
1.4796550273895264,0.257979154586792
1.4797414541244507,0.25801727175712585
1.4797534942626953,0.25802260637283325
1.4799243211746216,0.25809791684150696
1.480151653289795,0.25819820165634155
1.4802567958831787,0.2582445442676544
1.48043692111969,0.25832390785217285
1.4804661273956299,0.2583368122577667
1.4807145595550537,0.2584461569786072
1.4807658195495605,0.2584686875343323
1.4808170795440674,0.25849127769470215
1.4808361530303955,0.2584996819496155
1.480875015258789,0.25851675868034363
1.4810482263565063,0.25859296321868896
1.481128215789795,0.25862807035446167
1.4811382293701172,0.25863248109817505
1.4811699390411377,0.2586463987827301
1.481203317642212,0.258661150932312
1.4814794063568115,0.25878241658210754
1.4816575050354004,0.25886058807373047
1.4819374084472656,0.25898340344429016
1.4819865226745605,0.2590048909187317
1.4822930097579956,0.2591392993927002
1.482351541519165,0.2591649293899536
1.4824323654174805,0.2592003643512726
1.4824438095092773,0.25920534133911133
1.4824774265289307,0.25922006368637085
1.4826788902282715,0.2593082785606384
1.4828602075576782,0.2593875527381897
1.4830642938613892,0.25947684049606323
1.4833060503005981,0.25958251953125
1.4833199977874756,0.2595885992050171
1.4838874340057373,0.25983625650405884
1.483903169631958,0.2598431408405304
1.4841498136520386,0.2599506974220276
1.4843987226486206,0.260059118270874
1.4843989610671997,0.2600592076778412
1.4845409393310547,0.26012104749679565
1.4846574068069458,0.26017171144485474
1.4846735000610352,0.2601787745952606
1.4847098588943481,0.2601945400238037
1.48479163646698,0.2602301239967346
1.4850634336471558,0.2603483498096466
1.4852612018585205,0.26043426990509033
1.4852850437164307,0.26044461131095886
1.4852904081344604,0.2604469358921051
1.485292673110962,0.2604478895664215
1.4855070114135742,0.26054105162620544
1.4856257438659668,0.2605925500392914
1.4859634637832642,0.2607390284538269
1.485975980758667,0.26074448227882385
1.4863382577896118,0.26090145111083984
1.4864246845245361,0.2609388828277588
1.486881971359253,0.2611368000507355
1.4873018264770508,0.26131823658943176
1.487725019454956,0.26150092482566833
1.487741470336914,0.2615079879760742
1.487987995147705,0.2616143226623535
1.4880414009094238,0.2616373300552368
1.4880461692810059,0.2616393566131592
1.4881501197814941,0.2616841495037079
1.4881747961044312,0.2616947889328003
1.4882094860076904,0.2617097496986389
1.4883625507354736,0.2617756426334381
1.4883930683135986,0.26178881525993347
1.4886335134506226,0.26189225912094116
1.4886504411697388,0.26189959049224854
1.488933801651001,0.2620214819908142
1.4892216920852661,0.2621452212333679
1.4894155263900757,0.26222842931747437
1.4894403219223022,0.2622390389442444
1.4896080493927002,0.26231107115745544
1.490513801574707,0.2626992166042328
1.4905691146850586,0.26272284984588623
1.4905868768692017,0.2627304494380951
1.4906373023986816,0.2627520263195038
1.4906659126281738,0.2627642750740051
1.4906824827194214,0.2627713978290558
1.490706443786621,0.2627815902233124
1.4908257722854614,0.2628327012062073
1.4908392429351807,0.26283836364746094
1.490920066833496,0.26287299394607544
1.4909672737121582,0.2628931701183319
1.491142988204956,0.2629682421684265
1.491196870803833,0.2629912793636322
1.4912798404693604,0.26302671432495117
1.4912956953048706,0.2630334496498108
1.4913041591644287,0.2630370855331421
1.4915993213653564,0.2631630599498749
1.4916753768920898,0.2631955146789551
1.4916775226593018,0.2631964385509491
1.4917042255401611,0.2632078230381012
1.491715908050537,0.26321282982826233
1.491805076599121,0.26325082778930664
1.4918769598007202,0.2632814943790436
1.491971492767334,0.26332175731658936
1.4920036792755127,0.2633354961872101
1.4920556545257568,0.26335763931274414
1.4923630952835083,0.2634885609149933
1.492401361465454,0.26350483298301697
1.4924200773239136,0.26351284980773926
1.4924445152282715,0.26352328062057495
1.4924907684326172,0.26354292035102844
1.4925357103347778,0.26356202363967896
1.4928514957427979,0.2636962831020355
1.4931159019470215,0.2638087272644043
1.493211030960083,0.2638491094112396
1.4932589530944824,0.2638694643974304
1.4933788776397705,0.2639203667640686
1.493562936782837,0.26399844884872437
1.4940067529678345,0.26418668031692505
1.4941006898880005,0.2642264664173126
1.4941853284835815,0.26426228880882263
1.4942947626113892,0.2643086314201355
1.494349479675293,0.2643318176269531
1.494409203529358,0.2643570899963379
1.4945273399353027,0.26440709829330444
1.4945340156555176,0.2644099295139313
1.4951109886169434,0.2646538019180298
1.4952160120010376,0.2646981179714203
1.4952255487442017,0.264702171087265
1.4952296018600464,0.2647038698196411
1.4952360391616821,0.26470664143562317
1.4953694343566895,0.26476290822029114
1.4955040216445923,0.2648197412490845
1.4955148696899414,0.2648243308067322
1.4955241680145264,0.2648281753063202
1.4955400228500366,0.2648348808288574
1.4955885410308838,0.26485535502433777
1.4956053495407104,0.2648624777793884
1.4956291913986206,0.2648725211620331
1.4961512088775635,0.26509249210357666
1.4961597919464111,0.26509615778923035
1.496178388595581,0.26510393619537354
1.496239185333252,0.26512953639030457
1.4962661266326904,0.2651408910751343
1.496433138847351,0.26521116495132446
1.4966117143630981,0.26528632640838623
1.4969254732131958,0.26541823148727417
1.4972968101501465,0.265574187040329
1.497482419013977,0.2656520903110504
1.4977846145629883,0.2657787799835205
1.4982836246490479,0.2659878134727478
1.4985334873199463,0.26609236001968384
1.4986934661865234,0.26615920662879944
1.498821496963501,0.2662127614021301
1.4988389015197754,0.2662200331687927
1.498875379562378,0.2662352919578552
1.4989538192749023,0.2662680149078369
1.4989914894104004,0.26628378033638
1.4990382194519043,0.26630330085754395
1.499061107635498,0.266312837600708
1.4991962909698486,0.2663693428039551
1.4992363452911377,0.2663859724998474
1.4995027780532837,0.2664972245693207
1.5003060102462769,0.26683181524276733
1.5003077983856201,0.26683253049850464
1.5003337860107422,0.26684340834617615
1.5004010200500488,0.2668713331222534
1.5004730224609375,0.26690131425857544
1.5007479190826416,0.26701557636260986
1.5014026165008545,0.2672874629497528
1.5015673637390137,0.2673557996749878
1.501664161682129,0.26739591360092163
1.5018820762634277,0.26748618483543396
1.502020239830017,0.26754340529441833
1.5020222663879395,0.2675442695617676
1.5020853281021118,0.2675703763961792
1.5021004676818848,0.2675766050815582
1.5022914409637451,0.26765570044517517
1.502297043800354,0.267657995223999
1.5023300647735596,0.2676716446876526
1.5024299621582031,0.2677129805088043
1.5025148391723633,0.267748087644577
1.502532720565796,0.2677554488182068
1.5026178359985352,0.26779067516326904
1.5026346445083618,0.267797589302063
1.5027071237564087,0.267827570438385
1.5027143955230713,0.2678305506706238
1.5027450323104858,0.26784324645996094
1.5028221607208252,0.2678750455379486
1.5028412342071533,0.2678830325603485
1.5029022693634033,0.2679081857204437
1.5031113624572754,0.26799455285072327
1.5032576322555542,0.2680548429489136
1.5035653114318848,0.26818180084228516
1.5037100315093994,0.2682414650917053
1.5037181377410889,0.26824480295181274
1.503766417503357,0.2682647109031677
1.5039656162261963,0.26834672689437866
1.5041332244873047,0.2684157192707062
1.5042721033096313,0.2684728801250458
1.504392385482788,0.26852235198020935
1.5044515132904053,0.2685467004776001
1.504653811454773,0.26862984895706177
1.5048431158065796,0.26870763301849365
1.5049328804016113,0.26874446868896484
1.505057454109192,0.26879560947418213
1.5053086280822754,0.2688986659049988
1.505354404449463,0.268917441368103
1.5058962106704712,0.26913952827453613
1.5060588121414185,0.26920610666275024
1.506069540977478,0.26921042799949646
1.5061981678009033,0.2692631185054779
1.506286859512329,0.2692994177341461
1.5063453912734985,0.26932334899902344
1.5063737630844116,0.26933497190475464
1.506382942199707,0.2693386673927307
1.5064401626586914,0.26936209201812744
1.5064724683761597,0.2693752944469452
1.5065770149230957,0.26941797137260437
1.5065878629684448,0.2694224715232849
1.5070035457611084,0.26959219574928284
1.5070645809173584,0.26961714029312134
1.5071308612823486,0.26964420080184937
1.5072479248046875,0.26969191431999207
1.5073455572128296,0.2697317600250244
1.5073833465576172,0.26974713802337646
1.5080647468566895,0.27002474665641785
1.5081617832183838,0.27006423473358154
1.5085529088974,0.2702232599258423
1.5085963010787964,0.2702409029006958
1.5087814331054688,0.27031612396240234
1.5088527202606201,0.2703450620174408
1.5092443227767944,0.2705039978027344
1.5094244480133057,0.27057701349258423
1.5094869136810303,0.270602285861969
1.5096521377563477,0.27066928148269653
1.5096588134765625,0.27067193388938904
1.5097038745880127,0.2706902027130127
1.509828805923462,0.2707407772541046
1.5098552703857422,0.2707514762878418
1.5098683834075928,0.27075687050819397
1.5099232196807861,0.2707790434360504
1.5099403858184814,0.27078595757484436
1.5100338459014893,0.2708238363265991
1.510087013244629,0.27084532380104065
1.5100895166397095,0.27084630727767944
1.5101685523986816,0.27087831497192383
1.5103493928909302,0.27095144987106323
1.5104209184646606,0.2709803283214569
1.5106676816940308,0.27108004689216614
1.511155366897583,0.27127689123153687
1.511331558227539,0.27134793996810913
1.5113434791564941,0.27135270833969116
1.5113623142242432,0.2713603079319
1.511535882949829,0.27143025398254395
1.511565923690796,0.2714424133300781
1.5115671157836914,0.27144283056259155
1.5119853019714355,0.27161121368408203
1.512142300605774,0.27167439460754395
1.5121674537658691,0.27168455719947815
1.512356162071228,0.27176034450531006
1.5124605894088745,0.2718023359775543
1.5128943920135498,0.2719765901565552
1.5129116773605347,0.27198347449302673
1.5132591724395752,0.272122859954834
1.5133483409881592,0.2721586227416992
1.5133614540100098,0.27216389775276184
1.5134230852127075,0.27218860387802124
1.5134567022323608,0.2722020149230957
1.513465404510498,0.27220556139945984
1.5135338306427002,0.27223291993141174
1.5135408639907837,0.2722357511520386
1.5135438442230225,0.27223697304725647
1.5136303901672363,0.27227163314819336
1.5136809349060059,0.2722918689250946
1.5136845111846924,0.2722932696342468
1.5137436389923096,0.27231696248054504
1.5137932300567627,0.27233678102493286
1.5139409303665161,0.27239590883255005
1.5139973163604736,0.27241843938827515
1.5142052173614502,0.27250170707702637
1.5143849849700928,0.27257347106933594
1.514404058456421,0.2725811302661896
1.5145623683929443,0.2726443409919739
1.5145702362060547,0.2726474702358246
1.5147751569747925,0.2727293372154236
1.5149586200714111,0.27280253171920776
1.5151584148406982,0.2728821635246277
1.5155072212219238,0.2730211615562439
1.5156594514846802,0.27308180928230286
1.5157514810562134,0.27311843633651733
1.5158452987670898,0.2731558084487915
1.5159224271774292,0.27318647503852844
1.516175627708435,0.27328717708587646
1.51633620262146,0.2733510136604309
1.5164073705673218,0.27337929606437683
1.5164843797683716,0.2734098434448242
1.516530156135559,0.2734280228614807
1.5168873071670532,0.273569792509079
1.5169001817703247,0.2735748887062073
1.5170283317565918,0.2736257016658783
1.51718270778656,0.27368688583374023
1.5172113180160522,0.27369827032089233
1.517251968383789,0.2737143635749817
1.5173231363296509,0.27374255657196045
1.5174310207366943,0.2737852931022644
1.5174803733825684,0.27380484342575073
1.5178501605987549,0.27395129203796387
1.5179438591003418,0.273988276720047
1.517983317375183,0.27400392293930054
1.5182085037231445,0.2740929424762726
1.5182470083236694,0.2741081416606903
1.5184112787246704,0.2741730213165283
1.5184894800186157,0.27420392632484436
1.5184972286224365,0.2742069661617279
1.5187323093414307,0.2742998003959656
1.5190203189849854,0.2744133472442627
1.5196806192398071,0.2746734619140625
1.5201267004013062,0.2748488783836365
1.5201687812805176,0.27486538887023926
1.5201867818832397,0.27487248182296753
1.520458698272705,0.27497929334640503
1.5204813480377197,0.27498817443847656
1.5205326080322266,0.27500826120376587
1.5206623077392578,0.27505913376808167
1.5207021236419678,0.2750748097896576
1.520748496055603,0.2750929892063141
1.5208125114440918,0.27511805295944214
1.5208771228790283,0.2751433849334717
1.5209065675735474,0.2751550078392029
1.5209457874298096,0.27517032623291016
1.5209747552871704,0.2751816511154175
1.5209795236587524,0.27518361806869507
1.5211907625198364,0.2752663493156433
1.521722674369812,0.27547457814216614
1.5217959880828857,0.2755032181739807
1.5221418142318726,0.2756384611129761
1.522183895111084,0.27565494179725647
1.522269606590271,0.2756883203983307
1.52239191532135,0.2757360637187958
1.5227627754211426,0.2758808135986328
1.5233469009399414,0.27610838413238525
1.523396372795105,0.2761276662349701
1.523620367050171,0.2762147784233093
1.523759365081787,0.276268869638443
1.5239166021347046,0.27632999420166016
1.5239887237548828,0.2763579785823822
1.52408766746521,0.27639642357826233
1.5241789817810059,0.27643197774887085
1.5241916179656982,0.27643683552742004
1.5243784189224243,0.2765093743801117
1.5243799686431885,0.27650994062423706
1.524456262588501,0.27653956413269043
1.5245351791381836,0.276570200920105
1.524549961090088,0.2765759527683258
1.524580955505371,0.27658790349960327
1.5247944593429565,0.2766706943511963
1.524795651435852,0.2766711711883545
1.5249366760253906,0.2767258286476135
1.5249366760253906,0.2767258286476135
1.5252145528793335,0.2768334746360779
1.5252265930175781,0.27683815360069275
1.5254089832305908,0.2769087255001068
1.5255520343780518,0.27696412801742554
1.525625467300415,0.2769924998283386
1.5256272554397583,0.27699315547943115
1.525648832321167,0.27700144052505493
1.5256683826446533,0.2770090401172638
1.5259273052215576,0.27710914611816406
1.5260376930236816,0.27715179324150085
1.526166558265686,0.2772015333175659
1.526266098022461,0.27723994851112366
1.5264246463775635,0.277301162481308
1.5267467498779297,0.2774253487586975
1.5267809629440308,0.27743852138519287
1.5268352031707764,0.27745941281318665
1.527017593383789,0.27752965688705444
1.527024745941162,0.2775324583053589
1.527297019958496,0.277637243270874
1.5276285409927368,0.2777647078037262
1.527716040611267,0.2777983546257019
1.5277293920516968,0.27780354022979736
1.5278620719909668,0.2778545022010803
1.5278759002685547,0.27785980701446533
1.5278981924057007,0.2778683304786682
1.5279490947723389,0.27788788080215454
1.528016209602356,0.2779136896133423
1.5280545949935913,0.2779284715652466
1.528119683265686,0.27795344591140747
1.528132677078247,0.27795839309692383
1.5281662940979004,0.2779712677001953
1.5281819105148315,0.2779772877693176
1.5283832550048828,0.27805453538894653
1.5284689664840698,0.27808740735054016
1.5285449028015137,0.2781165540218353
1.5286915302276611,0.2781727612018585
1.5288159847259521,0.27822041511535645
1.5288408994674683,0.2782299518585205
1.5288931131362915,0.27824991941452026
1.5290446281433105,0.2783079147338867
1.5291402339935303,0.2783445715904236
1.5291509628295898,0.2783486545085907
1.5292941331863403,0.2784034013748169
1.5292980670928955,0.27840495109558105
1.529538631439209,0.2784969210624695
1.5295815467834473,0.2785132825374603
1.5298726558685303,0.2786245346069336
1.5302727222442627,0.27877724170684814
1.5303163528442383,0.2787938416004181
1.5307369232177734,0.2789541482925415
1.530799150466919,0.2789778709411621
1.5309897661209106,0.27905040979385376
1.5311129093170166,0.279097318649292
1.5313098430633545,0.2791721224784851
1.531362771987915,0.2791922092437744
1.5314929485321045,0.27924174070358276
1.5315396785736084,0.27925947308540344
1.53163480758667,0.2792956233024597
1.531677484512329,0.279311865568161
1.5317277908325195,0.27933093905448914
1.5317702293395996,0.2793470621109009
1.5318148136138916,0.2793639898300171
1.5320091247558594,0.27943775057792664
1.532028079032898,0.27944496273994446
1.5327831506729126,0.27973106503486633
1.5328081846237183,0.279740571975708
1.5330305099487305,0.27982473373413086
1.5331820249557495,0.2798819839954376
1.53339684009552,0.27996325492858887
1.533411979675293,0.27996891736984253
1.5334562063217163,0.279985636472702
1.5342261791229248,0.28027623891830444
1.5346179008483887,0.2804237902164459
1.5348984003067017,0.280529260635376
1.5349164009094238,0.28053611516952515
1.535008192062378,0.2805706262588501
1.5350253582000732,0.2805771231651306
1.5352216958999634,0.28065091371536255
1.535247802734375,0.2806606590747833
1.5353577136993408,0.28070199489593506
1.5353854894638062,0.28071239590644836
1.5353939533233643,0.28071561455726624
1.535414457321167,0.2807232737541199
1.535430669784546,0.28072935342788696
1.5354502201080322,0.2807367444038391
1.5358283519744873,0.28087863326072693
1.5361019372940063,0.280981183052063
1.5361334085464478,0.2809930741786957
1.536210298538208,0.2810218334197998
1.536250352859497,0.2810367941856384
1.5363080501556396,0.2810584604740143
1.5364550352096558,0.28111350536346436
1.5365127325057983,0.28113508224487305
1.5366294384002686,0.2811788022518158
1.5366556644439697,0.28118863701820374
1.5368332862854004,0.2812550663948059
1.536909818649292,0.2812836468219757
1.5371017456054688,0.2813553810119629
1.5372838973999023,0.2814234495162964
1.5373423099517822,0.2814452648162842
1.5376332998275757,0.28155389428138733
1.5376399755477905,0.2815563380718231
1.537729263305664,0.28158968687057495
1.5379793643951416,0.28168290853500366
1.5380659103393555,0.2817152142524719
1.5381683111190796,0.2817533314228058
1.5382394790649414,0.28177982568740845
1.5385158061981201,0.28188270330429077
1.5385462045669556,0.2818939685821533
1.5385578870773315,0.2818983495235443
1.5386996269226074,0.28195104002952576
1.5387424230575562,0.2819669842720032
1.5388468503952026,0.28200578689575195
1.5389052629470825,0.2820275127887726
1.5390269756317139,0.2820727229118347
1.5390509366989136,0.282081663608551
1.5394666194915771,0.2822359502315521
1.539527416229248,0.282258540391922
1.5395288467407227,0.2822590470314026
1.5396058559417725,0.2822876274585724
1.5396292209625244,0.2822963297367096
1.5396809577941895,0.2823154628276825
1.5398261547088623,0.28236931562423706
1.5400265455245972,0.2824435234069824
1.5400772094726562,0.28246229887008667
1.5401290655136108,0.28248149156570435
1.5403578281402588,0.2825661897659302
1.5405863523483276,0.28265073895454407
1.5406378507614136,0.2826697528362274
1.5407192707061768,0.2826998233795166
1.5409308671951294,0.2827780246734619
1.5415083169937134,0.28299111127853394
1.5417665243148804,0.283086359500885
1.5418806076049805,0.2831283509731293
1.5419729948043823,0.2831624150276184
1.5419771671295166,0.2831639349460602
1.5420253276824951,0.28318166732788086
1.5421385765075684,0.28322330117225647
1.54219651222229,0.28324460983276367
1.5423221588134766,0.2832908630371094
1.5423362255096436,0.28329604864120483
1.5423829555511475,0.28331318497657776
1.5425140857696533,0.28336140513420105
1.5425360202789307,0.2833695113658905
1.5425865650177002,0.28338807821273804
1.5426955223083496,0.2834281325340271
1.5428615808486938,0.28348904848098755
1.5430140495300293,0.2835450768470764
1.5433543920516968,0.28366994857788086
1.5435713529586792,0.28374946117401123
1.543707251548767,0.28379926085472107
1.5438718795776367,0.2838595509529114
1.5440834760665894,0.2839369475841522
1.5442276000976562,0.28398966789245605
1.544378638267517,0.28404492139816284
1.5445914268493652,0.28412264585494995
1.5448704957962036,0.2842245399951935
1.545013427734375,0.28427672386169434
1.5450983047485352,0.28430768847465515
1.5454702377319336,0.2844432294368744
1.5455414056777954,0.2844691574573517
1.5457465648651123,0.28454381227493286
1.545835018157959,0.2845759987831116
1.5458366870880127,0.2845766544342041
1.5458590984344482,0.28458482027053833
1.5458629131317139,0.28458619117736816
1.5460723638534546,0.2846623361110687
1.5462450981140137,0.2847251892089844
1.5462510585784912,0.2847273349761963
1.5462629795074463,0.2847316563129425
1.5463181734085083,0.2847517728805542
1.5463249683380127,0.28475421667099
1.5464247465133667,0.2847904860973358
1.5464626550674438,0.28480419516563416
1.5465991497039795,0.28485381603240967
1.5467958450317383,0.2849251627922058
1.5468636751174927,0.28494977951049805
1.5470876693725586,0.2850310504436493
1.5473518371582031,0.2851266860961914
1.5473755598068237,0.2851353883743286
1.5474393367767334,0.2851583957672119
1.547439694404602,0.28515860438346863
1.5474507808685303,0.2851625382900238
1.5474551916122437,0.2851642072200775
1.5476469993591309,0.2852335572242737
1.5476629734039307,0.2852393090724945
1.5477747917175293,0.2852798104286194
1.5480008125305176,0.28536152839660645
1.5480091571807861,0.28536456823349
1.5484799146652222,0.28553465008735657
1.5484864711761475,0.2855369448661804
1.5485045909881592,0.2855435311794281
1.5485262870788574,0.2855513095855713
1.5489113330841064,0.28569018840789795
1.549093246459961,0.2857557535171509
1.5491578578948975,0.2857789993286133
1.5491626262664795,0.28578075766563416
1.5491654872894287,0.2857818007469177
1.5493799448013306,0.28585904836654663
1.5493866205215454,0.28586146235466003
1.5495429039001465,0.28591763973236084
1.5496760606765747,0.28596556186676025
1.5497640371322632,0.285997211933136
1.549826741218567,0.28601980209350586
1.5499316453933716,0.2860574722290039
1.5499358177185059,0.2860589027404785
1.5499789714813232,0.2860744595527649
1.550109624862671,0.28612133860588074
1.5502221584320068,0.28616178035736084
1.5503623485565186,0.28621208667755127
1.550539493560791,0.2862756848335266
1.5506854057312012,0.28632795810699463
1.5509058237075806,0.2864069938659668
1.5509575605392456,0.28642556071281433
1.5509896278381348,0.2864369750022888
1.5511624813079834,0.2864988446235657
1.5512906312942505,0.2865447998046875
1.551560640335083,0.28664132952690125
1.5516674518585205,0.2866794764995575
1.5517523288726807,0.28670984506607056
1.552103877067566,0.2868354320526123
1.5527714490890503,0.28707343339920044
1.552926778793335,0.2871287167072296
1.5529687404632568,0.28714364767074585
1.5530340671539307,0.28716689348220825
1.5531506538391113,0.2872084379196167
1.5531718730926514,0.287215918302536
1.5532336235046387,0.2872379422187805
1.5533862113952637,0.2872921824455261
1.5533883571624756,0.2872929573059082
1.553422451019287,0.2873051166534424
1.5534555912017822,0.28731679916381836
1.5535898208618164,0.28736457228660583
1.5536245107650757,0.28737694025039673
1.5536922216415405,0.2874009609222412
1.5539958477020264,0.2875087261199951
1.554206132888794,0.28758329153060913
1.5543442964553833,0.2876323461532593
1.5547091960906982,0.28776150941848755
1.554918646812439,0.2878357172012329
1.5549767017364502,0.28785622119903564
1.5550346374511719,0.2878767251968384
1.5553393363952637,0.2879844307899475
1.5559632778167725,0.2882046699523926
1.5561691522598267,0.2882773280143738
1.5562916994094849,0.28832054138183594
1.55631685256958,0.2883293330669403
1.5564789772033691,0.28838640451431274
1.5565803050994873,0.2884221076965332
1.5565974712371826,0.2884281575679779
1.5566654205322266,0.28845199942588806
1.556706190109253,0.2884664535522461
1.5568015575408936,0.28849995136260986
1.5569311380386353,0.28854554891586304
1.5570743083953857,0.2885957956314087
1.5571372509002686,0.28861796855926514
1.5571436882019043,0.288620263338089
1.5572338104248047,0.28865185379981995
1.5579211711883545,0.28889307379722595
1.558070421218872,0.28894537687301636
1.5583813190460205,0.28905418515205383
1.5584651231765747,0.2890835702419281
1.5585309267044067,0.2891066074371338
1.558616042137146,0.2891364097595215
1.5586333274841309,0.2891424000263214
1.5586588382720947,0.2891513407230377
1.5587133169174194,0.2891704738140106
1.558837652206421,0.2892138659954071
1.5588387250900269,0.2892143130302429
1.5589532852172852,0.2892543077468872
1.55913507938385,0.28931787610054016
1.5591533184051514,0.2893241047859192
1.5591801404953003,0.2893335819244385
1.5593212842941284,0.28938281536102295
1.5593397617340088,0.2893891930580139
1.5594055652618408,0.28941214084625244
1.5596003532409668,0.2894801199436188
1.5598070621490479,0.28955215215682983
1.5598759651184082,0.28957614302635193
1.5600779056549072,0.28964653611183167
1.5601775646209717,0.2896811366081238
1.5602167844772339,0.2896948754787445
1.5602174997329712,0.2896951138973236
1.5603221654891968,0.28973159193992615
1.5603636503219604,0.2897459864616394
1.5603935718536377,0.28975632786750793
1.5604397058486938,0.2897723913192749
1.5605045557022095,0.289794921875
1.5605272054672241,0.2898028492927551
1.56056547164917,0.28981608152389526
1.5606330633163452,0.28983962535858154
1.5608259439468384,0.28990665078163147
1.560861349105835,0.2899188995361328
1.5608830451965332,0.2899264693260193
1.5611929893493652,0.2900340259075165
1.561391830444336,0.2901029586791992
1.5614123344421387,0.2901100814342499
1.5617151260375977,0.29021504521369934
1.561777949333191,0.29023677110671997
1.561812400817871,0.29024869203567505
1.5618910789489746,0.2902759313583374
1.5621237754821777,0.29035651683807373
1.562164306640625,0.29037049412727356
1.5621838569641113,0.29037728905677795
1.5623979568481445,0.2904512882232666
1.5624207258224487,0.2904592454433441
1.5626723766326904,0.2905460298061371
1.5627899169921875,0.2905866801738739
1.5629616975784302,0.29064589738845825
1.5633443593978882,0.29077792167663574
1.5635948181152344,0.29086413979530334
1.5637297630310059,0.29091060161590576
1.5637532472610474,0.2909187376499176
1.5638024806976318,0.29093557596206665
1.5638200044631958,0.29094168543815613
1.5638773441314697,0.2909613847732544
1.563961386680603,0.29099029302597046
1.5639793872833252,0.2909964621067047
1.5640764236450195,0.2910298705101013
1.5640923976898193,0.2910352647304535
1.564234972000122,0.29108425974845886
1.564251184463501,0.29108986258506775
1.5643362998962402,0.2911190390586853
1.5644986629486084,0.2911747992038727
1.5645214319229126,0.2911827862262726
1.5649399757385254,0.29132628440856934
1.564956545829773,0.2913320064544678
1.5650818347930908,0.2913748621940613
1.5652257204055786,0.2914242744445801
1.565259575843811,0.2914358377456665
1.565541386604309,0.2915323078632355
1.5655426979064941,0.2915327548980713
1.565863013267517,0.29164233803749084
1.566281795501709,0.29178526997566223
1.566460371017456,0.29184630513191223
1.5665864944458008,0.2918893098831177
1.566821813583374,0.29196953773498535
1.5671582221984863,0.2920840382575989
1.567417860031128,0.2921724319458008
1.567495584487915,0.29219886660575867
1.5675568580627441,0.29221969842910767
1.5677276849746704,0.29227787256240845
1.5678001642227173,0.2923024296760559
1.5678926706314087,0.29233384132385254
1.5679028034210205,0.29233723878860474
1.5679432153701782,0.29235100746154785
1.568016529083252,0.2923758625984192
1.568037986755371,0.2923831045627594
1.5681593418121338,0.2924243211746216
1.5681617259979248,0.2924251854419708
1.5684101581573486,0.29250940680503845
1.5687518119812012,0.29262518882751465
1.569293737411499,0.29280853271484375
1.5694856643676758,0.29287344217300415
1.5694926977157593,0.29287588596343994
1.569823980331421,0.2929877042770386
1.5698344707489014,0.2929912805557251
1.5699201822280884,0.29302018880844116
1.5699537992477417,0.2930315136909485
1.569982886314392,0.2930413782596588
1.5700492858886719,0.293063759803772
1.57015860080719,0.2931007146835327
1.5702269077301025,0.29312366247177124
1.5702672004699707,0.29313716292381287
1.5702776908874512,0.2931407392024994
1.5705561637878418,0.29323452711105347
1.570646047592163,0.2932647466659546
1.5706846714019775,0.2932778000831604
1.5708353519439697,0.2933284342288971
1.570979356765747,0.2933769226074219
1.5710505247116089,0.29340091347694397
1.5710607767105103,0.2934044301509857
1.5712149143218994,0.29345613718032837
1.571233868598938,0.2934626042842865
1.5712523460388184,0.2934686839580536
1.5713332891464233,0.29349592328071594
1.5715137720108032,0.2935565710067749
1.5716420412063599,0.29359960556030273
1.5717347860336304,0.2936306893825531
1.5718052387237549,0.29365435242652893
1.5719126462936401,0.29369035363197327
1.571936845779419,0.29369843006134033
1.5720221996307373,0.29372698068618774
1.5721286535263062,0.293762743473053
1.5722384452819824,0.293799489736557
1.5726429224014282,0.2939348816871643
1.5727200508117676,0.2939606308937073
1.572784185409546,0.2939821183681488
1.572815179824829,0.29399245977401733
1.5730327367782593,0.2940652370452881
1.5732314586639404,0.29413145780563354
1.5734003782272339,0.2941879630088806
1.5735421180725098,0.2942351698875427
1.5736541748046875,0.2942725419998169
1.5738540887832642,0.2943391799926758
1.5739070177078247,0.2943568527698517
1.5744057893753052,0.29452288150787354
1.5746400356292725,0.2946006953716278
1.5747063159942627,0.29462265968322754
1.574713945388794,0.2946252226829529
1.574728012084961,0.29462990164756775
1.5748095512390137,0.29465702176094055
1.5748817920684814,0.29468098282814026
1.5749614238739014,0.2947074770927429
1.5750579833984375,0.2947395145893097
1.5750763416290283,0.2947455644607544
1.5751097202301025,0.29475662112236023
1.575230598449707,0.29479679465293884
1.5752817392349243,0.2948138117790222
1.5753499269485474,0.2948364019393921
1.5754241943359375,0.29486098885536194
1.5758990049362183,0.2950182855129242
1.5763733386993408,0.29517507553100586
1.5764307975769043,0.2951940894126892
1.5764495134353638,0.29520031809806824
1.5767422914505005,0.29529696702957153
1.5768870115280151,0.2953447997570038
1.5771273374557495,0.2954240143299103
1.5772079229354858,0.2954505681991577
1.5772640705108643,0.2954690158367157
1.577674150466919,0.29560405015945435
1.5779778957366943,0.2957039475440979
1.5779955387115479,0.2957097589969635
1.5780882835388184,0.2957402169704437
1.5781482458114624,0.29576000571250916
1.578261137008667,0.2957969903945923
1.57832932472229,0.2958194315433502
1.5784156322479248,0.29584774374961853
1.578640103340149,0.2959214448928833
1.5786808729171753,0.2959348261356354
1.5786840915679932,0.29593586921691895
1.5787315368652344,0.29595136642456055
1.5788886547088623,0.29600292444229126
1.5789390802383423,0.29601946473121643
1.578946828842163,0.296021968126297
1.5791032314300537,0.29607313871383667
1.5793224573135376,0.2961450219154358
1.5795782804489136,0.29622870683670044
1.5795810222625732,0.2962295413017273
1.5797035694122314,0.29626959562301636
1.5801951885223389,0.2964302599430084
1.5802667140960693,0.2964535653591156
1.5802873373031616,0.2964603304862976
1.5803322792053223,0.2964749336242676
1.5804640054702759,0.2965179681777954
1.5809786319732666,0.2966856062412262
1.5809921026229858,0.2966899871826172
1.580999732017517,0.296692430973053
1.5810967683792114,0.2967240810394287
1.5811426639556885,0.2967389225959778
1.5811617374420166,0.2967451214790344
1.581207036972046,0.2967599034309387
1.5812221765518188,0.2967648506164551
1.5813006162643433,0.29679036140441895
1.5813515186309814,0.29680687189102173
1.5814673900604248,0.2968445420265198
1.581613540649414,0.29689204692840576
1.5817196369171143,0.29692646861076355
1.5817409753799438,0.29693347215652466
1.5817643404006958,0.29694104194641113
1.5818727016448975,0.29697614908218384
1.5818880796432495,0.29698118567466736
1.5819114446640015,0.2969887852668762
1.5819196701049805,0.29699140787124634
1.5821213722229004,0.2970568537712097
1.5821634531021118,0.29707053303718567
1.582263469696045,0.2971029281616211
1.58240807056427,0.29714977741241455
1.582486867904663,0.2971752882003784
1.5825212001800537,0.2971864342689514
1.5826603174209595,0.2972314953804016
1.5827696323394775,0.2972669005393982
1.582850694656372,0.2972930669784546
1.58291757106781,0.29731476306915283
1.5830798149108887,0.2973671555519104
1.5832757949829102,0.29743051528930664
1.5835014581680298,0.29750341176986694
1.5836706161499023,0.2975580096244812
1.5837018489837646,0.29756808280944824
1.5837128162384033,0.2975715696811676
1.5838830471038818,0.2976264953613281
1.584062099456787,0.2976841926574707
1.5841865539550781,0.29772430658340454
1.584242582321167,0.2977423667907715
1.5843967199325562,0.297791987657547
1.584614872932434,0.2978622317314148
1.5852569341659546,0.2980685532093048
1.5854833126068115,0.2981410622596741
1.585585594177246,0.2981739044189453
1.5855867862701416,0.2981742322444916
1.5856072902679443,0.29818081855773926
1.5856432914733887,0.2981923520565033
1.5856564044952393,0.29819655418395996
1.5858182907104492,0.2982484698295593
1.5858421325683594,0.2982560992240906
1.5859136581420898,0.2982789874076843
1.5859620571136475,0.2982945442199707
1.5860072374343872,0.2983090281486511
1.586139440536499,0.2983512580394745
1.5861786603927612,0.2983638644218445
1.5863680839538574,0.29842448234558105
1.586491346359253,0.2984638214111328
1.5868251323699951,0.2985704839229584
1.5871098041534424,0.2986612915992737
1.587202548980713,0.29869088530540466
1.587343692779541,0.29873591661453247
1.5876144170761108,0.29882222414016724
1.5878939628601074,0.2989111840724945
1.5881203413009644,0.29898324608802795
1.5885028839111328,0.2991046607494354
1.5885207653045654,0.2991102933883667
1.5886657238006592,0.2991563379764557
1.5888290405273438,0.2992081046104431
1.5889105796813965,0.29923397302627563
1.5889418125152588,0.2992439270019531
1.5891118049621582,0.2992978096008301
1.5891668796539307,0.29931530356407166
1.5892846584320068,0.2993525266647339
1.5894688367843628,0.29941093921661377
1.5895415544509888,0.29943397641181946
1.5895617008209229,0.29944026470184326
1.589575171470642,0.2994445860385895
1.5897536277770996,0.2995009422302246
1.5897835493087769,0.2995103895664215
1.5898723602294922,0.2995384931564331
1.5900676250457764,0.299600213766098
1.590409517288208,0.29970815777778625
1.5908057689666748,0.2998329997062683
1.5910884141921997,0.2999221384525299
1.5911736488342285,0.29994887113571167
1.5912057161331177,0.2999590039253235
1.5912210941314697,0.2999638319015503
1.5918227434158325,0.3001529276371002
1.59200119972229,0.3002088963985443
1.592092514038086,0.30023759603500366
1.5921438932418823,0.3002537786960602
1.5921716690063477,0.3002624213695526
1.5921810865402222,0.30026543140411377
1.5922236442565918,0.3002786636352539
1.5923374891281128,0.30031445622444153
1.5923656225204468,0.3003232479095459
1.5924077033996582,0.3003365099430084
1.5925474166870117,0.3003802001476288
1.5926753282546997,0.3004203140735626
1.5927313566207886,0.300437867641449
1.5927588939666748,0.30044645071029663
1.5927702188491821,0.30045002698898315
1.5927705764770508,0.30045008659362793
1.5929971933364868,0.30052101612091064
1.5930020809173584,0.30052250623703003
1.5931552648544312,0.30057042837142944
1.5931601524353027,0.300572007894516
1.5932683944702148,0.30060577392578125
1.593316912651062,0.300620973110199
1.5936042070388794,0.30071067810058594
1.593679428100586,0.30073410272598267
1.5937557220458984,0.3007579445838928
1.593794822692871,0.3007700741291046
1.5938993692398071,0.3008027970790863
1.5939171314239502,0.30080825090408325
1.5941219329833984,0.3008721172809601
1.5942286252975464,0.30090537667274475
1.5943537950515747,0.30094435811042786
1.5943907499313354,0.3009558618068695
1.5945498943328857,0.3010053336620331
1.5945820808410645,0.30101537704467773
1.5946624279022217,0.3010403513908386
1.5948913097381592,0.3011115789413452
1.5949569940567017,0.3011319637298584
1.5952770709991455,0.301231324672699
1.5955255031585693,0.30130836367607117
1.5955573320388794,0.30131834745407104
1.595936894416809,0.3014359474182129
1.5962440967559814,0.3015309274196625
1.5963339805603027,0.3015587627887726
1.5964558124542236,0.30159640312194824
1.5964577198028564,0.3015969693660736
1.5964808464050293,0.30160412192344666
1.5965825319290161,0.30163559317588806
1.5966283082962036,0.3016497492790222
1.5967364311218262,0.30168306827545166
1.5967471599578857,0.30168643593788147
1.596808671951294,0.3017054498195648
1.5970088243484497,0.3017672598361969
1.5970630645751953,0.3017839193344116
1.5970649719238281,0.3017845153808594
1.5972588062286377,0.3018442988395691
1.59733247756958,0.3018670678138733
1.5975313186645508,0.3019282817840576
1.5975720882415771,0.3019408583641052
1.5975914001464844,0.3019467890262604
1.5977375507354736,0.3019917607307434
1.5977439880371094,0.30199378728866577
1.5978941917419434,0.3020400106906891
1.5980310440063477,0.3020820617675781
1.5983785390853882,0.302188903093338
1.5984793901443481,0.30221980810165405
1.598531723022461,0.302235871553421
1.5988502502441406,0.3023335933685303
1.5990217924118042,0.30238616466522217
1.5993273258209229,0.30247974395751953
1.5993621349334717,0.3024904131889343
1.5994040966033936,0.30250322818756104
1.599522590637207,0.30253952741622925
1.599584698677063,0.3025586009025574
1.5996596813201904,0.30258142948150635
1.5997205972671509,0.3026001453399658
1.5999705791473389,0.3026764690876007
1.6000101566314697,0.3026885688304901
1.6001043319702148,0.30271729826927185
1.6001653671264648,0.30273592472076416
1.6003954410552979,0.30280613899230957
1.6004347801208496,0.3028181791305542
1.600484013557434,0.3028331995010376
1.6006108522415161,0.30287182331085205
1.6006121635437012,0.3028721809387207
1.6007963418960571,0.30292844772338867
1.600816249847412,0.3029344081878662
1.600932002067566,0.30296966433525085
1.6010537147521973,0.30300670862197876
1.6012382507324219,0.3030627965927124
1.6019747257232666,0.3032865524291992
1.60201096534729,0.3032975494861603
1.6026519536972046,0.3034917712211609
1.6027119159698486,0.3035098910331726
1.6028215885162354,0.3035430312156677
1.602853536605835,0.3035527467727661
1.6031768321990967,0.303650438785553
1.6032373905181885,0.303668737411499
1.6032577753067017,0.30367493629455566
1.6032676696777344,0.30367788672447205
1.6033555269241333,0.3037044405937195
1.6034374237060547,0.3037291169166565
1.603481650352478,0.30374249815940857
1.6035820245742798,0.30377283692359924
1.6036381721496582,0.3037897050380707
1.6036392450332642,0.3037900924682617
1.6037755012512207,0.3038311004638672
1.6038347482681274,0.3038490414619446
1.603851079940796,0.3038538694381714
1.60386061668396,0.3038567900657654
1.6038963794708252,0.30386754870414734
1.6041488647460938,0.30394357442855835
1.6042424440383911,0.3039717674255371
1.604250192642212,0.3039741516113281
1.6043682098388672,0.30400967597961426
1.6045095920562744,0.30405211448669434
1.604568600654602,0.3040699064731598
1.6046727895736694,0.30410122871398926
1.604750633239746,0.3041246831417084
1.6047656536102295,0.30412909388542175
1.6048600673675537,0.30415746569633484
1.6050353050231934,0.3042101263999939
1.6051288843154907,0.3042382001876831
1.6052004098892212,0.3042597472667694
1.605422019958496,0.3043260872364044
1.605604887008667,0.3043808937072754
1.605719804763794,0.30441534519195557
1.6057493686676025,0.30442413687705994
1.6058557033538818,0.3044559955596924
1.6064834594726562,0.3046436607837677
1.6067254543304443,0.30471593141555786
1.6068187952041626,0.30474385619163513
1.6068317890167236,0.30474764108657837
1.6069461107254028,0.30478179454803467
1.6071927547454834,0.3048553466796875
1.6073226928710938,0.30489403009414673
1.6073241233825684,0.30489441752433777
1.6073365211486816,0.30489814281463623
1.6074949502944946,0.30494534969329834
1.6075210571289062,0.30495303869247437
1.6075778007507324,0.3049699366092682
1.6076452732086182,0.3049900233745575
1.6076500415802002,0.3049914538860321
1.60783851146698,0.30504754185676575
1.6078425645828247,0.30504873394966125
1.6079672574996948,0.30508583784103394
1.608008861541748,0.30509811639785767
1.608318567276001,0.3051900565624237
1.6086390018463135,0.30528509616851807
1.6088597774505615,0.30535054206848145
1.608893871307373,0.3053606450557709
1.6091556549072266,0.3054381012916565
1.6092655658721924,0.30547067523002625
1.6093379259109497,0.305492103099823
1.609350323677063,0.3054957389831543
1.609915018081665,0.30566245317459106
1.6101994514465332,0.3057463765144348
1.6104888916015625,0.3058317303657532
1.6105785369873047,0.3058581054210663
1.6107301712036133,0.30590277910232544
1.610839605331421,0.30593496561050415
1.610860824584961,0.305941104888916
1.6109172105789185,0.3059578537940979
1.6110596656799316,0.30599966645240784
1.6112329959869385,0.3060506284236908
1.6113210916519165,0.3060764968395233
1.6114095449447632,0.3061025142669678
1.611464500427246,0.30611854791641235
1.6116385459899902,0.30616962909698486
1.611688494682312,0.3061843514442444
1.6116957664489746,0.3061864376068115
1.6117794513702393,0.30621105432510376
1.6117806434631348,0.30621132254600525
1.6120636463165283,0.3062942624092102
1.6120684146881104,0.3062956929206848
1.6122623682022095,0.30635252594947815
1.6123653650283813,0.3063826560974121
1.612844467163086,0.3065226674079895
1.61285400390625,0.30652540922164917
1.6134804487228394,0.30670827627182007
1.6135865449905396,0.3067392110824585
1.6137001514434814,0.30677226185798645
1.6137213706970215,0.3067784309387207
1.6141258478164673,0.3068962097167969
1.6141750812530518,0.3069104850292206
1.6142332553863525,0.3069273829460144
1.6142669916152954,0.30693718791007996
1.6143420934677124,0.3069590628147125
1.6144230365753174,0.30698245763778687
1.6144407987594604,0.3069877028465271
1.6144423484802246,0.3069881498813629
1.6145102977752686,0.3070078492164612
1.6145199537277222,0.3070107102394104
1.6145955324172974,0.30703261494636536
1.6146780252456665,0.30705663561820984
1.6147572994232178,0.307079553604126
1.6148052215576172,0.30709344148635864
1.6149952411651611,0.3071485757827759
1.615186333656311,0.3072039484977722
1.6152108907699585,0.30721110105514526
1.6153433322906494,0.3072494566440582
1.615387201309204,0.3072620928287506
1.615508794784546,0.30729731917381287
1.6155438423156738,0.3073074221611023
1.615554690361023,0.30731064081192017
1.6155705451965332,0.3073152005672455
1.6155812740325928,0.3073183000087738
1.6158013343811035,0.3073819577693939
1.615802526473999,0.3073822259902954
1.6158491373062134,0.3073958158493042
1.6160417795181274,0.307451456785202
1.616163730621338,0.3074865937232971
1.6162433624267578,0.3075096011161804
1.6162869930267334,0.307522177696228
1.6165311336517334,0.307592511177063
1.6165485382080078,0.30759763717651367
1.6166532039642334,0.30762779712677
1.616910696029663,0.3077019155025482
1.6169805526733398,0.3077221214771271
1.617096185684204,0.3077552914619446
1.6173652410507202,0.307832807302475
1.6173958778381348,0.30784153938293457
1.617478847503662,0.3078654110431671
1.617525577545166,0.3078787922859192
1.6175471544265747,0.3078850507736206
1.6176483631134033,0.3079140782356262
1.6178240776062012,0.3079645335674286
1.6180617809295654,0.30803269147872925
1.618105411529541,0.30804532766342163
1.6181747913360596,0.30806511640548706
1.6181812286376953,0.3080669641494751
1.6182308197021484,0.30808117985725403
1.6183363199234009,0.3081115186214447
1.6183964014053345,0.3081287145614624
1.6184070110321045,0.3081316351890564
1.6184873580932617,0.3081547021865845
1.6185708045959473,0.30817854404449463
1.6186801195144653,0.3082098960876465
1.6189732551574707,0.3082937002182007
1.6192735433578491,0.30837956070899963
1.619328498840332,0.3083952069282532
1.6194080114364624,0.3084179162979126
1.6195322275161743,0.3084533214569092
1.619621753692627,0.30847886204719543
1.61968994140625,0.308498352766037
1.6201902627944946,0.30864083766937256
1.6205213069915771,0.3087349534034729
1.6206045150756836,0.3087586462497711
1.6206973791122437,0.3087850511074066
1.620801329612732,0.30881452560424805
1.6208025217056274,0.3088149130344391
1.621032953262329,0.3088802695274353
1.6213173866271973,0.3089609146118164
1.6217195987701416,0.30907484889030457
1.621720314025879,0.3090750277042389
1.6219685077667236,0.30914533138275146
1.6220762729644775,0.3091757297515869
1.6221015453338623,0.30918291211128235
1.6222003698349,0.3092108964920044
1.6223111152648926,0.3092421293258667
1.622353434562683,0.30925413966178894
1.6224116086959839,0.3092705011367798
1.6227667331695557,0.30937063694000244
1.6229021549224854,0.30940884351730347
1.6230993270874023,0.30946439504623413
1.6232527494430542,0.30950766801834106
1.6232960224151611,0.30951979756355286
1.6235401630401611,0.3095884323120117
1.6236751079559326,0.30962640047073364
1.6237261295318604,0.3096407651901245
1.6237682104110718,0.3096526563167572
1.6238521337509155,0.30967622995376587
1.6238974332809448,0.30968889594078064
1.6243091821670532,0.30980443954467773
1.624511957168579,0.3098612427711487
1.6245415210723877,0.30986955761909485
1.62526273727417,0.31007131934165955
1.6252719163894653,0.31007394194602966
1.6253098249435425,0.31008458137512207
1.6253752708435059,0.31010276079177856
1.6253983974456787,0.31010928750038147
1.625414252281189,0.3101137578487396
1.6254241466522217,0.31011638045310974
1.6255286931991577,0.31014564633369446
1.6256084442138672,0.31016790866851807
1.625679850578308,0.31018781661987305
1.6257179975509644,0.31019848585128784
1.6257307529449463,0.310202032327652
1.6260071992874146,0.3102791905403137
1.6261091232299805,0.31030747294425964
1.6261507272720337,0.31031912565231323
1.6261533498764038,0.3103198707103729
1.62618088722229,0.3103275001049042
1.6264104843139648,0.310391366481781
1.6264798641204834,0.310410737991333
1.626564621925354,0.31043437123298645
1.6266553401947021,0.3104594945907593
1.626688003540039,0.3104685842990875
1.6267286539077759,0.31047993898391724
1.6268641948699951,0.3105176091194153
1.626879096031189,0.31052178144454956
1.6271322965621948,0.31059205532073975
1.627145528793335,0.31059572100639343
1.6273787021636963,0.31066030263900757
1.6274189949035645,0.31067150831222534
1.627443552017212,0.3106784522533417
1.6275006532669067,0.31069424748420715
1.6275625228881836,0.3107112944126129
1.627626895904541,0.31072914600372314
1.6282973289489746,0.3109147250652313
1.628304123878479,0.31091660261154175
1.6289424896240234,0.3110927939414978
1.6289666891098022,0.3110995292663574
1.6290335655212402,0.311117947101593
1.6290335655212402,0.311117947101593
1.6291396617889404,0.31114718317985535
1.6291730403900146,0.31115639209747314
1.6292355060577393,0.31117355823516846
1.6292896270751953,0.31118839979171753
1.6293208599090576,0.31119704246520996
1.6293458938598633,0.3112039566040039
1.6295146942138672,0.31125038862228394
1.6295233964920044,0.3112528324127197
1.6297725439071655,0.3113213777542114
1.6298272609710693,0.31133636832237244
1.6299593448638916,0.31137263774871826
1.630364179611206,0.31148380041122437
1.6304185390472412,0.3114987015724182
1.630523681640625,0.3115275502204895
1.6305471658706665,0.31153401732444763
1.6308766603469849,0.3116242587566376
1.6310368776321411,0.31166815757751465
1.6310899257659912,0.3116826117038727
1.6313220262527466,0.31174612045288086
1.6313645839691162,0.3117576837539673
1.6316490173339844,0.311835378408432
1.6316806077957153,0.3118440806865692
1.6318635940551758,0.31189393997192383
1.631910800933838,0.3119068443775177
1.6321371793746948,0.3119686245918274
1.6321461200714111,0.31197091937065125
1.632214903831482,0.31198978424072266
1.6323320865631104,0.3120216727256775
1.6325886249542236,0.3120914399623871
1.6326146125793457,0.31209853291511536
1.6328940391540527,0.312174528837204
1.6329269409179688,0.3121834695339203
1.6330724954605103,0.31222304701805115
1.6331524848937988,0.3122447431087494
1.6331901550292969,0.31225496530532837
1.6333178281784058,0.31228965520858765
1.6334404945373535,0.3123229146003723
1.633739709854126,0.31240400671958923
1.6337766647338867,0.3124139904975891
1.634162187576294,0.3125183582305908
1.634200096130371,0.3125285804271698
1.6344890594482422,0.31260669231414795
1.6345043182373047,0.3126108646392822
1.6345911026000977,0.31263431906700134
1.6346094608306885,0.3126392662525177
1.6347944736480713,0.3126892149448395
1.6351393461227417,0.3127821981906891
1.6351395845413208,0.31278228759765625
1.635323405265808,0.312831848859787
1.6353788375854492,0.31284672021865845
1.635418176651001,0.31285732984542847
1.635524868965149,0.3128860592842102
1.6355823278427124,0.3129015862941742
1.6357579231262207,0.3129487633705139
1.636027455329895,0.3130212128162384
1.636068344116211,0.3130321502685547
1.6361905336380005,0.3130649924278259
1.6362338066101074,0.31307655572891235
1.6362537145614624,0.3130819797515869
1.6362676620483398,0.3130856454372406
1.636323094367981,0.3131006062030792
1.6363847255706787,0.31311702728271484
1.6363874673843384,0.3131178617477417
1.6364279985427856,0.3131287097930908
1.6366604566574097,0.31319108605384827
1.6366746425628662,0.31319475173950195
1.6367361545562744,0.31321126222610474
1.6367576122283936,0.31321704387664795
1.6370112895965576,0.3132850229740143
1.637024164199829,0.3132884204387665
1.6370794773101807,0.31330329179763794
1.6371368169784546,0.3133186399936676
1.6371934413909912,0.3133337199687958
1.6372389793395996,0.31334590911865234
1.6375714540481567,0.31343480944633484
1.637600302696228,0.31344249844551086
1.6376410722732544,0.31345340609550476
1.6377125978469849,0.3134724795818329
1.6378018856048584,0.31349629163742065
1.6379292011260986,0.31353020668029785
1.6379563808441162,0.31353744864463806
1.6379978656768799,0.31354856491088867
1.6382124423980713,0.31360575556755066
1.6383450031280518,0.3136410415172577
1.6385631561279297,0.3136991560459137
1.6390602588653564,0.31383129954338074
1.639135718345642,0.31385141611099243
1.6391905546188354,0.31386592984199524
1.6394641399383545,0.31393852829933167
1.6394798755645752,0.31394267082214355
1.6398367881774902,0.3140372931957245
1.6398497819900513,0.31404075026512146
1.6398801803588867,0.31404876708984375
1.6399025917053223,0.3140547275543213
1.6400642395019531,0.31409749388694763
1.6400651931762695,0.31409770250320435
1.6401515007019043,0.3141205310821533
1.6401759386062622,0.3141270577907562
1.6403740644454956,0.3141794502735138
1.6404790878295898,0.3142071068286896
1.6405508518218994,0.3142261803150177
1.6405537128448486,0.3142269253730774
1.6409692764282227,0.31433653831481934
1.6411571502685547,0.3143860697746277
1.6412904262542725,0.3144211769104004
1.6412978172302246,0.3144230842590332
1.6413612365722656,0.3144398033618927
1.6414270401000977,0.31445714831352234
1.6415586471557617,0.31449180841445923
1.6417876482009888,0.31455206871032715
1.6418782472610474,0.3145759403705597
1.6425527334213257,0.3147529661655426
1.6426928043365479,0.31478965282440186
1.64297354221344,0.3148632049560547
1.6429762840270996,0.3148638606071472
1.6431844234466553,0.31491824984550476
1.6434693336486816,0.314992755651474
1.6435234546661377,0.3150068521499634
1.6437028646469116,0.3150537610054016
1.6437058448791504,0.3150545358657837
1.6437386274337769,0.31506314873695374
1.6437857151031494,0.3150753676891327
1.6438379287719727,0.31508901715278625
1.6438831090927124,0.31510084867477417
1.6439374685287476,0.3151150345802307
1.6439611911773682,0.3151211440563202
1.6439898014068604,0.3151285946369171
1.6441326141357422,0.3151658773422241
1.6443039178848267,0.3152105510234833
1.644582986831665,0.3152831196784973
1.6447467803955078,0.31532567739486694
1.6448123455047607,0.3153427541255951
1.645254373550415,0.3154575824737549
1.6453328132629395,0.3154778480529785
1.6454496383666992,0.3155081570148468
1.645535945892334,0.31553056836128235
1.6459730863571167,0.315643846988678
1.6462123394012451,0.31570565700531006
1.6463119983673096,0.31573137640953064
1.646478533744812,0.31577450037002563
1.6468162536621094,0.31586161255836487
1.6470236778259277,0.3159151077270508
1.6470848321914673,0.31593093276023865
1.6470861434936523,0.3159312307834625
1.6471407413482666,0.3159452974796295
1.647214412689209,0.3159642815589905
1.64724862575531,0.31597307324409485
1.647249460220337,0.3159732520580292
1.6472564935684204,0.3159750998020172
1.647327184677124,0.3159932792186737
1.6474329233169556,0.31602057814598083
1.6475865840911865,0.31606000661849976
1.6476390361785889,0.31607353687286377
1.6477657556533813,0.3161061406135559
1.6478185653686523,0.3161197006702423
1.6478748321533203,0.31613418459892273
1.6479918956756592,0.31616416573524475
1.6479990482330322,0.3161660134792328
1.6480677127838135,0.3161836266517639
1.6481467485427856,0.3162040114402771
1.6482497453689575,0.3162304162979126
1.6483826637268066,0.3162645101547241
1.6485425233840942,0.3163054287433624
1.6485432386398315,0.31630563735961914
1.6486631631851196,0.31633639335632324
1.6487313508987427,0.31635385751724243
1.6488444805145264,0.3163827359676361
1.6488862037658691,0.31639349460601807
1.649049997329712,0.3164353370666504
1.6490795612335205,0.31644293665885925
1.6491131782531738,0.3164515197277069
1.649167537689209,0.3164653778076172
1.649238109588623,0.31648343801498413
1.649677038192749,0.31659552454948425
1.6500768661499023,0.31669747829437256
1.6504631042480469,0.31679582595825195
1.6504729986190796,0.3167983293533325
1.6506240367889404,0.3168366849422455
1.650721549987793,0.31686148047447205
1.6507456302642822,0.3168676197528839
1.6507631540298462,0.31687211990356445
1.6507833003997803,0.31687718629837036
1.6508944034576416,0.3169053792953491
1.6509807109832764,0.31692731380462646
1.6510090827941895,0.3169344663619995
1.6510552167892456,0.31694620847702026
1.651146411895752,0.3169693946838379
1.6511874198913574,0.3169797658920288
1.6512328386306763,0.31699138879776
1.651247501373291,0.3169950246810913
1.6514651775360107,0.3170502185821533
1.6516157388687134,0.3170883059501648
1.6517295837402344,0.3171171545982361
1.6520049571990967,0.31718680262565613
1.6521151065826416,0.3172146677970886
1.652169942855835,0.3172285258769989
1.6522045135498047,0.3172372877597809
1.6523116827011108,0.3172644078731537
1.6525192260742188,0.31731677055358887
1.6527129411697388,0.3173656761646271
1.6527155637741089,0.31736624240875244
1.652723789215088,0.3173683285713196
1.652945637702942,0.31742429733276367
1.6529955863952637,0.3174368143081665
1.653417706489563,0.317543089389801
1.6535212993621826,0.31756913661956787
1.6538100242614746,0.31764161586761475
1.6538267135620117,0.3176458179950714
1.6540477275848389,0.3177013397216797
1.6543636322021484,0.3177805542945862
1.6544249057769775,0.31779584288597107
1.6544474363327026,0.3178015351295471
1.6544489860534668,0.31780195236206055
1.654534935951233,0.31782346963882446
1.6546086072921753,0.31784191727638245
1.6546547412872314,0.3178534209728241
1.6547960042953491,0.31788885593414307
1.6548023223876953,0.31789031624794006
1.6548233032226562,0.3178956210613251
1.6551690101623535,0.317982017993927
1.6552342176437378,0.31799834966659546
1.6553138494491577,0.31801822781562805
1.655322790145874,0.31802037358283997
1.6554336547851562,0.31804800033569336
1.6556044816970825,0.3180907368659973
1.6558752059936523,0.3181581497192383
1.6560204029083252,0.31819432973861694
1.6560680866241455,0.31820616126060486
1.6561615467071533,0.31822943687438965
1.6563019752502441,0.3182643949985504
1.6563775539398193,0.3182831406593323
1.6566005945205688,0.3183386027812958
1.6568106412887573,0.318390816450119
1.6570429801940918,0.31844836473464966
1.6577848196029663,0.3186321258544922
1.657802939414978,0.31863656640052795
1.6579327583312988,0.3186686635017395
1.6579936742782593,0.3186837136745453
1.6581372022628784,0.31871914863586426
1.6581568717956543,0.31872397661209106
1.65819251537323,0.3187327980995178
1.658210277557373,0.31873708963394165
1.6582534313201904,0.3187478184700012
1.6584147214889526,0.318787544965744
1.658499002456665,0.318808376789093
1.6586251258850098,0.318839430809021
1.6586344242095947,0.31884175539016724
1.658675193786621,0.3188517689704895
1.658733606338501,0.31886613368988037
1.6587421894073486,0.3188683092594147
1.6587706804275513,0.31887537240982056
1.658893346786499,0.3189055323600769
1.658897876739502,0.31890663504600525
1.6591824293136597,0.3189767003059387
1.6592793464660645,0.3190004527568817
1.6593724489212036,0.31902340054512024
1.659435749053955,0.31903886795043945
1.6596858501434326,0.3191003203392029
1.6597216129302979,0.31910908222198486
1.6597553491592407,0.31911736726760864
1.659893274307251,0.3191511631011963
1.659942626953125,0.3191632628440857
1.66005277633667,0.31919026374816895
1.6601245403289795,0.3192077875137329
1.6602363586425781,0.31923526525497437
1.660630702972412,0.31933170557022095
1.6607613563537598,0.31936365365982056
1.6607906818389893,0.3193707764148712
1.6608250141143799,0.3193792402744293
1.6609561443328857,0.3194112479686737
1.6615588665008545,0.3195582628250122
1.6616711616516113,0.31958556175231934
1.661677598953247,0.3195871114730835
1.6617281436920166,0.3195993900299072
1.6617379188537598,0.31960174441337585
1.661775827407837,0.3196110725402832
1.6618092060089111,0.31961914896965027
1.661834478378296,0.3196253180503845
1.661927342414856,0.31964802742004395
1.661973476409912,0.31965911388397217
1.6621018648147583,0.31969037652015686
1.6623790264129639,0.3197576403617859
1.6624751091003418,0.31978100538253784
1.6628737449645996,0.31987765431404114
1.662947654724121,0.31989556550979614
1.6630349159240723,0.3199167549610138
1.663055181503296,0.319921612739563
1.6630678176879883,0.3199246823787689
1.6635490655899048,0.32004112005233765
1.663642406463623,0.32006365060806274
1.6636568307876587,0.32006722688674927
1.6641266345977783,0.3201805055141449
1.6641713380813599,0.3201913833618164
1.6642762422561646,0.3202166259288788
1.6643500328063965,0.32023435831069946
1.6645526885986328,0.3202832043170929
1.6646192073822021,0.3202991485595703
1.6646475791931152,0.3203060030937195
1.6646831035614014,0.3203144967556
1.6649452447891235,0.3203776180744171
1.6652724742889404,0.3204561471939087
1.6653928756713867,0.32048505544662476
1.6655354499816895,0.32051926851272583
1.6656328439712524,0.3205426037311554
1.665648341178894,0.32054632902145386
1.665653944015503,0.3205476403236389
1.6657884120941162,0.3205798864364624
1.6662360429763794,0.32068702578544617
1.666292428970337,0.32070043683052063
1.6663495302200317,0.32071417570114136
1.666602373123169,0.32077449560165405
1.6668870449066162,0.320842444896698
1.6669673919677734,0.3208616077899933
1.6669917106628418,0.3208674192428589
1.667123794555664,0.3208988904953003
1.6671485900878906,0.32090479135513306
1.6672608852386475,0.3209315240383148
1.6673877239227295,0.32096171379089355
1.667534351348877,0.32099658250808716
1.6676539182662964,0.3210250735282898
1.6677874326705933,0.3210568428039551
1.6678721904754639,0.321076899766922
1.668774127960205,0.3212907612323761
1.6689192056655884,0.3213250935077667
1.6689207553863525,0.3213254511356354
1.6690315008163452,0.32135170698165894
1.6690584421157837,0.3213580548763275
1.6690624952316284,0.32135897874832153
1.6690829992294312,0.3213638365268707
1.6691527366638184,0.32138025760650635
1.6691569089889526,0.3213813602924347
1.669165849685669,0.32138335704803467
1.6692498922348022,0.32140326499938965
1.6692661046981812,0.32140710949897766
1.6693754196166992,0.321432888507843
1.6694004535675049,0.3214387893676758
1.669602632522583,0.3214864730834961
1.6696350574493408,0.32149413228034973
1.669731616973877,0.32151690125465393
1.6697524785995483,0.3215218782424927
1.6697865724563599,0.32152992486953735
1.669922113418579,0.3215617835521698
1.6701462268829346,0.3216145634651184
1.6702009439468384,0.32162752747535706
1.6702452898025513,0.321637898683548
1.6702842712402344,0.3216470777988434
1.6703102588653564,0.3216531276702881
1.670322060585022,0.3216559886932373
1.6703263521194458,0.3216570019721985
1.6705231666564941,0.3217032551765442
1.6707439422607422,0.3217551112174988
1.670878529548645,0.32178670167922974
1.670957326889038,0.32180511951446533
1.6709721088409424,0.3218086361885071
1.671003818511963,0.32181602716445923
1.6710278987884521,0.3218217194080353
1.6714284420013428,0.32191556692123413
1.671800971031189,0.3220027983188629
1.6718177795410156,0.3220066428184509
1.671828269958496,0.3220090866088867
1.6719543933868408,0.32203859090805054
1.6721216440200806,0.3220776319503784
1.6722056865692139,0.3220972716808319
1.6723923683166504,0.32214081287384033
1.6725656986236572,0.32218122482299805
1.672586441040039,0.32218605279922485
1.6726150512695312,0.3221926987171173
1.672637939453125,0.3221980631351471
1.6727114915847778,0.32221519947052
1.6727923154830933,0.3222340941429138
1.6727932691574097,0.32223424315452576
1.6728222370147705,0.322240948677063
1.6729549169540405,0.3222719132900238
1.672959566116333,0.32227298617362976
1.6729825735092163,0.32227832078933716
1.6731644868850708,0.3223206698894501
1.673173427581787,0.3223225772380829
1.6735107898712158,0.3224010765552521
1.6735424995422363,0.32240837812423706
1.6738934516906738,0.32248979806900024
1.6739139556884766,0.3224945664405823
1.673980474472046,0.3225099742412567
1.673987627029419,0.32251161336898804
1.6741600036621094,0.32255154848098755
1.6743797063827515,0.3226024806499481
1.6745991706848145,0.3226531147956848
1.6747992038726807,0.3226993680000305
1.6751285791397095,0.3227754831314087
1.675174355506897,0.32278603315353394
1.675180196762085,0.3227872848510742
1.675315499305725,0.3228185772895813
1.6754511594772339,0.32284975051879883
1.6754908561706543,0.32285892963409424
1.6754980087280273,0.3228604793548584
1.6761980056762695,0.32302144169807434
1.6762776374816895,0.323039710521698
1.6763572692871094,0.32305797934532166
1.6764297485351562,0.3230746388435364
1.676483154296875,0.3230869174003601
1.6764949560165405,0.32308968901634216
1.67660653591156,0.3231152296066284
1.6767983436584473,0.3231591582298279
1.6768085956573486,0.3231614828109741
1.677161455154419,0.3232422173023224
1.6774123907089233,0.3232996463775635
1.6778254508972168,0.32339388132095337
1.677851915359497,0.3233999013900757
1.677951693534851,0.32342272996902466
1.6779899597167969,0.32343146204948425
1.6780052185058594,0.32343488931655884
1.6780905723571777,0.3234543800354004
1.6784287691116333,0.3235314190387726
1.678468942642212,0.32354050874710083
1.6785045862197876,0.32354867458343506
1.6787006855010986,0.3235931396484375
1.6787264347076416,0.3235989809036255
1.6790879964828491,0.32368114590644836
1.6795787811279297,0.32379230856895447
1.6796114444732666,0.3237996995449066
1.6798630952835083,0.3238567113876343
1.6799403429031372,0.3238741159439087
1.6799954175949097,0.32388660311698914
1.6800673007965088,0.32390278577804565
1.6800787448883057,0.3239053785800934
1.6801011562347412,0.3239104747772217
1.6801429986953735,0.3239199221134186
1.6802936792373657,0.3239539861679077
1.680298924446106,0.32395514845848083
1.6803178787231445,0.32395946979522705
1.680483341217041,0.32399678230285645
1.6805691719055176,0.32401612401008606
1.6806707382202148,0.3240390419960022
1.6806728839874268,0.324039489030838
1.6806994676589966,0.3240455389022827
1.680713176727295,0.3240485191345215
1.6810296773910522,0.3241199254989624
1.6812013387680054,0.32415851950645447
1.6812660694122314,0.3241730034351349
1.6813035011291504,0.324181467294693
1.6813374757766724,0.3241891860961914
1.68135666847229,0.32419341802597046
1.6816027164459229,0.32424867153167725
1.6818759441375732,0.32430997490882874
1.681890606880188,0.32431328296661377
1.6819376945495605,0.324323832988739
1.6819770336151123,0.3243326246738434
1.6820353269577026,0.32434573769569397
1.6822502613067627,0.3243938386440277
1.6823015213012695,0.324405312538147
1.6825754642486572,0.32446661591529846
1.6826932430267334,0.324492871761322
1.682847261428833,0.3245273232460022
1.683223009109497,0.32461124658584595
1.6834089756011963,0.32465267181396484
1.6834681034088135,0.3246658742427826
1.6835119724273682,0.32467561960220337
1.683579444885254,0.32469063997268677
1.6835848093032837,0.32469186186790466
1.6836508512496948,0.3247066140174866
1.6837377548217773,0.3247258961200714
1.683876872062683,0.3247568607330322
1.6838785409927368,0.32475727796554565
1.6839148998260498,0.32476526498794556
1.683969497680664,0.32477739453315735
1.6844797134399414,0.32489073276519775
1.6845736503601074,0.32491153478622437
1.6847457885742188,0.3249496817588806
1.6847829818725586,0.324957937002182
1.6850719451904297,0.3250219225883484
1.6852089166641235,0.32505226135253906
1.6852272748947144,0.3250563144683838
1.6852831840515137,0.3250686526298523
1.685564637184143,0.3251308798789978
1.685975193977356,0.325221449136734
1.6859912872314453,0.32522496581077576
1.686004400253296,0.32522788643836975
1.68601393699646,0.3252299427986145
1.6862342357635498,0.32527846097946167
1.6863415241241455,0.3253020644187927
1.6863980293273926,0.3253145217895508
1.6864293813705444,0.3253214359283447
1.6866652965545654,0.3253732919692993
1.6868369579315186,0.32541102170944214
1.686934471130371,0.3254324197769165
1.6871418952941895,0.3254779279232025
1.6873116493225098,0.32551512122154236
1.6873363256454468,0.3255205750465393
1.6873385906219482,0.3255210518836975
1.6873433589935303,0.3255220949649811
1.6874942779541016,0.3255552053451538
1.6878340244293213,0.3256295323371887
1.6879527568817139,0.3256554901599884
1.688042163848877,0.3256750702857971
1.6885045766830444,0.32577601075172424
1.688508152961731,0.3257767856121063
1.6886630058288574,0.3258104920387268
1.6888272762298584,0.3258463144302368
1.6892023086547852,0.32592788338661194
1.6892473697662354,0.3259377181529999
1.6893362998962402,0.3259570300579071
1.6893633604049683,0.3259629011154175
1.6893765926361084,0.3259657621383667
1.689453363418579,0.3259824216365814
1.6895294189453125,0.3259989619255066
1.6896445751190186,0.3260239362716675
1.6899462938308716,0.32608944177627563
1.6903547048568726,0.3261779248714447
1.6904449462890625,0.3261973261833191
1.6906691789627075,0.32624587416648865
1.6907131671905518,0.3262553811073303
1.6907395124435425,0.326261043548584
1.6907597780227661,0.326265424489975
1.690827488899231,0.3262800872325897
1.6908658742904663,0.32628828287124634
1.6908968687057495,0.32629501819610596
1.69096040725708,0.3263086676597595
1.6909911632537842,0.32631534337997437
1.6911529302597046,0.32635027170181274
1.6911799907684326,0.32635602355003357
1.6912440061569214,0.32636988162994385
1.6913776397705078,0.32639870047569275
1.6914124488830566,0.3264061510562897
1.6915068626403809,0.3264264762401581
1.6915521621704102,0.32643628120422363
1.6915844678878784,0.3264431953430176
1.6916486024856567,0.32645702362060547
1.6916556358337402,0.32645857334136963
1.6917335987091064,0.32647526264190674
1.6918598413467407,0.3265025019645691
1.6919100284576416,0.32651323080062866
1.6920734643936157,0.32654833793640137
1.692102313041687,0.326554536819458
1.6921873092651367,0.3265727460384369
1.692226767539978,0.32658129930496216
1.6924606561660767,0.32663145661354065
1.6924717426300049,0.3266337811946869
1.6927409172058105,0.32669147849082947
1.6929588317871094,0.3267380893230438
1.6932274103164673,0.3267955780029297
1.6933573484420776,0.32682329416275024
1.693432331085205,0.3268393278121948
1.6935420036315918,0.32686275243759155
1.693551778793335,0.3268647789955139
1.6935535669326782,0.3268652558326721
1.693852186203003,0.32692891359329224
1.6940522193908691,0.32697153091430664
1.6940805912017822,0.32697752118110657
1.6942596435546875,0.3270156681537628
1.6943018436431885,0.3270246088504791
1.694455862045288,0.3270573616027832
1.6945031881332397,0.32706743478775024
1.6945655345916748,0.3270806074142456
1.694785714149475,0.32712745666503906
1.6949002742767334,0.32715174555778503
1.6949081420898438,0.32715338468551636
1.695005178451538,0.32717397809028625
1.6950181722640991,0.3271767795085907
1.6952567100524902,0.3272272050380707
1.6954379081726074,0.3272656798362732
1.6955924034118652,0.3272983729839325
1.6956636905670166,0.3273134231567383
1.6956658363342285,0.32731392979621887
1.6957533359527588,0.32733237743377686
1.6960374116897583,0.32739245891571045
1.6961281299591064,0.3274115324020386
1.6964399814605713,0.3274773061275482
1.6968165636062622,0.32755666971206665
1.6968514919281006,0.32756394147872925
1.6971288919448853,0.32762235403060913
1.6972002983093262,0.32763728499412537
1.6975136995315552,0.327703058719635
1.6975350379943848,0.3277074694633484
1.697861671447754,0.3277759253978729
1.698106288909912,0.3278271555900574
1.6981284618377686,0.32783177495002747
1.6981403827667236,0.32783427834510803
1.6981432437896729,0.3278349041938782
1.6981736421585083,0.32784128189086914
1.6982454061508179,0.3278563618659973
1.6982641220092773,0.32786017656326294
1.6983532905578613,0.32787880301475525
1.698896884918213,0.3279922902584076
1.6989364624023438,0.3280005156993866
1.6990666389465332,0.3280276954174042
1.6994842290878296,0.3281146287918091
1.6995062828063965,0.328119158744812
1.6996277570724487,0.3281444311141968
1.6996607780456543,0.32815131545066833
1.6997275352478027,0.32816508412361145
1.7002323865890503,0.32826992869377136
1.700291395187378,0.3282821774482727
1.700359582901001,0.3282962441444397
1.700439453125,0.32831278443336487
1.7006789445877075,0.3283624053001404
1.7007155418395996,0.3283699154853821
1.7007887363433838,0.3283850848674774
1.7010375261306763,0.3284364938735962
1.7012755870819092,0.3284856379032135
1.70143723487854,0.32851892709732056
1.7017900943756104,0.3285916745662689
1.7018097639083862,0.32859572768211365
1.7018135786056519,0.32859647274017334
1.7018468379974365,0.3286033570766449
1.701892614364624,0.328612744808197
1.702059268951416,0.32864707708358765
1.7021564245224,0.3286669850349426
1.7021886110305786,0.32867366075515747
1.7022631168365479,0.3286888897418976
1.7022864818572998,0.3286937177181244
1.7023745775222778,0.3287118673324585
1.7024242877960205,0.3287220001220703
1.702581763267517,0.32875436544418335
1.702682614326477,0.3287750482559204
1.7026935815811157,0.3287773132324219
1.7028257846832275,0.3288043439388275
1.702938437461853,0.32882747054100037
1.7030165195465088,0.3288434147834778
1.703131079673767,0.3288668990135193
1.7031692266464233,0.32887473702430725
1.7032254934310913,0.3288862109184265
1.703352451324463,0.3289121687412262
1.7034716606140137,0.32893648743629456
1.703473687171936,0.32893693447113037
1.703599452972412,0.3289625644683838
1.7036174535751343,0.32896631956100464
1.7039196491241455,0.3290279507637024
1.7040412425994873,0.3290526866912842
1.7044041156768799,0.32912659645080566
1.7047500610351562,0.329196959733963
1.704833984375,0.3292139768600464
1.704880714416504,0.3292234241962433
1.7049498558044434,0.3292374908924103
1.7051184177398682,0.32927170395851135
1.705139398574829,0.3292759656906128
1.7051550149917603,0.3292791247367859
1.7052589654922485,0.3293002247810364
1.7053498029708862,0.329318642616272
1.7054202556610107,0.3293328881263733
1.7055754661560059,0.3293642997741699
1.7057112455368042,0.32939183712005615
1.7058732509613037,0.32942450046539307
1.7059130668640137,0.32943254709243774
1.7060680389404297,0.3294638991355896
1.7061665058135986,0.3294837772846222
1.7064210176467896,0.3295351266860962
1.7064337730407715,0.32953765988349915
1.7065579891204834,0.3295627236366272
1.7067890167236328,0.3296092450618744
1.7068661451339722,0.3296247720718384
1.706993818283081,0.3296504616737366
1.7070894241333008,0.32966968417167664
1.707157850265503,0.32968342304229736
1.707632064819336,0.32977864146232605
1.7076538801193237,0.3297830820083618
1.7076947689056396,0.32979121804237366
1.7078437805175781,0.32982099056243896
1.7079741954803467,0.32984715700149536
1.7080693244934082,0.3298662304878235
1.7081576585769653,0.32988396286964417
1.7083494663238525,0.32992225885391235
1.7085700035095215,0.32996633648872375
1.7086706161499023,0.3299863934516907
1.708970546722412,0.330046147108078
1.7090071439743042,0.33005356788635254
1.709092378616333,0.330070436000824
1.7092080116271973,0.33009350299835205
1.7093427181243896,0.330120325088501
1.7093889713287354,0.3301295042037964
1.7094168663024902,0.3301351070404053
1.7094776630401611,0.3301471471786499
1.709561824798584,0.3301638960838318
1.7098158597946167,0.33021441102027893
1.7098453044891357,0.33022022247314453
1.709989070892334,0.33024877309799194
1.710150957107544,0.3302809000015259
1.7102992534637451,0.33031022548675537
1.7103300094604492,0.33031633496284485
1.7103569507598877,0.330321729183197
1.710491418838501,0.33034834265708923
1.7106074094772339,0.33037135004997253
1.7107653617858887,0.33040255308151245
1.7107845544815063,0.3304063677787781
1.7111130952835083,0.3304712176322937
1.711193323135376,0.33048704266548157
1.7119026184082031,0.33062681555747986
1.7119916677474976,0.3306443691253662
1.712021827697754,0.3306502103805542
1.7120368480682373,0.3306531012058258
1.7121047973632812,0.33066651225090027
1.7126017808914185,0.33076411485671997
1.7126764059066772,0.33077874779701233
1.71272611618042,0.3307884633541107
1.7127339839935303,0.3307899832725525
1.7127741575241089,0.33079788088798523
1.7127859592437744,0.3308001160621643
1.712823510169983,0.33080756664276123
1.7129004001617432,0.33082255721092224
1.7129313945770264,0.33082863688468933
1.7130578756332397,0.3308534622192383
1.7131218910217285,0.33086585998535156
1.713212013244629,0.3308835029602051
1.7132514715194702,0.33089131116867065
1.7132892608642578,0.33089858293533325
1.7134941816329956,0.3309387266635895
1.7135311365127563,0.3309459090232849
1.7137969732284546,0.3309977948665619
1.7138267755508423,0.3310036361217499
1.7138450145721436,0.33100709319114685
1.7139489650726318,0.3310273587703705
1.714002013206482,0.3310377597808838
1.7140953540802002,0.3310559093952179
1.7142467498779297,0.33108535408973694
1.714451789855957,0.33112525939941406
1.714809536933899,0.33119478821754456
1.7148126363754272,0.3311953544616699
1.7148621082305908,0.3312048614025116
1.7152507305145264,0.33128026127815247
1.715372085571289,0.3313037157058716
1.715638518333435,0.33135533332824707
1.7157094478607178,0.33136898279190063
1.7157948017120361,0.3313855230808258
1.715925693511963,0.3314107060432434
1.7159826755523682,0.33142179250717163
1.7159874439239502,0.33142268657684326
1.7161911725997925,0.331462025642395
1.7164063453674316,0.3315035104751587
1.7164407968521118,0.33151012659072876
1.7166111469268799,0.3315429091453552
1.7166551351547241,0.33155137300491333
1.7167391777038574,0.33156755566596985
1.7168948650360107,0.3315974473953247
1.7170422077178955,0.3316257894039154
1.7171602249145508,0.33164843916893005
1.717271089553833,0.33166971802711487
1.7173707485198975,0.33168888092041016
1.7174668312072754,0.33170729875564575
1.7176963090896606,0.3317512571811676
1.7177923917770386,0.3317697048187256
1.7179458141326904,0.3317989408969879
1.7181627750396729,0.331840455532074
1.718201756477356,0.3318479657173157
1.7184873819351196,0.33190250396728516
1.7185454368591309,0.33191347122192383
1.7187244892120361,0.3319476544857025
1.7189233303070068,0.3319855332374573
1.718933343887329,0.3319874405860901
1.7189500331878662,0.3319905996322632
1.7195996046066284,0.3321141004562378
1.719804286956787,0.33215293288230896
1.7198377847671509,0.33215928077697754
1.720102310180664,0.33220940828323364
1.72017240524292,0.33222267031669617
1.7201881408691406,0.33222565054893494
1.7204360961914062,0.33227255940437317
1.720451831817627,0.33227550983428955
1.7206573486328125,0.3323143720626831
1.7207708358764648,0.33233577013015747
1.7209646701812744,0.33237236738204956
1.7210791110992432,0.33239391446113586
1.7211122512817383,0.3324001729488373
1.7212072610855103,0.3324180841445923
1.7212157249450684,0.33241966366767883
1.721320629119873,0.3324394226074219
1.72184419631958,0.33253782987594604
1.7218506336212158,0.3325391411781311
1.721976637840271,0.33256274461746216
1.722007393836975,0.33256855607032776
1.7220308780670166,0.33257290720939636
1.722200870513916,0.3326047956943512
1.7226085662841797,0.33268117904663086
1.722933292388916,0.3327418863773346
1.7229869365692139,0.3327518701553345
1.7232954502105713,0.3328095078468323
1.7235556840896606,0.33285799622535706
1.7235982418060303,0.3328659236431122
1.723643183708191,0.3328742980957031
1.7236721515655518,0.3328796625137329
1.7237602472305298,0.3328961431980133
1.7237963676452637,0.3329027593135834
1.723859190940857,0.3329145014286041
1.7239511013031006,0.3329315781593323
1.7239909172058105,0.3329389691352844
1.7241435050964355,0.3329673409461975
1.7241477966308594,0.33296820521354675
1.7241559028625488,0.33296963572502136
1.7243337631225586,0.3330027461051941
1.7243436574935913,0.33300459384918213
1.7243744134902954,0.3330102562904358
1.7243807315826416,0.3330113887786865
1.7243956327438354,0.3330141603946686
1.7246493101119995,0.33306124806404114
1.7246737480163574,0.3330657482147217
1.7249406576156616,0.33311522006988525
1.7250077724456787,0.33312758803367615
1.7251057624816895,0.33314573764801025
1.7251555919647217,0.33315491676330566
1.7252984046936035,0.33318132162094116
1.7254514694213867,0.3332095742225647
1.7254769802093506,0.33321434259414673
1.7256178855895996,0.3332403004169464
1.7257881164550781,0.33327165246009827
1.7260921001434326,0.33332762122154236
1.7261139154434204,0.33333176374435425
1.7261189222335815,0.33333268761634827
1.726473331451416,0.3333978056907654
1.7265396118164062,0.3334099352359772
1.7267372608184814,0.3334462344646454
1.7268333435058594,0.3334638476371765
1.7268681526184082,0.33347028493881226
1.727028489112854,0.3334996998310089
1.7270698547363281,0.3335071802139282
1.7274162769317627,0.333570659160614
1.7274259328842163,0.3335724472999573
1.727581262588501,0.3336007595062256
1.7276195287704468,0.33360785245895386
1.7276740074157715,0.3336177468299866
1.7278555631637573,0.3336509168148041
1.727903962135315,0.33365970849990845
1.7280882596969604,0.33369332551956177
1.728104591369629,0.33369630575180054
1.728283405303955,0.3337288498878479
1.7283034324645996,0.333732545375824
1.7283923625946045,0.3337486684322357
1.7285300493240356,0.33377382159233093
1.7287424802780151,0.3338124454021454
1.7289628982543945,0.33385246992111206
1.7291313409805298,0.33388304710388184
1.729137897491455,0.33388417959213257
1.72914457321167,0.33388540148735046
1.7291853427886963,0.333892822265625
1.7293180227279663,0.33391690254211426
1.7293775081634521,0.33392763137817383
1.7294042110443115,0.333932489156723
1.7296634912490845,0.33397942781448364
1.7297241687774658,0.3339903950691223
1.729844331741333,0.33401212096214294
1.7301403284072876,0.33406561613082886
1.7303519248962402,0.3341037631034851
1.730377197265625,0.33410823345184326
1.7306045293807983,0.3341493606567383
1.7306418418884277,0.33415597677230835
1.730666995048523,0.33416053652763367
1.731137990951538,0.3342452049255371
1.7311584949493408,0.3342489004135132
1.731544017791748,0.3343181014060974
1.731679081916809,0.3343423008918762
1.7317147254943848,0.3343486189842224
1.7318652868270874,0.33437561988830566
1.7320847511291504,0.33441486954689026
1.7321491241455078,0.3344264030456543
1.7322368621826172,0.3344421088695526
1.732269048690796,0.3344477415084839
1.7323360443115234,0.3344597816467285
1.7326631546020508,0.3345181941986084
1.7326771020889282,0.3345206677913666
1.7328741550445557,0.33455580472946167
1.732916235923767,0.33456331491470337
1.7337620258331299,0.33471357822418213
1.7338829040527344,0.3347349464893341
1.733984112739563,0.3347529470920563
1.7340433597564697,0.33476343750953674
1.734427809715271,0.33483147621154785
1.7344632148742676,0.33483773469924927
1.7345359325408936,0.334850549697876
1.7345514297485352,0.33485326170921326
1.7346549034118652,0.3348715603351593
1.7347701787948608,0.3348919451236725
1.7348374128341675,0.3349037766456604
1.7348716259002686,0.3349097967147827
1.7349220514297485,0.334918737411499
1.7350001335144043,0.33493250608444214
1.7351202964782715,0.3349536061286926
1.7351737022399902,0.33496302366256714
1.7352250814437866,0.3349721133708954
1.7352782487869263,0.3349814713001251
1.7352888584136963,0.33498334884643555
1.7354668378829956,0.335014671087265
1.735495924949646,0.3350197672843933
1.735503911972046,0.33502116799354553
1.7356610298156738,0.33504876494407654
1.735736608505249,0.33506202697753906
1.7359092235565186,0.33509233593940735
1.7360249757766724,0.33511269092559814
1.7360811233520508,0.3351224958896637
1.7361397743225098,0.33513274788856506
1.736297845840454,0.335160493850708
1.7367005348205566,0.33523088693618774
1.7369294166564941,0.33527088165283203
1.7372193336486816,0.33532148599624634
1.737302303314209,0.33533594012260437
1.7373733520507812,0.33534833788871765
1.737392544746399,0.33535170555114746
1.7376632690429688,0.33539873361587524
1.73769211769104,0.33540380001068115
1.737762451171875,0.3354160487651825
1.73786199092865,0.33543333411216736
1.7379133701324463,0.3354422450065613
1.7381837368011475,0.3354892134666443
1.7384519577026367,0.3355356752872467
1.7386056184768677,0.3355623781681061
1.7387661933898926,0.3355901837348938
1.7387980222702026,0.33559560775756836
1.7389352321624756,0.33561936020851135
1.7393275499343872,0.33568716049194336
1.7393362522125244,0.33568862080574036
1.7393373250961304,0.3356887996196747
1.7393676042556763,0.3356940448284149
1.7394402027130127,0.3357064723968506
1.7398004531860352,0.33576858043670654
1.7398451566696167,0.33577629923820496
1.740105152130127,0.3358210027217865
1.7401472330093384,0.3358282744884491
1.7402732372283936,0.3358498811721802
1.7403581142425537,0.335864394903183
1.7403939962387085,0.335870623588562
1.740437626838684,0.33587807416915894
1.7405216693878174,0.3358924686908722
1.740753173828125,0.3359321355819702
1.7414851188659668,0.33605730533599854
1.7414954900741577,0.3360591232776642
1.7415863275527954,0.3360746204853058
1.7419679164886475,0.3361395597457886
1.7420578002929688,0.33615484833717346
1.7421684265136719,0.3361737132072449
1.7422008514404297,0.3361791968345642
1.7426671981811523,0.3362583816051483
1.7426791191101074,0.33626046776771545
1.7429654598236084,0.33630895614624023
1.7429778575897217,0.33631110191345215
1.7430102825164795,0.33631661534309387
1.7430410385131836,0.33632177114486694
1.7430946826934814,0.3363308608531952
1.7431422472000122,0.33633890748023987
1.743241786956787,0.33635571599006653
1.7434611320495605,0.3363928198814392
1.7436749935150146,0.3364288806915283
1.7437248229980469,0.3364373743534088
1.7438417673110962,0.33645716309547424
1.7442173957824707,0.33652037382125854
1.744227409362793,0.33652201294898987
1.7445921897888184,0.33658337593078613
1.7447309494018555,0.3366066813468933
1.744860053062439,0.3366283178329468
1.745072841644287,0.33666402101516724
1.7452188730239868,0.3366885185241699
1.7452927827835083,0.3367008864879608
1.7453217506408691,0.33670568466186523
1.7454235553741455,0.3367227613925934
1.7455072402954102,0.33673667907714844
1.7456843852996826,0.3367663621902466
1.7457166910171509,0.33677178621292114
1.7457438707351685,0.3367762565612793
1.7457659244537354,0.33677998185157776
1.7458058595657349,0.3367866575717926
1.7458467483520508,0.3367933928966522
1.7460142374038696,0.33682143688201904
1.7460838556289673,0.33683305978775024
1.7461063861846924,0.3368367552757263
1.7461751699447632,0.33684825897216797
1.7463372945785522,0.3368752598762512
1.746337652206421,0.3368752598762512
1.7466236352920532,0.33692291378974915
1.7468024492263794,0.33695268630981445
1.7468918561935425,0.336967408657074
1.7469056844711304,0.3369697332382202
1.7469435930252075,0.336976021528244
1.7469770908355713,0.33698153495788574
1.7470250129699707,0.33698949217796326
1.7470812797546387,0.3369988203048706
1.747107982635498,0.337003231048584
1.7471519708633423,0.33701062202453613
1.7476019859313965,0.3370850682258606
1.74776291847229,0.3371116816997528
1.7481441497802734,0.337174654006958
1.7481801509857178,0.33718061447143555
1.748194932937622,0.33718299865722656
1.7482109069824219,0.33718568086624146
1.748384714126587,0.33721429109573364
1.748561143875122,0.33724334836006165
1.7485756874084473,0.33724576234817505
1.7486330270767212,0.33725523948669434
1.748671293258667,0.33726149797439575
1.7486926317214966,0.3372650444507599
1.7487802505493164,0.33727943897247314
1.7488034963607788,0.33728328347206116
1.7488105297088623,0.3372843861579895
1.7492680549621582,0.3373595178127289
1.7495148181915283,0.3373999297618866
1.7496155500411987,0.3374164402484894
1.7497241497039795,0.33743417263031006
1.7497644424438477,0.3374407887458801
1.7498893737792969,0.3374612331390381
1.7501543760299683,0.3375045657157898
1.7502108812332153,0.3375137448310852
1.750300645828247,0.33752840757369995
1.7506322860717773,0.33758240938186646
1.7507401704788208,0.3376000225543976
1.7509757280349731,0.33763837814331055
1.7510476112365723,0.33765000104904175
1.7511107921600342,0.3376602530479431
1.7511539459228516,0.3376672863960266
1.751362681388855,0.3377011716365814
1.7516355514526367,0.33774533867836
1.751678705215454,0.3377523720264435
1.7517112493515015,0.3377577066421509
1.7520290613174438,0.33780911564826965
1.7522618770599365,0.33784666657447815
1.7523242235183716,0.3378567397594452
1.752335786819458,0.33785855770111084
1.752547025680542,0.33789271116256714
1.7531299591064453,0.3379864990711212
1.753204107284546,0.3379983901977539
1.7532930374145508,0.3380126953125
1.7535693645477295,0.3380570411682129
1.7536652088165283,0.33807241916656494
1.7538080215454102,0.3380952477455139
1.75382399559021,0.33809784054756165
1.7538597583770752,0.33810359239578247
1.7541851997375488,0.3381556272506714
1.7542235851287842,0.33816176652908325
1.7545756101608276,0.33821797370910645
1.7545835971832275,0.33821922540664673
1.7547856569290161,0.3382514715194702
1.754981279373169,0.33828258514404297
1.7554259300231934,0.3383532762527466
1.755556583404541,0.3383740484714508
1.7557692527770996,0.3384077250957489
1.7558097839355469,0.3384142220020294
1.756077766418457,0.3384566307067871
1.7561513185501099,0.33846816420555115
1.756174087524414,0.33847180008888245
1.7562885284423828,0.3384898900985718
1.7563538551330566,0.3385002017021179
1.7565888166427612,0.3385373651981354
1.7566325664520264,0.33854421973228455
1.7566747665405273,0.3385508954524994
1.756688117980957,0.3385531008243561
1.7568687200546265,0.33858150243759155
1.7569196224212646,0.33858945965766907
1.7569528818130493,0.3385947644710541
1.7570544481277466,0.33861076831817627
1.7571163177490234,0.33862048387527466
1.757137417793274,0.3386238217353821
1.7571746110916138,0.33862966299057007
1.7571752071380615,0.33862972259521484
1.757335901260376,0.3386549949645996
1.7576887607574463,0.33871036767959595
1.7578105926513672,0.33872950077056885
1.7578157186508179,0.3387303948402405
1.7579039335250854,0.33874422311782837
1.7579894065856934,0.3387575149536133
1.7581108808517456,0.3387765884399414
1.7584469318389893,0.3388291895389557
1.7584953308105469,0.3388366401195526
1.758521556854248,0.3388407528400421
1.7585935592651367,0.33885204792022705
1.7586151361465454,0.3388553857803345
1.7589876651763916,0.33891353011131287
1.759054183959961,0.3389239013195038
1.75944185256958,0.33898410201072693
1.759477138519287,0.33898958563804626
1.7595218420028687,0.33899664878845215
1.759596824645996,0.3390082120895386
1.759840965270996,0.33904609084129333
1.760324478149414,0.33912092447280884
1.760367751121521,0.3391277492046356
1.7605929374694824,0.3391624987125397
1.7606070041656494,0.339164674282074
1.760636568069458,0.3391692042350769
1.7606512308120728,0.33917155861854553
1.7608976364135742,0.33920949697494507
1.7610461711883545,0.3392323851585388
1.7610615491867065,0.3392347991466522
1.761286735534668,0.33926939964294434
1.7617558240890503,0.33934158086776733
1.761804461479187,0.33934900164604187
1.7619738578796387,0.33937495946884155
1.7620482444763184,0.33938634395599365
1.7621115446090698,0.3393961191177368
1.7622082233428955,0.33941084146499634
1.7624616622924805,0.33944961428642273
1.762622594833374,0.33947423100471497
1.7627198696136475,0.33948904275894165
1.7628110647201538,0.33950304985046387
1.7628536224365234,0.339509516954422
1.7629517316818237,0.3395244777202606
1.76315438747406,0.33955538272857666
1.7631945610046387,0.33956143260002136
1.7634894847869873,0.3396063446998596
1.763656497001648,0.33963173627853394
1.7640742063522339,0.3396950960159302
1.7642669677734375,0.3397243022918701
1.7643091678619385,0.3397306501865387
1.764416217803955,0.3397468626499176
1.7646417617797852,0.33978092670440674
1.7646751403808594,0.33978602290153503
1.7647686004638672,0.33980005979537964
1.7650160789489746,0.33983752131462097
1.765153408050537,0.33985811471939087
1.7651842832565308,0.33986276388168335
1.7652990818023682,0.33988016843795776
1.7654526233673096,0.33990317583084106
1.7657500505447388,0.339947909116745
1.7659024000167847,0.33997079730033875
1.765978455543518,0.33998221158981323
1.7661364078521729,0.3400058448314667
1.7662549018859863,0.34002360701560974
1.766263484954834,0.3400248885154724
1.7662749290466309,0.3400265574455261
1.766763687133789,0.34009966254234314
1.7670036554336548,0.34013551473617554
1.7670207023620605,0.3401379883289337
1.767059564590454,0.3401437997817993
1.7671470642089844,0.3401568830013275
1.767195224761963,0.3401640057563782
1.767200231552124,0.34016478061676025
1.767286777496338,0.34017765522003174
1.7674537897109985,0.3402025103569031
1.767505407333374,0.3402101695537567
1.7675254344940186,0.3402131497859955
1.7676002979278564,0.34022432565689087
1.767797589302063,0.34025365114212036
1.7678335905075073,0.34025898575782776
1.767926573753357,0.34027278423309326
1.7679274082183838,0.34027284383773804
1.7679609060287476,0.3402778208255768
1.7680081129074097,0.3402848541736603
1.7680184841156006,0.34028637409210205
1.7680425643920898,0.3402899503707886
1.7680637836456299,0.3402930498123169
1.7681519985198975,0.3403061330318451
1.7682942152023315,0.34032726287841797
1.7684158086776733,0.34034523367881775
1.7685680389404297,0.3403676748275757
1.7686412334442139,0.3403785824775696
1.7689709663391113,0.3404271602630615
1.7689754962921143,0.34042784571647644
1.7691158056259155,0.3404485583305359
1.7693815231323242,0.34048768877983093
1.7694227695465088,0.3404938578605652
1.7697532176971436,0.3405423164367676
1.7699048519134521,0.34056466817855835
1.7700484991073608,0.34058570861816406
1.77012300491333,0.34059658646583557
1.7703361511230469,0.3406277298927307
1.7703503370285034,0.3406298756599426
1.7703704833984375,0.3406327962875366
1.770540714263916,0.3406577408313751
1.7707693576812744,0.34069108963012695
1.7710167169570923,0.3407272398471832
1.7712334394454956,0.3407588005065918
1.7713539600372314,0.34077632427215576
1.7714216709136963,0.3407862186431885
1.7715380191802979,0.3408030867576599
1.7717140913009644,0.34082871675491333
1.7717301845550537,0.34083104133605957
1.771909475326538,0.34085702896118164
1.7719203233718872,0.34085866808891296
1.7722382545471191,0.34090471267700195
1.772296667098999,0.34091314673423767
1.7726346254348755,0.3409619927406311
1.7728862762451172,0.3409983217716217
1.7729570865631104,0.3410085439682007
1.7733595371246338,0.34106653928756714
1.773450493812561,0.3410797417163849
1.7735869884490967,0.34109920263290405
1.7737761735916138,0.3411264717578888
1.773988127708435,0.34115689992904663
1.7740635871887207,0.3411676585674286
1.7741098403930664,0.34117424488067627
1.7741596698760986,0.3411813974380493
1.7743167877197266,0.34120386838912964
1.7744156122207642,0.3412180542945862
1.7744393348693848,0.341221421957016
1.7744625806808472,0.341224730014801
1.7752723693847656,0.3413403034210205
1.7753591537475586,0.34135258197784424
1.7754793167114258,0.34136971831321716
1.7755730152130127,0.34138303995132446
1.7756941318511963,0.34140023589134216
1.7757108211517334,0.3414025604724884
1.776126742362976,0.34146153926849365
1.7761483192443848,0.3414646089076996
1.7763333320617676,0.341490775346756
1.776383399963379,0.34149786829948425
1.7767176628112793,0.34154507517814636
1.7767361402511597,0.3415476977825165
1.777106761932373,0.3415999412536621
1.777349829673767,0.3416341543197632
1.7774953842163086,0.34165459871292114
1.7777332067489624,0.34168797731399536
1.7778502702713013,0.34170448780059814
1.7778620719909668,0.3417060673236847
1.7779994010925293,0.34172528982162476
1.7780203819274902,0.34172824025154114
1.7780325412750244,0.34172990918159485
1.7783123254776,0.34176915884017944
1.7783589363098145,0.3417755961418152
1.7785441875457764,0.34180158376693726
1.7787278890609741,0.3418271541595459
1.7787775993347168,0.34183409810066223
1.7787915468215942,0.3418360948562622
1.7788387537002563,0.3418426513671875
1.7788538932800293,0.34184470772743225
1.7788691520690918,0.34184691309928894
1.7790840864181519,0.3418768644332886
1.7791776657104492,0.34188979864120483
1.779214859008789,0.3418949842453003
1.77944016456604,0.34192636609077454
1.779470443725586,0.3419305086135864
1.7794862985610962,0.3419327437877655
1.7798514366149902,0.3419833481311798
1.7799854278564453,0.34200194478034973
1.7800976037979126,0.3420175015926361
1.780116081237793,0.3420200049877167
1.7802512645721436,0.34203872084617615
1.7802608013153076,0.3420400619506836
1.7805984020233154,0.34208670258522034
1.7806111574172974,0.3420884609222412
1.7807636260986328,0.34210947155952454
1.7808407545089722,0.34212011098861694
1.781026840209961,0.34214574098587036
1.7811790704727173,0.3421667218208313
1.7812449932098389,0.3421757221221924
1.7812566757202148,0.34217730164527893
1.7814513444900513,0.34220409393310547
1.7815051078796387,0.34221142530441284
1.7817071676254272,0.3422391712665558
1.7821608781814575,0.34230130910873413
1.7822518348693848,0.3423137068748474
1.7823588848114014,0.34232833981513977
1.7824312448501587,0.3423382639884949
1.7827893495559692,0.3423870801925659
1.7828062772750854,0.34238940477371216
1.7828869819641113,0.3424004018306732
1.783033013343811,0.34242019057273865
1.783332347869873,0.34246087074279785
1.7834270000457764,0.34247371554374695
1.7834683656692505,0.342479407787323
1.783787727355957,0.34252262115478516
1.7838826179504395,0.34253549575805664
1.7842398881912231,0.34258386492729187
1.7845730781555176,0.34262874722480774
1.7847567796707153,0.3426535129547119
1.7848057746887207,0.34266000986099243
1.7848256826400757,0.3426627218723297
1.7849442958831787,0.3426787257194519
1.7849584817886353,0.3426806330680847
1.785271167755127,0.3427225947380066
1.7853280305862427,0.34273025393486023
1.7853354215621948,0.3427312970161438
1.7856005430221558,0.34276676177978516
1.78572416305542,0.3427833318710327
1.785750150680542,0.3427867889404297
1.7858930826187134,0.34280598163604736
1.7860976457595825,0.3428333103656769
1.7863225936889648,0.3428633213043213
1.7863473892211914,0.34286659955978394
1.786482334136963,0.3428846299648285
1.7866380214691162,0.34290528297424316
1.7867650985717773,0.34292224049568176
1.786773681640625,0.3429233729839325
1.7868738174438477,0.3429367244243622
1.7868884801864624,0.342938631772995
1.787052869796753,0.3429604768753052
1.7871592044830322,0.3429746627807617
1.7872276306152344,0.3429836630821228
1.7873530387878418,0.34300029277801514
1.7874397039413452,0.3430117964744568
1.7877460718154907,0.34305232763290405
1.7879574298858643,0.3430802524089813
1.788259506225586,0.34312009811401367
1.7886887788772583,0.34317663311958313
1.7886916399002075,0.34317702054977417
1.7886993885040283,0.3431779742240906
1.7887033224105835,0.34317857027053833
1.7888460159301758,0.3431972563266754
1.7888660430908203,0.34319984912872314
1.7889628410339355,0.34321263432502747
1.789164662361145,0.3432391583919525
1.7891895771026611,0.343242347240448
1.7893989086151123,0.34326982498168945
1.789477825164795,0.3432800769805908
1.789508581161499,0.34328415989875793
1.7896367311477661,0.34330087900161743
1.7896500825881958,0.34330272674560547
1.7896679639816284,0.3433050215244293
1.7897279262542725,0.3433127999305725
1.79024076461792,0.3433796763420105
1.7902408838272095,0.3433797359466553
1.79026198387146,0.34338247776031494
1.7902989387512207,0.34338727593421936
1.7903051376342773,0.34338808059692383
1.7903070449829102,0.3433883488178253
1.7910211086273193,0.3434810936450958
1.7910583019256592,0.34348589181900024
1.7910799980163574,0.3434886932373047
1.791132926940918,0.34349560737609863
1.7913157939910889,0.3435192406177521
1.7916326522827148,0.3435601592063904
1.7917530536651611,0.34357568621635437
1.7917675971984863,0.3435775637626648
1.7920092344284058,0.3436087965965271
1.7921359539031982,0.34362512826919556
1.792170524597168,0.34362953901290894
1.792214274406433,0.3436352014541626
1.7922673225402832,0.3436419665813446
1.7924911975860596,0.3436707854270935
1.7928227186203003,0.3437133729457855
1.7930855751037598,0.34374696016311646
1.7931848764419556,0.3437596559524536
1.7932714223861694,0.3437708020210266
1.7932747602462769,0.34377121925354004
1.7933175563812256,0.3437766432762146
1.7933406829833984,0.3437795639038086
1.7936700582504272,0.3438217043876648
1.7939294576644897,0.34385472536087036
1.794079065322876,0.3438737392425537
1.7943059206008911,0.3439025282859802
1.7943952083587646,0.34391388297080994
1.794527292251587,0.3439306616783142
1.7946808338165283,0.3439501225948334
1.7948265075683594,0.34396857023239136
1.7949179410934448,0.343980073928833
1.7955830097198486,0.3440640866756439
1.7956689596176147,0.34407493472099304
1.7958106994628906,0.3440927267074585
1.7958385944366455,0.34409624338150024
1.7960304021835327,0.34412041306495667
1.7962294816970825,0.34414538741111755
1.79647958278656,0.3441768288612366
1.7965885400772095,0.34419041872024536
1.7969573736190796,0.34423649311065674
1.7971529960632324,0.3442608714103699
1.797173261642456,0.3442634344100952
1.797593355178833,0.344315767288208
1.7976024150848389,0.34431689977645874
1.7976391315460205,0.34432148933410645
1.797654390335083,0.34432339668273926
1.7977250814437866,0.34433218836784363
1.797865867614746,0.3443496525287628
1.7979652881622314,0.34436196088790894
1.7981364727020264,0.34438323974609375
1.7984579801559448,0.3444230556488037
1.7984693050384521,0.3444244861602783
1.7987817525863647,0.3444631099700928
1.798816204071045,0.34446731209754944
1.79934823513031,0.34453287720680237
1.799528956413269,0.3445551097393036
1.7995328903198242,0.3445556163787842
1.7995699644088745,0.3445601463317871
1.799687385559082,0.34457457065582275
1.799696683883667,0.3445757329463959
1.7997770309448242,0.3445855975151062
1.7998790740966797,0.34459811449050903
1.7998888492584229,0.34459930658340454
1.7999950647354126,0.34461236000061035
1.8000112771987915,0.34461426734924316
1.8000187873840332,0.3446151912212372
1.80049467086792,0.34467339515686035
1.8004964590072632,0.34467369318008423
1.8005024194717407,0.34467440843582153
1.8005622625350952,0.34468168020248413
1.8005969524383545,0.3446859121322632
1.8011276721954346,0.3447505831718445
1.801163673400879,0.3447549343109131
1.8013182878494263,0.3447737693786621
1.8014302253723145,0.3447873294353485
1.8014329671859741,0.34478771686553955
1.8016741275787354,0.3448168933391571
1.801910161972046,0.3448454737663269
1.8019979000091553,0.3448561131954193
1.8020007610321045,0.34485647082328796
1.802083969116211,0.34486648440361023
1.8020890951156616,0.34486714005470276
1.8024842739105225,0.34491482377052307
1.8025133609771729,0.34491831064224243
1.8028429746627808,0.3449581265449524
1.8030080795288086,0.34497785568237305
1.803114414215088,0.34499070048332214
1.8034026622772217,0.3450252413749695
1.803475260734558,0.3450339436531067
1.8035011291503906,0.345037043094635
1.803536295890808,0.34504133462905884
1.8035567998886108,0.34504374861717224
1.8038157224655151,0.34507471323013306
1.8039007186889648,0.3450848460197449
1.8039231300354004,0.34508752822875977
1.804105520248413,0.34510931372642517
1.8041616678237915,0.34511598944664
1.804196834564209,0.3451201617717743
1.8043015003204346,0.34513264894485474
1.8043590784072876,0.3451395034790039
1.804564356803894,0.3451639413833618
1.8048131465911865,0.3451935350894928
1.8050862550735474,0.3452259600162506
1.8051491975784302,0.34523338079452515
1.8054873943328857,0.34527337551116943
1.8055672645568848,0.34528282284736633
1.8055791854858398,0.34528425335884094
1.805790901184082,0.34530922770500183
1.806337594985962,0.34537357091903687
1.806381106376648,0.3453788161277771
1.8064697980880737,0.345389187335968
1.806519627571106,0.3453950583934784
1.8066186904907227,0.3454066812992096
1.8067361116409302,0.3454205095767975
1.8067474365234375,0.3454217314720154
1.8067924976348877,0.3454270362854004
1.8071227073669434,0.34546568989753723
1.807270884513855,0.34548306465148926
1.8075934648513794,0.3455207049846649
1.807856798171997,0.34555137157440186
1.8080320358276367,0.34557172656059265
1.808144450187683,0.34558480978012085
1.8085243701934814,0.34562888741493225
1.8085885047912598,0.345636248588562
1.8088312149047852,0.34566444158554077
1.8088667392730713,0.3456684947013855
1.8089890480041504,0.3456825613975525
1.8090620040893555,0.3456910252571106
1.8092448711395264,0.34571221470832825
1.8093409538269043,0.34572333097457886
1.8094192743301392,0.34573227167129517
1.809474229812622,0.34573858976364136
1.809556007385254,0.34574800729751587
1.809685230255127,0.34576287865638733
1.8098446130752563,0.34578120708465576
1.810022234916687,0.34580156207084656
1.810362458229065,0.34584057331085205
1.810363531112671,0.3458406627178192
1.8105247020721436,0.3458591401576996
1.810525894165039,0.34585925936698914
1.8108012676239014,0.3458906412124634
1.810847282409668,0.3458959758281708
1.8108526468276978,0.3458966016769409
1.811023235321045,0.3459159731864929
1.8112678527832031,0.3459438979625702
1.81126868724823,0.34594398736953735
1.811325192451477,0.3459504246711731
1.8113490343093872,0.3459530770778656
1.8114776611328125,0.34596771001815796
1.811504602432251,0.3459707498550415
1.8115061521530151,0.34597092866897583
1.811957836151123,0.3460221588611603
1.8120160102844238,0.34602874517440796
1.8120402097702026,0.34603145718574524
1.8123478889465332,0.34606626629829407
1.812587022781372,0.3460932970046997
1.812743902206421,0.34611091017723083
1.8128564357757568,0.346123605966568
1.8129268884658813,0.34613150358200073
1.8130347728729248,0.3461436331272125
1.8130769729614258,0.3461483120918274
1.813176155090332,0.34615957736968994
1.8134076595306396,0.34618550539016724
1.8136805295944214,0.346216082572937
1.813873052597046,0.3462376296520233
1.8140788078308105,0.34626051783561707
1.8145368099212646,0.3463115096092224
1.8146510124206543,0.3463243246078491
1.8147664070129395,0.34633713960647583
1.8150300979614258,0.3463663160800934
1.8150689601898193,0.3463706970214844
1.815201759338379,0.3463853597640991
1.8152365684509277,0.3463892340660095
1.8152439594268799,0.3463900685310364
1.8153998851776123,0.34640729427337646
1.815415382385254,0.34640902280807495
1.8154679536819458,0.34641483426094055
1.815473198890686,0.3464154899120331
1.8155473470687866,0.3464236557483673
1.815610647201538,0.34643059968948364
1.8159998655319214,0.3464735150337219
1.816278338432312,0.34650421142578125
1.8163306713104248,0.3465099334716797
1.8164465427398682,0.34652262926101685
1.81661057472229,0.34654057025909424
1.816776990890503,0.3465588688850403
1.8173784017562866,0.34662461280822754
1.8176729679107666,0.3466567397117615
1.8176815509796143,0.3466576337814331
1.8177531957626343,0.34666553139686584
1.8178144693374634,0.34667205810546875
1.817977786064148,0.3466898798942566
1.8180090188980103,0.3466932475566864
1.8184788227081299,0.346744179725647
1.818626046180725,0.3467601537704468
1.8186777830123901,0.3467656970024109
1.8189010620117188,0.34678977727890015
1.8195984363555908,0.34686487913131714
1.8197599649429321,0.3468822240829468
1.8198633193969727,0.3468932807445526
1.8200058937072754,0.3469085395336151
1.820145845413208,0.3469235301017761
1.8204560279846191,0.34695670008659363
1.820565938949585,0.34696847200393677
1.8208632469177246,0.3470000922679901
1.8208799362182617,0.347001850605011
1.8209367990493774,0.34700798988342285
1.8209424018859863,0.34700852632522583
1.821192741394043,0.3470350503921509
1.8211930990219116,0.34703516960144043
1.8212361335754395,0.34703972935676575
1.8213392496109009,0.3470507264137268
1.8213543891906738,0.34705233573913574
1.8213582038879395,0.3470526933670044
1.821563959121704,0.3470744490623474
1.8216602802276611,0.3470846712589264
1.8216760158538818,0.3470863401889801
1.8216899633407593,0.3470878601074219
1.8217027187347412,0.34708917140960693
1.8221371173858643,0.3471350371837616
1.8221553564071655,0.3471369743347168
1.8221904039382935,0.34714069962501526
1.8223719596862793,0.34715983271598816
1.8224705457687378,0.3471701741218567
1.8225091695785522,0.3471742868423462
1.822540283203125,0.34717750549316406
1.8226462602615356,0.34718865156173706
1.8227310180664062,0.3471975326538086
1.822791576385498,0.3472038805484772
1.8228626251220703,0.3472113609313965
1.8233375549316406,0.34726110100746155
1.8233528137207031,0.3472626805305481
1.8235814571380615,0.34728652238845825
1.8237087726593018,0.34729987382888794
1.8237791061401367,0.3473071753978729
1.8238393068313599,0.3473135232925415
1.8242993354797363,0.347361296415329
1.8243165016174316,0.34736311435699463
1.8244483470916748,0.34737682342529297
1.8245238065719604,0.34738460183143616
1.8247315883636475,0.3474061191082001
1.8248897790908813,0.3474225401878357
1.8250648975372314,0.34744060039520264
1.8255996704101562,0.3474956750869751
1.8256170749664307,0.34749749302864075
1.8257951736450195,0.3475157618522644
1.825852870941162,0.34752172231674194
1.8259339332580566,0.34752997756004333
1.8261699676513672,0.34755420684814453
1.8261852264404297,0.3475556969642639
1.826364278793335,0.3475740849971771
1.8263987302780151,0.34757763147354126
1.8264449834823608,0.3475823998451233
1.8266459703445435,0.347602903842926
1.8267415761947632,0.3476126194000244
1.826858639717102,0.3476245403289795
1.826888084411621,0.34762758016586304
1.8269641399383545,0.3476353585720062
1.8269997835159302,0.34763893485069275
1.8273186683654785,0.34767138957977295
1.827512264251709,0.34769099950790405
1.8276636600494385,0.3477063477039337
1.8277673721313477,0.3477168381214142
1.827786922454834,0.34771883487701416
1.8278216123580933,0.3477224111557007
1.8282474279403687,0.34776538610458374
1.8286168575286865,0.3478025794029236
1.8286956548690796,0.3478105068206787
1.8287737369537354,0.3478183448314667
1.8288882970809937,0.3478299379348755
1.8292173147201538,0.3478628695011139
1.829654574394226,0.34790655970573425
1.8297340869903564,0.347914457321167
1.8297817707061768,0.3479192554950714
1.8306341171264648,0.34800398349761963
1.830646276473999,0.34800514578819275
1.830970287322998,0.3480372726917267
1.8309990167617798,0.3480401039123535
1.831169605255127,0.3480569124221802
1.8313379287719727,0.3480735421180725
1.8314167261123657,0.3480812907218933
1.8314602375030518,0.34808552265167236
1.8316643238067627,0.34810566902160645
1.8320212364196777,0.3481406569480896
1.8320223093032837,0.34814077615737915
1.8320599794387817,0.3481445610523224
1.8321831226348877,0.34815651178359985
1.8321888446807861,0.3481571674346924
1.8325061798095703,0.3481881320476532
1.8325073719024658,0.34818825125694275
1.8325234651565552,0.3481898605823517
1.8325265645980835,0.34819018840789795
1.8325960636138916,0.34819698333740234
1.8329890966415405,0.34823524951934814
1.833027720451355,0.348239004611969
1.8330395221710205,0.3482401371002197
1.8330814838409424,0.34824424982070923
1.833221435546875,0.348257839679718
1.8332808017730713,0.34826359152793884
1.8334566354751587,0.3482806980609894
1.833580732345581,0.348292738199234
1.8336031436920166,0.3482949137687683
1.8336291313171387,0.3482973575592041
1.8337039947509766,0.3483046591281891
1.8337141275405884,0.3483056128025055
1.8337171077728271,0.34830591082572937
1.8341643810272217,0.3483491539955139
1.8343346118927002,0.3483654856681824
1.8344247341156006,0.34837424755096436
1.8345553874969482,0.3483867645263672
1.8346034288406372,0.3483913540840149
1.8347407579421997,0.34840458631515503
1.8352420330047607,0.348452627658844
1.8353744745254517,0.34846532344818115
1.835456132888794,0.34847313165664673
1.8355839252471924,0.3484853208065033
1.835787296295166,0.3485046923160553
1.8360748291015625,0.348532110452652
1.8364758491516113,0.3485701084136963
1.8366918563842773,0.34859055280685425
1.8367233276367188,0.348593533039093
1.8367924690246582,0.3486000895500183
1.8369090557098389,0.34861111640930176
1.8370823860168457,0.34862738847732544
1.837342619895935,0.3486520051956177
1.8374499082565308,0.3486620783805847
1.837727665901184,0.34868812561035156
1.837773084640503,0.3486924171447754
1.8379820585250854,0.3487119972705841
1.8381836414337158,0.3487308621406555
1.8382474184036255,0.34873682260513306
1.8385058641433716,0.34876102209091187
1.8385231494903564,0.348762571811676
1.838822603225708,0.3487904667854309
1.8389594554901123,0.3488031327724457
1.8391281366348267,0.3488188683986664
1.8392847776412964,0.3488333821296692
1.839295506477356,0.3488343358039856
1.8393707275390625,0.3488413393497467
1.8395812511444092,0.34886080026626587
1.8396217823028564,0.3488645553588867
1.839760422706604,0.3488773703575134
1.8398969173431396,0.3488899767398834
1.839904546737671,0.3488906919956207
1.840468168258667,0.34894251823425293
1.8405886888504028,0.34895360469818115
1.8406760692596436,0.34896159172058105
1.8407636880874634,0.34896963834762573
1.8407987356185913,0.3489728569984436
1.8415015935897827,0.3490370512008667
1.8415255546569824,0.349039226770401
1.8416969776153564,0.34905481338500977
1.841956377029419,0.34907838702201843
1.842359185218811,0.3491148352622986
1.8423690795898438,0.3491157293319702
1.8424432277679443,0.34912243485450745
1.8426480293273926,0.3491409420967102
1.8428499698638916,0.3491591513156891
1.8428508043289185,0.3491591811180115
1.8430132865905762,0.3491738438606262
1.8430180549621582,0.34917426109313965
1.8432167768478394,0.34919217228889465
1.8433399200439453,0.3492031991481781
1.8433541059494019,0.34920448064804077
1.843482255935669,0.3492159843444824
1.8438266515731812,0.3492467999458313
1.8438612222671509,0.3492498993873596
1.8440908193588257,0.3492703437805176
1.8441232442855835,0.34927332401275635
1.8442063331604004,0.3492806553840637
1.8442728519439697,0.3492865562438965
1.8442777395248413,0.3492870628833771
1.8444665670394897,0.34930387139320374
1.8444724082946777,0.34930434823036194
1.844541311264038,0.34931042790412903
1.8445724248886108,0.3493131995201111
1.8446910381317139,0.34932374954223633
1.8446953296661377,0.349324107170105
1.8448928594589233,0.34934163093566895
1.8449938297271729,0.34935063123703003
1.8452754020690918,0.3493754267692566
1.8452953100204468,0.349377304315567
1.8453021049499512,0.34937784075737
1.8453967571258545,0.34938615560531616
1.845567226409912,0.34940123558044434
1.8456157445907593,0.3494054973125458
1.8456339836120605,0.3494070768356323
1.8459585905075073,0.3494356572628021
1.8460426330566406,0.3494430184364319
1.8461859226226807,0.3494556248188019
1.8462332487106323,0.34945976734161377
1.8464305400848389,0.34947696328163147
1.8466482162475586,0.3494960367679596
1.8470935821533203,0.3495348393917084
1.8471105098724365,0.349536269903183
1.8473448753356934,0.34955668449401855
1.8476448059082031,0.34958264231681824
1.8478150367736816,0.3495974540710449
1.8479838371276855,0.3496119976043701
1.8479933738708496,0.34961289167404175
1.8483070135116577,0.349639892578125
1.8484317064285278,0.34965065121650696
1.848608374595642,0.3496658205986023
1.8490421772003174,0.3497030436992645
1.8491899967193604,0.3497156500816345
1.8498315811157227,0.34977033734321594
1.8498854637145996,0.34977486729621887
1.8500224351882935,0.3497866094112396
1.8500233888626099,0.349786639213562
1.8500550985336304,0.3497893214225769
1.8501505851745605,0.34979742765426636
1.8504098653793335,0.3498193919658661
1.850534200668335,0.34982991218566895
1.85056734085083,0.3498327136039734
1.8506253957748413,0.3498375713825226
1.8507181406021118,0.3498455286026001
1.8509957790374756,0.3498688340187073
1.8510537147521973,0.34987369179725647
1.8515849113464355,0.34991830587387085
1.8517686128616333,0.3499337136745453
1.8519126176834106,0.34994569420814514
1.851927638053894,0.3499469459056854
1.8519585132598877,0.34994953870773315
1.852088212966919,0.3499603271484375
1.8523976802825928,0.34998619556427
1.8527891635894775,0.35001859068870544
1.85296630859375,0.35003334283828735
1.853285312652588,0.3500596880912781
1.8532946109771729,0.35006049275398254
1.8536795377731323,0.3500921130180359
1.85368013381958,0.35009223222732544
1.8536837100982666,0.35009247064590454
1.853750467300415,0.3500979542732239
1.853846549987793,0.350105881690979
1.8538470268249512,0.3501059114933014
1.854177474975586,0.3501330316066742
1.854183316230774,0.35013347864151
1.8543615341186523,0.35014811158180237
1.854408860206604,0.35015198588371277
1.8546699285507202,0.35017329454421997
1.8546918630599976,0.35017502307891846
1.8551502227783203,0.35021236538887024
1.8553073406219482,0.3502250909805298
1.855323076248169,0.35022634267807007
1.855374813079834,0.35023054480552673
1.8555022478103638,0.3502408564090729
1.8555786609649658,0.3502470552921295
1.8556325435638428,0.3502514362335205
1.8557246923446655,0.35025882720947266
1.855818510055542,0.3502664864063263
1.856035590171814,0.35028403997421265
1.8560370206832886,0.3502840995788574
1.8561341762542725,0.350291907787323
1.856234073638916,0.3502999544143677
1.856237769126892,0.35030031204223633
1.8563261032104492,0.3503073453903198
1.8565202951431274,0.35032302141189575
1.8569386005401611,0.35035640001296997
1.8570051193237305,0.35036179423332214
1.8571022748947144,0.35036951303482056
1.8571503162384033,0.35037341713905334
1.8572719097137451,0.35038307309150696
1.8573989868164062,0.35039323568344116
1.8580002784729004,0.3504408299922943
1.8581733703613281,0.3504546284675598
1.8582255840301514,0.35045871138572693
1.8582836389541626,0.350463330745697
1.8583672046661377,0.3504698872566223
1.8584914207458496,0.3504796624183655
1.858877182006836,0.3505100905895233
1.8589718341827393,0.3505175709724426
1.859049677848816,0.3505236506462097
1.8592931032180786,0.35054266452789307
1.8593924045562744,0.35055041313171387
1.8595026731491089,0.3505590856075287
1.859778642654419,0.3505805432796478
1.8598945140838623,0.3505896329879761
1.8603657484054565,0.35062623023986816
1.8604604005813599,0.35063356161117554
1.8609312772750854,0.3506699204444885
1.8609776496887207,0.3506735563278198
1.8613958358764648,0.350705623626709
1.8614356517791748,0.3507087230682373
1.8614839315414429,0.35071250796318054
1.8615143299102783,0.3507147431373596
1.8615772724151611,0.3507196009159088
1.8617664575576782,0.350734144449234
1.862031102180481,0.35075435042381287
1.8621209859848022,0.3507612347602844
1.862245798110962,0.3507706820964813
1.8625104427337646,0.35079073905944824
1.862647294998169,0.35080116987228394
1.8627504110336304,0.3508090376853943
1.8629969358444214,0.350827693939209
1.8632339239120483,0.3508455753326416
1.86326265335083,0.3508477807044983
1.8637220859527588,0.3508823812007904
1.8637393712997437,0.35088369250297546
1.8638601303100586,0.3508927524089813
1.8639123439788818,0.3508966565132141
1.864001989364624,0.35090339183807373
1.8641977310180664,0.3509180545806885
1.8642385005950928,0.350921094417572
1.8645097017288208,0.35094138979911804
1.864513874053955,0.35094159841537476
1.8645501136779785,0.35094428062438965
1.8646752834320068,0.35095369815826416
1.8646845817565918,0.35095441341400146
1.8648916482925415,0.3509697914123535
1.8650118112564087,0.35097870230674744
1.865014672279358,0.35097891092300415
1.865020751953125,0.3509793281555176
1.8652336597442627,0.35099512338638306
1.8655205965042114,0.35101643204689026
1.8655210733413696,0.35101646184921265
1.866114616394043,0.3510601818561554
1.8661818504333496,0.351065069437027
1.8662054538726807,0.3510667681694031
1.8663122653961182,0.3510746359825134
1.8665651082992554,0.35109323263168335
1.8669753074645996,0.35112306475639343
1.8670032024383545,0.35112521052360535
1.867067575454712,0.3511298596858978
1.867150068283081,0.351135790348053
1.867150902748108,0.3511359393596649
1.867163896560669,0.35113686323165894
1.8673088550567627,0.3511473536491394
1.8673995733261108,0.3511539399623871
1.8674689531326294,0.3511590361595154
1.8679535388946533,0.35119402408599854
1.8679829835891724,0.35119616985321045
1.8681092262268066,0.3512052893638611
1.8681364059448242,0.35120728611946106
1.8682775497436523,0.3512174189090729
1.8690992593765259,0.35127630829811096
1.8691198825836182,0.35127779841423035
1.8692021369934082,0.35128360986709595
1.8692651987075806,0.3512881100177765
1.8692655563354492,0.3512881398200989
1.8693327903747559,0.3512929081916809
1.86960768699646,0.35131245851516724
1.8697633743286133,0.35132360458374023
1.8700792789459229,0.35134589672088623
1.870163917541504,0.35135188698768616
1.8703030347824097,0.3513617515563965
1.8703348636627197,0.3513639569282532
1.8703374862670898,0.3513641655445099
1.8704115152359009,0.3513694405555725
1.8707177639007568,0.35139089822769165
1.8707411289215088,0.3513925075531006
1.8715099096298218,0.351446270942688
1.8718568086624146,0.35147055983543396
1.872100830078125,0.3514874279499054
1.8723288774490356,0.3515032231807709
1.8723362684249878,0.35150375962257385
1.8726129531860352,0.3515228033065796
1.872937560081482,0.35154518485069275
1.8729774951934814,0.3515479564666748
1.8729825019836426,0.35154831409454346
1.8733679056167603,0.35157471895217896
1.8734543323516846,0.3515806198120117
1.8734923601150513,0.35158324241638184
1.873711109161377,0.3515980839729309
1.8740532398223877,0.35162144899368286
1.8741211891174316,0.3516260087490082
1.8742823600769043,0.35163697600364685
1.8745075464248657,0.3516521453857422
1.874537467956543,0.3516542315483093
1.8750648498535156,0.35168981552124023
1.8750691413879395,0.3516900837421417
1.8750991821289062,0.3516921103000641
1.8752028942108154,0.3516990840435028
1.8753434419631958,0.3517085313796997
1.8753514289855957,0.3517090678215027
1.8755054473876953,0.35171937942504883
1.8755278587341309,0.3517209589481354
1.875643253326416,0.3517285883426666
1.8758405447006226,0.35174182057380676
1.8758714199066162,0.35174381732940674
1.8760673999786377,0.3517569303512573
1.8760986328125,0.3517589867115021
1.8763155937194824,0.35177338123321533
1.8763495683670044,0.3517757058143616
1.876379370689392,0.35177773237228394
1.8767458200454712,0.35180193185806274
1.8767911195755005,0.3518049716949463
1.8770346641540527,0.3518209755420685
1.8770508766174316,0.3518220782279968
1.8771007061004639,0.3518253266811371
1.8772940635681152,0.351838082075119
1.8776572942733765,0.3518618941307068
1.8778839111328125,0.35187670588493347
1.8778982162475586,0.3518776595592499
1.8780763149261475,0.3518892824649811
1.8781673908233643,0.35189518332481384
1.8782352209091187,0.351899653673172
1.8782716989517212,0.35190197825431824
1.8786410093307495,0.35192596912384033
1.8788717985153198,0.35194095969200134
1.8788731098175049,0.35194098949432373
1.8788772821426392,0.3519412875175476
1.8789427280426025,0.35194554924964905
1.8791463375091553,0.35195866227149963
1.8791617155075073,0.3519596457481384
1.8795164823532104,0.351982444524765
1.879569411277771,0.3519859313964844
1.8795838356018066,0.35198673605918884
1.8800287246704102,0.3520152270793915
1.8801701068878174,0.3520243465900421
1.8803887367248535,0.3520381450653076
1.8806426525115967,0.352054238319397
1.8807507753372192,0.3520612120628357
1.8808157444000244,0.3520653247833252
1.8810842037200928,0.3520822823047638
1.8812609910964966,0.3520933985710144
1.88133704662323,0.3520982265472412
1.8813387155532837,0.35209834575653076
1.8814802169799805,0.3521072268486023
1.881582498550415,0.3521136939525604
1.8822391033172607,0.35215476155281067
1.8825947046279907,0.3521769046783447
1.8826237916946411,0.352178692817688
1.8828006982803345,0.3521896302700043
1.8831796646118164,0.3522130846977234
1.8831828832626343,0.3522133231163025
1.8832151889801025,0.3522152900695801
1.8832576274871826,0.3522179126739502
1.8836758136749268,0.3522436022758484
1.8841617107391357,0.3522734045982361
1.8844108581542969,0.35228854417800903
1.8844187259674072,0.3522890508174896
1.8844550848007202,0.3522912859916687
1.8846535682678223,0.35230329632759094
1.8848313093185425,0.35231414437294006
1.8849520683288574,0.35232144594192505
1.8849735260009766,0.35232269763946533
1.8850828409194946,0.35232940316200256
1.885748028755188,0.3523694574832916
1.8859097957611084,0.35237911343574524
1.885992407798767,0.352384090423584
1.8861570358276367,0.35239386558532715
1.8861809968948364,0.35239532589912415
1.8861889839172363,0.35239583253860474
1.8861947059631348,0.3523961305618286
1.886261224746704,0.3524000644683838
1.8863391876220703,0.35240477323532104
1.886378526687622,0.3524070382118225
1.886670708656311,0.3524245619773865
1.8867301940917969,0.35242798924446106
1.8869571685791016,0.35244137048721313
1.8871783018112183,0.3524545729160309
1.887211561203003,0.3524564802646637
1.8872483968734741,0.3524586260318756
1.8873436450958252,0.3524642586708069
1.8878631591796875,0.3524947762489319
1.8879315853118896,0.35249873995780945
1.888110637664795,0.35250920057296753
1.8882240056991577,0.35251590609550476
1.8882547616958618,0.35251766443252563
1.8884341716766357,0.35252803564071655
1.8887274265289307,0.3525450825691223
1.8887782096862793,0.3525480329990387
1.8887804746627808,0.35254818201065063
1.8888449668884277,0.3525519371032715
1.8889777660369873,0.35255956649780273
1.8891366720199585,0.3525688946247101
1.889291524887085,0.3525777757167816
1.8894633054733276,0.3525876998901367
1.8897733688354492,0.3526054322719574
1.8897861242294312,0.3526061177253723
1.8901041746139526,0.3526243567466736
1.8901820182800293,0.3526287376880646
1.8902431726455688,0.3526322841644287
1.890414834022522,0.3526420593261719
1.890857458114624,0.3526671528816223
1.8909542560577393,0.35267263650894165
1.8910036087036133,0.3526753783226013
1.891170859336853,0.3526848554611206
1.891514778137207,0.35270416736602783
1.8915455341339111,0.3527059257030487
1.891991376876831,0.3527308702468872
1.8920660018920898,0.3527350127696991
1.892173409461975,0.3527410328388214
1.89228093624115,0.35274702310562134
1.8922929763793945,0.35274770855903625
1.8923858404159546,0.35275280475616455
1.8924015760421753,0.3527536988258362
1.8924198150634766,0.35275471210479736
1.8935935497283936,0.35281941294670105
1.8937081098556519,0.3528256416320801
1.8937650918960571,0.3528288006782532
1.8940223455429077,0.35284286737442017
1.8940242528915405,0.35284292697906494
1.894094467163086,0.35284674167633057
1.8944497108459473,0.3528660535812378
1.8947679996490479,0.3528832793235779
1.8954048156738281,0.35291746258735657
1.8954206705093384,0.3529183268547058
1.8955796957015991,0.35292690992355347
1.8956011533737183,0.3529279828071594
1.8956986665725708,0.35293322801589966
1.8958137035369873,0.35293930768966675
1.895820140838623,0.352939635515213
1.8959460258483887,0.35294634103775024
1.8960877656936646,0.3529539704322815
1.8961375951766968,0.3529565930366516
1.8965163230895996,0.35297659039497375
1.896878719329834,0.35299572348594666
1.896955966949463,0.352999746799469
1.8970242738723755,0.3530033230781555
1.897045373916626,0.35300442576408386
1.897176742553711,0.3530113101005554
1.8971989154815674,0.3530125021934509
1.8972373008728027,0.3530144691467285
1.897280216217041,0.3530167043209076
1.897504448890686,0.35302847623825073
1.897525668144226,0.3530295491218567
1.897599220275879,0.3530333638191223
1.8978095054626465,0.3530443608760834
1.8980084657669067,0.3530546724796295
1.8981291055679321,0.35306090116500854
1.8983254432678223,0.3530709743499756
1.8986108303070068,0.3530857264995575
1.8986635208129883,0.35308837890625
1.8986918926239014,0.35308992862701416
1.8988258838653564,0.35309672355651855
1.8989951610565186,0.35310542583465576
1.899146318435669,0.35311317443847656
1.8991972208023071,0.3531157970428467
1.8995559215545654,0.35313406586647034
1.8996870517730713,0.3531407117843628
1.8998709917068481,0.35314998030662537
1.8999372720718384,0.3531533479690552
1.89999520778656,0.35315629839897156
1.900321125984192,0.35317277908325195
1.9006025791168213,0.35318684577941895
1.9007116556167603,0.3531922996044159
1.9007465839385986,0.35319405794143677
1.901244878768921,0.3532189726829529
1.901537537574768,0.3532334268093109
1.9015535116195679,0.3532342314720154
1.90158212184906,0.35323566198349
1.90183424949646,0.35324805974960327
1.9018981456756592,0.35325121879577637
1.9019252061843872,0.3532525300979614
1.9019323587417603,0.35325294733047485
1.9020979404449463,0.3532610535621643
1.9023797512054443,0.35327476263046265
1.9027376174926758,0.3532922863960266
1.9027550220489502,0.35329312086105347
1.9030267000198364,0.353306382894516
1.903074860572815,0.3533087372779846
1.9031355381011963,0.3533116579055786
1.9032453298568726,0.353316992521286
1.9032533168792725,0.35331735014915466
1.9033937454223633,0.35332411527633667
1.9034937620162964,0.35332897305488586
1.9040132761001587,0.35335391759872437
1.904751181602478,0.35338908433914185
1.9047644138336182,0.3533896803855896
1.904861569404602,0.3533942997455597
1.9049665927886963,0.35339924693107605
1.9057226181030273,0.3534347414970398
1.9058911800384521,0.35344263911247253
1.9064147472381592,0.3534669876098633
1.9064921140670776,0.35347050428390503
1.9066615104675293,0.353478342294693
1.9070695638656616,0.35349714756011963
1.9071850776672363,0.35350242257118225
1.9072800874710083,0.35350680351257324
1.9074091911315918,0.35351264476776123
1.9074112176895142,0.3535127639770508
1.9074745178222656,0.353515625
1.9077446460723877,0.35352790355682373
1.9077579975128174,0.35352855920791626
1.9078749418258667,0.35353392362594604
1.9079041481018066,0.3535352349281311
1.90802001953125,0.35354048013687134
1.9080580472946167,0.35354217886924744
1.9081063270568848,0.35354432463645935
1.908131718635559,0.3535454273223877
1.9082345962524414,0.3535500764846802
1.9083186388015747,0.3535539507865906
1.9083420038223267,0.35355496406555176
1.9084370136260986,0.3535592555999756
1.908479928970337,0.3535611629486084
1.908656120300293,0.35356903076171875
1.9088422060012817,0.3535773754119873
1.909023404121399,0.353585422039032
1.909127116203308,0.35359013080596924
1.909409761428833,0.35360264778137207
1.9095220565795898,0.3536075949668884
1.9097347259521484,0.35361701250076294
1.910123348236084,0.3536341190338135
1.9102091789245605,0.35363778471946716
1.9103846549987793,0.35364556312561035
1.9106125831604004,0.35365551710128784
1.910630226135254,0.3536562919616699
1.910757303237915,0.35366180539131165
1.910847544670105,0.35366570949554443
1.911129355430603,0.3536779284477234
1.9113260507583618,0.3536864221096039
1.911431074142456,0.35369089245796204
1.9116555452346802,0.35370054841041565
1.911676049232483,0.3537014424800873
1.912337064743042,0.3537296652793884
1.9125298261642456,0.3537377715110779
1.912663459777832,0.35374343395233154
1.912740707397461,0.3537466526031494
1.9128625392913818,0.3537517786026001
1.9128884077072144,0.35375288128852844
1.9129403829574585,0.35375502705574036
1.913238286972046,0.3537675738334656
1.9133059978485107,0.3537704050540924
1.9134232997894287,0.3537752628326416
1.9139680862426758,0.353797972202301
1.9139691591262817,0.353797972202301
1.9140839576721191,0.35380271077156067
1.9141662120819092,0.3538060784339905
1.9142314195632935,0.35380876064300537
1.9142494201660156,0.35380953550338745
1.9143192768096924,0.3538123369216919
1.9145599603652954,0.35382235050201416
1.9146169424057007,0.353824645280838
1.9151477813720703,0.3538462817668915
1.9156291484832764,0.35386568307876587
1.915695071220398,0.3538683354854584
1.915761113166809,0.35387104749679565
1.915794014930725,0.3538723587989807
1.9158315658569336,0.3538738489151001
1.9170479774475098,0.35392218828201294
1.9173741340637207,0.3539349436759949
1.9173935651779175,0.35393577814102173
1.9174504280090332,0.3539380133152008
1.9174988269805908,0.35393989086151123
1.9178955554962158,0.3539552390575409
1.9180302619934082,0.35396048426628113
1.9185240268707275,0.35397958755493164
1.9186301231384277,0.353983610868454
1.9186517000198364,0.3539844751358032
1.9187337160110474,0.3539876341819763
1.9187731742858887,0.3539890944957733
1.9188425540924072,0.35399168729782104
1.9188706874847412,0.3539927899837494
1.9189870357513428,0.35399729013442993
1.9191852807998657,0.3540048599243164
1.9192758798599243,0.3540082573890686
1.919297456741333,0.35400909185409546
1.9193742275238037,0.35401198267936707
1.9193761348724365,0.35401201248168945
1.9194974899291992,0.35401660203933716
1.919575572013855,0.3540196120738983
1.9196290969848633,0.3540216088294983
1.9196797609329224,0.35402345657348633
1.919932246208191,0.3540330231189728
1.9203557968139648,0.35404878854751587
1.9204660654067993,0.35405290126800537
1.9206095933914185,0.35405826568603516
1.9206602573394775,0.3540600836277008
1.9207112789154053,0.35406196117401123
1.9207805395126343,0.35406455397605896
1.9210357666015625,0.3540739417076111
1.9212148189544678,0.354080468416214
1.9213013648986816,0.35408371686935425
1.9215564727783203,0.3540929853916168
1.9216365814208984,0.3540959358215332
1.9216941595077515,0.35409802198410034
1.922257661819458,0.3541184067726135
1.92225980758667,0.3541184663772583
1.9223078489303589,0.35412025451660156
1.9226199388504028,0.35413140058517456
1.9227042198181152,0.35413438081741333
1.9234602451324463,0.35416120290756226
1.9234919548034668,0.3541622757911682
1.9238486289978027,0.35417473316192627
1.9240906238555908,0.3541831970214844
1.9241620302200317,0.35418570041656494
1.9242300987243652,0.35418814420700073
1.9243117570877075,0.35419097542762756
1.9244816303253174,0.35419678688049316
1.9248543977737427,0.3542097210884094
1.9248864650726318,0.354210764169693
1.9248952865600586,0.3542110323905945
1.9249131679534912,0.35421162843704224
1.9252413511276245,0.3542228937149048
1.9253337383270264,0.3542260229587555
1.9257737398147583,0.35424089431762695
1.9258610010147095,0.35424381494522095
1.9262200593948364,0.35425591468811035
1.9264271259307861,0.3542628288269043
1.9265257120132446,0.35426607728004456
1.9266901016235352,0.3542715311050415
1.926796793937683,0.35427504777908325
1.926798939704895,0.3542751669883728
1.927127718925476,0.35428595542907715
1.9272305965423584,0.35428935289382935
1.9272774457931519,0.3542909026145935
1.9282400608062744,0.3543221354484558
1.9282867908477783,0.3543236553668976
1.9283323287963867,0.3543250560760498
1.9285132884979248,0.3543308973312378
1.9289727210998535,0.354345440864563
1.929009199142456,0.3543465733528137
1.929495096206665,0.354361891746521
1.9296027421951294,0.3543652594089508
1.9296538829803467,0.35436689853668213
1.9297294616699219,0.35436922311782837
1.9298303127288818,0.3543723225593567
1.9298596382141113,0.3543732762336731
1.9298813343048096,0.3543739914894104
1.930035948753357,0.35437875986099243
1.9302453994750977,0.35438525676727295
1.9302830696105957,0.3543863892555237
1.9303348064422607,0.354388028383255
1.930389642715454,0.3543896973133087
1.9303897619247437,0.3543897569179535
1.9305230379104614,0.35439378023147583
1.93085777759552,0.3544040322303772
1.9310665130615234,0.3544103503227234
1.9311251640319824,0.3544120788574219
1.9311593770980835,0.35441315174102783
1.9311933517456055,0.3544141352176666
1.9314956665039062,0.3544233441352844
1.9316041469573975,0.3544265627861023
1.9319372177124023,0.3544365167617798
1.9319725036621094,0.35443753004074097
1.9320485591888428,0.3544398546218872
1.9322755336761475,0.35444650053977966
1.932424545288086,0.35445088148117065
1.9325087070465088,0.3544533848762512
1.932520866394043,0.35445380210876465
1.9325355291366577,0.3544542193412781
1.9330215454101562,0.3544684052467346
1.9330899715423584,0.3544703722000122
1.9332685470581055,0.35447555780410767
1.9336060285568237,0.35448527336120605
1.933616042137146,0.35448557138442993
1.9338734149932861,0.3544929027557373
1.9343206882476807,0.3545055389404297
1.934617042541504,0.354513943195343
1.9348585605621338,0.35452067852020264
1.9349372386932373,0.3545229136943817
1.935402512550354,0.3545358180999756
1.9356257915496826,0.3545418679714203
1.9356507062911987,0.35454261302948
1.935733675956726,0.35454481840133667
1.935741662979126,0.3545450270175934
1.935807704925537,0.3545469045639038
1.9358816146850586,0.3545488715171814
1.9362770318984985,0.35455965995788574
1.9363198280334473,0.3545607924461365
1.9363901615142822,0.3545626699924469
1.936965823173523,0.35457807779312134
1.9372060298919678,0.3545844554901123
1.9373549222946167,0.3545883297920227
1.9373785257339478,0.35458892583847046
1.93754243850708,0.3545932173728943
1.937780737876892,0.3545994758605957
1.9378596544265747,0.35460153222084045
1.9381216764450073,0.35460832715034485
1.9388147592544556,0.3546261191368103
1.9391629695892334,0.3546348214149475
1.9391731023788452,0.3546351492404938
1.939605474472046,0.3546459674835205
1.9397393465042114,0.35464921593666077
1.9397566318511963,0.35464972257614136
1.9398988485336304,0.3546532392501831
1.9403536319732666,0.3546643555164337
1.9404834508895874,0.3546675443649292
1.9405481815338135,0.35466909408569336
1.940598487854004,0.35467028617858887
1.9406366348266602,0.3546712398529053
1.9407901763916016,0.3546749949455261
1.9408947229385376,0.3546774983406067
1.9410353899002075,0.3546808958053589
1.9411039352416992,0.3546825051307678
1.9411683082580566,0.3546839952468872
1.9412086009979248,0.3546849489212036
1.9413737058639526,0.35468894243240356
1.9414740800857544,0.3546913266181946
1.9415128231048584,0.3546922206878662
1.9416167736053467,0.3546946942806244
1.94180166721344,0.3546990156173706
1.9420366287231445,0.3547045588493347
1.9420872926712036,0.35470569133758545
1.9425005912780762,0.3547153174877167
1.9425296783447266,0.3547159731388092
1.9425685405731201,0.35471680760383606
1.9428304433822632,0.35472288727760315
1.9428596496582031,0.3547235131263733
1.9428861141204834,0.3547241687774658
1.9433728456497192,0.35473519563674927
1.943373680114746,0.35473519563674927
1.9435069561004639,0.35473817586898804
1.9435813426971436,0.35473984479904175
1.9438172578811646,0.354745090007782
1.9439237117767334,0.354747474193573
1.9442110061645508,0.354753702878952
1.9446159601211548,0.35476258397102356
1.9450753927230835,0.35477256774902344
1.9451508522033691,0.3547740876674652
1.9454748630523682,0.35478103160858154
1.9456591606140137,0.3547849953174591
1.9457786083221436,0.3547874093055725
1.9458091259002686,0.3547881245613098
1.9458942413330078,0.3547899127006531
1.9463335275650024,0.35479897260665894
1.9465703964233398,0.35480383038520813
1.9465768337249756,0.3548039495944977
1.9466058015823364,0.3548045754432678
1.946610450744629,0.354804664850235
1.946709156036377,0.35480666160583496
1.946739673614502,0.3548073172569275
1.946956992149353,0.35481172800064087
1.9473398923873901,0.3548193871974945
1.9474196434020996,0.35482096672058105
1.947516679763794,0.35482287406921387
1.9477226734161377,0.354826956987381
1.9481834173202515,0.35483604669570923
1.9483890533447266,0.3548399806022644
1.9487414360046387,0.3548467755317688
1.9488694667816162,0.3548492193222046
1.9489518404006958,0.3548508286476135
1.9499049186706543,0.3548685908317566
1.9499921798706055,0.35487017035484314
1.9500523805618286,0.35487133264541626
1.9503790140151978,0.354877233505249
1.9507286548614502,0.35488349199295044
1.9508112668991089,0.3548849821090698
1.9512059688568115,0.35489195585250854
1.9512830972671509,0.354893296957016
1.9513777494430542,0.3548949956893921
1.9514570236206055,0.35489633679389954
1.951479196548462,0.35489675402641296
1.9517157077789307,0.35490086674690247
1.9517637491226196,0.35490167140960693
1.9519803524017334,0.35490530729293823
1.9519989490509033,0.3549056649208069
1.9521524906158447,0.354908287525177
1.9521795511245728,0.3549087941646576
1.9522324800491333,0.35490959882736206
1.9522525072097778,0.3549099862575531
1.9523444175720215,0.3549115061759949
1.9525303840637207,0.35491466522216797
1.952669620513916,0.3549170196056366
1.9527630805969238,0.354918509721756
1.9527660608291626,0.35491859912872314
1.9528872966766357,0.35492056608200073
1.952955722808838,0.35492169857025146
1.9534823894500732,0.3549302816390991
1.953554630279541,0.35493147373199463
1.95371675491333,0.35493409633636475
1.9537293910980225,0.3549342155456543
1.953963041305542,0.35493791103363037
1.9542063474655151,0.35494184494018555
1.9542322158813477,0.3549422025680542
1.9545111656188965,0.3549466133117676
1.954516887664795,0.35494667291641235
1.954761266708374,0.3549504280090332
1.9547734260559082,0.35495060682296753
1.9551371335983276,0.35495609045028687
1.9553347826004028,0.3549591600894928
1.9556516408920288,0.35496383905410767
1.9559845924377441,0.3549686670303345
1.9565891027450562,0.35497742891311646
1.956615924835205,0.3549777865409851
1.9569571018218994,0.35498255491256714
1.9569770097732544,0.3549829125404358
1.9570591449737549,0.35498398542404175
1.9574005603790283,0.354988694190979
1.9574707746505737,0.3549896478652954
1.9576023817062378,0.35499149560928345
1.957786202430725,0.35499393939971924
1.9578239917755127,0.35499441623687744
1.9582306146621704,0.3549998700618744
1.9584245681762695,0.35500240325927734
1.9584320783615112,0.3550024628639221
1.958795428276062,0.35500720143318176
1.9589886665344238,0.35500967502593994
1.9590121507644653,0.35500991344451904
1.9590940475463867,0.3550109267234802
1.959144115447998,0.35501164197921753
1.9592304229736328,0.3550127148628235
1.959683895111084,0.35501828789711
1.9600750207901,0.3550230860710144
1.9603326320648193,0.35502609610557556
1.9608206748962402,0.3550318479537964
1.960924506187439,0.3550330102443695
1.9615364074707031,0.35503995418548584
1.961605191230774,0.3550407588481903
1.9617127180099487,0.3550419807434082
1.9618854522705078,0.3550437390804291
1.9619207382202148,0.3550441563129425
1.962052583694458,0.3550456762313843
1.9622865915298462,0.35504812002182007
1.9623734951019287,0.3550490736961365
1.9623825550079346,0.35504910349845886
1.9626444578170776,0.3550519347190857
1.9626595973968506,0.35505205392837524
1.9628281593322754,0.35505378246307373
1.9631015062332153,0.35505661368370056
1.9631168842315674,0.3550567328929901
1.963293433189392,0.35505855083465576
1.9635523557662964,0.3550610840320587
1.9635599851608276,0.35506123304367065
1.9637460708618164,0.35506296157836914
1.9637521505355835,0.3550630807876587
1.9638539552688599,0.3550640940666199
1.9638617038726807,0.3550640940666199
1.9640341997146606,0.35506582260131836
1.9642620086669922,0.3550679683685303
1.9644430875778198,0.3550695776939392
1.964564561843872,0.3550707697868347
1.9645800590515137,0.35507088899612427
1.9645960330963135,0.3550710678100586
1.9649696350097656,0.3550744354724884
1.9650369882583618,0.35507509112358093
1.9650845527648926,0.3550754487514496
1.9653658866882324,0.35507795214653015
1.9654805660247803,0.3550789952278137
1.965552568435669,0.3550795614719391
1.965604543685913,0.3550800085067749
1.9660495519638062,0.35508376359939575
1.9661462306976318,0.3550845980644226
1.9667145013809204,0.3550891876220703
1.9668221473693848,0.35509005188941956
1.9668257236480713,0.35509005188941956
1.967449426651001,0.355094850063324
1.9680492877960205,0.3550991415977478
1.9682343006134033,0.35510051250457764
1.9683293104171753,0.35510116815567017
1.9684886932373047,0.3551022410392761
1.968623399734497,0.35510313510894775
1.9687602519989014,0.3551040589809418
1.9688804149627686,0.35510486364364624
1.9689303636550903,0.3551052212715149
1.9694063663482666,0.35510820150375366
1.9694710969924927,0.35510867834091187
1.9695552587509155,0.3551090955734253
1.9698423147201538,0.35511088371276855
1.9700677394866943,0.3551122546195984
1.970432996749878,0.35511431097984314
1.9706100225448608,0.35511529445648193
1.9706661701202393,0.3551155924797058
1.9707599878311157,0.355116069316864
1.971036434173584,0.3551175594329834
1.9712318181991577,0.3551185727119446
1.971649408340454,0.3551207184791565
1.9717659950256348,0.3551212549209595
1.9717894792556763,0.3551214039325714
1.9719951152801514,0.35512232780456543
1.9726059436798096,0.3551250398159027
1.9728939533233643,0.3551262617111206
1.9730775356292725,0.3551269769668579
1.9732121229171753,0.35512757301330566
1.9732567071914673,0.3551277220249176
1.9732823371887207,0.35512781143188477
1.9733264446258545,0.3551279902458191
1.9734382629394531,0.3551284074783325
1.9735387563705444,0.3551287353038788
1.9736239910125732,0.3551291823387146
1.9736566543579102,0.355129212141037
1.9739822149276733,0.3551304340362549
1.9741029739379883,0.35513076186180115
1.9743777513504028,0.3551316559314728
1.9745649099349976,0.3551322817802429
1.9746150970458984,0.35513240098953247
1.9747281074523926,0.3551327586174011
1.9747620820999146,0.3551328480243683
1.9753855466842651,0.35513460636138916
1.975438117980957,0.35513466596603394
1.9754388332366943,0.3551347255706787
1.9754681587219238,0.3551347851753235
1.9755356311798096,0.35513490438461304
1.975600242614746,0.35513514280319214
1.9758661985397339,0.3551357686519623
1.975931167602539,0.35513585805892944
1.9759358167648315,0.35513588786125183
1.9760382175445557,0.3551361560821533
1.9764552116394043,0.3551369905471802
1.9766154289245605,0.3551372289657593
1.9767372608184814,0.35513749718666077
1.976951003074646,0.3551378846168518
1.9776654243469238,0.3551388382911682
1.977773666381836,0.35513895750045776
1.9778066873550415,0.3551390469074249
1.9779424667358398,0.35513919591903687
1.9782800674438477,0.35513943433761597
1.9782888889312744,0.35513949394226074
1.9782991409301758,0.35513943433761597
1.979071855545044,0.35513991117477417
1.9791724681854248,0.35513991117477417
1.9791816473007202,0.35513997077941895
1.979367971420288,0.35513997077941895
1.979909896850586,0.35513997077941895
1.9800442457199097,0.35513994097709656
1.9801650047302246,0.3551398515701294
1.9803671836853027,0.3551398515701294
1.980460524559021,0.3551398515701294
1.9806760549545288,0.35513973236083984
1.9806790351867676,0.35513967275619507
1.9807120561599731,0.35513967275619507
1.9809012413024902,0.35513946413993835
1.9815224409103394,0.3551389276981354
1.9817392826080322,0.3551385700702667
1.9823614358901978,0.3551377058029175
1.9824239015579224,0.35513758659362793
1.9824795722961426,0.35513749718666077
1.9826480150222778,0.3551372289657593
1.9830902814865112,0.35513633489608765
1.9831688404083252,0.35513612627983093
1.9834922552108765,0.35513541102409363
1.9837312698364258,0.35513484477996826
1.9841560125350952,0.3551337420940399
1.9842078685760498,0.3551335334777832
1.9842908382415771,0.3551333248615265
1.984352707862854,0.35513317584991455
1.9844475984573364,0.3551328778266907
1.984485387802124,0.3551327884197235
1.9846100807189941,0.35513240098953247
1.9847126007080078,0.3551321029663086
1.9848765134811401,0.35513150691986084
1.9848917722702026,0.3551315367221832
1.9849292039871216,0.3551313877105713
1.9851129055023193,0.35513079166412354
1.9854340553283691,0.3551297187805176
1.9854958057403564,0.3551294803619385
1.9855467081069946,0.35512930154800415
1.9857977628707886,0.35512828826904297
1.9858722686767578,0.35512804985046387
1.9863078594207764,0.35512638092041016
1.986311674118042,0.355126291513443
1.9863331317901611,0.35512620210647583
1.9866631031036377,0.35512489080429077
1.9866946935653687,0.3551247715950012
1.9867725372314453,0.3551243841648102
1.9867761135101318,0.3551243543624878
1.9870023727416992,0.355123370885849
1.987313985824585,0.355121910572052
1.9877076148986816,0.35512009263038635
1.9877190589904785,0.3551200032234192
1.9878442287445068,0.35511937737464905
1.9880762100219727,0.35511815547943115
1.988516092300415,0.3551158905029297
1.9889298677444458,0.3551136255264282
1.9891092777252197,0.35511261224746704
1.9893895387649536,0.35511088371276855
1.9897222518920898,0.3551088869571686
1.989915132522583,0.35510772466659546
1.9900282621383667,0.35510700941085815
1.9901154041290283,0.3551064729690552
1.9901835918426514,0.35510602593421936
1.9902400970458984,0.3551056981086731
1.9903292655944824,0.35510504245758057
1.9909148216247559,0.35510116815567017
1.9911285638809204,0.35509970784187317
1.9913055896759033,0.3550984561443329
1.991309642791748,0.3550984859466553
1.9915136098861694,0.3550969362258911
1.991682529449463,0.35509568452835083
1.991731882095337,0.35509541630744934
1.9918547868728638,0.3550946116447449
1.9919041395187378,0.35509413480758667
1.9921120405197144,0.35509252548217773
1.9924238920211792,0.3550902009010315
1.9930129051208496,0.3550855219364166
1.9933133125305176,0.35508307814598083
1.9935003519058228,0.3550814688205719
1.993945598602295,0.3550776243209839
1.9943715333938599,0.3550739288330078
1.9945402145385742,0.3550724387168884
1.9945647716522217,0.3550722002983093
1.9949918985366821,0.35506823658943176
1.9951204061508179,0.35506710410118103
1.9951517581939697,0.35506677627563477
1.995276927947998,0.35506558418273926
1.9953155517578125,0.3550652265548706
1.9953731298446655,0.3550646901130676
1.9956200122833252,0.3550622761249542
1.9957853555679321,0.35506072640419006
1.9961485862731934,0.3550571799278259
1.9963901042938232,0.35505467653274536
1.9963923692703247,0.35505467653274536
1.996463656425476,0.35505396127700806
1.9965074062347412,0.35505348443984985
1.9965192079544067,0.3550533652305603
1.9968606233596802,0.35504984855651855
1.9969861507415771,0.3550485372543335
1.9971745014190674,0.3550466299057007
1.9971885681152344,0.3550463318824768
1.9971916675567627,0.3550463318824768
1.9972240924835205,0.35504600405693054
1.9975234270095825,0.35504281520843506
1.9976098537445068,0.3550419211387634
1.9976822137832642,0.3550410568714142
1.9977552890777588,0.3550402820110321
1.9979840517044067,0.35503774881362915
1.998183012008667,0.35503554344177246
1.9985440969467163,0.35503149032592773
1.9987305402755737,0.3550293445587158
1.998830795288086,0.3550281822681427
1.9993748664855957,0.35502177476882935
1.999382495880127,0.35502171516418457
1.9994193315505981,0.35502123832702637
1.9999377727508545,0.3550149202346802
2.000086784362793,0.3550131320953369
2.000765800476074,0.35500460863113403
2.0008695125579834,0.35500332713127136
2.000991106033325,0.3550017178058624
2.0011050701141357,0.35500022768974304
2.0011250972747803,0.35499995946884155
2.001521348953247,0.35499483346939087
2.001896619796753,0.35498976707458496
2.0021848678588867,0.3549860119819641
2.0022356510162354,0.35498517751693726
2.002237319946289,0.35498517751693726
2.002357006072998,0.35498353838920593
2.002561092376709,0.35498082637786865
2.0029988288879395,0.354974627494812
2.003173589706421,0.3549721837043762
2.00331711769104,0.35497015714645386
2.0037472248077393,0.3549639582633972
2.0038018226623535,0.35496318340301514
2.0040230751037598,0.3549599051475525
2.004150867462158,0.3549579977989197
2.004253387451172,0.3549565076828003
2.0043468475341797,0.3549550771713257
2.0052435398101807,0.3549414873123169
2.0053954124450684,0.35493922233581543
2.005509853363037,0.3549373745918274
2.0058791637420654,0.3549315929412842
2.006106376647949,0.35492801666259766
2.0061161518096924,0.3549278974533081
2.0061492919921875,0.3549273610115051
2.006286859512329,0.35492509603500366
2.006317138671875,0.35492461919784546
2.006655693054199,0.3549191951751709
2.0067107677459717,0.3549182415008545
2.006775140762329,0.3549172282218933
2.007211446762085,0.35491010546684265
2.0072989463806152,0.35490864515304565
2.0074498653411865,0.35490602254867554
2.0074684619903564,0.3549058437347412
2.0078256130218506,0.3548997640609741
2.0079526901245117,0.35489770770072937
2.0080440044403076,0.35489603877067566
2.008070468902588,0.35489553213119507
2.008082866668701,0.35489538311958313
2.0081255435943604,0.35489463806152344
2.0081350803375244,0.3548944592475891
2.0083534717559814,0.3548907935619354
2.0084433555603027,0.3548892140388489
2.008878469467163,0.35488161444664
2.009063720703125,0.35487833619117737
2.009159803390503,0.35487669706344604
2.0094153881073,0.35487210750579834
2.0096099376678467,0.35486865043640137
2.0099875926971436,0.3548617362976074
2.010061740875244,0.3548603951931
2.0102438926696777,0.35485702753067017
2.0106561183929443,0.3548494577407837
2.0106887817382812,0.35484886169433594
2.0107665061950684,0.35484743118286133
2.011070728302002,0.3548416495323181
2.0112786293029785,0.3548377752304077
2.011624574661255,0.35483115911483765
2.011706829071045,0.3548296093940735
2.0119636058807373,0.35482460260391235
2.0124964714050293,0.35481423139572144
2.012575149536133,0.3548126518726349
2.012857437133789,0.35480713844299316
2.013148069381714,0.3548012971878052
2.0132076740264893,0.35480010509490967
2.013214588165283,0.35479992628097534
2.0133895874023438,0.3547964096069336
2.014112949371338,0.3547816276550293
2.01413893699646,0.3547811508178711
2.0142035484313965,0.3547797203063965
2.014636754989624,0.3547706604003906
2.0149941444396973,0.3547632098197937
2.015188217163086,0.3547590970993042
2.0153746604919434,0.354755163192749
2.0154614448547363,0.354753315448761
2.016108512878418,0.354739248752594
2.0162246227264404,0.3547367453575134
2.0164849758148193,0.354731023311615
2.016986846923828,0.35471993684768677
2.0170514583587646,0.3547184467315674
2.0171022415161133,0.35471728444099426
2.0171165466308594,0.354716956615448
2.0171313285827637,0.3547166585922241
2.0171854496002197,0.3547154366970062
2.0172815322875977,0.3547132611274719
2.017322540283203,0.3547123074531555
2.0176546573638916,0.3547048270702362
2.017718553543091,0.3547033667564392
2.0182244777679443,0.354691743850708
2.018303632736206,0.35468995571136475
2.018375873565674,0.35468828678131104
2.0184502601623535,0.3546866178512573
2.018475294113159,0.35468602180480957
2.018890619277954,0.3546763062477112
2.018991708755493,0.3546738624572754
2.0190186500549316,0.3546733558177948
2.019075870513916,0.35467201471328735
2.0191268920898438,0.35467079281806946
2.0191872119903564,0.35466933250427246
2.019228458404541,0.3546683192253113
2.0192739963531494,0.3546673357486725
2.0197365283966064,0.35465627908706665
2.019958019256592,0.3546510338783264
2.0200352668762207,0.3546491265296936
2.020303964614868,0.3546425700187683
2.020482063293457,0.3546382188796997
2.0211246013641357,0.354622483253479
2.021179676055908,0.35462111234664917
2.0214693546295166,0.3546139597892761
2.021552562713623,0.3546117842197418
2.021596670150757,0.35461074113845825
2.0218966007232666,0.3546031713485718
2.022493600845337,0.35458797216415405
2.022540330886841,0.3545868992805481
2.0227057933807373,0.3545825481414795
2.0228159427642822,0.3545798063278198
2.0234060287475586,0.35456448793411255
2.0237998962402344,0.35455411672592163
2.0238354206085205,0.35455322265625
2.0240495204925537,0.3545476794242859
2.02406644821167,0.3545471429824829
2.024139404296875,0.3545451760292053
2.0242183208465576,0.35454317927360535
2.024219512939453,0.35454311966896057
2.02508282661438,0.35451996326446533
2.0251970291137695,0.354516863822937
2.0258448123931885,0.3544991612434387
2.0259222984313965,0.3544970750808716
2.0260255336761475,0.35449424386024475
2.0260701179504395,0.35449302196502686
2.026637077331543,0.35447725653648376
2.0269670486450195,0.3544679880142212
2.0269904136657715,0.35446733236312866
2.027053117752075,0.3544656038284302
2.027830123901367,0.35444343090057373
2.0281121730804443,0.35443538427352905
2.0281519889831543,0.3544342517852783
2.0282673835754395,0.3544309139251709
2.0283854007720947,0.3544274866580963
2.028459072113037,0.354425311088562
2.028568983078003,0.3544221520423889
2.0286190509796143,0.35442066192626953
2.028726100921631,0.3544176518917084
2.028810739517212,0.3544151186943054
2.0291683673858643,0.35440462827682495
2.0292882919311523,0.3544010818004608
2.0294110774993896,0.3543974757194519
2.0294268131256104,0.3543969988822937
2.0297319889068604,0.35438793897628784
2.029905080795288,0.35438284277915955
2.0299172401428223,0.3543824553489685
2.030024766921997,0.35437923669815063
2.0301032066345215,0.3543769419193268
2.0301268100738525,0.3543761372566223
2.030137777328491,0.35437580943107605
2.030156373977661,0.35437530279159546
2.0302329063415527,0.354373037815094
2.03059983253479,0.3543618321418762
2.030866861343384,0.3543538749217987
2.0312273502349854,0.35434281826019287
2.031320810317993,0.35433995723724365
2.0313470363616943,0.3543391227722168
2.0314178466796875,0.3543369770050049
2.0320188999176025,0.35431841015815735
2.032430410385132,0.354305624961853
2.033015727996826,0.3542872369289398
2.033104658126831,0.354284405708313
2.0333709716796875,0.3542758822441101
2.0333709716796875,0.3542758822441101
2.033374309539795,0.35427582263946533
2.0336625576019287,0.3542666435241699
2.0343332290649414,0.35424506664276123
2.0347259044647217,0.3542322516441345
2.034935474395752,0.3542253375053406
2.034942865371704,0.354225218296051
2.035048484802246,0.35422176122665405
2.035141706466675,0.35421863198280334
2.03520131111145,0.35421669483184814
2.0356812477111816,0.3542008399963379
2.0358681678771973,0.35419464111328125
2.0359549522399902,0.35419178009033203
2.0362534523010254,0.35418176651000977
2.036703586578369,0.3541666269302368
2.0368590354919434,0.3541613519191742
2.03747296333313,0.3541404604911804
2.0376224517822266,0.3541353940963745
2.037781238555908,0.35412994027137756
2.0378193855285645,0.3541285991668701
2.037881851196289,0.3541264533996582
2.0385918617248535,0.35410189628601074
2.0386807918548584,0.3540988564491272
2.0391478538513184,0.3540824055671692
2.039215087890625,0.35408005118370056
2.0392775535583496,0.3540778160095215
2.039477586746216,0.35407084226608276
2.039605140686035,0.35406628251075745
2.0396995544433594,0.35406291484832764
2.039933919906616,0.35405462980270386
2.040060043334961,0.3540500998497009
2.040132761001587,0.3540474772453308
2.040189743041992,0.3540455102920532
2.040353536605835,0.35403963923454285
2.040569305419922,0.35403189063072205
2.040583610534668,0.35403138399124146
2.0407798290252686,0.3540242910385132
2.0407843589782715,0.354024201631546
2.040861129760742,0.3540213704109192
2.040868043899536,0.3540211319923401
2.0409317016601562,0.35401880741119385
2.041161298751831,0.35401052236557007
2.0414247512817383,0.354000985622406
2.041761875152588,0.3539886474609375
2.041792392730713,0.35398751497268677
2.0419387817382812,0.353982150554657
2.042205572128296,0.35397225618362427
2.0425021648406982,0.35396134853363037
2.0428552627563477,0.3539482355117798
2.0428850650787354,0.35394713282585144
2.0429277420043945,0.3539454936981201
2.0432679653167725,0.3539326786994934
2.0442001819610596,0.3538975715637207
2.0442686080932617,0.353894978761673
2.0442802906036377,0.35389453172683716
2.0444490909576416,0.35388803482055664
2.044503927230835,0.3538860082626343
2.045154094696045,0.35386109352111816
2.0456383228302,0.3538423180580139
2.04581618309021,0.35383540391921997
2.0458290576934814,0.35383492708206177
2.045882225036621,0.353832870721817
2.0459492206573486,0.3538302183151245
2.0461618900299072,0.35382187366485596
2.046415328979492,0.35381197929382324
2.0468199253082275,0.35379600524902344
2.04719877243042,0.35378095507621765
2.047283172607422,0.3537776470184326
2.047572612762451,0.3537660837173462
2.04768967628479,0.3537614047527313
2.0481090545654297,0.3537445664405823
2.048666000366211,0.35372209548950195
2.0487120151519775,0.35372012853622437
2.048844337463379,0.35371482372283936
2.0488951206207275,0.353712797164917
2.04927396774292,0.3536973297595978
2.049539566040039,0.3536864221096039
2.0501761436462402,0.3536601662635803
2.05021071434021,0.3536587357521057
2.050307273864746,0.3536548316478729
2.0503129959106445,0.35365450382232666
2.05060076713562,0.35364264249801636
2.050615072250366,0.3536420166492462
2.0509073734283447,0.35362979769706726
2.0510830879211426,0.3536224365234375
2.051090717315674,0.3536220192909241
2.051118850708008,0.3536209464073181
2.0512795448303223,0.3536142110824585
2.0514028072357178,0.35360899567604065
2.051523208618164,0.35360389947891235
2.051656484603882,0.35359829664230347
2.0517187118530273,0.3535956144332886
2.05176043510437,0.3535939157009125
2.0517756938934326,0.35359328985214233
2.051825523376465,0.3535911440849304
2.052143096923828,0.3535776138305664
2.0526814460754395,0.3535546660423279
2.052736282348633,0.35355237126350403
2.053057909011841,0.353538453578949
2.0532450675964355,0.3535304367542267
2.053389310836792,0.35352423787117004
2.053558588027954,0.3535168468952179
2.0538532733917236,0.3535041809082031
2.0541112422943115,0.3534929156303406
2.054426670074463,0.3534790873527527
2.0550286769866943,0.3534526228904724
2.0551774501800537,0.3534460663795471
2.0553171634674072,0.3534398376941681
2.0553412437438965,0.3534387946128845
2.055424451828003,0.3534351587295532
2.055851936340332,0.3534160852432251
2.05653977394104,0.3533852696418762
2.056708335876465,0.35337769985198975
2.0567104816436768,0.35337764024734497
2.0567197799682617,0.35337716341018677
2.056854486465454,0.3533710837364197
2.0571043491363525,0.35335981845855713
2.0575506687164307,0.3533394932746887
2.0576558113098145,0.3533346951007843
2.057678461074829,0.3533337116241455
2.058288097381592,0.3533058166503906
2.058453321456909,0.3532981872558594
2.058518886566162,0.35329514741897583
2.058689594268799,0.3532872498035431
2.059507369995117,0.35324934124946594
2.0595457553863525,0.3532474935054779
2.0599794387817383,0.3532272279262543
2.0601630210876465,0.35321861505508423
2.06018328666687,0.3532176613807678
2.060408592224121,0.3532071113586426
2.0609090328216553,0.3531833589076996
2.061302900314331,0.35316458344459534
2.0613760948181152,0.353161096572876
2.0614304542541504,0.35315853357315063
2.0616507530212402,0.35314804315567017
2.0617403984069824,0.35314375162124634
2.0617575645446777,0.3531428575515747
2.06196928024292,0.35313278436660767
2.0620832443237305,0.35312727093696594
2.062128782272339,0.35312512516975403
2.062191963195801,0.3531220257282257
2.0622334480285645,0.35312002897262573
2.0622828006744385,0.35311776399612427
2.062521457672119,0.35310620069503784
2.062577486038208,0.3531034588813782
2.0625905990600586,0.3531028628349304
2.0628116130828857,0.35309213399887085
2.0629565715789795,0.35308510065078735
2.0631039142608643,0.3530779480934143
2.0637006759643555,0.35304874181747437
2.0639045238494873,0.3530387878417969
2.064464569091797,0.35301125049591064
2.064518690109253,0.35300856828689575
2.0645880699157715,0.353005051612854
2.0647971630096436,0.35299474000930786
2.0649619102478027,0.3529866337776184
2.065005302429199,0.35298439860343933
2.065857410430908,0.35294193029403687
2.065944194793701,0.35293740034103394
2.066102981567383,0.3529295027256012
2.0661747455596924,0.3529259264469147
2.0665383338928223,0.35290759801864624
2.067223310470581,0.3528727889060974
2.0674331188201904,0.3528621196746826
2.0675582885742188,0.35285574197769165
2.067563056945801,0.3528554439544678
2.067580461502075,0.35285457968711853
2.0676193237304688,0.3528525233268738
2.068030595779419,0.35283157229423523
2.0685060024261475,0.352806955575943
2.068530797958374,0.3528057336807251
2.068863868713379,0.35278844833374023
2.0691347122192383,0.352774441242218
2.0692696571350098,0.35276734828948975
2.069347381591797,0.352763295173645
2.069347620010376,0.35276326537132263
2.070152759552002,0.35272127389907837
2.0703446865081787,0.3527110815048218
2.070383310317993,0.3527090549468994
2.071035861968994,0.35267454385757446
2.071289300918579,0.3526610732078552
2.0714895725250244,0.35265040397644043
2.0720643997192383,0.3526197373867035
2.0724260807037354,0.35260024666786194
2.0724682807922363,0.35259801149368286
2.0725364685058594,0.35259437561035156
2.072587013244629,0.3525915741920471
2.072713613510132,0.3525847792625427
2.0728485584259033,0.35257747769355774
2.0729496479034424,0.3525720238685608
2.0730626583099365,0.3525658845901489
2.0730934143066406,0.3525642156600952
2.073164463043213,0.3525604009628296
2.0732274055480957,0.35255691409111023
2.07328200340271,0.3525540232658386
2.0733799934387207,0.35254865884780884
2.0734243392944336,0.3525463044643402
2.07344651222229,0.3525450825691223
2.073821544647217,0.35252463817596436
2.0740463733673096,0.35251232981681824
2.07435941696167,0.3524952530860901
2.0746867656707764,0.35247719287872314
2.0747458934783936,0.35247400403022766
2.0755929946899414,0.35242709517478943
2.075759172439575,0.35241788625717163
2.075761556625366,0.3524177074432373
2.0758206844329834,0.35241445899009705
2.076164960861206,0.35239529609680176
2.0766067504882812,0.35237058997154236
2.0766875743865967,0.35236597061157227
2.077005386352539,0.3523481488227844
2.0770468711853027,0.3523457646369934
2.077435255050659,0.35232383012771606
2.077622652053833,0.35231325030326843
2.0783193111419678,0.3522735834121704
2.078413724899292,0.35226818919181824
2.0784454345703125,0.3522663712501526
2.078544855117798,0.3522607088088989
2.0785622596740723,0.35225972533226013
2.0789430141448975,0.3522379398345947
2.0793774127960205,0.35221296548843384
2.0796120166778564,0.3521994650363922
2.0800395011901855,0.3521746098995209
2.080141067504883,0.3521687686443329
2.0801761150360107,0.3521667718887329
2.080230474472046,0.3521636128425598
2.080256462097168,0.35216206312179565
2.0806989669799805,0.35213637351989746
2.0811781883239746,0.352108359336853
2.0812265872955322,0.35210537910461426
2.0815861225128174,0.35208433866500854
2.0820653438568115,0.352056086063385
2.082183599472046,0.3520491123199463
2.082763195037842,0.3520147204399109
2.083582878112793,0.3519657552242279
2.0835914611816406,0.3519653081893921
2.0837206840515137,0.3519575595855713
2.0837793350219727,0.35195398330688477
2.083805799484253,0.35195237398147583
2.083847761154175,0.35194987058639526
2.0838911533355713,0.3519473075866699
2.083986759185791,0.3519415855407715
2.0841524600982666,0.351931631565094
2.0842273235321045,0.35192710161209106
2.0842323303222656,0.3519267439842224
2.084261894226074,0.3519250154495239
2.084327220916748,0.35192105174064636
2.084341287612915,0.3519202470779419
2.0847995281219482,0.35189253091812134
2.084857225418091,0.351889044046402
2.084972381591797,0.35188204050064087
2.085583209991455,0.351844847202301
2.0856966972351074,0.3518379330635071
2.085730791091919,0.35183584690093994
2.0865747928619385,0.3517841696739197
2.0866897106170654,0.3517770767211914
2.086747646331787,0.3517735004425049
2.0869672298431396,0.35175997018814087
2.0875213146209717,0.35172563791275024
2.0878164768218994,0.3517072796821594
2.087834596633911,0.3517061471939087
2.0880112648010254,0.35169517993927
2.088190793991089,0.351684033870697
2.088679075241089,0.35165339708328247
2.0888984203338623,0.35163968801498413
2.089198589324951,0.35162079334259033
2.0892724990844727,0.3516162037849426
2.089303970336914,0.35161417722702026
2.0894887447357178,0.3516025245189667
2.0898444652557373,0.35158002376556396
2.0898685455322266,0.3515784740447998
2.0902187824249268,0.35155633091926575
2.091006278991699,0.35150617361068726
2.091172933578491,0.3514954149723053
2.091181993484497,0.3514949679374695
2.091183662414551,0.35149484872817993
2.0915136337280273,0.3514736294746399
2.091768503189087,0.35145723819732666
2.0920088291168213,0.35144174098968506
2.0920772552490234,0.3514373302459717
2.092240810394287,0.3514268398284912
2.092988967895508,0.35137832164764404
2.0930702686309814,0.35137301683425903
2.093092441558838,0.35137155652046204
2.094003677368164,0.35131213068962097
2.094585657119751,0.3512738347053528
2.094719886779785,0.351265013217926
2.094748020172119,0.3512631952762604
2.0947749614715576,0.3512614369392395
2.0948729515075684,0.351254940032959
2.0949289798736572,0.35125118494033813
2.095078945159912,0.3512413501739502
2.0951051712036133,0.35123956203460693
2.095221519470215,0.3512318730354309
2.0953195095062256,0.3512253761291504
2.095425605773926,0.3512183725833893
2.095548152923584,0.35121017694473267
2.0957539081573486,0.3511965870857239
2.0958847999572754,0.35118788480758667
2.0959200859069824,0.35118556022644043
2.0962905883789062,0.35116076469421387
2.096416711807251,0.3511524200439453
2.0967323780059814,0.35113129019737244
2.09706974029541,0.3511086702346802
2.0975356101989746,0.35107719898223877
2.0975704193115234,0.3510749340057373
2.097757577896118,0.35106223821640015
2.0981428623199463,0.3510362505912781
2.0983588695526123,0.3510216176509857
2.098663091659546,0.35100090503692627
2.0989973545074463,0.35097819566726685
2.0994515419006348,0.3509470522403717
2.0997085571289062,0.3509295582771301
2.099755048751831,0.35092633962631226
2.1000707149505615,0.35090452432632446
2.1001415252685547,0.3508997857570648
2.100156307220459,0.35089871287345886
2.1003317832946777,0.35088664293289185
2.1004531383514404,0.3508782982826233
2.1007375717163086,0.3508586585521698
2.1010560989379883,0.3508365750312805
2.101142168045044,0.35083064436912537
2.101840019226074,0.35078203678131104
2.1020989418029785,0.35076403617858887
2.102125883102417,0.35076212882995605
2.10229754447937,0.3507501482963562
2.1028380393981934,0.35071226954460144
2.102936029434204,0.3507053554058075
2.103296995162964,0.3506799340248108
2.103384256362915,0.3506737947463989
2.1037583351135254,0.3506473898887634
2.104017972946167,0.3506290018558502
2.1040520668029785,0.35062655806541443
2.104360342025757,0.3506046533584595
2.1052114963531494,0.3505439758300781
2.1054441928863525,0.3505273461341858
2.1055500507354736,0.35051971673965454
2.1057522296905518,0.3505052924156189
2.1059203147888184,0.3504931330680847
2.105940341949463,0.35049179196357727
2.1059558391571045,0.35049062967300415
2.106085777282715,0.3504812717437744
2.106130361557007,0.3504781126976013
2.10644268989563,0.3504555821418762
2.1064817905426025,0.350452721118927
2.1067862510681152,0.35043078660964966
2.1070122718811035,0.35041433572769165
2.1071996688842773,0.35040080547332764
2.1072473526000977,0.3503973186016083
2.1073379516601562,0.3503907322883606
2.1077537536621094,0.3503604829311371
2.107795238494873,0.3503574728965759
2.1083760261535645,0.35031506419181824
2.1084647178649902,0.35030853748321533
2.10847806930542,0.3503075838088989
2.108793258666992,0.3502844572067261
2.1092021465301514,0.3502543866634369
2.1092870235443115,0.3502481281757355
2.1094918251037598,0.3502331078052521
2.1100072860717773,0.3501949906349182
2.110713481903076,0.35014253854751587
2.110935688018799,0.3501259982585907
2.1110029220581055,0.3501209616661072
2.1110222339630127,0.35011956095695496
2.111078977584839,0.3501152992248535
2.1112968921661377,0.35009902715682983
2.1114392280578613,0.3500884175300598
2.111624002456665,0.3500745892524719
2.111734628677368,0.35006624460220337
2.111889600753784,0.35005468130111694
2.112382650375366,0.35001763701438904
2.112677574157715,0.34999531507492065
2.113011360168457,0.34997010231018066
2.1130902767181396,0.3499641418457031
2.113381862640381,0.349942147731781
2.113666534423828,0.34992048144340515
2.113805055618286,0.3499099016189575
2.114961862564087,0.34982162714004517
2.114985704421997,0.3498198390007019
2.114997148513794,0.34981897473335266
2.1150128841400146,0.34981769323349
2.1152491569519043,0.34979957342147827
2.115699291229248,0.34976500272750854
2.1162965297698975,0.3497188985347748
2.1163837909698486,0.3497121334075928
2.116387367248535,0.3497118651866913
2.116624355316162,0.3496934771537781
2.11675763130188,0.34968313574790955
2.116814613342285,0.34967875480651855
2.117055892944336,0.34966009855270386
2.1172778606414795,0.34964269399642944
2.117511510848999,0.34962454438209534
2.1175994873046875,0.3496176600456238
2.1176795959472656,0.34961143136024475
2.1180765628814697,0.3495803773403168
2.118135452270508,0.3495757579803467
2.1188344955444336,0.34952089190483093
2.118887424468994,0.34951668977737427
2.1189022064208984,0.34951555728912354
2.119187116622925,0.349493145942688
2.1193735599517822,0.3494783937931061
2.1194040775299072,0.34947603940963745
2.119649648666382,0.3494565486907959
2.119856119155884,0.3494402766227722
2.1200528144836426,0.34942466020584106
2.1203219890594482,0.3494033217430115
2.120400905609131,0.34939706325531006
2.1210429668426514,0.3493459224700928
2.1216952800750732,0.34929370880126953
2.1217942237854004,0.3492857813835144
2.1218442916870117,0.34928178787231445
2.1219165325164795,0.3492759168148041
2.1224491596221924,0.34923315048217773
2.1225032806396484,0.3492288291454315
2.122694969177246,0.3492133319377899
2.122720241546631,0.3492112159729004
2.122814416885376,0.3492036461830139
2.123106002807617,0.34918013215065
2.123520851135254,0.3491465449333191
2.1235907077789307,0.34914085268974304
2.123912811279297,0.34911471605300903
2.1240763664245605,0.3491014242172241
2.1244382858276367,0.3490719199180603
2.124495267868042,0.34906721115112305
2.124685764312744,0.34905171394348145
2.1259262561798096,0.34894996881484985
2.12595534324646,0.34894752502441406
2.126569986343384,0.3488968014717102
2.1266486644744873,0.34889036417007446
2.1267123222351074,0.3488849997520447
2.1270055770874023,0.3488607406616211
2.127143144607544,0.348849356174469
2.1272213459014893,0.3488427996635437
2.1274893283843994,0.34882059693336487
2.1275315284729004,0.3488170802593231
2.127591133117676,0.3488121032714844
2.127683639526367,0.34880441427230835
2.127999782562256,0.34877809882164
2.128516435623169,0.34873485565185547
2.128565788269043,0.34873074293136597
2.128791570663452,0.34871187806129456
2.1289050579071045,0.3487023711204529
2.1292922496795654,0.3486698567867279
2.1300106048583984,0.34860920906066895
2.1302990913391113,0.34858494997024536
2.1303164958953857,0.3485834002494812
2.130444049835205,0.34857261180877686
2.130462169647217,0.3485710620880127
2.1305899620056152,0.34856027364730835
2.130890130996704,0.34853482246398926
2.1309115886688232,0.348533034324646
2.130948305130005,0.3485298156738281
2.1311557292938232,0.34851229190826416
2.1314852237701416,0.34848421812057495
2.132105827331543,0.34843119978904724
2.1326465606689453,0.34838494658470154
2.1326560974121094,0.3483840823173523
2.1326816082000732,0.3483818769454956
2.1328253746032715,0.3483695387840271
2.133375406265259,0.34832221269607544
2.1334848403930664,0.3483127951622009
2.133549451828003,0.34830716252326965
2.134296417236328,0.3482426404953003
2.134305238723755,0.3482418656349182
2.134371519088745,0.348236083984375
2.1344449520111084,0.34822970628738403
2.1347663402557373,0.3482018709182739
2.1348061561584473,0.34819847345352173
2.1350862979888916,0.3481740355491638
2.1353254318237305,0.34815317392349243
2.135467767715454,0.3481408357620239
2.135580062866211,0.3481309711933136
2.1368813514709473,0.34801697731018066
2.1369123458862305,0.348014235496521
2.13798451423645,0.34791961312294006
2.1380646228790283,0.3479125499725342
2.138134241104126,0.34790632128715515
2.138145685195923,0.34790536761283875
2.1382791996002197,0.34789353609085083
2.1382837295532227,0.3478931188583374
2.138347864151001,0.3478873670101166
2.1384217739105225,0.3478807806968689
2.138564348220825,0.3478682041168213
2.1386454105377197,0.3478609323501587
2.1389641761779785,0.3478326201438904
2.1394450664520264,0.34778982400894165
2.139498233795166,0.3477850556373596
2.1397337913513184,0.34776395559310913
2.14048433303833,0.3476966917514801
2.141167402267456,0.3476352095603943
2.1412179470062256,0.34763067960739136
2.1412429809570312,0.3476284444332123
2.1417806148529053,0.3475799262523651
2.1419613361358643,0.3475634753704071
2.1419615745544434,0.3475634455680847
2.141993284225464,0.34756070375442505
2.142071485519409,0.3475534915924072
2.142077922821045,0.34755295515060425
2.1420979499816895,0.3475511372089386
2.1425416469573975,0.3475109338760376
2.143198013305664,0.34745121002197266
2.143493175506592,0.3474242687225342
2.143515110015869,0.34742221236228943
2.1435985565185547,0.34741467237472534
2.1437509059906006,0.3474006652832031
2.144240379333496,0.34735584259033203
2.1443779468536377,0.34734320640563965
2.144547700881958,0.34732764959335327
2.145230293273926,0.34726476669311523
2.1456923484802246,0.34722214937210083
2.1457512378692627,0.34721672534942627
2.145768404006958,0.3472151756286621
2.1458804607391357,0.3472048044204712
2.1459105014801025,0.34720200300216675
2.1461219787597656,0.3471824526786804
2.1461591720581055,0.34717893600463867
2.146472692489624,0.34714990854263306
2.146488904953003,0.3471483588218689
2.147793769836426,0.3470268249511719
2.1479222774505615,0.34701478481292725
2.1488218307495117,0.34693044424057007
2.1489152908325195,0.34692174196243286
2.149200201034546,0.3468948304653168
2.1492509841918945,0.34689003229141235
2.149458646774292,0.346870481967926
2.149519681930542,0.3468647003173828
2.1495485305786133,0.3468620181083679
2.1496758460998535,0.34685003757476807
2.1497297286987305,0.3468448519706726
2.1499111652374268,0.34682774543762207
2.1499502658843994,0.3468240797519684
2.1503171920776367,0.34678930044174194
2.150458812713623,0.3467758893966675
2.150563955307007,0.3467659056186676
2.152111291885376,0.34661856293678284
2.152207374572754,0.34660929441452026
2.1523594856262207,0.3465946912765503
2.1526613235473633,0.346565842628479
2.152836561203003,0.34654897451400757
2.153228282928467,0.3465113639831543
2.153273820877075,0.3465070128440857
2.1533002853393555,0.3465043902397156
2.1534523963928223,0.3464897871017456
2.153571128845215,0.34647834300994873
2.153679370880127,0.34646785259246826
2.1543211936950684,0.34640586376190186
2.154334545135498,0.3464045822620392
2.154345750808716,0.3464035391807556
2.154524564743042,0.34638622403144836
2.1546947956085205,0.34636974334716797
2.1550989151000977,0.346330463886261
2.1552066802978516,0.3463200330734253
2.155639886856079,0.3462778329849243
2.156099319458008,0.346233069896698
2.156571865081787,0.34618687629699707
2.156996726989746,0.34614527225494385
2.157024383544922,0.34614256024360657
2.15702486038208,0.346142441034317
2.1571848392486572,0.3461267948150635
2.1572017669677734,0.34612518548965454
2.157414436340332,0.3461041748523712
2.157444715499878,0.34610119462013245
2.157454490661621,0.3461002707481384
2.1586952209472656,0.34597790241241455
2.1589579582214355,0.3459518849849701
2.1596553325653076,0.34588271379470825
2.1597740650177,0.3458709418773651
2.1600468158721924,0.34584373235702515
2.1600794792175293,0.3458404541015625
2.160367488861084,0.34581178426742554
2.1607277393341064,0.3457757830619812
2.1607859134674072,0.3457699716091156
2.1609199047088623,0.3457565903663635
2.1609601974487305,0.3457525372505188
2.161182165145874,0.34573036432266235
2.161193370819092,0.34572920203208923
2.161397695541382,0.3457087278366089
2.1614012718200684,0.34570837020874023
2.161527156829834,0.3456957936286926
2.1629974842071533,0.34554773569107056
2.163193464279175,0.34552791714668274
2.16355562210083,0.3454911708831787
2.163687229156494,0.3454778790473938
2.1644179821014404,0.34540364146232605
2.1644203662872314,0.34540337324142456
2.1645760536193848,0.3453875780105591
2.1646065711975098,0.3453844487667084
2.1649155616760254,0.3453529477119446
2.1651718616485596,0.34532681107521057
2.165174961090088,0.3453264534473419
2.1652636528015137,0.34531742334365845
2.1654369831085205,0.34529972076416016
2.165477991104126,0.3452955186367035
2.165659189224243,0.3452770709991455
2.1659512519836426,0.3452470302581787
2.16603684425354,0.3452383279800415
2.1667630672454834,0.3451637327671051
2.166980028152466,0.34514135122299194
2.1674437522888184,0.3450935482978821
2.167840003967285,0.3450525403022766
2.1681087017059326,0.3450247645378113
2.1682653427124023,0.3450085520744324
2.1682770252227783,0.34500735998153687
2.168358325958252,0.34499889612197876
2.1684153079986572,0.344992995262146
2.168604612350464,0.3449733853340149
2.1689863204956055,0.3449336886405945
2.169588565826416,0.344870924949646
2.170020818710327,0.3448258340358734
2.1704859733581543,0.3447771370410919
2.1706430912017822,0.3447607159614563
2.1708881855010986,0.3447350561618805
2.170908212661743,0.34473294019699097
2.171293020248413,0.34469252824783325
2.1718156337738037,0.3446374535560608
2.171903371810913,0.3446282744407654
2.1719958782196045,0.34461846947669983
2.1720407009124756,0.3446137309074402
2.1722352504730225,0.3445932865142822
2.1722588539123535,0.3445907533168793
2.1723275184631348,0.3445834815502167
2.17268443107605,0.34454572200775146
2.173128604888916,0.3444986343383789
2.1738767623901367,0.3444192409515381
2.174203395843506,0.34438446164131165
2.174464464187622,0.3443566560745239
2.174546003341675,0.34434792399406433
2.1755318641662598,0.34424248337745667
2.175557851791382,0.3442397117614746
2.175880193710327,0.3442051410675049
2.1760034561157227,0.34419187903404236
2.1760053634643555,0.3441917300224304
2.1763384342193604,0.3441559672355652
2.176348924636841,0.34415480494499207
2.176645278930664,0.34412282705307007
2.1766700744628906,0.34412020444869995
2.176797866821289,0.34410637617111206
2.176827907562256,0.34410321712493896
2.176870584487915,0.3440985679626465
2.1778743267059326,0.3439900875091553
2.177919864654541,0.3439851999282837
2.1783089637756348,0.34394294023513794
2.1786906719207764,0.34390151500701904
2.1791651248931885,0.34384989738464355
2.1793227195739746,0.34383273124694824
2.1793577671051025,0.34382885694503784
2.1794002056121826,0.34382420778274536
2.1794731616973877,0.34381628036499023
2.179975986480713,0.3437613248825073
2.1804747581481934,0.34370681643486023
2.1805038452148438,0.3437035083770752
2.1811130046844482,0.34363672137260437
2.1813151836395264,0.34361448884010315
2.1815237998962402,0.343591570854187
2.18172550201416,0.3435693383216858
2.1817383766174316,0.3435679078102112
2.182236909866333,0.34351295232772827
2.1828205585479736,0.34344837069511414
2.1828930377960205,0.3434404134750366
2.1830475330352783,0.3434232473373413
2.183058738708496,0.343421995639801
2.1830785274505615,0.3434198200702667
2.1832399368286133,0.3434019684791565
2.183565139770508,0.34336578845977783
2.184147596359253,0.34330105781555176
2.1847126483917236,0.34323805570602417
2.184748888015747,0.343234121799469
2.18523907661438,0.34317928552627563
2.185389995574951,0.3431623876094818
2.185415029525757,0.34315961599349976
2.186518669128418,0.3430356979370117
2.1866161823272705,0.34302473068237305
2.1868321895599365,0.3430004119873047
2.186836004257202,0.34299999475479126
2.1871206760406494,0.3429679274559021
2.1872317790985107,0.34295541048049927
2.1876392364501953,0.3429093360900879
2.187655210494995,0.34290754795074463
2.1877081394195557,0.3429015874862671
2.1877517700195312,0.34289658069610596
2.1883695125579834,0.3428267240524292
2.1887831687927246,0.3427797555923462
2.1891119480133057,0.342742383480072
2.1891674995422363,0.3427360951900482
2.189549446105957,0.34269264340400696
2.190194606781006,0.34261906147003174
2.19028377532959,0.34260880947113037
2.1903088092803955,0.3426058888435364
2.1905570030212402,0.34257763624191284
2.1906490325927734,0.3425670862197876
2.191314935684204,0.34249070286750793
2.1913540363311768,0.34248626232147217
2.1919949054718018,0.34241268038749695
2.192143678665161,0.34239548444747925
2.1922361850738525,0.34238481521606445
2.192418098449707,0.3423638641834259
2.192559003829956,0.3423476219177246
2.1925721168518066,0.34234607219696045
2.1932013034820557,0.34227341413497925
2.193739652633667,0.3422110676765442
2.1938023567199707,0.34220385551452637
2.1939291954040527,0.34218913316726685
2.194141387939453,0.34216445684432983
2.194150924682617,0.34216341376304626
2.1941614151000977,0.3421621322631836
2.194838762283325,0.3420833945274353
2.1955809593200684,0.34199678897857666
2.1956138610839844,0.3419930040836334
2.196276903152466,0.34191545844078064
2.196295738220215,0.34191322326660156
2.1963019371032715,0.34191247820854187
2.196333885192871,0.3419087827205658
2.1974611282348633,0.34177640080451965
2.197662353515625,0.34175270795822144
2.197665214538574,0.34175240993499756
2.1976723670959473,0.3417515158653259
2.198117971420288,0.3416990637779236
2.1983284950256348,0.34167417883872986
2.198476552963257,0.34165674448013306
2.1985514163970947,0.3416478633880615
2.198690891265869,0.34163138270378113
2.1991231441497803,0.34158021211624146
2.1997087001800537,0.3415107727050781
2.1998870372772217,0.3414895534515381
2.2000198364257812,0.3414738178253174
2.200418472290039,0.3414263129234314
2.2011961936950684,0.34133368730545044
2.201199531555176,0.34133321046829224
2.2013187408447266,0.3413189649581909
2.201749086380005,0.34126752614974976
2.2017931938171387,0.3412622809410095
2.202226161956787,0.3412103056907654
2.2026212215423584,0.34116291999816895
2.202972412109375,0.34112071990966797
2.203326940536499,0.34107816219329834
2.2033896446228027,0.3410705327987671
2.20339298248291,0.34107017517089844
2.2034096717834473,0.3410680890083313
2.203458070755005,0.3410623073577881
2.2041873931884766,0.34097427129745483
2.2045810222625732,0.3409267067909241
2.2047629356384277,0.3409046530723572
2.2047879695892334,0.340901643037796
2.2050344944000244,0.34087181091308594
2.2052457332611084,0.3408461809158325
2.2052741050720215,0.34084266424179077
2.2060792446136475,0.34074491262435913
2.206472396850586,0.3406970500946045
2.206983804702759,0.34063464403152466
2.2071900367736816,0.3406093716621399
2.2072982788085938,0.34059616923332214
2.2073941230773926,0.3405844271183014
2.2078187465667725,0.34053245186805725
2.2083871364593506,0.34046274423599243
2.208493709564209,0.3404496908187866
2.20849609375,0.34044939279556274
2.2087020874023438,0.3404240012168884
2.2089972496032715,0.340387761592865
2.2093100547790527,0.3403492569923401
2.209402084350586,0.340337872505188
2.2095043659210205,0.3403252363204956
2.2097537517547607,0.3402944803237915
2.2104620933532715,0.34020695090293884
2.2106525897979736,0.34018343687057495
2.2108664512634277,0.3401568531990051
2.211299180984497,0.34010323882102966
2.2113780975341797,0.34009337425231934
2.212097644805908,0.34000396728515625
2.212181329727173,0.33999353647232056
2.2123544216156006,0.33997201919555664
2.212907075881958,0.33990299701690674
2.2130911350250244,0.3398800194263458
2.2138025760650635,0.33979105949401855
2.213894844055176,0.33977943658828735
2.214218854904175,0.3397388458251953
2.214252471923828,0.33973464369773865
2.2142529487609863,0.3397345244884491
2.214585065841675,0.3396928310394287
2.2148914337158203,0.33965426683425903
2.2151973247528076,0.3396158814430237
2.2154183387756348,0.3395880460739136
2.2156569957733154,0.3395578861236572
2.215705394744873,0.33955174684524536
2.215920925140381,0.3395245671272278
2.2163021564483643,0.3394763469696045
2.216430902481079,0.33946019411087036
2.217287302017212,0.33935168385505676
2.217324733734131,0.33934682607650757
2.2180988788604736,0.3392484784126282
2.2182843685150146,0.3392248749732971
2.218355178833008,0.3392159342765808
2.218517303466797,0.339195191860199
2.219299554824829,0.3390953540802002
2.219322443008423,0.3390924632549286
2.2193336486816406,0.339091032743454
2.2193362712860107,0.3390907049179077
2.2197070121765137,0.33904320001602173
2.219869375228882,0.3390224575996399
2.2201406955718994,0.33898767828941345
2.2202608585357666,0.338972270488739
2.2206485271453857,0.33892253041267395
2.220845937728882,0.33889713883399963
2.2216169834136963,0.338797926902771
2.221707820892334,0.338786244392395
2.221768379211426,0.33877840638160706
2.222193479537964,0.3387235999107361
2.222841262817383,0.3386397957801819
2.2229909896850586,0.3386204242706299
2.223142147064209,0.33860087394714355
2.223417282104492,0.3385651707649231
2.223949670791626,0.3384961485862732
2.2239913940429688,0.3384906053543091
2.2246363162994385,0.3384067416191101
2.2250473499298096,0.3383532166481018
2.2251036167144775,0.33834579586982727
2.225135326385498,0.3383416533470154
2.225196361541748,0.33833375573158264
2.2262330055236816,0.3381982445716858
2.2262518405914307,0.33819568157196045
2.2262942790985107,0.3381901979446411
2.2265377044677734,0.3381583094596863
2.2266316413879395,0.3381459712982178
2.2268002033233643,0.33812379837036133
2.2273316383361816,0.33805400133132935
2.2276229858398438,0.33801570534706116
2.2281713485717773,0.33794349431991577
2.2284629344940186,0.3379051089286804
2.2290244102478027,0.3378308415412903
2.2292943000793457,0.3377951979637146
2.2296741008758545,0.33774489164352417
2.229694128036499,0.3377421498298645
2.2301526069641113,0.3376814126968384
2.2301769256591797,0.3376781940460205
2.230201005935669,0.33767497539520264
2.2306888103485107,0.33761024475097656
2.230734348297119,0.3376040756702423
2.2308270931243896,0.3375917673110962
2.2309699058532715,0.3375726342201233
2.2311298847198486,0.337551474571228
2.231762409210205,0.33746716380119324
2.231969118118286,0.33743953704833984
2.2325448989868164,0.33736249804496765
2.232603073120117,0.33735477924346924
2.233042001724243,0.3372959494590759
2.233102321624756,0.33728790283203125
2.233877182006836,0.3371838927268982
2.2340846061706543,0.3371559977531433
2.234274387359619,0.33713042736053467
2.2345094680786133,0.3370988368988037
2.234802007675171,0.3370593190193176
2.2350475788116455,0.3370262384414673
2.235473871231079,0.33696869015693665
2.2358760833740234,0.3369142413139343
2.235962390899658,0.3369026184082031
2.2361607551574707,0.3368757367134094
2.2363433837890625,0.33685100078582764
2.2370824813842773,0.33675074577331543
2.2372958660125732,0.3367217183113098
2.2374320030212402,0.33670318126678467
2.237544059753418,0.33668798208236694
2.2376656532287598,0.3366714119911194
2.2376723289489746,0.33667051792144775
2.2383365631103516,0.3365800380706787
2.2390127182006836,0.33648771047592163
2.239607095718384,0.3364063501358032
2.2399682998657227,0.33635684847831726
2.2403299808502197,0.33630722761154175
2.240866184234619,0.33623358607292175
2.2409863471984863,0.3362169563770294
2.2410004138946533,0.336215078830719
2.241027593612671,0.33621132373809814
2.2410943508148193,0.33620214462280273
2.2415928840637207,0.3361334204673767
2.2416493892669678,0.3361256718635559
2.2417984008789062,0.3361051082611084
2.2420105934143066,0.3360758423805237
2.2422902584075928,0.33603721857070923
2.242846727371216,0.3359602689743042
2.2431259155273438,0.33592161536216736
2.2433786392211914,0.33588656783103943
2.2436130046844482,0.33585411310195923
2.244027853012085,0.3357965350151062
2.2442824840545654,0.33576107025146484
2.2447564601898193,0.33569514751434326
2.2450106143951416,0.3356597423553467
2.2456326484680176,0.3355729579925537
2.2456486225128174,0.33557063341140747
2.2456774711608887,0.33556675910949707
2.246077299118042,0.335510790348053
2.246317148208618,0.33547723293304443
2.246706247329712,0.3354227840900421
2.2468314170837402,0.33540523052215576
2.2471468448638916,0.335361123085022
2.247519016265869,0.33530884981155396
2.2479116916656494,0.33525359630584717
2.2483408451080322,0.3351931571960449
2.2483880519866943,0.33518654108047485
2.248445510864258,0.3351784348487854
2.248537302017212,0.3351655602455139
2.249004602432251,0.3350995182991028
2.2493183612823486,0.3350553512573242
2.249850034713745,0.3349801301956177
2.250720977783203,0.3348567485809326
2.2509326934814453,0.3348267078399658
2.2513928413391113,0.3347613215446472
2.251823902130127,0.33469998836517334
2.2518863677978516,0.3346910774707794
2.2519805431365967,0.33467763662338257
2.2522740364074707,0.3346358835697174
2.2524452209472656,0.3346114456653595
2.252591848373413,0.3345905542373657
2.25262713432312,0.3345854878425598
2.2529048919677734,0.3345458507537842
2.253723621368408,0.33442872762680054
2.2539029121398926,0.33440303802490234
2.254209041595459,0.33435916900634766
2.2543179988861084,0.33434364199638367
2.2546486854553223,0.3342961072921753
2.254971742630005,0.33424973487854004
2.25549054145813,0.33417508006095886
2.2556285858154297,0.3341551423072815
2.25592303276062,0.3341127336025238
2.2564899921417236,0.33403104543685913
2.256789445877075,0.3339877724647522
2.2570486068725586,0.3339502811431885
2.257082223892212,0.3339453935623169
2.2571678161621094,0.3339330554008484
2.257539987564087,0.33387911319732666
2.2577121257781982,0.33385419845581055
2.2581567764282227,0.3337897062301636
2.2586631774902344,0.3337162137031555
2.258740186691284,0.33370500802993774
2.2592663764953613,0.33362844586372375
2.259338617324829,0.3336179256439209
2.2593958377838135,0.33360955119132996
2.2595112323760986,0.3335927128791809
2.2602791786193848,0.3334807753562927
2.2603108882904053,0.33347615599632263
2.260683536529541,0.33342164754867554
2.261805295944214,0.33325737714767456
2.261918783187866,0.33324068784713745
2.2624850273132324,0.33315759897232056
2.262667179107666,0.3331308960914612
2.2627553939819336,0.33311784267425537
2.26285982131958,0.3331025242805481
2.263291835784912,0.333038866519928
2.2634572982788086,0.33301448822021484
2.263514518737793,0.33300602436065674
2.2635180950164795,0.3330055773258209
2.2638137340545654,0.3329619765281677
2.264932632446289,0.33279654383659363
2.26503849029541,0.3327808976173401
2.2651264667510986,0.3327678442001343
2.265711545944214,0.3326810896396637
2.2659361362457275,0.33264780044555664
2.266493558883667,0.33256494998931885
2.2666661739349365,0.33253929018974304
2.26682448387146,0.3325157165527344
2.267327308654785,0.3324408531188965
2.26798152923584,0.3323432207107544
2.26802659034729,0.3323364853858948
2.268064022064209,0.33233094215393066
2.2683775424957275,0.3322840929031372
2.268387794494629,0.33228254318237305
2.268606424331665,0.33224985003471375
2.2691924571990967,0.33216217160224915
2.269568920135498,0.3321056365966797
2.2697770595550537,0.3320744037628174
2.2702102661132812,0.33200931549072266
2.2702250480651855,0.3320070803165436
2.2702481746673584,0.33200371265411377
2.2706680297851562,0.33194050192832947
2.27122163772583,0.3318571448326111
2.2715141773223877,0.3318130671977997
2.2715845108032227,0.33180245757102966
2.2728617191314697,0.3316093683242798
2.2729287147521973,0.33159929513931274
2.2735178470611572,0.3315100073814392
2.2736082077026367,0.3314962089061737
2.2736361026763916,0.3314920663833618
2.2737319469451904,0.33147746324539185
2.2741332054138184,0.3314165771007538
2.2742910385131836,0.3313925862312317
2.274430513381958,0.33137133717536926
2.2747223377227783,0.33132702112197876
2.2747392654418945,0.33132433891296387
2.275866985321045,0.3311524987220764
2.275937557220459,0.3311416506767273
2.2764978408813477,0.33105605840682983
2.276803731918335,0.33100926876068115
2.2769222259521484,0.33099108934402466
2.2773520946502686,0.3309252858161926
2.2777178287506104,0.3308691382408142
2.2778103351593018,0.3308549225330353
2.278160810470581,0.3308011293411255
2.278895616531372,0.33068811893463135
2.279024600982666,0.33066821098327637
2.2792208194732666,0.33063802123069763
2.279515266418457,0.33059263229370117
2.279694080352783,0.3305651545524597
2.2802553176879883,0.3304784297943115
2.2803990840911865,0.3304561376571655
2.2808613777160645,0.33038467168807983
2.281094789505005,0.33034849166870117
2.281104326248169,0.33034706115722656
2.281174659729004,0.33033618330955505
2.281860113143921,0.33022990822792053
2.2821476459503174,0.3301852345466614
2.2823433876037598,0.3301548659801483
2.282824993133545,0.33007997274398804
2.283891201019287,0.329913854598999
2.2839643955230713,0.32990241050720215
2.284376621246338,0.3298380374908447
2.2845304012298584,0.32981395721435547
2.2845969200134277,0.32980358600616455
2.2847650051116943,0.3297773003578186
2.28497052192688,0.3297451138496399
2.285128593444824,0.3297204077243805
2.285331964492798,0.32968854904174805
2.2856831550598145,0.329633504152298
2.285898208618164,0.3295997381210327
2.2866954803466797,0.32947462797164917
2.286919355392456,0.32943934202194214
2.287836790084839,0.32929491996765137
2.2879269123077393,0.32928067445755005
2.2879321575164795,0.3292798101902008
2.2882044315338135,0.3292369246482849
2.2886040210723877,0.3291737139225006
2.288924217224121,0.32912319898605347
2.2889914512634277,0.32911252975463867
2.28977632522583,0.328988254070282
2.2899670600891113,0.32895803451538086
2.290071487426758,0.3289414644241333
2.290440797805786,0.3288828730583191
2.2909674644470215,0.32879921793937683
2.2912328243255615,0.32875698804855347
2.2913475036621094,0.328738808631897
2.2919178009033203,0.3286478817462921
2.291936159133911,0.3286450505256653
2.2919764518737793,0.32863855361938477
2.292160749435425,0.3286092281341553
2.293060064315796,0.3284655809402466
2.2931718826293945,0.32844775915145874
2.2940330505371094,0.32830995321273804
2.294896125793457,0.3281714916229248
2.295027256011963,0.3281503915786743
2.29524564743042,0.3281153440475464
2.2954392433166504,0.3280842900276184
2.2954554557800293,0.32808157801628113
2.295804023742676,0.3280255198478699
2.295957088470459,0.32800084352493286
2.2959718704223633,0.3279985189437866
2.296225070953369,0.3279576897621155
2.296647548675537,0.327889621257782
2.2970423698425293,0.3278258442878723
2.2975258827209473,0.32774776220321655
2.297879934310913,0.327690452337265
2.2989678382873535,0.3275142312049866
2.29905104637146,0.32750073075294495
2.299083709716797,0.32749539613723755
2.299143075942993,0.32748574018478394
2.299483299255371,0.3274305462837219
2.2998206615448,0.3273756802082062
2.300008535385132,0.32734519243240356
2.300670623779297,0.3272373676300049
2.3008933067321777,0.32720112800598145
2.3009302616119385,0.32719504833221436
2.301384687423706,0.32712095975875854
2.302070379257202,0.32700884342193604
2.3022079467773438,0.3269863724708557
2.3024706840515137,0.32694336771965027
2.3027734756469727,0.32689380645751953
2.3028414249420166,0.32688266038894653
2.3029472827911377,0.3268653154373169
2.303170680999756,0.3268287181854248
2.3039615154266357,0.326698899269104
2.3040006160736084,0.3266925811767578
2.305208683013916,0.32649368047714233
2.305877923965454,0.32638341188430786
2.306119441986084,0.3263434171676636
2.306126356124878,0.3263423442840576
2.306307792663574,0.32631242275238037
2.3063647747039795,0.3263029456138611
2.3066346645355225,0.3262583017349243
2.3068225383758545,0.32622724771499634
2.3071115016937256,0.3261794149875641
2.307633638381958,0.3260928988456726
2.3081562519073486,0.3260062336921692
2.3083596229553223,0.32597246766090393
2.3088223934173584,0.3258955478668213
2.309892416000366,0.3257175087928772
2.310030698776245,0.3256944417953491
2.3102757930755615,0.3256535530090332
2.3103554248809814,0.32564032077789307
2.3104166984558105,0.3256300389766693
2.3106491565704346,0.32559120655059814
2.3110649585723877,0.3255218267440796
2.311579465866089,0.3254358172416687
2.3117992877960205,0.3253989815711975
2.3118057250976562,0.32539790868759155
2.3123490810394287,0.32530683279037476
2.312913656234741,0.32521212100982666
2.313416004180908,0.3251277804374695
2.3136069774627686,0.32509568333625793
2.3136274814605713,0.3250921964645386
2.313699960708618,0.32507994771003723
2.3139522075653076,0.32503756880760193
2.31420636177063,0.324994832277298
2.314830780029297,0.324889600276947
2.314854860305786,0.3248855471611023
2.3163528442382812,0.32463252544403076
2.3168387413024902,0.32455021142959595
2.3170206546783447,0.3245193362236023
2.3171544075012207,0.32449665665626526
2.3172426223754883,0.3244817554950714
2.3173086643218994,0.32447052001953125
2.3174638748168945,0.3244442343711853
2.317681312561035,0.32440733909606934
2.317990779876709,0.32435476779937744
2.318643569946289,0.32424378395080566
2.319197177886963,0.324149489402771
2.3192405700683594,0.32414212822914124
2.319748640060425,0.324055552482605
2.3207297325134277,0.3238879442214966
2.321122884750366,0.32382071018218994
2.3212203979492188,0.32380399107933044
2.3214778900146484,0.32375991344451904
2.321657180786133,0.3237292170524597
2.322094440460205,0.3236542344093323
2.322504997253418,0.32358384132385254
2.3226799964904785,0.32355377078056335
2.322707176208496,0.3235490918159485
2.3233351707458496,0.32344117760658264
2.3237643241882324,0.32336729764938354
2.3244376182556152,0.3232513666152954
2.324552297592163,0.32323157787323
2.324591636657715,0.3232247829437256
2.324819564819336,0.3231854736804962
2.3249340057373047,0.3231656849384308
2.3252692222595215,0.32310783863067627
2.325664520263672,0.3230394721031189
2.3257410526275635,0.32302626967430115
2.3274667263031006,0.3227272629737854
2.3277812004089355,0.3226727247238159
2.3279294967651367,0.3226467967033386
2.327995777130127,0.3226354122161865
2.328273057937622,0.32258719205856323
2.3282923698425293,0.32258379459381104
2.328399419784546,0.3225651979446411
2.328550338745117,0.3225388526916504
2.3288629055023193,0.32248443365097046
2.329679250717163,0.3223421573638916
2.330040454864502,0.3222791850566864
2.330296754837036,0.3222344219684601
2.3306610584259033,0.3221707344055176
2.3315632343292236,0.32201284170150757
2.3320789337158203,0.3219224512577057
2.3322460651397705,0.3218931555747986
2.332308053970337,0.3218822479248047
2.3328652381896973,0.32178443670272827
2.333099365234375,0.3217432498931885
2.333448886871338,0.32168182730674744
2.3335742950439453,0.3216596841812134
2.3336002826690674,0.32165518403053284
2.3343451023101807,0.3215239942073822
2.334623098373413,0.32147496938705444
2.3352668285369873,0.3213614225387573
2.3353989124298096,0.32133805751800537
2.33573579788208,0.32127851247787476
2.335894823074341,0.32125043869018555
2.3363614082336426,0.3211677670478821
2.3365020751953125,0.32114291191101074
2.336620330810547,0.3211219310760498
2.3385510444641113,0.3207792043685913
2.338707208633423,0.32075145840644836
2.3388330936431885,0.3207290470600128
2.338855028152466,0.32072514295578003
2.339121103286743,0.320677787065506
2.339259147644043,0.32065320014953613
2.339431047439575,0.3206225633621216
2.3395915031433105,0.3205939531326294
2.3397278785705566,0.3205697238445282
2.3407421112060547,0.3203885853290558
2.340890884399414,0.3203619718551636
2.3413264751434326,0.32028403878211975
2.341562509536743,0.3202418386936188
2.3423938751220703,0.32009291648864746
2.3429312705993652,0.3199964165687561
2.343141794204712,0.3199586272239685
2.343402862548828,0.3199117183685303
2.344040870666504,0.31979697942733765
2.344081163406372,0.31978973746299744
2.3444132804870605,0.31972992420196533
2.3444831371307373,0.31971731781959534
2.344486713409424,0.3197166919708252
2.3453807830810547,0.3195555806159973
2.345492124557495,0.31953540444374084
2.346095323562622,0.31942644715309143
2.346240282058716,0.31940025091171265
2.346837282180786,0.31929224729537964
2.3468499183654785,0.3192899227142334
2.3473453521728516,0.31920018792152405
2.347484588623047,0.31917500495910645
2.3474924564361572,0.31917354464530945
2.349607467651367,0.31878936290740967
2.3496196269989014,0.318787157535553
2.3496665954589844,0.3187785744667053
2.3497989177703857,0.3187544643878937
2.3499512672424316,0.31872671842575073
2.350269079208374,0.31866878271102905
2.350325345993042,0.3186585605144501
2.350586414337158,0.3186109662055969
2.351749897003174,0.31839844584465027
2.351834297180176,0.3183829188346863
2.3523313999176025,0.3182919919490814
2.3524556159973145,0.3182693123817444
2.3532230854034424,0.31812864542007446
2.3537778854370117,0.3180268406867981
2.3539793491363525,0.3179897964000702
2.3545949459075928,0.3178766071796417
2.355041980743408,0.3177943825721741
2.355185031890869,0.31776803731918335
2.3553659915924072,0.31773465871810913
2.3553993701934814,0.31772857904434204
2.3554086685180664,0.31772685050964355
2.356372833251953,0.31754907965660095
2.3564436435699463,0.317535936832428
2.356924057006836,0.3174472749233246
2.3570775985717773,0.3174188733100891
2.3577632904052734,0.31729209423065186
2.35793399810791,0.31726038455963135
2.3581960201263428,0.3172118663787842
2.3583574295043945,0.3171819746494293
2.3586413860321045,0.31712937355041504
2.360497236251831,0.3167846202850342
2.360521078109741,0.31678012013435364
2.3606369495391846,0.31675857305526733
2.3607633113861084,0.31673508882522583
2.3607850074768066,0.31673097610473633
2.361234188079834,0.31664732098579407
2.361304759979248,0.3166341781616211
2.361438751220703,0.3166092336177826
2.362618923187256,0.3163888454437256
2.36295747756958,0.3163256049156189
2.3633131980895996,0.3162590265274048
2.363342046737671,0.316253662109375
2.364051580429077,0.3161207139492035
2.364619255065918,0.31601423025131226
2.3648226261138916,0.3159761428833008
2.3659844398498535,0.3157578110694885
2.3662381172180176,0.31571006774902344
2.3662989139556885,0.31569862365722656
2.3663525581359863,0.31568849086761475
2.3664093017578125,0.31567782163619995
2.36726713180542,0.3155162036418915
2.3675358295440674,0.31546550989151
2.3677542209625244,0.3154243230819702
2.3679111003875732,0.31539469957351685
2.368675708770752,0.3152501583099365
2.368990421295166,0.3151906728744507
2.3690547943115234,0.31517845392227173
2.369215965270996,0.31514793634414673
2.369833469390869,0.3150309920310974
2.371326446533203,0.31474769115448
2.3714144229888916,0.3147309720516205
2.3716225624084473,0.31469136476516724
2.3716418743133545,0.31468769907951355
2.3717494010925293,0.3146672248840332
2.372159719467163,0.31458908319473267
2.3722853660583496,0.3145652413368225
2.3723676204681396,0.3145495653152466
2.3734993934631348,0.31433379650115967
2.3741142749786377,0.31421634554862976
2.3742213249206543,0.3141959309577942
2.3742737770080566,0.31418588757514954
2.374880313873291,0.31406986713409424
2.3754565715789795,0.3139595687389374
2.375673294067383,0.3139180541038513
2.376910448074341,0.3136807084083557
2.377103090286255,0.3136436641216278
2.377316951751709,0.31360259652137756
2.377383232116699,0.313589870929718
2.3774449825286865,0.3135780096054077
2.378175973892212,0.313437283039093
2.3785879611968994,0.31335797905921936
2.3786590099334717,0.3133442997932434
2.37874174118042,0.3133283257484436
2.379577159881592,0.3131672143936157
2.3799238204956055,0.3131003677845001
2.3800201416015625,0.31308168172836304
2.380068302154541,0.3130723834037781
2.382154941558838,0.31266844272613525
2.382300615310669,0.3126401901245117
2.3824658393859863,0.31260815262794495
2.3826236724853516,0.312577486038208
2.3827593326568604,0.3125511407852173
2.383103609085083,0.3124842643737793
2.383126735687256,0.31247979402542114
2.3834598064422607,0.31241512298583984
2.3843936920166016,0.3122333288192749
2.3850934505462646,0.3120970129966736
2.385216236114502,0.31207311153411865
2.3853063583374023,0.31205546855926514
2.3857104778289795,0.31197667121887207
2.3862900733947754,0.31186342239379883
2.3865320682525635,0.31181612610816956
2.3878228664398193,0.31156352162361145
2.3879616260528564,0.3115362823009491
2.38830304145813,0.31146931648254395
2.388439655303955,0.3114425539970398
2.388507843017578,0.3114292025566101
2.389101505279541,0.31131264567375183
2.38942551612854,0.3112490773200989
2.389570951461792,0.3112204670906067
2.3898158073425293,0.3111723065376282
2.390470504760742,0.31104350090026855
2.3908045291900635,0.3109777271747589
2.3909149169921875,0.3109560012817383
2.3910250663757324,0.31093424558639526
2.3929836750030518,0.3105476200580597
2.3931798934936523,0.31050875782966614
2.3933165073394775,0.3104817867279053
2.3935842514038086,0.31042879819869995
2.3937950134277344,0.3103870749473572
2.3939640522003174,0.3103535771369934
2.3940680027008057,0.3103329837322235
2.394582986831665,0.31023088097572327
2.3953027725219727,0.3100880980491638
2.395958423614502,0.3099578320980072
2.3961424827575684,0.3099212050437927
2.3965442180633545,0.3098412752151489
2.397120714187622,0.3097265660762787
2.3974010944366455,0.30967065691947937
2.398724317550659,0.3094066381454468
2.3988139629364014,0.30938875675201416
2.399312973022461,0.30928900837898254
2.3994691371917725,0.309257835149765
2.399600028991699,0.30923160910606384
2.400045394897461,0.309142529964447
2.400268793106079,0.3090977966785431
2.4003994464874268,0.3090716302394867
2.401007890701294,0.30894970893859863
2.4013566970825195,0.30887970328330994
2.4016988277435303,0.3088110685348511
2.4017562866210938,0.3087994158267975
2.4020066261291504,0.3087491989135742
2.4038138389587402,0.3083856999874115
2.4040520191192627,0.30833762884140015
2.404175281524658,0.30831289291381836
2.404526710510254,0.30824196338653564
2.4047975540161133,0.3081872761249542
2.404857873916626,0.30817508697509766
2.4050540924072266,0.3081355690956116
2.4057397842407227,0.30799704790115356
2.4062280654907227,0.30789828300476074
2.4068169593811035,0.30777907371520996
2.407054901123047,0.3077307939529419
2.407381772994995,0.3076646327972412
2.407949924468994,0.3075494170188904
2.4082818031311035,0.30748212337493896
2.4096176624298096,0.3072105646133423
2.409660577774048,0.3072018325328827
2.410348653793335,0.3070618212223053
2.4104740619659424,0.30703625082969666
2.4107232093811035,0.30698543787002563
2.4110097885131836,0.3069270849227905
2.4111194610595703,0.306904673576355
2.4112281799316406,0.30688244104385376
2.412235975265503,0.3066767454147339
2.4125936031341553,0.30660367012023926
2.4126076698303223,0.30660074949264526
2.4129674434661865,0.3065272271633148
2.4146475791931152,0.3061830401420593
2.4149169921875,0.30612772703170776
2.4150443077087402,0.30610156059265137
2.4154529571533203,0.3060176372528076
2.41562819480896,0.3059816360473633
2.415950059890747,0.3059155344963074
2.4160640239715576,0.30589205026626587
2.4169318675994873,0.3057135343551636
2.4171719551086426,0.3056640923023224
2.4176692962646484,0.3055616021156311
2.4179563522338867,0.30550241470336914
2.418225049972534,0.30544695258140564
2.418778419494629,0.3053327798843384
2.4191761016845703,0.3052505850791931
2.420501947402954,0.30497634410858154
2.420503854751587,0.3049759268760681
2.4214115142822266,0.304787814617157
2.4214558601379395,0.30477866530418396
2.421880006790161,0.3046905994415283
2.421978235244751,0.30467021465301514
2.4219958782196045,0.30466657876968384
2.422058343887329,0.3046535849571228
2.4231081008911133,0.30443549156188965
2.423427104949951,0.30436912178993225
2.4235332012176514,0.30434709787368774
2.423909902572632,0.30426865816116333
2.425485134124756,0.3039402663707733
2.4257755279541016,0.3038795590400696
2.4259250164031982,0.3038483262062073
2.426365375518799,0.3037564158439636
2.426457405090332,0.30373719334602356
2.4270732402801514,0.30360841751098633
2.4270997047424316,0.3036028742790222
2.4281363487243652,0.30338576436042786
2.428515911102295,0.3033061623573303
2.428849458694458,0.303236186504364
2.4290757179260254,0.3031887114048004
2.4296071529388428,0.3030771315097809
2.4300849437713623,0.30297672748565674
2.4313392639160156,0.3027127683162689
2.4313831329345703,0.3027035593986511
2.4324166774749756,0.3024856746196747
2.4325037002563477,0.3024672865867615
2.432847261428833,0.3023947477340698
2.432892084121704,0.30238527059555054
2.4330058097839355,0.30236130952835083
2.433072090148926,0.30234721302986145
2.4339730739593506,0.302156925201416
2.434257745742798,0.3020966649055481
2.4344770908355713,0.30205026268959045
2.434835910797119,0.3019742965698242
2.436328411102295,0.30165785551071167
2.4366278648376465,0.3015942871570587
2.436819314956665,0.3015536367893219
2.4372668266296387,0.301458477973938
2.437285900115967,0.3014545440673828
2.4381625652313232,0.3012680411338806
2.438230037689209,0.30125367641448975
2.4391226768493652,0.3010636270046234
2.439357280731201,0.3010135293006897
2.4397358894348145,0.30093273520469666
2.439934492111206,0.30089038610458374
2.4404373168945312,0.3007831573486328
2.4410104751586914,0.3006605803966522
2.4421727657318115,0.30041199922561646
2.4422552585601807,0.30039435625076294
2.443359136581421,0.300157755613327
2.443626880645752,0.3001003861427307
2.443727970123291,0.3000786304473877
2.4437296390533447,0.3000783324241638
2.4440414905548096,0.3000113368034363
2.444831609725952,0.2998415529727936
2.44508695602417,0.29978668689727783
2.445441484451294,0.2997105121612549
2.4457483291625977,0.29964447021484375
2.447179079055786,0.29933619499206543
2.447474479675293,0.29927247762680054
2.447728157043457,0.29921767115592957
2.4481146335601807,0.2991343140602112
2.448160171508789,0.29912441968917847
2.4492547512054443,0.29888778924942017
2.4494221210479736,0.2988516092300415
2.450132369995117,0.298697829246521
2.4501945972442627,0.298684298992157
2.450615167617798,0.298593133687973
2.450803518295288,0.29855233430862427
2.4512710571289062,0.29845094680786133
2.4519543647766113,0.29830265045166016
2.453003406524658,0.2980746626853943
2.453120231628418,0.2980492115020752
2.454285144805908,0.2977956533432007
2.454572916030884,0.2977328598499298
2.454622268676758,0.297722190618515
2.4547836780548096,0.29768699407577515
2.455104351043701,0.2976170480251312
2.455683946609497,0.29749056696891785
2.4559154510498047,0.29743996262550354
2.456427574157715,0.2973281145095825
2.4566497802734375,0.2972794771194458
2.458037853240967,0.2969758212566376
2.458315849304199,0.29691481590270996
2.458653688430786,0.29684072732925415
2.458944797515869,0.2967768907546997
2.4590463638305664,0.2967546582221985
2.4603779315948486,0.2964622974395752
2.4610280990600586,0.2963193655014038
2.4611682891845703,0.29628852009773254
2.461487293243408,0.29621827602386475
2.461684226989746,0.29617491364479065
2.462108612060547,0.29608142375946045
2.462918758392334,0.29590290784835815
2.4638326168060303,0.29570120573043823
2.4639787673950195,0.29566895961761475
2.4651975631713867,0.29539954662323
2.465423583984375,0.29534950852394104
2.46553111076355,0.29532572627067566
2.465975761413574,0.2952272891998291
2.4661965370178223,0.2951783537864685
2.4665305614471436,0.29510432481765747
2.4667441844940186,0.2950569987297058
2.467437505722046,0.2949032187461853
2.467543125152588,0.2948797941207886
2.468906879425049,0.2945767939090729
2.4691531658172607,0.2945220470428467
2.469597578048706,0.2944231629371643
2.469778537750244,0.2943829894065857
2.46992564201355,0.2943500876426697
2.4715347290039062,0.29399144649505615
2.4718587398529053,0.2939191460609436
2.472230911254883,0.2938360571861267
2.4723522663116455,0.2938089668750763
2.472578525543213,0.293758362531662
2.472951889038086,0.29367494583129883
2.473904848098755,0.29346179962158203
2.474661111831665,0.29329240322113037
2.4748311042785645,0.2932543158531189
2.4760990142822266,0.29296988248825073
2.4762823581695557,0.2929287552833557
2.476456642150879,0.2928895652294159
2.4773197174072266,0.29269564151763916
2.47737193107605,0.2926838994026184
2.477574348449707,0.29263830184936523
2.4784293174743652,0.2924458980560303
2.47847318649292,0.29243600368499756
2.479787588119507,0.29213982820510864
2.4799866676330566,0.2920948565006256
2.4805619716644287,0.2919650077819824
2.4806160926818848,0.29195278882980347
2.48079776763916,0.2919118106365204
2.4826879501342773,0.2914842963218689
2.482726812362671,0.2914755344390869
2.483210802078247,0.2913658320903778
2.483323097229004,0.2913404405117035
2.483487367630005,0.2913031578063965
2.483802556991577,0.2912317216396332
2.484914779663086,0.2909793555736542
2.485489845275879,0.2908487617969513
2.485677719116211,0.29080599546432495
2.486992359161377,0.2905069589614868
2.4871513843536377,0.2904706597328186
2.487400531768799,0.2904139757156372
2.4882092475891113,0.2902296781539917
2.488408088684082,0.2901843190193176
2.488476514816284,0.29016873240470886
2.4893088340759277,0.2899787724018097
2.4895360469818115,0.28992682695388794
2.4906818866729736,0.2896649241447449
2.4908173084259033,0.28963398933410645
2.491459369659424,0.2894870340824127
2.4915480613708496,0.2894667387008667
2.4916627407073975,0.2894405126571655
2.493516445159912,0.28901538252830505
2.494063138961792,0.28888988494873047
2.494412899017334,0.28880947828292847
2.494446277618408,0.2888018488883972
2.494661331176758,0.28875237703323364
2.49595046043396,0.2884558439254761
2.4963200092315674,0.2883707582950592
2.496519088745117,0.28832489252090454
2.4978785514831543,0.2880114018917084
2.4980320930480957,0.287975937128067
2.4983649253845215,0.2878991365432739
2.4990427494049072,0.2877424955368042
2.4992456436157227,0.28769561648368835
2.499668598175049,0.28759777545928955
2.500180721282959,0.28747934103012085
2.5006282329559326,0.28737568855285645
2.5015907287597656,0.2871526777744293
2.5016465187072754,0.28713977336883545
2.502310037612915,0.2869858741760254
2.502521276473999,0.28693681955337524
2.5025579929351807,0.28692835569381714
2.504345178604126,0.286513090133667
2.5049097537994385,0.28638172149658203
2.505356788635254,0.2862776517868042
2.50553035736084,0.2862371802330017
2.505603313446045,0.2862201929092407
2.5070133209228516,0.28589147329330444
2.5071537494659424,0.285858690738678
2.5073564052581787,0.2858114242553711
2.5087578296661377,0.2854840159416199
2.5089263916015625,0.28544461727142334
2.5093510150909424,0.28534525632858276
2.509873390197754,0.28522300720214844
2.5100889205932617,0.2851725220680237
2.5110459327697754,0.28494828939437866
2.511751413345337,0.2847827672958374
2.51247501373291,0.28461289405822754
2.5125162601470947,0.2846032977104187
2.5131688117980957,0.2844499945640564
2.513373613357544,0.2844017744064331
2.5135936737060547,0.28435006737709045
2.5151753425598145,0.28397780656814575
2.5157511234283447,0.28384214639663696
2.5163211822509766,0.28370776772499084
2.516411066055298,0.2836865186691284
2.5167951583862305,0.2835959196090698
2.517991304397583,0.2833133935928345
2.5181055068969727,0.2832863926887512
2.5181899070739746,0.28326645493507385
2.519629955291748,0.28292572498321533
2.5198352336883545,0.2828771471977234
2.5203609466552734,0.2827526032924652
2.520702600479126,0.28267166018486023
2.520939588546753,0.28261545300483704
2.521904468536377,0.2823864817619324
2.5229082107543945,0.2821480631828308
2.523303747177124,0.2820541262626648
2.5234601497650146,0.28201690316200256
2.5240378379821777,0.2818794548511505
2.5242202281951904,0.28183603286743164
2.5246565341949463,0.2817321717739105
2.5260090827941895,0.2814099192619324
2.5265884399414062,0.28127172589302063
2.5273053646087646,0.2811005711555481
2.5273072719573975,0.2811000943183899
2.528834581375122,0.2807350754737854
2.5290205478668213,0.2806905508041382
2.529228687286377,0.28064072132110596
2.5304949283599854,0.28033751249313354
2.5307607650756836,0.2802737355232239
2.5313966274261475,0.2801213264465332
2.5315310955047607,0.28008902072906494
2.5317983627319336,0.2800248861312866
2.532756805419922,0.27979475259780884
2.534100294113159,0.279471755027771
2.5341339111328125,0.2794637084007263
2.5344245433807373,0.27939373254776
2.5349185466766357,0.2792748212814331
2.5350615978240967,0.27924031019210815
2.5357487201690674,0.27907487750053406
2.53684663772583,0.2788100242614746
2.537421941757202,0.27867117524147034
2.5382142066955566,0.27847981452941895
2.5383172035217285,0.27845489978790283
2.5396852493286133,0.2781240940093994
2.5398497581481934,0.27808424830436707
2.5403854846954346,0.27795448899269104
2.541353464126587,0.27771997451782227
2.5417046546936035,0.27763471007347107
2.5423598289489746,0.2774757742881775
2.542459487915039,0.2774515748023987
2.5426673889160156,0.2774011492729187
2.5436034202575684,0.277173787355423
2.5449676513671875,0.27684202790260315
2.545410633087158,0.2767341136932373
2.5458128452301025,0.27663618326187134
2.545898914337158,0.2766152024269104
2.5468719005584717,0.2763780951499939
2.547689914703369,0.2761785387992859
2.548252582550049,0.2760411500930786
2.5491397380828857,0.2758244276046753
2.5493528842926025,0.2757722735404968
2.550544023513794,0.2754809856414795
2.550678253173828,0.2754480838775635
2.551577568054199,0.275227814912796
2.552205801010132,0.2750738263130188
2.552669048309326,0.2749602496623993
2.553189992904663,0.2748323678970337
2.5535480976104736,0.27474451065063477
2.55355167388916,0.2747436463832855
2.5544447898864746,0.2745242714881897
2.555805206298828,0.2741897404193878
2.5564205646514893,0.27403825521469116
2.5567216873168945,0.27396413683891296
2.556732416152954,0.27396148443222046
2.5580286979675293,0.2736419439315796
2.5585405826568604,0.2735157608985901
2.559081792831421,0.27338212728500366
2.5600836277008057,0.273134708404541
2.560415744781494,0.2730526328086853
2.561413049697876,0.27280598878860474
2.561506986618042,0.27278271317481995
2.5630524158477783,0.2723999619483948
2.563655138015747,0.27225059270858765
2.564023733139038,0.2721590995788574
2.5644423961639404,0.2720552980899811
2.5646748542785645,0.2719975709915161
2.565281867980957,0.2718468904495239
2.566648483276367,0.271507203578949
2.5674562454223633,0.27130621671676636
2.567563056945801,0.27127963304519653
2.5676472187042236,0.2712586522102356
2.569220781326294,0.2708666920661926
2.569399356842041,0.2708221673965454
2.5699102878570557,0.27069467306137085
2.5710480213165283,0.2704107463359833
2.5715079307556152,0.2702958583831787
2.572293758392334,0.2700994610786438
2.5723371505737305,0.2700886130332947
2.5738937854766846,0.2696991264820099
2.574665069580078,0.2695057988166809
2.5748612880706787,0.269456684589386
2.5753512382507324,0.2693338990211487
2.575831651687622,0.26921337842941284
2.576115608215332,0.2691420912742615
2.5774991512298584,0.26879480481147766
2.578392267227173,0.2685702443122864
2.578519105911255,0.26853829622268677
2.5785911083221436,0.2685202360153198
2.580268383026123,0.2680980861186981
2.5807390213012695,0.2679795026779175
2.582034111022949,0.2676529884338379
2.5826311111450195,0.26750221848487854
2.5831708908081055,0.2673659920692444
2.583188056945801,0.267361581325531
2.584731101989746,0.266971617937088
2.585700750350952,0.2667262852191925
2.5857045650482178,0.2667253613471985
2.5862767696380615,0.2665804326534271
2.5869460105895996,0.2664108872413635
2.5870237350463867,0.2663912773132324
2.588357925415039,0.26605290174484253
2.5892207622528076,0.26583388447761536
2.589555501937866,0.2657488286495209
2.589611291885376,0.2657346725463867
2.591149091720581,0.2653437852859497
2.591569185256958,0.26523688435554504
2.5930440425872803,0.26486140489578247
2.593787908554077,0.26467180252075195
2.594008445739746,0.2646154761314392
2.5940968990325928,0.2645929753780365
2.595564603805542,0.2642185091972351
2.596555233001709,0.2639654278755188
2.5967636108398438,0.2639121413230896
2.5972206592559814,0.26379528641700745
2.597775459289551,0.26365339756011963
2.599226951599121,0.2632818818092346
2.6000494956970215,0.26307106018066406
2.600541591644287,0.26294487714767456
2.6007344722747803,0.26289546489715576
2.602043390274048,0.26255953311920166
2.602402925491333,0.2624672055244446
2.6040797233581543,0.26203620433807373
2.604851722717285,0.2618376314640045
2.604979991912842,0.26180464029312134
2.605022430419922,0.26179373264312744
2.6063952445983887,0.26144009828567505
2.6074140071868896,0.26117751002311707
2.607855796813965,0.26106351613998413
2.608185052871704,0.2609785199165344
2.6086039543151855,0.26087042689323425
2.610107660293579,0.2604820132255554
2.61087965965271,0.26028233766555786
2.611551523208618,0.2601085305213928
2.611891269683838,0.2600206136703491
2.61295223236084,0.25974583625793457
2.6132404804229736,0.2596711814403534
2.615142583847046,0.2591778039932251
2.6157023906707764,0.25903254747390747
2.615966320037842,0.2589639723300934
2.6172244548797607,0.25863707065582275
2.6182830333709717,0.2583617866039276
2.618978977203369,0.2581806182861328
2.619171142578125,0.25813058018684387
2.6194324493408203,0.2580625116825104
2.621001958847046,0.25765353441238403
2.621713399887085,0.25746795535087585
2.622587203979492,0.2572399377822876
2.6230833530426025,0.2571103274822235
2.623877763748169,0.25690287351608276
2.6240837574005127,0.2568489909172058
2.626234769821167,0.25628626346588135
2.626561164855957,0.2562008202075958
2.6269307136535645,0.2561040222644806
2.6280529499053955,0.2558099031448364
2.6291637420654297,0.2555185556411743
2.6301357746124268,0.2552633583545685
2.630181074142456,0.25525152683258057
2.630262851715088,0.2552300691604614
2.631910800933838,0.25479695200920105
2.6325509548187256,0.25462856888771057
2.633650064468384,0.2543393671512604
2.634821653366089,0.254030704498291
2.634934425354004,0.25400102138519287
2.6373579502105713,0.25336170196533203
2.637430191040039,0.2533425986766815
2.6379168033599854,0.25321412086486816
2.6388816833496094,0.2529591917991638
2.6400580406188965,0.25264817476272583
2.641096591949463,0.25237327814102173
2.64121675491333,0.25234144926071167
2.6413278579711914,0.252312034368515
2.642836332321167,0.251912385225296
2.6433942317962646,0.2517644166946411
2.644742250442505,0.25140684843063354
2.6457860469818115,0.25112974643707275
2.6457931995391846,0.25112777948379517
2.648310899734497,0.25045841932296753
2.648514747619629,0.25040411949157715
2.6489267349243164,0.2502945065498352
2.649711847305298,0.25008541345596313
2.6509668827056885,0.24975091218948364
2.6519341468811035,0.24949297308921814
2.6522796154022217,0.249400794506073
2.653780221939087,0.2490001618862152
2.654244899749756,0.24887597560882568
2.655865430831909,0.24844272434711456
2.6566622257232666,0.24822945892810822
2.6567721366882324,0.24820004403591156
2.659205198287964,0.24754831194877625
2.6597068309783936,0.2474137842655182
2.6599624156951904,0.2473452091217041
2.660545587539673,0.24718868732452393
2.6618924140930176,0.2468271404504776
2.6627774238586426,0.2465893179178238
2.6633718013763428,0.24642950296401978
2.6647446155548096,0.2460602968931198
2.6651036739349365,0.2459636628627777
2.667022228240967,0.24544692039489746
2.6675429344177246,0.2453065663576126
2.6677820682525635,0.24524205923080444
2.670114040374756,0.24461279809474945
2.671025276184082,0.2443666160106659
2.6713831424713135,0.2442699670791626
2.6728363037109375,0.24387702345848083
2.6736278533935547,0.2436627745628357
2.674494981765747,0.24342802166938782
2.6757307052612305,0.24309328198432922
2.6759727001190186,0.2430276721715927
2.6782143115997314,0.24241960048675537
2.6784372329711914,0.24235913157463074
2.6788177490234375,0.2422558218240738
2.681039571762085,0.2416519969701767
2.682117462158203,0.24135886132717133
2.6822264194488525,0.24132925271987915
2.68380069732666,0.2409006655216217
2.6844868659973145,0.2407136708498001
2.6856517791748047,0.24039612710475922
2.6867406368255615,0.24009911715984344
2.6868534088134766,0.24006836116313934
2.6893460750579834,0.2393876612186432
2.689880609512329,0.23924154043197632
2.691983461380005,0.23866629600524902
2.6930770874023438,0.23836693167686462
2.6932406425476074,0.23832209408283234
2.694786787033081,0.23789842426776886
2.6953558921813965,0.2377423197031021
2.6968438625335693,0.23733410239219666
2.6977477073669434,0.2370859533548355
2.6977763175964355,0.23707810044288635
2.7002716064453125,0.23639236390590668
2.70097279548645,0.23619943857192993
2.7029478549957275,0.23565569519996643
2.7039358615875244,0.23538357019424438
2.704397439956665,0.2352563738822937
2.705796718597412,0.23487050831317902
2.7062363624572754,0.23474924266338348
2.7086565494537354,0.23408100008964539
2.708839178085327,0.23403048515319824
2.7112154960632324,0.23337344825267792
2.7120959758758545,0.23312978446483612
2.7139339447021484,0.23262076079845428
2.7148048877716064,0.23237940669059753
2.7155895233154297,0.23216183483600616
2.716832399368286,0.2318170815706253
2.717130661010742,0.2317342609167099
2.7195820808410645,0.23105347156524658
2.7199313640594482,0.23095645010471344
2.722179889678955,0.23033106327056885
2.723252773284912,0.23003245890140533
2.7249438762664795,0.229561448097229
2.7256855964660645,0.22935472428798676
2.7278952598571777,0.22873841226100922
2.7280397415161133,0.22869811952114105
2.7305259704589844,0.2280038595199585
2.7310545444488525,0.22785604000091553
2.733165979385376,0.2272656112909317
2.7344448566436768,0.22690778970718384
2.7359795570373535,0.22647793591022491
2.7365798950195312,0.22630971670150757
2.7389650344848633,0.22564098238945007
2.738987445831299,0.22563470900058746
2.741490364074707,0.22493208944797516
2.74221134185791,0.2247295081615448
2.744175910949707,0.2241773009300232
2.747042417526245,0.22337065637111664
2.7474887371063232,0.22324496507644653
2.749908924102783,0.2225629687309265
2.750110626220703,0.2225061058998108
2.752476453781128,0.22183863818645477
2.753403425216675,0.22157694399356842
2.755211591720581,0.2210662066936493
2.758134603500366,0.22023968398571014
2.7584142684936523,0.22016048431396484
2.760873317718506,0.2194642573595047
2.7612674236297607,0.21935264766216278
2.763486385345459,0.21872374415397644
2.7662744522094727,0.21793267130851746
2.7692577838897705,0.21708519756793976
2.7693581581115723,0.21705667674541473
2.771859645843506,0.21634532511234283
2.7724595069885254,0.2161746472120285
2.774522066116333,0.21558743715286255
2.7773666381835938,0.214776873588562
2.780322551727295,0.21393364667892456
2.780414581298828,0.21390733122825623
2.782869338989258,0.21320635080337524
2.7855849266052246,0.2124301642179489
2.788489818572998,0.21159902215003967
2.791308641433716,0.21079173684120178
2.7916066646575928,0.21070624887943268
2.793905258178711,0.21004730463027954
2.7966771125793457,0.2092519998550415
2.7996466159820557,0.2083991914987564
2.802318572998047,0.20763106644153595
2.8049678802490234,0.20686882734298706
2.80780029296875,0.20605328679084778
2.8108386993408203,0.20517756044864655
2.813354253768921,0.20445197820663452
2.8160600662231445,0.203670933842659
2.8189570903778076,0.20283399522304535
2.8244171142578125,0.20125479996204376
2.827183246612549,0.20045381784439087
2.8301491737365723,0.19959434866905212
2.8355093002319336,0.19803954660892487
2.8383402824401855,0.19721747934818268
2.846632480621338,0.1948065608739853
2.849532127380371,0.19396251440048218
2.8577892780303955,0.19155599176883698
2.86898136138916,0.18828809261322021