x,f(x)
0.007727771997451782,-0.5309603214263916
0.007938284426927567,-0.5324776768684387
0.008164802566170692,-0.5340401530265808
0.008201437070965767,-0.5342859029769897
0.008406453765928745,-0.5356258153915405
0.008411949500441551,-0.5356608033180237
0.008638467639684677,-0.5370678901672363
0.008662359789013863,-0.5372118353843689
0.008664639666676521,-0.5372254252433777
0.008875152096152306,-0.538456380367279
0.00888011883944273,-0.5384847521781921
0.008931644260883331,-0.5387755036354065
0.009101670235395432,-0.5397064685821533
0.009117655456066132,-0.5397917032241821
0.009136024862527847,-0.5398890972137451
0.009213429875671864,-0.5402941703796387
0.009328167885541916,-0.5408776998519897
0.009343321435153484,-0.5409531593322754
0.009405309334397316,-0.5412584543228149
0.009506837464869022,-0.5417455434799194
0.009554686024785042,-0.5419694781303406
0.00956074520945549,-0.5419976115226746
0.009599227458238602,-0.5421746969223022
0.009687094949185848,-0.5425704717636108
0.009771257638931274,-0.5429383516311646
0.009796337224543095,-0.5430457592010498
0.00981098972260952,-0.5431079864501953
0.00986851193010807,-0.5433493256568909
0.009980502538383007,-0.5438041687011719
0.009994184598326683,-0.5438584685325623
0.0099977757781744,-0.543872594833374
0.010052243247628212,-0.5440851449966431
0.010125009343028069,-0.5443617105484009
0.010150297544896603,-0.544455885887146
0.010204697027802467,-0.5446550250053406
0.010239426977932453,-0.5447797179222107
0.010284654796123505,-0.5449391007423401
0.01032152771949768,-0.5450667142868042
0.010418236255645752,-0.5453909635543823
0.010431215167045593,-0.5454332828521729
0.010443705134093761,-0.5454738140106201
0.010448015294969082,-0.545487642288208
0.01049533300101757,-0.5456386208534241
0.010598674416542053,-0.5459555983543396
0.010603313334286213,-0.5459696054458618
0.010628748685121536,-0.5460447072982788
0.010672866366803646,-0.5461726188659668
0.010747857391834259,-0.5463830828666687
0.01076461747288704,-0.5464287996292114
0.010779129341244698,-0.5464680790901184
0.010833175852894783,-0.5466111898422241
0.010855266824364662,-0.5466683506965637
0.010896720923483372,-0.5467734932899475
0.010921680368483067,-0.5468354821205139
0.010928772389888763,-0.5468528866767883
0.011043688282370567,-0.5471236109733582
0.011046403087675571,-0.54712975025177
0.011061877012252808,-0.5471645593643188
0.011096918024122715,-0.5472418069839478
0.011117469519376755,-0.5472860932350159
0.011198056861758232,-0.5474532842636108
0.01120087318122387,-0.5474589467048645
0.011239269748330116,-0.5475348234176636
0.011252794414758682,-0.54756098985672
0.011270206421613693,-0.5475940108299255
0.01133981067687273,-0.547721803188324
0.011352824047207832,-0.5477446913719177
0.011384882964193821,-0.5478001832962036
0.0114497821778059,-0.5479071736335754
0.011462155729532242,-0.5479267835617065
0.011479842476546764,-0.5479543209075928
0.011511857621371746,-0.5480029582977295
0.011514892801642418,-0.5480074882507324
0.01159113459289074,-0.5481160879135132
0.011622108519077301,-0.5481574535369873
0.0116367656737566,-0.5481764078140259
0.011643962934613228,-0.5481857061386108
0.011676300317049026,-0.548225998878479
0.011715997010469437,-0.5482732057571411
0.011767763644456863,-0.5483306050300598
0.011773250065743923,-0.548336386680603
0.011812308803200722,-0.5483765602111816
0.011837898753583431,-0.5484013557434082
0.011847278103232384,-0.548410177230835
0.011903894133865833,-0.5484604835510254
0.01191795151680708,-0.5484720468521118
0.011935820803046227,-0.5484864115715027
0.011957982555031776,-0.5485033988952637
0.012025952339172363,-0.5485504865646362
0.012037048116326332,-0.548557460308075
0.012054337188601494,-0.5485678911209106
0.01207379624247551,-0.5485789775848389
0.01207740232348442,-0.5485808849334717
0.01216704398393631,-0.5486234426498413
0.012169012799859047,-0.5486241579055786
0.012173857539892197,-0.5486260652542114
0.012197301723062992,-0.5486346483230591
0.012236464768648148,-0.5486469864845276
0.01228098850697279,-0.5486577153205872
0.012285973876714706,-0.5486587882041931
0.012315447442233562,-0.5486637949943542
0.012318833731114864,-0.5486643314361572
0.01239142194390297,-0.5486701726913452
0.012399023398756981,-0.5486701726913452
0.012407071888446808,-0.54867023229599
0.012443142011761665,-0.5486688017845154
0.012462982907891273,-0.5486671328544617
0.01250145398080349,-0.5486618280410767
0.012507352977991104,-0.5486608743667603
0.01252548024058342,-0.5486573576927185
0.01257135346531868,-0.5486459136009216
0.012612102553248405,-0.5486327409744263
0.012612241320312023,-0.5486326813697815
0.012617584317922592,-0.5486307740211487
0.012640709057450294,-0.5486218929290771
0.012704634107649326,-0.5485924482345581
0.012714427895843983,-0.5485873818397522
0.012724927626550198,-0.5485814809799194
0.01274917647242546,-0.5485677719116211
0.012780394405126572,-0.5485484600067139
0.012815473601222038,-0.5485247373580933
0.012840637937188148,-0.548506498336792
0.012844102457165718,-0.5485038161277771
0.012852039188146591,-0.5484977960586548
0.01288673561066389,-0.5484700202941895
0.01291639357805252,-0.5484448075294495
0.012950442731380463,-0.548413872718811
0.012960540130734444,-0.548404335975647
0.012990906834602356,-0.5483745336532593
0.012999145314097404,-0.5483662486076355
0.013018335215747356,-0.5483461618423462
0.013045541942119598,-0.548317015171051
0.013085753656923771,-0.5482712388038635
0.013103911653161049,-0.5482497811317444
0.01312242355197668,-0.5482271313667297
0.013138479553163052,-0.5482071042060852
0.013146182522177696,-0.548197329044342
0.013202192261815071,-0.5481231212615967
0.013217424973845482,-0.548102080821991
0.013229824602603912,-0.5480846762657166
0.01323041319847107,-0.5480837821960449
0.013249923475086689,-0.5480557084083557
0.01329512894153595,-0.5479881167411804
0.013322487473487854,-0.547945499420166
0.013341659680008888,-0.5479149222373962
0.01335669495165348,-0.5478903651237488
0.013360400684177876,-0.5478842854499817
0.013383882120251656,-0.5478451251983643
0.01341583114117384,-0.5477902889251709
0.013459076173603535,-0.5477132201194763
0.013462347909808159,-0.5477073192596436
0.013469593599438667,-0.5476939678192139
0.01350468024611473,-0.5476284623146057
0.013511610217392445,-0.5476152896881104
0.013553419150412083,-0.5475338101387024
0.01355692744255066,-0.5475267767906189
0.013583213090896606,-0.5474739074707031
0.013610944151878357,-0.5474166870117188
0.013614164665341377,-0.5474100112915039
0.013636507093906403,-0.5473628640174866
0.01364528201520443,-0.5473440885543823
0.013714982196688652,-0.547190248966217
0.013715192675590515,-0.5471897721290588
0.013719983398914337,-0.5471788644790649
0.013723588548600674,-0.5471705794334412
0.013728568330407143,-0.5471592545509338
0.013805017806589603,-0.5469789505004883
0.013807933777570724,-0.54697185754776
0.01382360327988863,-0.5469334721565247
0.01382486429065466,-0.5469303131103516
0.013856155797839165,-0.5468524098396301
0.013884533196687698,-0.5467804074287415
0.01389272976666689,-0.5467593669891357
0.01391536369919777,-0.5467004179954529
0.013941710814833641,-0.5466307401657104
0.013959513045847416,-0.5465829372406006
0.013978568837046623,-0.546531081199646
0.01398426666855812,-0.5465155243873596
0.014000017195940018,-0.5464721918106079
0.014034003019332886,-0.5463769435882568
0.014066668227314949,-0.5462834239006042
0.014078721404075623,-0.5462485551834106
0.014080770313739777,-0.5462425351142883
0.014087829738855362,-0.546221911907196
0.014109170064330101,-0.5461589694023132
0.014152619987726212,-0.5460286140441895
0.014183362014591694,-0.5459342002868652
0.014186137355864048,-0.545925498008728
0.014186791144311428,-0.5459234714508057
0.014200860634446144,-0.5458797216415405
0.014222873374819756,-0.5458104014396667
0.014266052283346653,-0.5456720590591431
0.01427661906927824,-0.5456376075744629
0.014290627092123032,-0.5455917716026306
0.014293186366558075,-0.5455832481384277
0.014342254027724266,-0.5454195141792297
0.014350054785609245,-0.5453931093215942
0.014357008971273899,-0.5453696250915527
0.014358453452587128,-0.5453646183013916
0.014411373063921928,-0.5451816916465759
0.01442318968474865,-0.5451400279998779
0.01443345658481121,-0.5451038479804993
0.014439268037676811,-0.545083224773407
0.014452233910560608,-0.5450369715690613
0.014490289613604546,-0.5448995232582092
0.014502773061394691,-0.5448538661003113
0.014534837566316128,-0.544735312461853
0.014539044350385666,-0.5447196364402771
0.014551032334566116,-0.544674813747406
0.014559459872543812,-0.5446431040763855
0.014567559584975243,-0.544612467288971
0.014628967270255089,-0.5443767309188843
0.014631840400397778,-0.5443654656410217
0.014637891203165054,-0.5443418622016907
0.014639806933701038,-0.5443344116210938
0.014688123017549515,-0.5441431403160095
0.014704329892992973,-0.54407799243927
0.01470855250954628,-0.5440610647201538
0.014719708822667599,-0.5440158247947693
0.014746195636689663,-0.5439077019691467
0.01474955677986145,-0.5438939929008484
0.014790743589401245,-0.5437230467796326
0.01479189284145832,-0.543718159198761
0.014804309234023094,-0.5436660051345825
0.01481591910123825,-0.5436170697212219
0.01485750824213028,-0.5434393882751465
0.01486361213028431,-0.5434131026268005
0.01487094908952713,-0.5433813333511353
0.014879542402923107,-0.5433440208435059
0.014915436506271362,-0.5431869626045227
0.014917712658643723,-0.5431768298149109
0.014925247989594936,-0.5431434512138367
0.014973653480410576,-0.5429269075393677
0.014976074919104576,-0.542915940284729
0.014990338124334812,-0.5428512692451477
0.015004048123955727,-0.5427886843681335
0.015026463195681572,-0.5426857471466064
0.015060028061270714,-0.542529821395874
0.01506391167640686,-0.5425117015838623
0.015077309682965279,-0.5424486398696899
0.015081461519002914,-0.5424291491508484
0.015082896687090397,-0.5424224138259888
0.015127315185964108,-0.5422109961509705
0.015135448426008224,-0.5421719551086426
0.015153148211538792,-0.5420865416526794
0.015177631750702858,-0.5419672727584839
0.015177994966506958,-0.5419655442237854
0.015196839347481728,-0.5418730974197388
0.01521594449877739,-0.541778564453125
0.015217726118862629,-0.5417698621749878
0.015229400247335434,-0.5417117476463318
0.01527244783937931,-0.5414954423904419
0.015279121696949005,-0.5414616465568542
0.015283745713531971,-0.5414381623268127
0.01530797965824604,-0.5413143038749695
0.015323806554079056,-0.5412330031394958
0.015341813676059246,-0.5411397218704224
0.015368452295660973,-0.5410008430480957
0.015371149405837059,-0.5409867167472839
0.015404732897877693,-0.5408095717430115
0.015407351776957512,-0.5407955646514893
0.015415649861097336,-0.5407515168190002
0.015420112758874893,-0.5407277941703796
0.015447137877345085,-0.5405828356742859
0.015458429232239723,-0.5405219793319702
0.015473632141947746,-0.5404396653175354
0.015500637702643871,-0.5402920842170715
0.01551633607596159,-0.5402058362960815
0.01551695354282856,-0.5402024984359741
0.015537576749920845,-0.5400883555412292
0.015543419867753983,-0.5400559902191162
0.015549630858004093,-0.5400214195251465
0.01557719986885786,-0.5398669838905334
0.015587897971272469,-0.5398067831993103
0.01563088409602642,-0.539562463760376
0.015633869916200638,-0.5395453572273254
0.01563522219657898,-0.5395376086235046
0.015641197562217712,-0.5395033359527588
0.015678541734814644,-0.5392875671386719
0.0156865194439888,-0.5392411947250366
0.01572130247950554,-0.5390375256538391
0.015727465972304344,-0.5390010476112366
0.015732137486338615,-0.5389733910560608
0.015742916613817215,-0.5389096736907959
0.015760336071252823,-0.5388060808181763
0.01577204465866089,-0.5387361645698547
0.01579676941037178,-0.5385876297950745
0.01580553688108921,-0.5385346412658691
0.01581154204905033,-0.5384983420372009
0.015831533819437027,-0.5383768081665039
0.015831751748919487,-0.5383754968643188
0.01586642488837242,-0.5381631255149841
0.015875522047281265,-0.5381069779396057
0.015880577266216278,-0.538075864315033
0.015893777832388878,-0.5379939079284668
0.015901917591691017,-0.5379432439804077
0.015939373522996902,-0.5377088785171509
0.015940386801958084,-0.5377024412155151
0.01595398411154747,-0.5376166701316833
0.01597992703318596,-0.537451982498169
0.015992138534784317,-0.5373740196228027
0.0160007793456316,-0.5373186469078064
0.016024701297283173,-0.5371648669242859
0.016036977991461754,-0.5370854735374451
0.01604204624891281,-0.5370526313781738
0.01607482135295868,-0.5368390083312988
0.016076037660241127,-0.5368310809135437
0.016094213351607323,-0.5367116928100586
0.016110489144921303,-0.5366042256355286
0.016118813306093216,-0.5365490317344666
0.016131427139043808,-0.5364654064178467
0.01614082232117653,-0.5364027619361877
0.016141455620527267,-0.5363985896110535
0.016170091927051544,-0.5362067222595215
0.016175227239727974,-0.536172091960907
0.016195636242628098,-0.5360342860221863
0.01619753986597061,-0.5360214114189148
0.016224924474954605,-0.5358350872993469
0.016244981437921524,-0.5356976985931396
0.016245707869529724,-0.5356926321983337
0.01625339314341545,-0.5356398820877075
0.016268564388155937,-0.5355352163314819
0.016284078359603882,-0.5354278683662415
0.016304628923535347,-0.535284698009491
0.01631810888648033,-0.5351905822753906
0.016351334750652313,-0.5349568128585815
0.016355328261852264,-0.534928560256958
0.016356606036424637,-0.5349194407463074
0.016356980428099632,-0.534916877746582
0.01639823243021965,-0.5346233248710632
0.016400711610913277,-0.5346055626869202
0.016434473916888237,-0.5343627333641052
0.016445063054561615,-0.5342862010002136
0.01645154133439064,-0.5342392325401306
0.01645379513502121,-0.5342229008674622
0.01645953208208084,-0.5341812372207642
0.01646522432565689,-0.5341398119926453
0.016491608694195747,-0.5339470505714417
0.016510214656591415,-0.5338102579116821
0.01651477813720703,-0.5337766408920288
0.01653588004410267,-0.5336205959320068
0.01653730310499668,-0.5336100459098816
0.016556037589907646,-0.5334706902503967
0.01657639816403389,-0.5333185791969299
0.01657785288989544,-0.5333077311515808
0.0165924783796072,-0.5331978797912598
0.01659809798002243,-0.533155620098114
0.016608666628599167,-0.5330759286880493
0.016622262075543404,-0.5329729914665222
0.016650013625621796,-0.5327619910240173
0.0166555754840374,-0.532719612121582
0.016669033095240593,-0.5326165556907654
0.016682498157024384,-0.5325132012367249
0.01670891046524048,-0.5323092937469482
0.016719568520784378,-0.5322267413139343
0.01672082580626011,-0.5322169065475464
0.01674448885023594,-0.5320326685905457
0.016761422157287598,-0.5319001078605652
0.016766121610999107,-0.531863272190094
0.01679331064224243,-0.531649112701416
0.016795728355646133,-0.5316299796104431
0.016809996217489243,-0.531516969203949
0.016819503158330917,-0.5314414501190186
0.016823660582304,-0.5314083695411682
0.016846343874931335,-0.5312272906303406
0.01686493121087551,-0.5310781598091125
0.016880566254258156,-0.5309522747993469
0.016882093623280525,-0.5309399366378784
0.016894377768039703,-0.5308406949043274
0.016896884888410568,-0.5308204293251038
0.01690751314163208,-0.5307341814041138
0.01692110300064087,-0.5306236743927002
0.016933199018239975,-0.5305249691009521
0.016936281695961952,-0.5304997563362122
0.016954166814684868,-0.5303532481193542
0.016955001279711723,-0.5303463339805603
0.016970742493867874,-0.5302169322967529
0.016975905746221542,-0.5301743149757385
0.017002612352371216,-0.5299532413482666
0.017032718285918236,-0.5297024846076965
0.017035406082868576,-0.5296800136566162
0.017039330676198006,-0.529647171497345
0.017055680975317955,-0.5295100212097168
0.01707541011273861,-0.5293437838554382
0.017083972692489624,-0.5292716026306152
0.017119308933615685,-0.5289713144302368
0.017123743891716003,-0.5289336442947388
0.01712566241621971,-0.5289173722267151
0.01715891808271408,-0.5286322236061096
0.017161928117275238,-0.5286064147949219
0.01718151941895485,-0.5284373760223389
0.017184916883707047,-0.5284079313278198
0.017204780131578445,-0.5282357335090637
0.0172196663916111,-0.5281062126159668
0.017230719327926636,-0.5280097723007202
0.01723906397819519,-0.5279368162155151
0.017245853319764137,-0.5278772711753845
0.01724984310567379,-0.5278422236442566
0.01725221797823906,-0.52782142162323
0.0172530859708786,-0.5278137922286987
0.01725928857922554,-0.527759313583374
0.017266975715756416,-0.5276916027069092
0.017268186435103416,-0.5276808738708496
0.017280057072639465,-0.5275762677192688
0.017296019941568375,-0.5274349451065063
0.017317190766334534,-0.52724689245224
0.01732984371483326,-0.5271340012550354
0.01733032427728176,-0.5271296501159668
0.017344694584608078,-0.527001142501831
0.017379650846123695,-0.5266867876052856
0.017394794151186943,-0.5265498757362366
0.01739640161395073,-0.5265353918075562
0.017423171550035477,-0.5262921452522278
0.017437292262911797,-0.5261633396148682
0.017447657883167267,-0.5260684490203857
0.017476361244916916,-0.5258048176765442
0.017490066587924957,-0.5256783962249756
0.017508696764707565,-0.5255059599876404
0.017523158341646194,-0.5253715515136719
0.017540356144309044,-0.5252112746238708
0.017548102885484695,-0.5251389145851135
0.01756603643298149,-0.5249708890914917
0.01757810264825821,-0.5248575806617737
0.017585454508662224,-0.5247882008552551
0.01758921705186367,-0.5247527360916138
0.01759040169417858,-0.524741530418396
0.017590539529919624,-0.5247402787208557
0.017590558156371117,-0.5247401595115662
0.017591193318367004,-0.5247341394424438
0.01759297400712967,-0.5247173309326172
0.017594076693058014,-0.5247069001197815
0.017600171267986298,-0.5246493220329285
0.017605017870664597,-0.5246034860610962
0.017610598355531693,-0.52455073595047
0.01761622726917267,-0.5244973301887512
0.017626479268074036,-0.524399995803833
0.017648935317993164,-0.5241861343383789
0.01767907664179802,-0.5238974094390869
0.017686525359749794,-0.5238257646560669
0.017718013375997543,-0.523521900177002
0.01773017831146717,-0.5234040021896362
0.017747411504387856,-0.5232363939285278
0.01775437593460083,-0.5231686234474182
0.01776687428355217,-0.5230464935302734
0.017809733748435974,-0.5226256847381592
0.017826739698648453,-0.5224577784538269
0.01784941554069519,-0.5222329497337341
0.0178537517786026,-0.5221897959709167
0.01788756251335144,-0.5218523740768433
0.017898734658956528,-0.5217404365539551
0.01791095733642578,-0.5216176509857178
0.01791234500706196,-0.5216036438941956
0.017914190888404846,-0.5215850472450256
0.017914751544594765,-0.5215794444084167
0.017917081713676453,-0.5215559601783752
0.017919886857271194,-0.5215277075767517
0.017922306433320045,-0.5215033292770386
0.01792874187231064,-0.521438479423523
0.01792922243475914,-0.5214335322380066
0.01793072000145912,-0.5214184522628784
0.017935244366526604,-0.5213727355003357
0.017939358949661255,-0.5213311314582825
0.017940692603588104,-0.5213176608085632
0.017943890765309334,-0.5212852954864502
0.01794395223259926,-0.5212846994400024
0.017948361113667488,-0.5212399363517761
0.017951786518096924,-0.5212053060531616
0.017973918467760086,-0.5209804773330688
0.018008526414632797,-0.520626962184906
0.01803845539689064,-0.5203193426132202
0.018049824982881546,-0.5202019810676575
0.01805325783789158,-0.5201665163040161
0.018056176602840424,-0.5201363563537598
0.018109247088432312,-0.5195846557617188
0.018110577017068863,-0.5195708274841309
0.01816931553184986,-0.5189535617828369
0.018177572637796402,-0.5188663601875305
0.01818319410085678,-0.5188068151473999
0.018215827643871307,-0.5184600949287415
0.01822107657790184,-0.5184041261672974
0.018224040046334267,-0.5183724761009216
0.01822412759065628,-0.5183716416358948
0.018228771165013313,-0.5183220505714417
0.018230147659778595,-0.5183073878288269
0.018237195909023285,-0.518231987953186
0.018243202939629555,-0.5181676745414734
0.018248196691274643,-0.5181140899658203
0.018251247704029083,-0.518081545829773
0.018260646611452103,-0.5179805159568787
0.01826443150639534,-0.5179398059844971
0.018273428082466125,-0.5178430676460266
0.018276749178767204,-0.5178073048591614
0.018285397440195084,-0.5177139639854431
0.01829250529408455,-0.517637312412262
0.018293464556336403,-0.5176268219947815
0.018294908106327057,-0.5176112651824951
0.018295427784323692,-0.5176056623458862
0.01830238848924637,-0.5175303816795349
0.018302544951438904,-0.5175286531448364
0.01830514520406723,-0.5175005197525024
0.018335765227675438,-0.517167866230011
0.018344683572649956,-0.5170706510543823
0.018374159932136536,-0.5167481899261475
0.018385225906968117,-0.5166266560554504
0.018388085067272186,-0.5165952444076538
0.018452975898981094,-0.5158776044845581
0.01846250891685486,-0.5157715082168579
0.018509192392230034,-0.5152490735054016
0.01852349005639553,-0.5150882005691528
0.018523555248975754,-0.5150874853134155
0.01852498948574066,-0.5150713324546814
0.018525516614317894,-0.5150653123855591
0.018528280779719353,-0.5150342583656311
0.01853371597826481,-0.5149729251861572
0.018538059666752815,-0.5149239301681519
0.01855081506073475,-0.5147796273231506
0.0185517780482769,-0.5147687792778015
0.018568310886621475,-0.5145813822746277
0.018575409427285194,-0.5145007967948914
0.018577415496110916,-0.5144779086112976
0.0185865368694067,-0.5143741369247437
0.01860533282160759,-0.5141596794128418
0.01861332356929779,-0.5140683054924011
0.018614603206515312,-0.5140537023544312
0.018623581156134605,-0.5139508843421936
0.01862628385424614,-0.5139199495315552
0.01863214559853077,-0.5138525366783142
0.01864013262093067,-0.5137608051300049
0.018640434369444847,-0.5137573480606079
0.018653864040970802,-0.5136027336120605
0.01865786872804165,-0.5135565996170044
0.01866348832845688,-0.5134918689727783
0.018663644790649414,-0.5134900808334351
0.018666787073016167,-0.5134537220001221
0.018668334931135178,-0.5134358406066895
0.018684279173612595,-0.5132514238357544
0.018725164234638214,-0.5127761960029602
0.01872594654560089,-0.5127670764923096
0.018809277564287186,-0.5117878913879395
0.018815502524375916,-0.5117142200469971
0.01881834864616394,-0.511680543422699
0.01881839707493782,-0.5116798877716064
0.018820099532604218,-0.5116598010063171
0.018827175721526146,-0.5115758776664734
0.018827706575393677,-0.5115694999694824
0.018833322450518608,-0.5115028023719788
0.0188423004001379,-0.511396050453186
0.01885625347495079,-0.5112298727035522
0.018861066550016403,-0.5111724138259888
0.01887744665145874,-0.5109766721725464
0.018882891163229942,-0.5109114646911621
0.018890006467700005,-0.5108261704444885
0.018906651064753532,-0.5106261968612671
0.018912367522716522,-0.5105574727058411
0.018931223079562187,-0.5103301405906677
0.018931610509753227,-0.5103254318237305
0.018935676664114,-0.5102763772010803
0.018952282145619392,-0.5100753307342529
0.01895548589527607,-0.5100365281105042
0.018972905352711678,-0.5098249316215515
0.018978316336870193,-0.5097591876983643
0.018986692652106285,-0.509657084941864
0.018994349986314774,-0.5095638632774353
0.01899856887757778,-0.5095123052597046
0.019002510234713554,-0.5094641447067261
0.0190151184797287,-0.5093099474906921
0.01902155391871929,-0.5092310309410095
0.019026830792427063,-0.5091663599014282
0.019031191244721413,-0.5091128349304199
0.01903257519006729,-0.5090959072113037
0.019059723243117332,-0.5087617635726929
0.019101884216070175,-0.5082399249076843
0.019102606922388077,-0.5082309246063232
0.019105810672044754,-0.5081912279129028
0.019108910113573074,-0.5081526041030884
0.019112160429358482,-0.5081121921539307
0.019122548401355743,-0.5079828500747681
0.019131656736135483,-0.507869303226471
0.019137294963002205,-0.5077989101409912
0.019141726195812225,-0.5077435374259949
0.01914999634027481,-0.5076401233673096
0.019162194803357124,-0.5074872970581055
0.01916530728340149,-0.5074483156204224
0.019185494631528854,-0.5071945786476135
0.019192179664969444,-0.5071102976799011
0.019204862415790558,-0.5069503784179688
0.019221231341362,-0.5067433714866638
0.019224217161536217,-0.5067055821418762
0.01925133727490902,-0.5063613653182983
0.019260747358202934,-0.506241500377655
0.019270265474915504,-0.5061202645301819
0.019281376153230667,-0.5059783458709717
0.019281551241874695,-0.5059762001037598
0.019283540546894073,-0.5059506893157959
0.019310221076011658,-0.5056089162826538
0.01932910643517971,-0.5053660273551941
0.019336752593517303,-0.5052675008773804
0.019359823316335678,-0.5049695372581482
0.01936209201812744,-0.5049402713775635
0.019378308206796646,-0.5047300457954407
0.01938144490122795,-0.5046893954277039
0.019383629783988,-0.5046610236167908
0.019384391605854034,-0.5046511292457581
0.019385721534490585,-0.5046338438987732
0.019386032596230507,-0.5046297311782837
0.019387563690543175,-0.5046098828315735
0.019391072914004326,-0.5045641660690308
0.019394876435399055,-0.5045148134231567
0.019395291805267334,-0.5045093894004822
0.019396979361772537,-0.5044873952865601
0.019403845071792603,-0.5043980479240417
0.019413061439990997,-0.5042778849601746
0.019431380555033684,-0.5040385723114014
0.019436568021774292,-0.5039706230163574
0.019439708441495895,-0.5039294958114624
0.0194516833871603,-0.503772497177124
0.019464731216430664,-0.5036010146141052
0.01947125978767872,-0.5035151243209839
0.0194837749004364,-0.5033502578735352
0.01949642039835453,-0.5031833052635193
0.019524550065398216,-0.5028107166290283
0.0195305198431015,-0.5027315020561218
0.01956493780016899,-0.5022730231285095
0.019565917551517487,-0.5022599697113037
0.01956901326775551,-0.5022185444831848
0.019580384716391563,-0.5020664930343628
0.0196014903485775,-0.5017834305763245
0.01963031105697155,-0.5013956427574158
0.019636111333966255,-0.5013173818588257
0.019656848162412643,-0.5010370016098022
0.01965916156768799,-0.5010057091712952
0.019659752026200294,-0.5009976625442505
0.01966322958469391,-0.5009506344795227
0.019668657332658768,-0.5008769035339355
0.019673030823469162,-0.5008175373077393
0.019677799195051193,-0.5007528066635132
0.019681036472320557,-0.500708818435669
0.019697777926921844,-0.5004810690879822
0.01969800889492035,-0.5004778504371643
0.019699444994330406,-0.500458300113678
0.019703704863786697,-0.5004002451896667
0.0197110828012228,-0.5002995133399963
0.019718293100595474,-0.5002010464668274
0.019723013043403625,-0.5001364946365356
0.019727081060409546,-0.5000808835029602
0.019734567031264305,-0.49997836351394653
0.019735062494874,-0.49997156858444214
0.01974254846572876,-0.4998690187931061
0.019743211567401886,-0.49985986948013306
0.019755477085709572,-0.4996914863586426
0.019756952300667763,-0.49967122077941895
0.01975957304239273,-0.49963515996932983
0.01976066455245018,-0.4996201694011688
0.019785791635513306,-0.4992738962173462
0.019795846194028854,-0.49913492798805237
0.019809773191809654,-0.4989422559738159
0.019834760576486588,-0.4985954761505127
0.01984923519194126,-0.4983940124511719
0.01987520605325699,-0.49803146719932556
0.019882798194885254,-0.49792519211769104
0.019898714497685432,-0.4977020025253296
0.019916070625185966,-0.4974580705165863
0.019925348460674286,-0.4973275065422058
0.019928937777876854,-0.4972769021987915
0.019929036498069763,-0.4972755014896393
0.0199386328458786,-0.4971400797367096
0.019939430058002472,-0.4971289038658142
0.019956225529313087,-0.49689140915870667
0.019956637173891068,-0.49688562750816345
0.019961580634117126,-0.49681559205055237
0.019963843747973442,-0.4967835247516632
0.019971031695604324,-0.49668169021606445
0.019981952384114265,-0.49652668833732605
0.019994547590613365,-0.4963475167751312
0.01999630406498909,-0.4963226020336151
0.020013464614748955,-0.4960779547691345
0.020013824105262756,-0.4960728585720062
0.02002202905714512,-0.4959556460380554
0.020027806982398033,-0.49587300419807434
0.020029913634061813,-0.49584296345710754
0.020044425502419472,-0.49563515186309814
0.020050086081027985,-0.49555400013923645
0.020061194896697998,-0.4953945279121399
0.02007022500038147,-0.49526461958885193
0.02008725330233574,-0.4950193762779236
0.02009068801999092,-0.49496978521347046
0.02009941264986992,-0.49484381079673767
0.020106952637434006,-0.49473485350608826
0.02011653408408165,-0.49459612369537354
0.020119162276387215,-0.49455806612968445
0.020122364163398743,-0.4945116639137268
0.020122740417718887,-0.49450623989105225
0.020127756521105766,-0.4944334626197815
0.02013418637216091,-0.4943401515483856
0.020177656784653664,-0.4937070310115814
0.020179446786642075,-0.4936809539794922
0.020184747874736786,-0.49360349774360657
0.020195335149765015,-0.49344849586486816
0.020198222249746323,-0.4934062361717224
0.020203232765197754,-0.49333280324935913
0.020210115239024162,-0.4932318329811096
0.02021082118153572,-0.4932214617729187
0.020222822204232216,-0.4930451810359955
0.020224712789058685,-0.49301740527153015
0.02022535912692547,-0.4930078387260437
0.02023204043507576,-0.49290958046913147
0.020254937931895256,-0.49257194995880127
0.02026079036295414,-0.4924854338169098
0.020270805805921555,-0.49233734607696533
0.020295972004532814,-0.491964191198349
0.02030039206147194,-0.49189862608909607
0.02030225098133087,-0.4918709695339203
0.020304808393120766,-0.4918329119682312
0.020314661785960197,-0.49168628454208374
0.020316237583756447,-0.49166280031204224
0.020336471498012543,-0.49136102199554443
0.02035580202937126,-0.4910719692707062
0.020368527621030807,-0.49088114500045776
0.020381201058626175,-0.49069085717201233
0.02038855105638504,-0.49058032035827637
0.020393099635839462,-0.4905118942260742
0.020416993647813797,-0.49015164375305176
0.02042543701827526,-0.49002397060394287
0.020429028198122978,-0.4899697005748749
0.020437508821487427,-0.4898412823677063
0.020437875762581825,-0.4898357391357422
0.02045004442334175,-0.48965132236480713
0.020451344549655914,-0.4896315932273865
0.020451657474040985,-0.4896268844604492
0.020459137856960297,-0.48951324820518494
0.020464472472667694,-0.4894322156906128
0.020464619621634483,-0.48942992091178894
0.020465118810534477,-0.48942238092422485
0.02047063782811165,-0.4893385171890259
0.020472735166549683,-0.4893065094947815
0.0204788725823164,-0.48921307921409607
0.02048000693321228,-0.489195853471756
0.020481238141655922,-0.48917707800865173
0.020481456071138382,-0.4891737699508667
0.020482322201132774,-0.48916053771972656
0.02050422877073288,-0.4888262450695038
0.020510904490947723,-0.4887241721153259
0.020529599860310555,-0.4884377717971802
0.020536193624138832,-0.48833662271499634
0.020542696118354797,-0.48823678493499756
0.02055363357067108,-0.4880685806274414
0.02057480998337269,-0.48774224519729614
0.020575378090143204,-0.48773354291915894
0.020580094307661057,-0.4876607060432434
0.020611096173524857,-0.48718103766441345
0.020618978887796402,-0.4870587885379791
0.020629242062568665,-0.48689931631088257
0.02063080668449402,-0.4868749976158142
0.02064795047044754,-0.48660808801651
0.020667584612965584,-0.4863017797470093
0.020675916224718094,-0.48617151379585266
0.0206837747246027,-0.48604854941368103
0.020683780312538147,-0.4860484302043915
0.02070230431854725,-0.48575809597969055
0.02071899175643921,-0.4854958653450012
0.020719541236758232,-0.4854872226715088
0.020720379427075386,-0.48547402024269104
0.02072310820221901,-0.48543110489845276
0.020728422328829765,-0.4853473901748657
0.02073742263019085,-0.48520559072494507
0.020740289241075516,-0.48516032099723816
0.02074534073472023,-0.48508065938949585
0.02074640616774559,-0.4850638508796692
0.020757341757416725,-0.48489102721214294
0.020757712423801422,-0.48488521575927734
0.020764146000146866,-0.484783411026001
0.02077341452240944,-0.48463666439056396
0.020773714408278465,-0.48463183641433716
0.020789841189980507,-0.48437613248825073
0.02079811319708824,-0.484244704246521
0.020804110914468765,-0.48414933681488037
0.020808381959795952,-0.48408132791519165
0.020815342664718628,-0.4839704930782318
0.020824667066335678,-0.483821839094162
0.02082902565598488,-0.4837523102760315
0.020832713693380356,-0.4836934208869934
0.020838523283600807,-0.4836006164550781
0.02084081992506981,-0.4835638701915741
0.02084156684577465,-0.4835519790649414
0.02085021324455738,-0.48341360688209534
0.020852815359830856,-0.4833720922470093
0.020884335041046143,-0.48286640644073486
0.020897816866636276,-0.48264941573143005
0.02089855819940567,-0.482637494802475
0.02090071141719818,-0.4826028048992157
0.020911457017064095,-0.48242953419685364
0.020923707634210587,-0.4822317957878113
0.020938530564308167,-0.4819920063018799
0.02094879001379013,-0.4818257987499237
0.020950092002749443,-0.4818046987056732
0.020979013293981552,-0.48133495450019836
0.020979072898626328,-0.4813339412212372
0.020989663898944855,-0.4811614155769348
0.02099049836397171,-0.481147825717926
0.020990664139389992,-0.48114508390426636
0.02100592479109764,-0.48089611530303955
0.021010208874940872,-0.480826199054718
0.02101462334394455,-0.48075398802757263
0.021018467843532562,-0.48069116473197937
0.0210283026099205,-0.4805302321910858
0.021035147830843925,-0.480417937040329
0.02103910595178604,-0.48035311698913574
0.02103981375694275,-0.48034152388572693
0.02105172723531723,-0.48014602065086365
0.02106422744691372,-0.47994038462638855
0.02107756771147251,-0.47972071170806885
0.021083232015371323,-0.4796273708343506
0.021091490983963013,-0.47949105501174927
0.02110096625983715,-0.47933444380760193
0.02112174592912197,-0.4789905250072479
0.0211224015802145,-0.4789797067642212
0.021123867481946945,-0.4789554178714752
0.021133236587047577,-0.4787999987602234
0.021138831973075867,-0.47870704531669617
0.0211469829082489,-0.47857168316841125
0.02115352638065815,-0.47846275568008423
0.021155228838324547,-0.47843438386917114
0.021157439798116684,-0.4783976376056671
0.021171435713768005,-0.4781643748283386
0.02117322012782097,-0.4781345725059509
0.021177418529987335,-0.47806456685066223
0.021178780123591423,-0.47804179787635803
0.021183760836720467,-0.477958619594574
0.021190453320741653,-0.47784683108329773
0.021192295476794243,-0.4778158962726593
0.021197021007537842,-0.4777369499206543
0.021228929981589317,-0.4772018790245056
0.02123231440782547,-0.4771450161933899
0.02123497985303402,-0.4771002233028412
0.021241141483187675,-0.4769965708255768
0.021242771297693253,-0.4769692122936249
0.02124829776585102,-0.4768761098384857
0.02125890925526619,-0.47669729590415955
0.021262239664793015,-0.4766411781311035
0.021271448582410812,-0.4764856994152069
0.02128465659916401,-0.4762623608112335
0.0212884321808815,-0.4761985242366791
0.02129645273089409,-0.47606271505355835
0.021299786865711212,-0.4760061800479889
0.02130361646413803,-0.47594133019447327
0.02132260985672474,-0.47561880946159363
0.021343965083360672,-0.4752553105354309
0.021346285939216614,-0.4752157926559448
0.02134925127029419,-0.4751652181148529
0.021350611001253128,-0.4751419723033905
0.02135368436574936,-0.4750896096229553
0.02135372720658779,-0.47508883476257324
0.02138512209057808,-0.47455209493637085
0.02138691022992134,-0.4745214283466339
0.02139158733189106,-0.4744412899017334
0.021403346210718155,-0.4742394983768463
0.0214143805205822,-0.47404998540878296
0.021417489275336266,-0.47399649024009705
0.02144540846347809,-0.4735155403614044
0.02144763618707657,-0.47347700595855713
0.021450087428092957,-0.4734347462654114
0.021451909095048904,-0.4734032154083252
0.021472610533237457,-0.4730452597141266
0.021478602662682533,-0.47294139862060547
0.021482791751623154,-0.4728688895702362
0.021485431119799614,-0.47282302379608154
0.021488221362233162,-0.4727746844291687
0.02148875780403614,-0.47276532649993896
0.021504264324903488,-0.47249603271484375
0.02150433324277401,-0.472494900226593
0.021506965160369873,-0.47244906425476074
0.02151215448975563,-0.4723588526248932
0.021515602245926857,-0.47229883074760437
0.021530084311962128,-0.47204655408859253
0.021537000313401222,-0.47192585468292236
0.02153722383081913,-0.47192201018333435
0.02153819426894188,-0.47190505266189575
0.021542197093367577,-0.4718351662158966
0.02154405601322651,-0.4718027114868164
0.021548496559262276,-0.4717250466346741
0.021548952907323837,-0.47171711921691895
0.02155964821577072,-0.47153010964393616
0.02156132273375988,-0.4715007543563843
0.02156485617160797,-0.4714389145374298
0.021567270159721375,-0.4713965952396393
0.02159999869763851,-0.47082212567329407
0.021602831780910492,-0.4707723557949066
0.021604027599096298,-0.4707513153553009
0.021606899797916412,-0.470700740814209
0.021607767790555954,-0.4706854820251465
0.02162064239382744,-0.47045862674713135
0.021633118391036987,-0.4702385365962982
0.021656405180692673,-0.4698268175125122
0.02165798470377922,-0.46979886293411255
0.02166297286748886,-0.4697105288505554
0.021700764074921608,-0.46903926134109497
0.021714594215154648,-0.4687928855419159
0.021717926487326622,-0.4687335193157196
0.021718095988035202,-0.4687303602695465
0.02173040807247162,-0.4685106575489044
0.021733483299613,-0.46845564246177673
0.021735472604632378,-0.4684200882911682
0.02173754945397377,-0.4683830142021179
0.021738698706030846,-0.468362420797348
0.021748706698417664,-0.4681834280490875
0.02175750583410263,-0.468025803565979
0.021764565259218216,-0.4678991734981537
0.0217677503824234,-0.4678420126438141
0.021769115701317787,-0.4678175449371338
0.02177652157843113,-0.4676845967769623
0.021776895970106125,-0.46767789125442505
0.021786049008369446,-0.4675133526325226
0.02179681695997715,-0.4673195779323578
0.02179860882461071,-0.4672872722148895
0.02181132137775421,-0.4670581817626953
0.021822916343808174,-0.4668489098548889
0.021823491901159286,-0.466838538646698
0.021837038919329643,-0.4665936231613159
0.0218399278819561,-0.4665413200855255
0.021842673420906067,-0.4664916694164276
0.02184593304991722,-0.4664326608181
0.02184750698506832,-0.46640416979789734
0.021848324686288834,-0.46638932824134827
0.02185618132352829,-0.46624696254730225
0.021869009360671043,-0.4660141170024872
0.021875184029340744,-0.4659019112586975
0.021875958889722824,-0.4658878445625305
0.021877944469451904,-0.465851753950119
0.021893201395869255,-0.46557411551475525
0.021895721554756165,-0.4655282199382782
0.021900426596403122,-0.4654425084590912
0.021903451532125473,-0.4653873145580292
0.02191195636987686,-0.4652321934700012
0.021921787410974503,-0.46505266427993774
0.021958818659186363,-0.46437448263168335
0.021964149549603462,-0.46427664160728455
0.021967213600873947,-0.46422043442726135
0.021975133568048477,-0.4640747606754303
0.02197522483766079,-0.464073121547699
0.021977495402097702,-0.4640314280986786
0.02198098972439766,-0.46396708488464355
0.021983271464705467,-0.4639250636100769
0.02198631502687931,-0.4638690650463104
0.02198740839958191,-0.4638490080833435
0.022007983177900314,-0.4634696841239929
0.022012479603290558,-0.46338656544685364
0.022017771378159523,-0.4632888436317444
0.022027214989066124,-0.4631142020225525
0.022033311426639557,-0.46300143003463745
0.022039290517568588,-0.4628906846046448
0.02204308845102787,-0.4628203511238098
0.022045591846108437,-0.4627739489078522
0.02204570733010769,-0.4627717435359955
0.022055499255657196,-0.46259015798568726
0.022070102393627167,-0.46231889724731445
0.02207365818321705,-0.46225273609161377
0.022079456597566605,-0.4621449410915375
0.022082330659031868,-0.4620913863182068
0.022114861756563187,-0.4614846110343933
0.022116592153906822,-0.4614522159099579
0.022127551957964897,-0.4612472355365753
0.02212764322757721,-0.4612455666065216
0.022131435573101044,-0.46117454767227173
0.02214214764535427,-0.4609738886356354
0.022143643349409103,-0.46094584465026855
0.022158535197377205,-0.46066635847091675
0.022171931341290474,-0.4604145586490631
0.02217339724302292,-0.4603869915008545
0.022183028981089592,-0.46020567417144775
0.022187359631061554,-0.46012410521507263
0.02219829335808754,-0.45991790294647217
0.022207088768482208,-0.4597519338130951
0.022211721166968346,-0.4596644341945648
0.022213926538825035,-0.45962268114089966
0.022216875106096268,-0.45956698060035706
0.022222992032766342,-0.459451287984848
0.022230256348848343,-0.4593137800693512
0.02223104052245617,-0.45929887890815735
0.022231385111808777,-0.4592924416065216
0.02223644033074379,-0.45919668674468994
0.02223823219537735,-0.45916271209716797
0.02224479243159294,-0.4590383768081665
0.02224487066268921,-0.45903679728507996
0.0222451314330101,-0.4590318202972412
0.0222471971064806,-0.4589926600456238
0.022253677248954773,-0.45886969566345215
0.02225559949874878,-0.458833247423172
0.02226210944354534,-0.4587094783782959
0.02226664125919342,-0.45862334966659546
0.02228301763534546,-0.45831167697906494
0.02228611893951893,-0.45825260877609253
0.022289767861366272,-0.45818305015563965
0.022290900349617004,-0.45816147327423096
0.022301340475678444,-0.4579622745513916
0.02231210470199585,-0.45775672793388367
0.02233145572245121,-0.4573863744735718
0.022332698106765747,-0.457362562417984
0.022338006645441055,-0.4572608768939972
0.022347863763570786,-0.45707181096076965
0.022348005324602127,-0.45706912875175476
0.022383609786629677,-0.45638445019721985
0.022384047508239746,-0.4563760459423065
0.02239161916077137,-0.4562300145626068
0.02240154705941677,-0.4560384750366211
0.022413935512304306,-0.4557991921901703
0.022423865273594856,-0.4556071162223816
0.02242671139538288,-0.45555198192596436
0.022437814623117447,-0.45533686876296997
0.022441662847995758,-0.45526236295700073
0.02244601584970951,-0.45517784357070923
0.022449510172009468,-0.45510998368263245
0.022455383092164993,-0.4549959897994995
0.022455576807260513,-0.4549922049045563
0.022459547966718674,-0.4549150764942169
0.02247278206050396,-0.4546577036380768
0.022473977878689766,-0.4546343982219696
0.022476527839899063,-0.4545847773551941
0.022488806396722794,-0.4543456435203552
0.022489914670586586,-0.45432400703430176
0.02249351143836975,-0.4542538523674011
0.02249651402235031,-0.4541953206062317
0.022500324994325638,-0.4541209638118744
0.02250603586435318,-0.45400935411453247
0.022516747936606407,-0.4537999927997589
0.022523120045661926,-0.45367538928985596
0.02253226935863495,-0.4534962475299835
0.022532979026436806,-0.45348232984542847
0.022537384182214737,-0.4533960521221161
0.022537512704730034,-0.45339351892471313
0.0225377194583416,-0.45338940620422363
0.022541139274835587,-0.4533224105834961
0.022557087242603302,-0.4530094265937805
0.022561483085155487,-0.4529229700565338
0.02256328985095024,-0.45288747549057007
0.02257021889090538,-0.4527512192726135
0.02257590740919113,-0.45263931155204773
0.02258317545056343,-0.45249617099761963
0.022583317011594772,-0.45249342918395996
0.022587917745113373,-0.4524027109146118
0.022591901943087578,-0.45232415199279785
0.02261684462428093,-0.4518316984176636
0.022630881518125534,-0.4515538811683655
0.02263220027089119,-0.451527863740921
0.02263685129582882,-0.45143556594848633
0.022642863914370537,-0.4513164162635803
0.022650444880127907,-0.4511660635471344
0.022654308006167412,-0.4510893225669861
0.02268190123140812,-0.4505406618118286
0.02268449030816555,-0.4504890441894531
0.022691160440444946,-0.4503561854362488
0.022695859894156456,-0.4502624273300171
0.022696442902088165,-0.45025086402893066
0.022696994245052338,-0.4502398669719696
0.022697629407048225,-0.45022720098495483
0.022699736058712006,-0.4501851499080658
0.022701434791088104,-0.450151264667511
0.022711483761668205,-0.44995051622390747
0.022711891680955887,-0.4499424695968628
0.022716455161571503,-0.44985121488571167
0.022728733718395233,-0.44960567355155945
0.02272912487387657,-0.4495977759361267
0.02273913472890854,-0.4493972957134247
0.02274206653237343,-0.44933849573135376
0.022744430229067802,-0.4492911100387573
0.022755304351449013,-0.44907301664352417
0.022764667868614197,-0.4488849639892578
0.02277519181370735,-0.4486733078956604
0.022782109677791595,-0.4485340714454651
0.022800033912062645,-0.44817277789115906
0.022808091714978218,-0.44801026582717896
0.022809701040387154,-0.44797778129577637
0.022816486656665802,-0.4478406608104706
0.02282136119902134,-0.44774216413497925
0.02282152697443962,-0.44773876667022705
0.022830791771411896,-0.4475513696670532
0.02283714897930622,-0.44742268323898315
0.02285199612379074,-0.44712162017822266
0.022853093221783638,-0.4470994472503662
0.02285570278763771,-0.4470464587211609
0.022886862978339195,-0.44641298055648804
0.022887328639626503,-0.44640353322029114
0.02288918010890484,-0.4463658332824707
0.022892247885465622,-0.44630342721939087
0.022896217182278633,-0.4462224543094635
0.022900579497218132,-0.4461335837841034
0.0229010172188282,-0.4461246132850647
0.02291024848818779,-0.44593629240989685
0.022911008447408676,-0.44592079520225525
0.02291424758732319,-0.44585463404655457
0.022915221750736237,-0.445834755897522
0.022921694442629814,-0.4457024335861206
0.02292204275727272,-0.4456953704357147
0.022923551499843597,-0.44566449522972107
0.0229257233440876,-0.4456201195716858
0.0229300856590271,-0.4455309808254242
0.02293032594025135,-0.44552600383758545
0.022932622581720352,-0.44547903537750244
0.022947067394852638,-0.4451831877231598
0.02294953167438507,-0.44513267278671265
0.0229501873254776,-0.4451192617416382
0.022950870916247368,-0.4451051950454712
0.022963181138038635,-0.44485265016555786
0.022966209799051285,-0.44479048252105713
0.02297528088092804,-0.44460415840148926
0.022980768233537674,-0.44449132680892944
0.022995131090283394,-0.4441956579685211
0.02299528568983078,-0.44419246912002563
0.023005934432148933,-0.44397294521331787
0.023020636290311813,-0.44366952776908875
0.023023851215839386,-0.44360315799713135
0.02302398346364498,-0.4436003863811493
0.023057321086525917,-0.4429102838039398
0.02305769920349121,-0.442902535200119
0.0230595450848341,-0.44286423921585083
0.023069247603416443,-0.44266289472579956
0.023075517266988754,-0.44253265857696533
0.023078886792063713,-0.442462682723999
0.02309449017047882,-0.44213810563087463
0.023095402866601944,-0.44211912155151367
0.023095782846212387,-0.44211122393608093
0.023102447390556335,-0.44197237491607666
0.02311738021671772,-0.44166097044944763
0.023132555186748505,-0.4413440525531769
0.023134944960474968,-0.4412941336631775
0.023136766627430916,-0.44125598669052124
0.023138377815485,-0.4412223994731903
0.02314050868153572,-0.4411778151988983
0.02314082533121109,-0.44117119908332825
0.023152660578489304,-0.44092339277267456
0.023154448717832565,-0.4408859610557556
0.02316443622112274,-0.44067665934562683
0.02316582202911377,-0.44064760208129883
0.023167673498392105,-0.44060876965522766
0.023175489157438278,-0.4404447078704834
0.023177869617938995,-0.44039472937583923
0.02317945845425129,-0.4403613805770874
0.023182224482297897,-0.44030317664146423
0.02318555675446987,-0.44023317098617554
0.02320134826004505,-0.4399010241031647
0.02320929430425167,-0.43973368406295776
0.023210547864437103,-0.43970727920532227
0.023214200511574745,-0.43963029980659485
0.023216236382722855,-0.43958738446235657
0.023216351866722107,-0.4395849406719208
0.023222580552101135,-0.4394536018371582
0.023223398253321648,-0.43943628668785095
0.023241110146045685,-0.4390621781349182
0.023247692734003067,-0.43892303109169006
0.023250684142112732,-0.438859760761261
0.023258933797478676,-0.4386851191520691
0.023261990398168564,-0.43862035870552063
0.02326255291700363,-0.43860840797424316
0.023266399279236794,-0.43852686882019043
0.023270804435014725,-0.43843358755111694
0.023273877799510956,-0.4383683502674103
0.023284729570150375,-0.43813803791999817
0.023290127515792847,-0.4380233585834503
0.023311445489525795,-0.43756988644599915
0.023315519094467163,-0.4374830722808838
0.023317258805036545,-0.43744605779647827
0.023336537182331085,-0.43703484535217285
0.023345284163951874,-0.436847984790802
0.023351337760686874,-0.4367186427116394
0.023351749405264854,-0.43670979142189026
0.02335403300821781,-0.43666091561317444
0.023355981335043907,-0.43661928176879883
0.023358970880508423,-0.4365553557872772
0.02335907332599163,-0.43655315041542053
0.02336052805185318,-0.4365220069885254
0.02336067706346512,-0.4365187883377075
0.02337423898279667,-0.43622836470603943
0.023378416895866394,-0.4361388087272644
0.023379670456051826,-0.4361118972301483
0.023385226726531982,-0.4359927177429199
0.02339262142777443,-0.4358339309692383
0.023397305980324745,-0.4357333481311798
0.02339964732527733,-0.4356830418109894
0.023408565670251846,-0.43549132347106934
0.02342088520526886,-0.4352261424064636
0.023421620950102806,-0.435210257768631
0.0234336219727993,-0.43495169281959534
0.023434123024344444,-0.4349408447742462
0.023448742926120758,-0.4346252977848053
0.023448964580893517,-0.4346204996109009
0.02346823550760746,-0.4342038333415985
0.023469137027859688,-0.43418437242507935
0.023475341498851776,-0.4340500235557556
0.023476962000131607,-0.4340149164199829
0.023483674973249435,-0.43386945128440857
0.023498136550188065,-0.4335557520389557
0.023502619937062263,-0.4334583878517151
0.023520175367593765,-0.4330768287181854
0.02352287247776985,-0.43301814794540405
0.023523874580860138,-0.43299636244773865
0.023524319753050804,-0.43298664689064026
0.02352435514330864,-0.43298590183258057
0.0235309861600399,-0.4328414797782898
0.023542936891317368,-0.4325810372829437
0.023548418655991554,-0.4324614405632019
0.023555446416139603,-0.4323080778121948
0.02355596050620079,-0.43229684233665466
0.023561224341392517,-0.43218183517456055
0.02356567606329918,-0.4320846498012543
0.02356649376451969,-0.43206673860549927
0.02356741577386856,-0.4320465922355652
0.02357785589993,-0.4318181574344635
0.0235806405544281,-0.43175724148750305
0.02358788065612316,-0.4315986931324005
0.023591667413711548,-0.43151575326919556
0.023592397570610046,-0.431499719619751
0.023597538471221924,-0.4313869774341583
0.02360072359442711,-0.43131715059280396
0.023601921275258064,-0.4312908947467804
0.02360270917415619,-0.43127360939979553
0.023604582995176315,-0.4312324821949005
0.023604990914463997,-0.4312235414981842
0.023609086871147156,-0.4311336278915405
0.023611940443515778,-0.4310709834098816
0.02361566387116909,-0.43098920583724976
0.02362007647752762,-0.4308922588825226
0.023621411994099617,-0.4308628737926483
0.023634323850274086,-0.4305788576602936
0.023648759350180626,-0.43026092648506165
0.02365381270647049,-0.43014949560165405
0.023677850142121315,-0.4296187162399292
0.02368476800620556,-0.42946577072143555
0.02369008958339691,-0.4293479919433594
0.023693690076470375,-0.4292682409286499
0.02369665913283825,-0.42920249700546265
0.023697063326835632,-0.42919355630874634
0.023699723184108734,-0.42913466691970825
0.023700019344687462,-0.42912808060646057
0.02372104674577713,-0.4286617636680603
0.023721612989902496,-0.4286491572856903
0.023730527609586716,-0.42845115065574646
0.023737747222185135,-0.4282906651496887
0.023749863728880882,-0.4280209541320801
0.02376309409737587,-0.4277261793613434
0.023771971464157104,-0.4275282025337219
0.02377502992749214,-0.4274599254131317
0.023777928203344345,-0.427395224571228
0.02377880923449993,-0.42737552523612976
0.023781202733516693,-0.4273220896720886
0.023785127326846123,-0.42723438143730164
0.0237891785800457,-0.42714381217956543
0.023791544139385223,-0.42709094285964966
0.02379205822944641,-0.4270794987678528
0.023793011903762817,-0.4270581305027008
0.02379712276160717,-0.42696613073349
0.02381950616836548,-0.42646485567092896
0.023823700845241547,-0.426370769739151
0.023823730647563934,-0.4263700842857361
0.023826058954000473,-0.4263179302215576
0.023826733231544495,-0.4263027310371399
0.02383316308259964,-0.42615842819213867
0.023846523836255074,-0.4258582293987274
0.02385546825826168,-0.4256570041179657
0.0238566305488348,-0.4256308972835541
0.023858891800045967,-0.4255800247192383
0.023860113695263863,-0.42555245757102966
0.02386479452252388,-0.42544713616371155
0.02386702410876751,-0.4253968596458435
0.023870328441262245,-0.42532238364219666
0.02387283742427826,-0.4252658784389496
0.023875795304775238,-0.4251991808414459
0.023875806480646133,-0.4251989722251892
0.023884128779172897,-0.42501115798950195
0.023903608322143555,-0.4245711863040924
0.023907994851469994,-0.42447200417518616
0.02391038089990616,-0.42441800236701965
0.023922152817249298,-0.4241515100002289
0.023928601294755936,-0.4240054488182068
0.023930581286549568,-0.4239605665206909
0.023935431614518166,-0.42385053634643555
0.02393648773431778,-0.42382657527923584
0.023943331092596054,-0.42367130517959595
0.023944325745105743,-0.42364874482154846
0.023959636688232422,-0.4233008623123169
0.023961540311574936,-0.42325761914253235
0.023963822051882744,-0.4232056438922882
0.02396498993039131,-0.42317914962768555
0.023975126445293427,-0.4229484498500824
0.023978732526302338,-0.4228663146495819
0.023985542356967926,-0.42271116375923157
0.023991508409380913,-0.4225751459598541
0.023992659524083138,-0.4225488603115082
0.023994188755750656,-0.42251402139663696
0.02400444634258747,-0.42227986454963684
0.024009263142943382,-0.42216983437538147
0.024015888571739197,-0.4220184087753296
0.024016600102186203,-0.42200222611427307
0.024016696959733963,-0.4219999611377716
0.024016860872507095,-0.42199623584747314
0.024023935198783875,-0.42183437943458557
0.024030979722738266,-0.4216731786727905
0.024034664034843445,-0.42158880829811096
0.0240347757935524,-0.42158621549606323
0.02403971552848816,-0.42147308588027954
0.024050556123256683,-0.4212245047092438
0.024058455601334572,-0.4210432767868042
0.024063965305685997,-0.42091676592826843
0.02407541312277317,-0.42065364122390747
0.024080628529191017,-0.420533686876297
0.024095697328448296,-0.42018669843673706
0.024101775139570236,-0.42004674673080444
0.024103084579110146,-0.42001649737358093
0.02411910891532898,-0.4196467399597168
0.024121591821312904,-0.41958940029144287
0.02412591502070427,-0.4194895327091217
0.02412896230816841,-0.41941913962364197
0.024130983278155327,-0.4193723797798157
0.02413518913090229,-0.41927510499954224
0.024137403815984726,-0.4192239046096802
0.02414953149855137,-0.4189431369304657
0.024153314530849457,-0.4188554883003235
0.024160265922546387,-0.41869446635246277
0.024170324206352234,-0.4184610843658447
0.02417413331568241,-0.41837266087532043
0.02417820878326893,-0.4182780385017395
0.024178404361009598,-0.41827353835105896
0.024180836975574493,-0.4182170033454895
0.024185094982385635,-0.41811802983283997
0.024185393005609512,-0.418111115694046
0.024189244955778122,-0.4180215895175934
0.024193808436393738,-0.4179154336452484
0.024195272475481033,-0.41788142919540405
0.024212060496211052,-0.41749048233032227
0.024220500141382217,-0.4172937870025635
0.02422257512807846,-0.41724541783332825
0.024225063621997833,-0.41718733310699463
0.024230562150478363,-0.4170590043067932
0.024230709299445152,-0.41705557703971863
0.024238117039203644,-0.41688263416290283
0.02423863857984543,-0.41687044501304626
0.02424609661102295,-0.4166961908340454
0.024247314780950546,-0.4166676700115204
0.02424856461584568,-0.41663846373558044
0.024248715490102768,-0.4166348874568939
0.02425011247396469,-0.4166021943092346
0.02425304427742958,-0.4165336787700653
0.024258438497781754,-0.4164074659347534
0.024262024089694023,-0.4163234829902649
0.024262377992272377,-0.4163151681423187
0.024262486025691032,-0.41631263494491577
0.024274244904518127,-0.4160371720790863
0.024276746436953545,-0.4159785509109497
0.02428801730275154,-0.41571417450904846
0.024290569126605988,-0.4156542420387268
0.02430640161037445,-0.415282279253006
0.024320188909769058,-0.41495785117149353
0.02432209439575672,-0.41491296887397766
0.024322258308529854,-0.41490909457206726
0.024328088387846947,-0.41477176547050476
0.024330778047442436,-0.41470831632614136
0.02433936856687069,-0.41450586915016174
0.02434469759464264,-0.4143800735473633
0.024347810074687004,-0.4143065810203552
0.02435903623700142,-0.4140414595603943
0.024365242570638657,-0.41389477252960205
0.024373944848775864,-0.41368886828422546
0.024375470355153084,-0.41365277767181396
0.02438492886722088,-0.41342875361442566
0.024388916790485382,-0.4133342504501343
0.024390382692217827,-0.41329947113990784
0.024407699704170227,-0.4128887951374054
0.024409053847193718,-0.4128565490245819
0.024409716948866844,-0.4128407835960388
0.024409949779510498,-0.4128352701663971
0.024415763095021248,-0.4126972258090973
0.024419710040092468,-0.4126034080982208
0.02442295476794243,-0.4125262498855591
0.024424947798252106,-0.41247889399528503
0.024428369477391243,-0.41239747405052185
0.02443682961165905,-0.4121961295604706
0.024441424757242203,-0.41208675503730774
0.024447204545140266,-0.4119490087032318
0.02445371076464653,-0.41179394721984863
0.02445465512573719,-0.41177141666412354
0.024455029517412186,-0.41176244616508484
0.024466324597597122,-0.4114929735660553
0.024473067373037338,-0.4113318920135498
0.02447880059480667,-0.41119492053985596
0.024479802697896957,-0.41117095947265625
0.024483697488904,-0.4110778272151947
0.02448933571577072,-0.41094300150871277
0.024497140198946,-0.41075611114501953
0.02450200356543064,-0.4106396436691284
0.02450430579483509,-0.41058453917503357
0.024508295580744743,-0.41048893332481384
0.02451321668922901,-0.41037091612815857
0.024516500532627106,-0.4102921783924103
0.024522913619875908,-0.41013821959495544
0.024531863629817963,-0.4099233150482178
0.024538494646549225,-0.4097640812397003
0.02454242669045925,-0.409669429063797
0.024544864892959595,-0.4096108376979828
0.024557195603847504,-0.4093140661716461
0.02455868385732174,-0.4092782139778137
0.024559853598475456,-0.40925005078315735
0.024563293904066086,-0.40916717052459717
0.02456524595618248,-0.4091201424598694
0.024580469354987144,-0.408752977848053
0.02458249218761921,-0.40870416164398193
0.024583499878644943,-0.40867990255355835
0.024584457278251648,-0.4086567461490631
0.02458837628364563,-0.4085621237754822
0.024589551612734795,-0.4085336923599243
0.024592768400907516,-0.408456027507782
0.02459278516471386,-0.40845566987991333
0.024603907018899918,-0.40818673372268677
0.024608854204416275,-0.40806710720062256
0.02461155690252781,-0.40800169110298157
0.024613281711935997,-0.407959908246994
0.024614274501800537,-0.40793588757514954
0.024615434929728508,-0.40790775418281555
0.024626482278108597,-0.4076402485370636
0.02463352680206299,-0.4074694514274597
0.02463817037642002,-0.40735673904418945
0.024642108008265495,-0.4072611927986145
0.024643143638968468,-0.4072360694408417
0.02464473247528076,-0.4071974456310272
0.024654613807797432,-0.40695738792419434
0.024657413363456726,-0.4068893492221832
0.024665050208568573,-0.4067036509513855
0.024665983393788338,-0.4066809415817261
0.024671796709299088,-0.40653952956199646
0.02468351274728775,-0.40625423192977905
0.02468615025281906,-0.4061899185180664
0.02468927577137947,-0.40611374378204346
0.024701107293367386,-0.4058251976966858
0.024703772738575935,-0.4057600200176239
0.024709617719054222,-0.40561729669570923
0.024719836190342903,-0.4053676128387451
0.024731671437621117,-0.40507808327674866
0.024732723832130432,-0.4050523638725281
0.024739664047956467,-0.40488237142562866
0.024747909978032112,-0.4046803116798401
0.024748224765062332,-0.4046725928783417
0.024752177298069,-0.4045756757259369
0.024760529398918152,-0.40437081456184387
0.02476370520889759,-0.40429285168647766
0.02477128803730011,-0.4041065573692322
0.024775110185146332,-0.40401268005371094
0.024775758385658264,-0.4039967954158783
0.024782899767160416,-0.40382120013237
0.024782953783869743,-0.40381985902786255
0.024783391505479813,-0.40380915999412537
0.02478611096739769,-0.403742253780365
0.024788759648799896,-0.4036770462989807
0.024792054668068886,-0.4035959541797638
0.024798188358545303,-0.40344494581222534
0.02479868195950985,-0.4034327566623688
0.024810975417494774,-0.40312984585762024
0.024817772209644318,-0.40296223759651184
0.024820450693368912,-0.40289610624313354
0.02482825331389904,-0.40270352363586426
0.02483610436320305,-0.402509480714798
0.024841640144586563,-0.40237268805503845
0.02484213374555111,-0.4023604393005371
0.024848999455571175,-0.4021906554698944
0.024857085198163986,-0.40199050307273865
0.024860749021172523,-0.4018998146057129
0.02486109733581543,-0.4018911123275757
0.024869970977306366,-0.40167126059532166
0.024870093911886215,-0.4016681909561157
0.024871215224266052,-0.401640385389328
0.024872582405805588,-0.4016064703464508
0.02487529255449772,-0.40153926610946655
0.02488074265420437,-0.4014040231704712
0.024883614853024483,-0.4013327360153198
0.024888647720217705,-0.4012077748775482
0.024889415130019188,-0.4011887013912201
0.024890294298529625,-0.4011669158935547
0.024890588596463203,-0.4011595845222473
0.024897072464227676,-0.4009985327720642
0.024906359612941742,-0.40076756477355957
0.024908490478992462,-0.400714635848999
0.024913320317864418,-0.4005943238735199
0.024919889867305756,-0.400430828332901
0.02492172084748745,-0.40038520097732544
0.024927891790866852,-0.4002314805984497
0.024929527193307877,-0.4001907408237457
0.024932820349931717,-0.40010857582092285
0.02493465319275856,-0.4000628888607025
0.02494475618004799,-0.3998108506202698
0.024952366948127747,-0.39962080121040344
0.024962402880191803,-0.3993699550628662
0.024962689727544785,-0.39936283230781555
0.024965114891529083,-0.3993021547794342
0.024975961074233055,-0.39903077483177185
0.024978304281830788,-0.39897212386131287
0.02497890219092369,-0.39895713329315186
0.02498195506632328,-0.39888063073158264
0.02499290555715561,-0.39860624074935913
0.02500227652490139,-0.3983711898326874
0.025005260482430458,-0.39829638600349426
0.025016091763973236,-0.39802423119544983
0.02501646615564823,-0.39801496267318726
0.02502218447625637,-0.39787113666534424
0.02503083646297455,-0.39765363931655884
0.025038328021764755,-0.3974651098251343
0.025040751323103905,-0.3974040448665619
0.025042228400707245,-0.39736685156822205
0.025042511522769928,-0.3973597288131714
0.025046702474355698,-0.39725422859191895
0.025052625685930252,-0.3971049189567566
0.025053072720766068,-0.39709362387657166
0.025056371465325356,-0.39701047539711
0.025063836947083473,-0.39682212471961975
0.025067457929253578,-0.39673078060150146
0.025069553405046463,-0.39667782187461853
0.025071144104003906,-0.3966377079486847
0.02507205680012703,-0.39661458134651184
0.025083601474761963,-0.39632296562194824
0.0250865425914526,-0.39624857902526855
0.025096973404288292,-0.3959846794605255
0.025098100304603577,-0.39595621824264526
0.02510523423552513,-0.39577552676200867
0.02511252462863922,-0.39559081196784973
0.025112992152571678,-0.39557895064353943
0.025129344314336777,-0.3951641619205475
0.025129493325948715,-0.395160436630249
0.025135047733783722,-0.39501938223838806
0.025135530158877373,-0.39500710368156433
0.02513626404106617,-0.3949885070323944
0.025145165622234344,-0.3947623372077942
0.02514546364545822,-0.39475470781326294
0.02514714002609253,-0.3947121202945709
0.025153275579214096,-0.39455604553222656
0.025154130533337593,-0.39453431963920593
0.02515595592558384,-0.3944878578186035
0.025160744786262512,-0.39436599612236023
0.025166593492031097,-0.39421704411506653
0.025176823139190674,-0.39395636320114136
0.025182604789733887,-0.39380893111228943
0.02518920786678791,-0.39364054799079895
0.025193002074956894,-0.3935436010360718
0.02519422024488449,-0.3935125470161438
0.025203388184309006,-0.3932783603668213
0.02520636096596718,-0.3932023346424103
0.025209637358784676,-0.39311864972114563
0.025211112573742867,-0.3930809199810028
0.0252164788544178,-0.39294371008872986
0.02521819993853569,-0.39289960265159607
0.02522273361682892,-0.392783522605896
0.02522307075560093,-0.3927749693393707
0.025224043056368828,-0.3927500545978546
0.025226473808288574,-0.3926878273487091
0.02522859163582325,-0.3926336467266083
0.025234874337911606,-0.39247259497642517
0.025236407294869423,-0.3924333155155182
0.025243382900953293,-0.392254501581192
0.02524392679333687,-0.39224058389663696
0.025245146825909615,-0.3922092616558075
0.025258244946599007,-0.3918731212615967
0.02526068687438965,-0.3918103873729706
0.02526273764669895,-0.3917577266693115
0.025263939052820206,-0.3917268216609955
0.025271853432059288,-0.3915233910083771
0.02527257800102234,-0.39150476455688477
0.0252760648727417,-0.3914151191711426
0.025277262553572655,-0.3913843035697937
0.025285691022872925,-0.39116737246513367
0.025296228006482124,-0.3908960521221161
0.025307942181825638,-0.3905939757823944
0.025308532640337944,-0.3905787765979767
0.02530856803059578,-0.39057785272598267
0.025313880294561386,-0.39044082164764404
0.025319280102849007,-0.39030149579048157
0.025323037058115005,-0.39020439982414246
0.025323733687400818,-0.3901863992214203
0.025339646264910698,-0.3897751569747925
0.025346480309963226,-0.3895982503890991
0.025346817448735237,-0.3895895481109619
0.02535134181380272,-0.3894723951816559
0.025363074615597725,-0.3891684412956238
0.02537168376147747,-0.38894522190093994
0.025374114513397217,-0.3888821303844452
0.025375910103321075,-0.38883551955223083
0.025380989536643028,-0.38870370388031006
0.025382254272699356,-0.3886708915233612
0.025382276624441147,-0.3886702060699463
0.025382542982697487,-0.3886633515357971
0.025385456159710884,-0.38858768343925476
0.025393271818757057,-0.3883846402168274
0.025395385921001434,-0.38832971453666687
0.02540217712521553,-0.388153076171875
0.025402355939149857,-0.38814839720726013
0.02541094273328781,-0.38792502880096436
0.02541998028755188,-0.38768962025642395
0.025429533794522285,-0.38744065165519714
0.02543037198483944,-0.38741883635520935
0.02543085813522339,-0.3874061405658722
0.025431416928768158,-0.387391597032547
0.025439199060201645,-0.38718852400779724
0.025443417951464653,-0.3870784044265747
0.025453265756368637,-0.3868212103843689
0.025454003363847733,-0.38680195808410645
0.025459356606006622,-0.3866620361804962
0.025464389473199844,-0.38653039932250977
0.02546864002943039,-0.3864191472530365
0.025475647300481796,-0.3862358331680298
0.025476250797510147,-0.3862200379371643
0.02547929435968399,-0.38614028692245483
0.025487860664725304,-0.3859158754348755
0.02548799104988575,-0.3859125077724457
0.02548981085419655,-0.3858647644519806
0.025490999221801758,-0.38583365082740784
0.02549620345234871,-0.3856971263885498
0.02549983374774456,-0.3856019973754883
0.02550266683101654,-0.3855275511741638
0.025509988889098167,-0.3853352963924408
0.025510601699352264,-0.3853192627429962
0.025511279702186584,-0.38530150055885315
0.025511544197797775,-0.38529449701309204
0.02551371231675148,-0.38523760437965393
0.025516176596283913,-0.38517284393310547
0.02551889233291149,-0.38510143756866455
0.02552507258951664,-0.3849390149116516
0.02552533522248268,-0.3849320411682129
0.025529632344841957,-0.3848190903663635
0.02553235925734043,-0.38474732637405396
0.025536593049764633,-0.38463595509529114
0.025538062676787376,-0.3845972418785095
0.02554105408489704,-0.3845185339450836
0.02554955519735813,-0.3842945694923401
0.025554094463586807,-0.3841749131679535
0.025566577911376953,-0.38384559750556946
0.025577327236533165,-0.3835618495941162
0.025577817112207413,-0.38354891538619995
0.025580067187547684,-0.3834894895553589
0.02559075690805912,-0.38320687413215637
0.02559107542037964,-0.38319844007492065
0.025601819157600403,-0.38291415572166443
0.025608666241168976,-0.3827328681945801
0.025608832016587257,-0.3827284872531891
0.02561333402991295,-0.38260918855667114
0.02561734989285469,-0.3825027644634247
0.02562273107469082,-0.38236004114151
0.025628525763750076,-0.38220638036727905
0.025628630071878433,-0.382203608751297
0.025634411722421646,-0.38205015659332275
0.02563456818461418,-0.3820459544658661
0.02563767321407795,-0.38196349143981934
0.025642286986112595,-0.38184094429016113
0.02564743161201477,-0.3817043602466583
0.0256506334990263,-0.3816191852092743
0.025651639327406883,-0.38159245252609253
0.025658585131168365,-0.3814077079296112
0.025660499930381775,-0.38135674595832825
0.025664061307907104,-0.3812619745731354
0.025664128363132477,-0.3812602460384369
0.025664515793323517,-0.3812498450279236
0.02567003294825554,-0.3811030387878418
0.0256721843034029,-0.3810456693172455
0.025673560798168182,-0.381009042263031
0.02567949704825878,-0.3808508515357971
0.02568676508963108,-0.3806571364402771
0.025701722130179405,-0.3802579641342163
0.025712598115205765,-0.3799673616886139
0.025720885023474693,-0.37974581122398376
0.025722721591591835,-0.37969672679901123
0.025723639875650406,-0.3796721398830414
0.025735056027770042,-0.37936651706695557
0.025735724717378616,-0.37934866547584534
0.02573639713227749,-0.3793306350708008
0.02574075199663639,-0.3792138993740082
0.025746863335371017,-0.37905019521713257
0.025747785344719887,-0.3790254592895508
0.02575041353702545,-0.3789549767971039
0.02575092762708664,-0.37894120812416077
0.02575109340250492,-0.3789367973804474
0.025753218680620193,-0.37887975573539734
0.025757797062397003,-0.37875688076019287
0.02576911821961403,-0.37845295667648315
0.025771092623472214,-0.37839987874031067
0.025775322690606117,-0.37828630208969116
0.025775346904993057,-0.37828561663627625
0.025775596499443054,-0.378278911113739
0.025789115577936172,-0.3779153823852539
0.02579120546579361,-0.3778591454029083
0.025799833238124847,-0.37762686610221863
0.02580934762954712,-0.3773705065250397
0.02581002749502659,-0.37735217809677124
0.025812536478042603,-0.37728458642959595
0.0258137509226799,-0.3772518038749695
0.025817295536398888,-0.37715622782707214
0.02582254260778427,-0.3770146369934082
0.025825632736086845,-0.3769312798976898
0.025827862322330475,-0.3768710196018219
0.025836599990725517,-0.3766350746154785
0.025839006528258324,-0.37657007575035095
0.025839466601610184,-0.37655767798423767
0.025849435478448868,-0.37628814578056335
0.025850342586636543,-0.37626364827156067
0.0258511733263731,-0.37624111771583557
0.025857828557491302,-0.3760610520839691
0.02585824765264988,-0.3760496973991394
0.02585858851671219,-0.37604042887687683
0.02585935965180397,-0.3760196268558502
0.02585960179567337,-0.3760130703449249
0.025861069560050964,-0.37597328424453735
0.025861432775855064,-0.3759635090827942
0.02586367540061474,-0.37590280175209045
0.025866936892271042,-0.37581440806388855
0.025868453085422516,-0.3757733702659607
0.02586924098432064,-0.3757520616054535
0.025869913399219513,-0.37573376297950745
0.02587314322590828,-0.3756462335586548
0.025875229388475418,-0.3755896985530853
0.025876550003886223,-0.3755539357662201
0.025891033932566643,-0.3751610517501831
0.025913862511515617,-0.374540776014328
0.025924772024154663,-0.37424394488334656
0.02592860907316208,-0.3741394877433777
0.025930818170309067,-0.37407928705215454
0.0259323101490736,-0.3740386366844177
0.025943007320165634,-0.37374716997146606
0.02595604956150055,-0.37339136004447937
0.025957468897104263,-0.37335264682769775
0.02596307173371315,-0.3731996715068817
0.02596307545900345,-0.37319955229759216
0.025964079424738884,-0.3731721341609955
0.025964371860027313,-0.3731641173362732
0.025964653119444847,-0.37315642833709717
0.025968162342905998,-0.37306055426597595
0.025970907881855965,-0.37298551201820374
0.025973400101065636,-0.37291738390922546
0.025977466255426407,-0.37280628085136414
0.02597925439476967,-0.37275734543800354
0.025979379191994667,-0.37275397777557373
0.025983653962612152,-0.372637003660202
0.02598610892891884,-0.3725697994232178
0.02598702348768711,-0.3725447654724121
0.025992266833782196,-0.37240129709243774
0.025996766984462738,-0.37227803468704224
0.026007268577814102,-0.3719903230667114
0.026008253917098045,-0.3719632625579834
0.026028551161289215,-0.37140631675720215
0.026036588475108147,-0.3711855113506317
0.026043767109513283,-0.3709881901741028
0.0260471124202013,-0.37089622020721436
0.026050902903079987,-0.37079188227653503
0.0260543804615736,-0.37069618701934814
0.02605554461479187,-0.3706640899181366
0.026061303913593292,-0.37050551176071167
0.026061605662107468,-0.3704972267150879
0.026061680167913437,-0.37049517035484314
0.026061950251460075,-0.370487779378891
0.026062745600938797,-0.37046584486961365
0.026067528873682022,-0.37033402919769287
0.026075690984725952,-0.37010908126831055
0.026075784116983414,-0.3701064884662628
0.026076223701238632,-0.3700943887233734
0.026076287031173706,-0.37009263038635254
0.026089433580636978,-0.3697299361228943
0.026092227548360825,-0.36965277791023254
0.026094160974025726,-0.369599312543869
0.026097016409039497,-0.36952054500579834
0.0260976143181324,-0.36950400471687317
0.026101212948560715,-0.3694046139717102
0.026102185249328613,-0.3693777322769165
0.026102297008037567,-0.369374543428421
0.026104869320988655,-0.36930355429649353
0.026107218116521835,-0.36923855543136597
0.026112936437129974,-0.36908045411109924
0.02613268420100212,-0.36853376030921936
0.026133865118026733,-0.3685010075569153
0.02613602578639984,-0.3684411942958832
0.02613852545619011,-0.368371844291687
0.0261390320956707,-0.3683578372001648
0.026139121502637863,-0.36835533380508423
0.026145316660404205,-0.36818355321884155
0.02614673413336277,-0.36814427375793457
0.02615300938487053,-0.3679700791835785
0.02615358680486679,-0.3679540753364563
0.02615458332002163,-0.36792638897895813
0.026160461828112602,-0.3677631616592407
0.026162724941968918,-0.3677003085613251
0.026172267273068428,-0.36743518710136414
0.026184171438217163,-0.36710405349731445
0.026185858994722366,-0.36705708503723145
0.026186784729361534,-0.3670313358306885
0.026188071817159653,-0.36699551343917847
0.026192182675004005,-0.3668811023235321
0.026208361610770226,-0.36643025279045105
0.026210691779851913,-0.3663652241230011
0.026212627068161964,-0.36631128191947937
0.026214130222797394,-0.36626940965652466
0.026216167956590652,-0.36621251702308655
0.026219170540571213,-0.36612868309020996
0.026220278814435005,-0.3660977780818939
0.02622184529900551,-0.3660540282726288
0.02622338943183422,-0.3660109341144562
0.026224080473184586,-0.3659915626049042
0.0262269526720047,-0.36591142416000366
0.026233401149511337,-0.3657313287258148
0.026237305253744125,-0.3656221628189087
0.026237834244966507,-0.3656073808670044
0.026238948106765747,-0.36557623744010925
0.026242922991514206,-0.36546510457992554
0.026256855577230453,-0.3650752305984497
0.02625907212495804,-0.3650131821632385
0.026261622086167336,-0.3649417757987976
0.026262329891324043,-0.3649219572544098
0.026262955740094185,-0.3649044334888458
0.02628679946064949,-0.3642358183860779
0.026287660002708435,-0.36421164870262146
0.02628977596759796,-0.3641522526741028
0.026293206959962845,-0.36405593156814575
0.026295222342014313,-0.36399927735328674
0.02629603073000908,-0.3639766275882721
0.0263116043061018,-0.363538920879364
0.026311740279197693,-0.3635350465774536
0.02631639689207077,-0.3634040951728821
0.026326261460781097,-0.36312639713287354
0.026328671723604202,-0.363058477640152
0.02632880210876465,-0.3630547821521759
0.02632940746843815,-0.3630377948284149
0.02632986754179001,-0.36302486062049866
0.026330139487981796,-0.36301714181900024
0.02633048966526985,-0.3630072772502899
0.026335902512073517,-0.3628547489643097
0.026338499039411545,-0.3627816140651703
0.026344310492277145,-0.3626176714897156
0.026347987353801727,-0.3625139594078064
0.026350215077400208,-0.3624511659145355
0.026358213275671005,-0.36222535371780396
0.02636563964188099,-0.36201566457748413
0.02637539990246296,-0.36173975467681885
0.026375969871878624,-0.3617236614227295
0.026381434872746468,-0.3615691363811493
0.02638712339103222,-0.3614080846309662
0.026388591155409813,-0.36136654019355774
0.02639538235962391,-0.36117425560951233
0.02639836072921753,-0.36108988523483276
0.02640027366578579,-0.36103567481040955
0.02640160173177719,-0.3609980046749115
0.02640187367796898,-0.36099040508270264
0.026407338678836823,-0.3608354330062866
0.026417504996061325,-0.36054709553718567
0.026420310139656067,-0.36046746373176575
0.026421327143907547,-0.36043858528137207
0.026429682970046997,-0.36020132899284363
0.026430867612361908,-0.3601677119731903
0.026432394981384277,-0.3601243197917938
0.026434119790792465,-0.36007535457611084
0.026436932384967804,-0.35999542474746704
0.026440026238560677,-0.35990747809410095
0.026441263034939766,-0.3598722815513611
0.02644386515021324,-0.3597983419895172
0.026446856558322906,-0.35971325635910034
0.0264484453946352,-0.3596680462360382
0.02644887939095497,-0.3596557080745697
0.026451751589775085,-0.35957399010658264
0.026454009115695953,-0.35950973629951477
0.026454277336597443,-0.3595021069049835
0.026455417275428772,-0.35946962237358093
0.026456715539097786,-0.3594326674938202
0.0264571625739336,-0.3594200015068054
0.026460682973265648,-0.3593197166919708
0.026462875306606293,-0.3592572510242462
0.02646470256149769,-0.3592052757740021
0.02648191899061203,-0.3587144613265991
0.026489563286304474,-0.3584963381290436
0.026490630581974983,-0.35846585035324097
0.02649439498782158,-0.35835838317871094
0.026495274156332016,-0.3583332300186157
0.0264972485601902,-0.358276903629303
0.026501107960939407,-0.3581666052341461
0.026504769921302795,-0.3580619990825653
0.026513317599892616,-0.3578175902366638
0.026522355154156685,-0.35755905508995056
0.026530522853136063,-0.35732516646385193
0.026531241834163666,-0.35730457305908203
0.026536988094449043,-0.3571399450302124
0.026540657505393028,-0.3570347726345062
0.02655062824487686,-0.3567488491535187
0.02655118890106678,-0.3567327558994293
0.02655164524912834,-0.35671964287757874
0.02655193768441677,-0.3567112684249878
0.026558514684438705,-0.35652250051498413
0.02656549960374832,-0.35632190108299255
0.026568613946437836,-0.3562324643135071
0.02656872570514679,-0.3562292754650116
0.02656881883740425,-0.3562265634536743
0.026573877781629562,-0.35608115792274475
0.026574604213237762,-0.35606035590171814
0.026575641706585884,-0.35603055357933044
0.026578426361083984,-0.3559504449367523
0.02659486047923565,-0.35547754168510437
0.026596887037158012,-0.35541921854019165
0.026598181575536728,-0.35538190603256226
0.026607289910316467,-0.355119526386261
0.02661227062344551,-0.3549758791923523
0.0266149640083313,-0.35489821434020996
0.026618773117661476,-0.3547883629798889
0.026620399206876755,-0.3547414243221283
0.026620885357260704,-0.3547274172306061
0.02662866935133934,-0.35450270771980286
0.026630494743585587,-0.3544501066207886
0.02663116157054901,-0.35443079471588135
0.026643449440598488,-0.35407575964927673
0.026646044105291367,-0.35400068759918213
0.02664833888411522,-0.3539343476295471
0.026648463681340218,-0.3539307415485382
0.02665456384420395,-0.35375431180000305
0.026656201109290123,-0.35370689630508423
0.02665642648935318,-0.35370033979415894
0.02665787562727928,-0.35365840792655945
0.026658907532691956,-0.353628545999527
0.026667146012187004,-0.35339006781578064
0.0266763623803854,-0.3531230092048645
0.026681765913963318,-0.3529663383960724
0.026683123782277107,-0.35292699933052063
0.026683203876018524,-0.352924644947052
0.026684142649173737,-0.35289743542671204
0.026686690747737885,-0.35282352566719055
0.02668728306889534,-0.35280635952949524
0.026688365265727043,-0.3527749180793762
0.02669050358235836,-0.3527128994464874
0.026697158813476562,-0.352519690990448
0.026698976755142212,-0.3524669110774994
0.0267015490680933,-0.3523922264575958
0.026704907417297363,-0.3522946238517761
0.026710184291005135,-0.3521413207054138
0.026713717728853226,-0.35203859210014343
0.026721380650997162,-0.35181567072868347
0.02673489600419998,-0.3514222800731659
0.026735907420516014,-0.35139286518096924
0.02674567885696888,-0.3511081635951996
0.02674885094165802,-0.35101568698883057
0.026754694059491158,-0.3508453071117401
0.026754967868328094,-0.3508372902870178
0.026757733896374702,-0.35075661540031433
0.026762012392282486,-0.3506317436695099
0.026762349531054497,-0.3506218194961548
0.026764128357172012,-0.3505699634552002
0.02676687203347683,-0.35048988461494446
0.02676711603999138,-0.350482702255249
0.026767661795020103,-0.3504667580127716
0.02676943689584732,-0.3504149317741394
0.02677118219435215,-0.35036396980285645
0.02677134796977043,-0.35035911202430725
0.026775116100907326,-0.3502490222454071
0.026783155277371407,-0.3500140607357025
0.026784272864460945,-0.3499813973903656
0.02679266780614853,-0.349735826253891
0.026795243844389915,-0.3496604561805725
0.026795856654644012,-0.3496425449848175
0.02680206298828125,-0.34946075081825256
0.026804430410265923,-0.34939149022102356
0.026808839291334152,-0.3492622971534729
0.026810187846422195,-0.3492228090763092
0.026812158524990082,-0.34916508197784424
0.026813417673110962,-0.3491281270980835
0.026817187666893005,-0.3490176498889923
0.02681860327720642,-0.3489760756492615
0.02682122215628624,-0.34889933466911316
0.02682565338909626,-0.3487693667411804
0.026826387271285057,-0.3487478196620941
0.02683044970035553,-0.3486286401748657
0.026835395023226738,-0.3484833836555481
0.02683783508837223,-0.3484117388725281
0.026839181780815125,-0.348372220993042
0.026844017207622528,-0.34823018312454224
0.02685425989329815,-0.3479291498661041
0.026860689744353294,-0.34773996472358704
0.02686319686472416,-0.3476662039756775
0.02687520906329155,-0.34731248021125793
0.026875484734773636,-0.3473043739795685
0.026891589164733887,-0.34682971239089966
0.02689538523554802,-0.3467177152633667
0.026896724477410316,-0.3466781973838806
0.0268978513777256,-0.34664493799209595
0.026898648589849472,-0.3466213643550873
0.026899872347712517,-0.3465852737426758
0.02690933272242546,-0.3463059663772583
0.026910144835710526,-0.3462819457054138
0.026913249865174294,-0.34619027376174927
0.026914874091744423,-0.3461422622203827
0.026920750737190247,-0.3459685742855072
0.026922544464468956,-0.3459154963493347
0.026923131197690964,-0.3458981513977051
0.02693142555654049,-0.3456527888774872
0.026935860514640808,-0.3455215394496918
0.026938119903206825,-0.3454546630382538
0.026938211172819138,-0.3454519808292389
0.02693966031074524,-0.34540900588035583
0.026945121586322784,-0.345247358083725
0.026951927691698074,-0.34504562616348267
0.026953088119626045,-0.34501126408576965
0.026957113295793533,-0.34489190578460693
0.026962483301758766,-0.3447326719760895
0.026964273303747177,-0.34467950463294983
0.026964709162712097,-0.34466660022735596
0.026966314762830734,-0.3446189761161804
0.02697252482175827,-0.3444346785545349
0.02697467803955078,-0.3443707525730133
0.026978056877851486,-0.34427037835121155
0.026979468762874603,-0.34422847628593445
0.026983201503753662,-0.34411758184432983
0.02699371799826622,-0.34380489587783813
0.02700657956302166,-0.3434222638607025
0.02700776420533657,-0.3433869779109955
0.027010072022676468,-0.3433183431625366
0.027010874822735786,-0.3432943820953369
0.027016129344701767,-0.3431378901004791
0.02701677195727825,-0.34311872720718384
0.027017870917916298,-0.343085914850235
0.027018513530492783,-0.3430668115615845
0.027020983397960663,-0.34299322962760925
0.027021387591958046,-0.3429812490940094
0.02702716365456581,-0.3428089916706085
0.02702973410487175,-0.34273234009742737
0.027030089870095253,-0.34272176027297974
0.027036894112825394,-0.34251874685287476
0.02703862264752388,-0.34246712923049927
0.027039363980293274,-0.3424449861049652
0.027039840817451477,-0.34243080019950867
0.027042578905820847,-0.3423490524291992
0.027045195922255516,-0.3422708809375763
0.027054432779550552,-0.341994971036911
0.027054907754063606,-0.34198084473609924
0.02705897018313408,-0.3418594002723694
0.02706034481525421,-0.34181833267211914
0.02706197462975979,-0.3417695462703705
0.027064600959420204,-0.3416910767555237
0.02706475555896759,-0.3416863679885864
0.02706569992005825,-0.3416581451892853
0.027066541835665703,-0.34163299202919006
0.02708360180258751,-0.3411223590373993
0.027088627219200134,-0.34097176790237427
0.027090365067124367,-0.34091973304748535
0.027094189077615738,-0.3408050835132599
0.02709806337952614,-0.34068894386291504
0.027100414037704468,-0.34061846137046814
0.027103006839752197,-0.34054064750671387
0.027105897665023804,-0.3404539227485657
0.02710702084004879,-0.3404202163219452
0.027110235765576363,-0.3403237760066986
0.027116205543279648,-0.34014448523521423
0.027121931314468384,-0.33997252583503723
0.027126159518957138,-0.3398455083370209
0.027132391929626465,-0.33965814113616943
0.027132481336593628,-0.33965542912483215
0.027139008045196533,-0.3394591510295868
0.0271402969956398,-0.339420348405838
0.027149414643645287,-0.3391459584236145
0.027153758332133293,-0.3390151262283325
0.02715686336159706,-0.33892160654067993
0.027164727449417114,-0.3386845886707306
0.027166031301021576,-0.3386452794075012
0.027168115600943565,-0.33858245611190796
0.02717144414782524,-0.3384820520877838
0.027173075824975967,-0.3384328782558441
0.027180150151252747,-0.33821940422058105
0.027182845398783684,-0.33813801407814026
0.02718297764658928,-0.3381340205669403
0.027184735983610153,-0.33808088302612305
0.027185043320059776,-0.33807164430618286
0.0271877720952034,-0.3379892408847809
0.02718813344836235,-0.3379783630371094
0.02719574235379696,-0.33774852752685547
0.027199042961001396,-0.3376486897468567
0.027208156883716583,-0.33737310767173767
0.027211157605051994,-0.33728235960006714
0.027211569249629974,-0.3372698724269867
0.027216890826821327,-0.3371087908744812
0.02722536213696003,-0.3368523418903351
0.027226245030760765,-0.3368256092071533
0.027229761704802513,-0.3367190361022949
0.027230074629187584,-0.33670949935913086
0.02723289094865322,-0.3366242051124573
0.027233067899942398,-0.3366188108921051
0.027240246534347534,-0.33640119433403015
0.02724059298634529,-0.33639073371887207
0.02724086493253708,-0.3363824188709259
0.02724311128258705,-0.33631432056427
0.02726125344634056,-0.3357636034488678
0.027261316776275635,-0.335761696100235
0.02726161852478981,-0.3357525169849396
0.027266334742307663,-0.33560919761657715
0.027266433462500572,-0.3356062173843384
0.027271686121821404,-0.3354465663433075
0.02727694995701313,-0.3352864980697632
0.027280159294605255,-0.3351888954639435
0.027285490185022354,-0.33502668142318726
0.0272892564535141,-0.3349120616912842
0.02729027159512043,-0.33488115668296814
0.027292801067233086,-0.33480408787727356
0.0272942204028368,-0.3347609341144562
0.027299046516418457,-0.3346138894557953
0.02730179950594902,-0.3345299959182739
0.02730252407491207,-0.33450791239738464
0.02730501815676689,-0.3344319462776184
0.027305223047733307,-0.334425687789917
0.02730735018849373,-0.33436083793640137
0.02730892412364483,-0.33431288599967957
0.02732541784644127,-0.33380961418151855
0.027325747534632683,-0.3337995111942291
0.027331890538334846,-0.33361199498176575
0.02733241580426693,-0.3335959017276764
0.02733655646443367,-0.3334693908691406
0.027342962101101875,-0.33327364921569824
0.027349436655640602,-0.3330756425857544
0.027349483221769333,-0.333074152469635
0.02735329233109951,-0.3329576551914215
0.027355501428246498,-0.3328900933265686
0.027358021587133408,-0.33281293511390686
0.027361314743757248,-0.3327121138572693
0.02736138366162777,-0.33270999789237976
0.027361400425434113,-0.3327094614505768
0.027362260967493057,-0.33268317580223083
0.02736843004822731,-0.33249419927597046
0.027368908748030663,-0.3324795961380005
0.02737654373049736,-0.3322455883026123
0.027379648759961128,-0.3321504592895508
0.02738056518137455,-0.3321223258972168
0.027382560074329376,-0.33206114172935486
0.027384545654058456,-0.3320002257823944
0.027385391294956207,-0.3319742977619171
0.02738574706017971,-0.33196336030960083
0.027391191571950912,-0.3317963480949402
0.027396414428949356,-0.3316360414028168
0.027398137375712395,-0.331583172082901
0.027400486171245575,-0.3315110206604004
0.027403835207223892,-0.33140814304351807
0.027407586574554443,-0.33129289746284485
0.027414266020059586,-0.3310876488685608
0.02741859294474125,-0.33095458149909973
0.027423042804002762,-0.33081769943237305
0.027424586936831474,-0.33077022433280945
0.02742530219256878,-0.33074814081192017
0.027427159249782562,-0.33069103956222534
0.02742898277938366,-0.3306349515914917
0.027432911098003387,-0.33051392436027527
0.027440518140792847,-0.330279678106308
0.027440693229436874,-0.3302742838859558
0.02744826301932335,-0.3300410211086273
0.027451928704977036,-0.32992804050445557
0.027456868439912796,-0.3297756612300873
0.027456924319267273,-0.32977399230003357
0.02746160328388214,-0.3296296298503876
0.02746676467359066,-0.32947036623954773
0.027472421526908875,-0.32929566502571106
0.027477635070681572,-0.32913467288017273
0.027478132396936417,-0.3291192650794983
0.027488652616739273,-0.32879412174224854
0.027495047077536583,-0.3285963237285614
0.027497444301843643,-0.32852211594581604
0.02750026434659958,-0.32843488454818726
0.02750415727496147,-0.3283143639564514
0.0275094136595726,-0.3281516432762146
0.027509761974215508,-0.3281407952308655
0.0275153536349535,-0.3279676139354706
0.02751573547720909,-0.32795584201812744
0.027518514543771744,-0.32786962389945984
0.02752157859504223,-0.32777467370033264
0.027530191466212273,-0.3275075852870941
0.02753463014960289,-0.3273698389530182
0.02753661759197712,-0.32730820775032043
0.02753722108900547,-0.32728949189186096
0.027541473507881165,-0.3271574378013611
0.027543675154447556,-0.3270890712738037
0.02754724957048893,-0.32697808742523193
0.02755182981491089,-0.3268357813358307
0.02755466103553772,-0.3267478048801422
0.027555445209145546,-0.32672345638275146
0.027561943978071213,-0.3265213668346405
0.027562085539102554,-0.3265169858932495
0.02756325714290142,-0.32648053765296936
0.02756616286933422,-0.32639017701148987
0.02756810188293457,-0.3263298273086548
0.027568820863962173,-0.32630741596221924
0.027569109573960304,-0.3262985050678253
0.027574066072702408,-0.3261442184448242
0.02757694572210312,-0.32605457305908203
0.027580097317695618,-0.32595643401145935
0.02758338674902916,-0.32585403323173523
0.027584891766309738,-0.325807124376297
0.0275932215154171,-0.3255475163459778
0.027596089988946915,-0.3254580795764923
0.0275985449552536,-0.3253815472126007
0.027603061869740486,-0.3252406716346741
0.027605652809143066,-0.32515984773635864
0.02760632336139679,-0.3251388669013977
0.027608254924416542,-0.32507869601249695
0.02761218510568142,-0.3249559700489044
0.027616603299975395,-0.32481804490089417
0.027629658579826355,-0.3244100511074066
0.0276329405605793,-0.32430750131607056
0.027635866776108742,-0.32421600818634033
0.027636531740427017,-0.32419517636299133
0.027643850073218346,-0.32396623492240906
0.027646686881780624,-0.3238774240016937
0.027647830545902252,-0.3238416016101837
0.027648862451314926,-0.32380929589271545
0.027651788666844368,-0.32371774315834045
0.027651896700263023,-0.32371434569358826
0.0276519525796175,-0.3237125873565674
0.027654897421598434,-0.32362037897109985
0.02765624225139618,-0.32357823848724365
0.027658775448799133,-0.3234988749027252
0.027659684419631958,-0.3234703242778778
0.027661437168717384,-0.32341548800468445
0.02766328863799572,-0.32335740327835083
0.027666209265589714,-0.3232658803462982
0.027679182589054108,-0.3228589594364166
0.02768292836844921,-0.32274141907691956
0.027683090418577194,-0.32273629307746887
0.027683407068252563,-0.32272636890411377
0.027688030153512955,-0.3225812613964081
0.027696600183844566,-0.32231205701828003
0.027698267251253128,-0.32225969433784485
0.02770056761801243,-0.3221873641014099
0.02770482748746872,-0.322053462266922
0.027707673609256744,-0.32196393609046936
0.02770841494202614,-0.3219406306743622
0.02770952321588993,-0.32190579175949097
0.027713116258382797,-0.3217927813529968
0.027719751000404358,-0.32158395648002625
0.027722729369997978,-0.32149022817611694
0.027726110070943832,-0.3213837742805481
0.027729537338018417,-0.3212757408618927
0.027732975780963898,-0.3211674690246582
0.027736620977520943,-0.321052610874176
0.027736766263842583,-0.3210480213165283
0.02774105779826641,-0.3209127187728882
0.027742253616452217,-0.32087504863739014
0.027749668806791306,-0.32064110040664673
0.02775302529335022,-0.32053524255752563
0.02775551751255989,-0.32045650482177734
0.027763642370700836,-0.32020002603530884
0.027764514088630676,-0.3201725482940674
0.02776627242565155,-0.32011696696281433
0.02776702120900154,-0.3200933337211609
0.027776401489973068,-0.3197968602180481
0.027777202427387238,-0.31977155804634094
0.027780668810009956,-0.319661945104599
0.02778574265539646,-0.31950142979621887
0.02778899110853672,-0.31939858198165894
0.027790702879428864,-0.31934452056884766
0.027795253321528435,-0.31920045614242554
0.027803534641861916,-0.3189381957054138
0.0278066024184227,-0.31884101033210754
0.027814844623208046,-0.3185797333717346
0.02782233990728855,-0.31834203004837036
0.027826951816678047,-0.3181956112384796
0.0278299730271101,-0.3180997967720032
0.027830064296722412,-0.3180968165397644
0.02783254161477089,-0.31801822781562805
0.027832768857479095,-0.31801101565361023
0.02783876284956932,-0.31782060861587524
0.02784111723303795,-0.31774580478668213
0.027841227129101753,-0.31774234771728516
0.027843870222568512,-0.31765836477279663
0.027844512835144997,-0.31763792037963867
0.027844712138175964,-0.31763163208961487
0.027851209044456482,-0.31742510199546814
0.02785124070942402,-0.31742411851882935
0.02785535156726837,-0.31729334592819214
0.02785870060324669,-0.3171868324279785
0.027858814224600792,-0.3171832263469696
0.02785956673324108,-0.3171592652797699
0.027864733710885048,-0.3169948160648346
0.027881251648068428,-0.3164688050746918
0.02788529358804226,-0.31633996963500977
0.027887092903256416,-0.31628260016441345
0.02788977324962616,-0.31619712710380554
0.027892950922250748,-0.316095769405365
0.027895044535398483,-0.3160289525985718
0.02789776772260666,-0.31594210863113403
0.027898872271180153,-0.3159068524837494
0.027901653200387955,-0.31581810116767883
0.027902698144316673,-0.3157848119735718
0.027902785688638687,-0.31578195095062256
0.027903592213988304,-0.3157562017440796
0.027909930795431137,-0.31555381417274475
0.027910934761166573,-0.315521776676178
0.027912788093090057,-0.31546255946159363
0.02791559137403965,-0.3153730630874634
0.0279183741658926,-0.3152841031551361
0.027919109910726547,-0.3152605891227722
0.02792007103562355,-0.3152298033237457
0.027921447530388832,-0.3151858448982239
0.02792908437550068,-0.3149416744709015
0.027935443446040154,-0.3147382140159607
0.027938280254602432,-0.3146474361419678
0.027938533574342728,-0.3146393299102783
0.027939485386013985,-0.3146089017391205
0.027943704277276993,-0.31447380781173706
0.02794450893998146,-0.3144480288028717
0.027946755290031433,-0.3143760859966278
0.027950679883360863,-0.3142504096031189
0.027954943478107452,-0.3141137957572937
0.02796018123626709,-0.3139459192752838
0.02796432189643383,-0.31381312012672424
0.027965884655714035,-0.31376299262046814
0.027967726811766624,-0.31370389461517334
0.027979707345366478,-0.3133193850517273
0.027980051934719086,-0.31330838799476624
0.027983903884887695,-0.3131846785545349
0.027986010536551476,-0.31311702728271484
0.027992509305477142,-0.3129081726074219
0.02799273282289505,-0.31290102005004883
0.02799483947455883,-0.3128332793712616
0.027996130287647247,-0.3127918243408203
0.02799823507666588,-0.31272414326667786
0.02799929678440094,-0.31268998980522156
0.028004847466945648,-0.31251150369644165
0.0280059352517128,-0.3124765157699585
0.02800668776035309,-0.3124522864818573
0.028011826798319817,-0.31228697299957275
0.028014587238430977,-0.31219813227653503
0.0280168280005455,-0.31212595105171204
0.02802712470293045,-0.3117942810058594
0.028027692809700966,-0.31177595257759094
0.02802828513085842,-0.3117569088935852
0.028032734990119934,-0.3116134703159332
0.028033120557665825,-0.31160107254981995
0.028044182807207108,-0.31124427914619446
0.028053924441337585,-0.31092989444732666
0.028054634109139442,-0.3109070062637329
0.028059888631105423,-0.310737282037735
0.028063269332051277,-0.31062811613082886
0.028064526617527008,-0.31058746576309204
0.028067605569958687,-0.3104879856109619
0.02807781845331192,-0.3101576864719391
0.028081007301807404,-0.31005457043647766
0.028083736076951027,-0.3099662959575653
0.02808869630098343,-0.3098057508468628
0.028092533349990845,-0.3096815049648285
0.02809925749897957,-0.3094637393951416
0.028100619092583656,-0.3094196319580078
0.028108328580856323,-0.30916979908943176
0.028109943494200706,-0.3091174066066742
0.028114326298236847,-0.3089752793312073
0.028116701170802116,-0.30889827013015747
0.02811751514673233,-0.3088718354701996
0.02812044322490692,-0.3087768256664276
0.028124133124947548,-0.30865707993507385
0.02812463976442814,-0.30864065885543823
0.028124772012233734,-0.308636337518692
0.028126180171966553,-0.3085906207561493
0.028126943856477737,-0.3085658550262451
0.0281303022056818,-0.3084568381309509
0.028131263330578804,-0.3084256052970886
0.02813727781176567,-0.3082301914691925
0.028140250593423843,-0.30813363194465637
0.028141874819993973,-0.30808085203170776
0.028142962604761124,-0.30804547667503357
0.028144704177975655,-0.3079889118671417
0.02814791537821293,-0.3078845143318176
0.028152676299214363,-0.3077296316623688
0.028152842074632645,-0.3077242374420166
0.028153689578175545,-0.30769672989845276
0.028159504756331444,-0.3075074553489685
0.028160523623228073,-0.3074743449687958
0.02816249616444111,-0.3074101209640503
0.028163881972432137,-0.3073650300502777
0.028168974444270134,-0.30719923973083496
0.028170552104711533,-0.3071478009223938
0.02817283384501934,-0.30707353353500366
0.028174247592687607,-0.3070274591445923
0.02817683294415474,-0.30694320797920227
0.02818255126476288,-0.306756854057312
0.028183238580822945,-0.3067344129085541
0.02818329632282257,-0.30673250555992126
0.028186699375510216,-0.30662161111831665
0.028197212144732475,-0.30627864599227905
0.028200453147292137,-0.30617284774780273
0.02820221334695816,-0.30611538887023926
0.02821430191397667,-0.30572056770324707
0.02822078764438629,-0.305508553981781
0.028221886605024338,-0.3054726719856262
0.028222236782312393,-0.30546116828918457
0.028223926201462746,-0.30540597438812256
0.028233138844370842,-0.3051045835018158
0.0282336063683033,-0.30508923530578613
0.028234217315912247,-0.30506929755210876
0.028237655758857727,-0.3049567639827728
0.02823922410607338,-0.30490535497665405
0.028239810839295387,-0.30488625168800354
0.028245974332094193,-0.3046843707561493
0.028247669339179993,-0.3046288788318634
0.028254274278879166,-0.30441245436668396
0.028256312012672424,-0.30434563755989075
0.028262941166758537,-0.3041283190250397
0.0282632764428854,-0.3041172921657562
0.028266150504350662,-0.30402302742004395
0.02827301062643528,-0.30379799008369446
0.028273459523916245,-0.3037831485271454
0.028274666517972946,-0.3037436008453369
0.028274770826101303,-0.3037402033805847
0.028276020660996437,-0.30369916558265686
0.028276413679122925,-0.3036862015724182
0.02828185260295868,-0.30350759625434875
0.028286918997764587,-0.30334123969078064
0.028288330882787704,-0.303294837474823
0.02829083986580372,-0.30321237444877625
0.02829962968826294,-0.30292341113090515
0.028299789875745773,-0.3029181659221649
0.02830238826572895,-0.3028327226638794
0.02830527350306511,-0.3027377426624298
0.028309177607297897,-0.3026093542575836
0.028309686109423637,-0.30259257555007935
0.028313877061009407,-0.3024546802043915
0.028318943455815315,-0.30228787660598755
0.028319094330072403,-0.30228284001350403
0.028324350714683533,-0.3021097183227539
0.028325846418738365,-0.30206048488616943
0.028326286002993584,-0.30204594135284424
0.02833704836666584,-0.3016912341117859
0.028337594121694565,-0.3016732335090637
0.028344454243779182,-0.30144694447517395
0.028344664722681046,-0.3014400005340576
0.028346961364150047,-0.3013641834259033
0.02836037054657936,-0.3009214997291565
0.0283651240170002,-0.30076441168785095
0.028369903564453125,-0.3006064295768738
0.028370920568704605,-0.30057284235954285
0.028371434658765793,-0.3005557954311371
0.02837308496236801,-0.3005012571811676
0.028375959023833275,-0.30040621757507324
0.02837689407169819,-0.300375372171402
0.02838052436709404,-0.3002552092075348
0.028381042182445526,-0.30023807287216187
0.028382666409015656,-0.30018433928489685
0.02838285081088543,-0.3001782298088074
0.028385886922478676,-0.30007776618003845
0.02838786691427231,-0.3000122606754303
0.02839137800037861,-0.2998960316181183
0.028407733887434006,-0.2993541359901428
0.02841314673423767,-0.2991747260093689
0.028418004512786865,-0.29901355504989624
0.028428349643945694,-0.2986702620983124
0.028428373858332634,-0.2986694872379303
0.028433218598365784,-0.2985086143016815
0.02843336947262287,-0.2985035479068756
0.02843468450009823,-0.2984599173069
0.028435466811060905,-0.29843389987945557
0.028437238186597824,-0.29837507009506226
0.028437849134206772,-0.29835474491119385
0.028440233319997787,-0.29827553033828735
0.02844087779521942,-0.298254132270813
0.028441431000828743,-0.29823580384254456
0.028444193303585052,-0.2981439530849457
0.028447937220335007,-0.29801952838897705
0.02845142036676407,-0.2979036569595337
0.028458481654524803,-0.2976687252521515
0.028463397175073624,-0.2975051701068878
0.02846478670835495,-0.2974589765071869
0.028468400239944458,-0.297338604927063
0.028472615405917168,-0.29719823598861694
0.028472956269979477,-0.2971869111061096
0.028473524376749992,-0.29716798663139343
0.02847573161125183,-0.297094464302063
0.02847624570131302,-0.29707735776901245
0.02848656103014946,-0.2967334985733032
0.028488799929618835,-0.2966589033603668
0.028492428362369537,-0.2965378761291504
0.02849566750228405,-0.296429842710495
0.02849584072828293,-0.2964240610599518
0.028496451675891876,-0.29640358686447144
0.028497055172920227,-0.29638350009918213
0.028498675674200058,-0.29632943868637085
0.028499625623226166,-0.29629769921302795
0.028502222150564194,-0.2962110936641693
0.028505360707640648,-0.2961062788963318
0.028509095311164856,-0.29598161578178406
0.028514439240098,-0.295803040266037
0.02851475216448307,-0.2957926094532013
0.02851484902203083,-0.2957893908023834
0.02851494401693344,-0.29578620195388794
0.028515391051769257,-0.2957713007926941
0.0285156462341547,-0.2957627475261688
0.028517551720142365,-0.2956990897655487
0.028520600870251656,-0.2955971956253052
0.0285258237272501,-0.29542258381843567
0.028530677780508995,-0.2952602505683899
0.02854107692837715,-0.2949121594429016
0.028553806245326996,-0.2944859266281128
0.028554009273648262,-0.294479101896286
0.028559619560837746,-0.29429110884666443
0.028567014262080193,-0.2940431237220764
0.02857242524623871,-0.29386165738105774
0.02857273817062378,-0.2938511371612549
0.0285758376121521,-0.2937471270561218
0.028577612712979317,-0.2936875522136688
0.02857765555381775,-0.2936860918998718
0.028580717742443085,-0.29358330368995667
0.028580792248249054,-0.2935808300971985
0.0285861287266016,-0.29340165853500366
0.028588611632585526,-0.2933182120323181
0.028590088710188866,-0.2932685613632202
0.028595559298992157,-0.2930847704410553
0.028597906231880188,-0.29300588369369507
0.028602302074432373,-0.2928581237792969
0.028615392744541168,-0.2924176752567291
0.0286164078861475,-0.2923835217952728
0.028617676347494125,-0.29234084486961365
0.02862316556274891,-0.29215604066848755
0.028625641018152237,-0.2920726537704468
0.02862696163356304,-0.29202818870544434
0.028631623834371567,-0.2918710708618164
0.028632592409849167,-0.2918384373188019
0.0286366306245327,-0.2917023003101349
0.02864180877804756,-0.29152771830558777
0.028644215315580368,-0.2914465665817261
0.028648853302001953,-0.29129013419151306
0.02864978276193142,-0.2912587821483612
0.028650745749473572,-0.2912262976169586
0.028651688247919083,-0.29119446873664856
0.028652135282754898,-0.291179358959198
0.028652284294366837,-0.29117435216903687
0.02866065315902233,-0.2908918261528015
0.028662975877523422,-0.2908133864402771
0.028663771227002144,-0.2907865643501282
0.028668707236647606,-0.290619820356369
0.02866903692483902,-0.29060864448547363
0.028671959415078163,-0.2905098795890808
0.028672244399785995,-0.2905002236366272
0.028674449771642685,-0.29042571783065796
0.028675388544797897,-0.29039400815963745
0.028681134805083275,-0.2901996970176697
0.028684256598353386,-0.2900940775871277
0.028691304847598076,-0.28985559940338135
0.028691433370113373,-0.28985127806663513
0.028698718175292015,-0.28960466384887695
0.028700638562440872,-0.2895396053791046
0.02870282530784607,-0.2894655764102936
0.028703870251774788,-0.289430171251297
0.02870718203485012,-0.28931793570518494
0.02870813012123108,-0.2892858386039734
0.028711887076497078,-0.28915855288505554
0.028715291991829872,-0.289043128490448
0.028724774718284607,-0.2887214422225952
0.028726380318403244,-0.2886670231819153
0.028727799654006958,-0.288618803024292
0.028734035789966583,-0.28840717673301697
0.02874406799674034,-0.28806647658348083
0.028744803741574287,-0.28804147243499756
0.02874928154051304,-0.2878893315792084
0.028753453865647316,-0.28774750232696533
0.02875545062124729,-0.28767961263656616
0.02875649929046631,-0.2876439094543457
0.028763242065906525,-0.2874145209789276
0.028775028884410858,-0.2870134115219116
0.028775421902537346,-0.28700000047683716
0.02877618744969368,-0.2869739532470703
0.028776440769433975,-0.28696534037590027
0.02877751737833023,-0.286928653717041
0.028787536546587944,-0.28658732771873474
0.02878756821155548,-0.28658628463745117
0.02878876030445099,-0.28654563426971436
0.028790879994630814,-0.2864733338356018
0.028794484212994576,-0.28635045886039734
0.02879653126001358,-0.28628066182136536
0.028797470033168793,-0.2862486243247986
0.028799962252378464,-0.28616368770599365
0.02880082279443741,-0.2861343026161194
0.028803108260035515,-0.2860563099384308
0.028803637251257896,-0.28603824973106384
0.028808435425162315,-0.2858745753765106
0.028808798640966415,-0.28586217761039734
0.02881321683526039,-0.2857113182544708
0.028814489021897316,-0.28566789627075195
0.02881617471575737,-0.2856103479862213
0.028818318620324135,-0.28553709387779236
0.028820950537919998,-0.28544721007347107
0.02882695384323597,-0.2852420210838318
0.028830714523792267,-0.28511348366737366
0.028834229335188866,-0.2849932909011841
0.028834637254476547,-0.28497937321662903
0.02883671410381794,-0.28490832448005676
0.02883719839155674,-0.28489184379577637
0.02884027548134327,-0.28478655219078064
0.028840607032179832,-0.28477513790130615
0.028843700885772705,-0.28466928005218506
0.02884441241621971,-0.2846449315547943
0.028844518586993217,-0.284641295671463
0.028845230117440224,-0.28461700677871704
0.02884690836071968,-0.28455957770347595
0.028847143054008484,-0.2845515012741089
0.02884838357567787,-0.2845090627670288
0.028851330280303955,-0.2844081521034241
0.0288558192551136,-0.2842544615268707
0.028859352692961693,-0.2841334342956543
0.028863094747066498,-0.28400519490242004
0.028874333947896957,-0.2836199104785919
0.028877263888716698,-0.2835194170475006
0.02887813374400139,-0.28348955512046814
0.02888137474656105,-0.28337836265563965
0.028891632333397865,-0.2830263078212738
0.028899146243929863,-0.28276821970939636
0.02890476956963539,-0.28257498145103455
0.028907742351293564,-0.28247278928756714
0.02891608700156212,-0.2821858525276184
0.028922416269779205,-0.2819681167602539
0.028927406296133995,-0.28179633617401123
0.028932955116033554,-0.2816052734851837
0.028933919966220856,-0.28157204389572144
0.028933994472026825,-0.2815694808959961
0.028937064111232758,-0.2814636826515198
0.028939414769411087,-0.2813827395439148
0.028944674879312515,-0.28120145201683044
0.02894509583711624,-0.28118693828582764
0.028950532898306847,-0.28099948167800903
0.028951505199074745,-0.28096598386764526
0.028953541070222855,-0.28089576959609985
0.028953544795513153,-0.2808956205844879
0.028961345553398132,-0.28062647581100464
0.02896980755031109,-0.2803344130516052
0.02896997705101967,-0.28032854199409485
0.02897026762366295,-0.2803185284137726
0.028976112604141235,-0.28011661767959595
0.028978602960705757,-0.28003063797950745
0.028979966416954994,-0.2799834907054901
0.0289805606007576,-0.2799629271030426
0.028981953859329224,-0.2799147963523865
0.028983671218156815,-0.2798554301261902
0.0289887934923172,-0.2796783745288849
0.02898903749883175,-0.2796699106693268
0.029000306501984596,-0.2792800962924957
0.029004517942667007,-0.2791343331336975
0.02900535799562931,-0.2791052460670471
0.029007047414779663,-0.2790467441082001
0.029012406244874,-0.27886125445365906
0.029013989493250847,-0.2788063585758209
0.02901521883904934,-0.2787638008594513
0.029015246778726578,-0.2787627577781677
0.0290191899985075,-0.2786261737346649
0.029020074754953384,-0.27859553694725037
0.029020745307207108,-0.27857229113578796
0.0290214866399765,-0.27854660153388977
0.029022641479969025,-0.2785065770149231
0.029025906696915627,-0.27839338779449463
0.029027217999100685,-0.278347909450531
0.029028713703155518,-0.2782960534095764
0.029032152146100998,-0.27817684412002563
0.029033733531832695,-0.2781219184398651
0.029045281931757927,-0.27772122621536255
0.029047217220067978,-0.2776539921760559
0.02905375510454178,-0.27742695808410645
0.029054924845695496,-0.27738627791404724
0.02905908226966858,-0.2772418260574341
0.029064491391181946,-0.2770538330078125
0.02906974032521248,-0.27687129378318787
0.029069887474179268,-0.27686619758605957
0.02907366119325161,-0.27673497796058655
0.02907394990324974,-0.2767248749732971
0.02907845750451088,-0.27656805515289307
0.02908174693584442,-0.27645358443260193
0.02908194623887539,-0.2764466106891632
0.029083330184221268,-0.27639850974082947
0.029084287583827972,-0.27636516094207764
0.02908845990896225,-0.27621990442276
0.029089249670505524,-0.2761923372745514
0.029089566320180893,-0.27618134021759033
0.029095999896526337,-0.2759571671485901
0.029096368700265884,-0.2759443521499634
0.029096825048327446,-0.27592843770980835
0.02910732664167881,-0.2755624055862427
0.029107417911291122,-0.2755592465400696
0.02910996414721012,-0.27547046542167664
0.029112951830029488,-0.2753662168979645
0.029113035649061203,-0.2753632664680481
0.029113657772541046,-0.27534160017967224
0.029113803058862686,-0.27533647418022156
0.02911410480737686,-0.2753260135650635
0.029115069657564163,-0.275292307138443
0.029118914157152176,-0.275158166885376
0.02912764437496662,-0.274853378534317
0.02913769707083702,-0.2745022177696228
0.029138432815670967,-0.2744765281677246
0.02913934364914894,-0.2744446396827698
0.029140129685401917,-0.27441713213920593
0.02915913611650467,-0.2737524211406708
0.029159249737858772,-0.2737484574317932
0.02916213497519493,-0.2736474871635437
0.029165294021368027,-0.2735368609428406
0.029167335480451584,-0.2734653949737549
0.0291716530919075,-0.2733141779899597
0.02917283959686756,-0.2732725739479065
0.029177328571677208,-0.27311527729034424
0.02918498031795025,-0.272847056388855
0.0291857048869133,-0.27282172441482544
0.029186256229877472,-0.27280235290527344
0.02918781153857708,-0.2727477252483368
0.029188387095928192,-0.2727275490760803
0.029188862070441246,-0.2727109491825104
0.029191449284553528,-0.27262014150619507
0.0291951522231102,-0.2724902629852295
0.02919706143438816,-0.27242329716682434
0.029214639216661453,-0.2718060612678528
0.02921990118920803,-0.27162107825279236
0.0292214285582304,-0.27156737446784973
0.029221726581454277,-0.27155694365501404
0.02922683209180832,-0.27137741446495056
0.029227327555418015,-0.27135998010635376
0.02923053503036499,-0.27124717831611633
0.02923363447189331,-0.27113813161849976
0.02923407033085823,-0.27112284302711487
0.029235325753688812,-0.2710786461830139
0.02923699840903282,-0.27101975679397583
0.02924055978655815,-0.27089443802833557
0.029242374002933502,-0.27083054184913635
0.029249249026179314,-0.2705884575843811
0.029249615967273712,-0.2705755829811096
0.029251180589199066,-0.2705203890800476
0.02925213798880577,-0.27048665285110474
0.029261913150548935,-0.27014216780662537
0.029264934360980988,-0.27003562450408936
0.029270527884364128,-0.2698383927345276
0.02927500382065773,-0.2696804702281952
0.029275402426719666,-0.2696663737297058
0.029280386865139008,-0.26949045062065125
0.02928144298493862,-0.26945316791534424
0.02928169071674347,-0.26944440603256226
0.02928539365530014,-0.2693136930465698
0.02928765118122101,-0.2692340016365051
0.029292622581124306,-0.2690584063529968
0.029297180473804474,-0.26889729499816895
0.029297802597284317,-0.2688753306865692
0.029301712289452553,-0.26873713731765747
0.029302265495061874,-0.26871752738952637
0.02930542826652527,-0.26860570907592773
0.02931315451860428,-0.2683323919773102
0.02931421808898449,-0.2682948112487793
0.029315311461687088,-0.26825615763664246
0.029316402971744537,-0.2682174742221832
0.02931830659508705,-0.26815012097358704
0.029319845139980316,-0.26809564232826233
0.02932450734078884,-0.2679305970668793
0.029326867312192917,-0.2678470313549042
0.02933736890554428,-0.2674750089645386
0.029340138658881187,-0.26737675070762634
0.02934069186449051,-0.26735714077949524
0.029340725392103195,-0.26735591888427734
0.029342075809836388,-0.2673081159591675
0.029343541711568832,-0.26725614070892334
0.029348619282245636,-0.2670760750770569
0.02934882789850235,-0.26706865429878235
0.029348913580179214,-0.2670655846595764
0.029351096600294113,-0.26698818802833557
0.02935173362493515,-0.2669655382633209
0.02935178205370903,-0.2669638991355896
0.0293564572930336,-0.2667979896068573
0.02935734950006008,-0.2667663097381592
0.029359951615333557,-0.2666739523410797
0.029362168163061142,-0.2665952444076538
0.029362954199314117,-0.2665673792362213
0.02936593070626259,-0.2664616107940674
0.029370227828621864,-0.26630899310112
0.029373925179243088,-0.2661776542663574
0.029374821111559868,-0.266145795583725
0.02937515452504158,-0.2661339342594147
0.029388047754764557,-0.26567548513412476
0.029388440772891045,-0.26566165685653687
0.02939162217080593,-0.265548437833786
0.029395587742328644,-0.26540735363960266
0.029398610815405846,-0.2652997076511383
0.029400266706943512,-0.26524075865745544
0.029401065781712532,-0.26521238684654236
0.02940957061946392,-0.26490944623947144
0.02941107004880905,-0.2648560404777527
0.029418982565402985,-0.2645740807056427
0.029426971450448036,-0.2642892897129059
0.029433216899633408,-0.2640664577484131
0.029435962438583374,-0.26396846771240234
0.029442768543958664,-0.26372554898262024
0.029450535774230957,-0.2634480893611908
0.029453013092279434,-0.2633596360683441
0.029453808441758156,-0.26333123445510864
0.0294541846960783,-0.263317734003067
0.029458146542310715,-0.2631761431694031
0.029458925127983093,-0.26314833760261536
0.029462572187185287,-0.2630179524421692
0.02946598455309868,-0.2628959119319916
0.02946675941348076,-0.2628682255744934
0.029469236731529236,-0.2627796232700348
0.029473567381501198,-0.26262471079826355
0.029474373906850815,-0.26259586215019226
0.029476823285222054,-0.26250821352005005
0.02947748824954033,-0.2624843418598175
0.02948225662112236,-0.26231372356414795
0.0294831320643425,-0.2622823119163513
0.029491040855646133,-0.26199907064437866
0.02949531190097332,-0.26184606552124023
0.02950088307261467,-0.2616463601589203
0.029501521959900856,-0.26162344217300415
0.0295083150267601,-0.26137983798980713
0.029509980231523514,-0.2613201439380646
0.029513610526919365,-0.26118990778923035
0.02951975166797638,-0.26096948981285095
0.029521673917770386,-0.26090043783187866
0.0295230932533741,-0.2608494758605957
0.02952316403388977,-0.26084694266319275
0.02952873334288597,-0.2606469392776489
0.02953040972352028,-0.26058679819107056
0.029531480744481087,-0.26054826378822327
0.029532909393310547,-0.26049694418907166
0.029535870999097824,-0.2603905200958252
0.029536524787545204,-0.2603670358657837
0.0295376256108284,-0.26032745838165283
0.029538540169596672,-0.2602946162223816
0.02954418957233429,-0.26009148359298706
0.029545273631811142,-0.26005253195762634
0.029545752331614494,-0.26003527641296387
0.029546286910772324,-0.2600160837173462
0.029549885541200638,-0.25988665223121643
0.02955179661512375,-0.25981786847114563
0.029553599655628204,-0.25975301861763
0.029553748667240143,-0.2597476541996002
0.029554283246397972,-0.25972840189933777
0.029560435563325882,-0.2595070004463196
0.029563268646597862,-0.2594049870967865
0.029563475400209427,-0.2593975365161896
0.02956591546535492,-0.25930967926979065
0.02957121841609478,-0.2591186463832855
0.029575442895293236,-0.25896647572517395
0.029581010341644287,-0.25876584649086
0.029582466930150986,-0.2587132453918457
0.029582800343632698,-0.25870126485824585
0.029587771743535995,-0.25852203369140625
0.02959504909813404,-0.25825947523117065
0.029599538072943687,-0.25809744000434875
0.029601020738482475,-0.25804388523101807
0.029606778174638748,-0.25783607363700867
0.029608868062496185,-0.25776055455207825
0.029611261561512947,-0.25767409801483154
0.029615629464387894,-0.2575162649154663
0.02961917221546173,-0.25738826394081116
0.029622646048665047,-0.2572626769542694
0.029623432084918022,-0.25723424553871155
0.02962760254740715,-0.2570834457874298
0.029628748074173927,-0.2570420503616333
0.0296295378357172,-0.2570134103298187
0.029635295271873474,-0.2568051517009735
0.029637571424245834,-0.25672274827957153
0.029644105583429337,-0.25648626685142517
0.029658231884241104,-0.25597450137138367
0.029659409075975418,-0.25593188405036926
0.029661422595381737,-0.255858838558197
0.02966299280524254,-0.2558019459247589
0.029663410037755966,-0.25578683614730835
0.0296713188290596,-0.2554999887943268
0.029673665761947632,-0.25541484355926514
0.029673999175429344,-0.25540274381637573
0.029675446450710297,-0.2553502321243286
0.029676293954253197,-0.2553194761276245
0.029679307714104652,-0.25521016120910645
0.029680026695132256,-0.25518399477005005
0.029687494039535522,-0.2549129128456116
0.029688995331525803,-0.2548583745956421
0.029691452160477638,-0.25476911664009094
0.02969192899763584,-0.25475186109542847
0.02969265542924404,-0.2547253966331482
0.02969648689031601,-0.25458621978759766
0.02969813533127308,-0.2545263171195984
0.029700491577386856,-0.25444069504737854
0.02970055490732193,-0.2544383704662323
0.02970188669860363,-0.2543899416923523
0.029702460393309593,-0.2543690800666809
0.02970482036471367,-0.25428327918052673
0.02971438318490982,-0.25393548607826233
0.02972036600112915,-0.2537178099155426
0.029721811413764954,-0.25366514921188354
0.029724210500717163,-0.2535777986049652
0.029724419116973877,-0.25357019901275635
0.029724963009357452,-0.2535504400730133
0.029730740934610367,-0.2533399760723114
0.029732361435890198,-0.2532809376716614
0.029734833166003227,-0.25319090485572815
0.029739931225776672,-0.25300511717796326
0.029743172228336334,-0.2528870105743408
0.029747910797595978,-0.2527141869068146
0.029749978333711624,-0.2526388168334961
0.02975333109498024,-0.2525164783000946
0.029753945767879486,-0.25249409675598145
0.029755307361483574,-0.25244441628456116
0.029755786061286926,-0.2524268925189972
0.029761601239442825,-0.2522147297859192
0.029762301594018936,-0.25218912959098816
0.029769567772746086,-0.2519238591194153
0.02977900020778179,-0.251579225063324
0.02978348731994629,-0.2514152526855469
0.02978554368019104,-0.2513400614261627
0.02980470471084118,-0.25063902139663696
0.02980543114244938,-0.2506124675273895
0.029807832092046738,-0.25052452087402344
0.02980816923081875,-0.2505122125148773
0.029810117557644844,-0.2504408359527588
0.029810670763254166,-0.25042054057121277
0.02981218695640564,-0.2503649890422821
0.0298133697360754,-0.2503216862678528
0.02981692925095558,-0.2501913011074066
0.029818212613463402,-0.25014421343803406
0.02982116863131523,-0.2500359117984772
0.02982504293322563,-0.24989387392997742
0.029828360304236412,-0.24977228045463562
0.029832886531949043,-0.24960628151893616
0.029840044677257538,-0.2493436485528946
0.02984050288796425,-0.24932682514190674
0.029845500364899635,-0.24914343655109406
0.02984660305082798,-0.2491029053926468
0.02985052764415741,-0.24895881116390228
0.029850810766220093,-0.2489483803510666
0.02985229901969433,-0.24889376759529114
0.029853280633687973,-0.24885769188404083
0.029855068773031235,-0.24879197776317596
0.029856882989406586,-0.24872535467147827
0.029858315363526344,-0.24867276847362518
0.029859518632292747,-0.24862848222255707
0.029860133305191994,-0.2486059069633484
0.029865125194191933,-0.24842242896556854
0.02986832708120346,-0.24830469489097595
0.0298685934394598,-0.248294860124588
0.029869649559259415,-0.24825607240200043
0.029877658933401108,-0.24796146154403687
0.02987823635339737,-0.24794021248817444
0.029882045462727547,-0.2478000372648239
0.02988409250974655,-0.24772469699382782
0.02988627552986145,-0.2476443350315094
0.02989327535033226,-0.24738654494285583
0.029896095395088196,-0.2472827434539795
0.02989807352423668,-0.2472098171710968
0.02989860065281391,-0.24719037115573883
0.02989872358739376,-0.2471858561038971
0.02990148402750492,-0.24708417057991028
0.029909759759902954,-0.24677908420562744
0.02991023287177086,-0.24676163494586945
0.029910262674093246,-0.2467605471611023
0.029910698533058167,-0.24674445390701294
0.029911141842603683,-0.24672812223434448
0.02991209737956524,-0.24669285118579865
0.029917247593402863,-0.24650292098522186
0.029925890266895294,-0.24618393182754517
0.029926810413599014,-0.24615000188350677
0.02992817386984825,-0.24609966576099396
0.029929235577583313,-0.24606040120124817
0.02993721142411232,-0.24576587975025177
0.029945170506834984,-0.2454717606306076
0.029946742579340935,-0.24541360139846802
0.029947716742753983,-0.2453775852918625
0.0299480389803648,-0.24536572396755219
0.029953554272651672,-0.24516171216964722
0.02995656244456768,-0.24505051970481873
0.029960377141833305,-0.2449093759059906
0.029960837215185165,-0.24489232897758484
0.02997046336531639,-0.24453601241111755
0.029972698539495468,-0.2444532811641693
0.02997434325516224,-0.24439238011837006
0.029974907636642456,-0.2443714439868927
0.029976483434438705,-0.2443130761384964
0.029982304200530052,-0.24409742653369904
0.029993148520588875,-0.2436954230070114
0.0299933273345232,-0.24368879199028015
0.029995333403348923,-0.24361443519592285
0.029999079182744026,-0.24347546696662903
0.030001336708664894,-0.2433917373418808
0.03000352531671524,-0.24331048130989075
0.030009912326931953,-0.24307340383529663
0.03001314587891102,-0.2429533302783966
0.03001602366566658,-0.24284644424915314
0.030018344521522522,-0.24276027083396912
0.030018366873264313,-0.24275946617126465
0.03002546727657318,-0.24249562621116638
0.030025826767086983,-0.2424822300672531
0.030028212815523148,-0.24239356815814972
0.030030040070414543,-0.24232563376426697
0.03003333881497383,-0.24220295250415802
0.03003467060625553,-0.24215349555015564
0.030035875737667084,-0.24210861325263977
0.03004828467965126,-0.2416469305753708
0.030048593878746033,-0.24163541197776794
0.03005097433924675,-0.24154680967330933
0.030051153153181076,-0.24154013395309448
0.03005211427807808,-0.24150435626506805
0.030055727809667587,-0.24136982858181
0.030056621879339218,-0.24133649468421936
0.030056752264499664,-0.24133162200450897
0.030064065009355545,-0.24105919897556305
0.030064797028899193,-0.24103191494941711
0.030066542327404022,-0.24096690118312836
0.030067911371588707,-0.24091587960720062
0.030072571709752083,-0.24074214696884155
0.030081091448664665,-0.24042440950870514
0.030083399266004562,-0.2403382658958435
0.030086398124694824,-0.24022641777992249
0.030087396502494812,-0.24018914997577667
0.030088607221841812,-0.24014392495155334
0.03009020909667015,-0.24008409678936005
0.030092597007751465,-0.23999501764774323
0.030093617737293243,-0.23995687067508698
0.030095133930444717,-0.23990029096603394
0.030098050832748413,-0.23979131877422333
0.03009857051074505,-0.23977194726467133
0.03010784462094307,-0.23942546546459198
0.03011726588010788,-0.23907320201396942
0.03011738322675228,-0.23906880617141724
0.03012104332447052,-0.23893195390701294
0.030122287571430206,-0.23888535797595978
0.030126459896564484,-0.23872928321361542
0.030134806409478188,-0.2384168803691864
0.030137043446302414,-0.23833312094211578
0.03014146164059639,-0.2381676584482193
0.030146906152367592,-0.2379637062549591
0.030149951577186584,-0.23784954845905304
0.03015170991420746,-0.23778362572193146
0.030160823836922646,-0.23744189739227295
0.03016088344156742,-0.23743964731693268
0.030161036178469658,-0.23743388056755066
0.03016418218612671,-0.23731590807437897
0.03016512095928192,-0.23728066682815552
0.030166318640112877,-0.23723573982715607
0.03016740083694458,-0.23719513416290283
0.03016793727874756,-0.23717503249645233
0.030168507248163223,-0.23715364933013916
0.03016974776983261,-0.2371070235967636
0.030174730345606804,-0.2369200587272644
0.030176887288689613,-0.23683908581733704
0.030177615582942963,-0.23681172728538513
0.030178945511579514,-0.23676171898841858
0.030180959030985832,-0.2366861253976822
0.030181897804141045,-0.23665088415145874
0.030182886868715286,-0.23661375045776367
0.030186858028173447,-0.23646456003189087
0.030189288780093193,-0.23637321591377258
0.030195647850632668,-0.23613423109054565
0.030196499079465866,-0.23610223829746246
0.030200498178601265,-0.23595182597637177
0.030202200636267662,-0.2358877956867218
0.0302133671939373,-0.23546768724918365
0.030214868485927582,-0.23541107773780823
0.030216598883271217,-0.2353460192680359
0.03021738864481449,-0.23531626164913177
0.030219297856092453,-0.23524436354637146
0.030223015695810318,-0.23510438203811646
0.03022395446896553,-0.23506897687911987
0.03022877871990204,-0.2348872423171997
0.03022952936589718,-0.23485895991325378
0.030232390388846397,-0.2347511649131775
0.030244862660765648,-0.23428094387054443
0.03025171160697937,-0.23402248322963715
0.0302581824362278,-0.23377825319766998
0.03026033751666546,-0.23369690775871277
0.03026229701936245,-0.23362286388874054
0.030263153836131096,-0.23359055817127228
0.030263572931289673,-0.23357470333576202
0.030268363654613495,-0.23339374363422394
0.030269954353570938,-0.23333366215229034
0.030270744115114212,-0.2333037555217743
0.030271489173173904,-0.2332756221294403
0.030274327844381332,-0.233168363571167
0.030276939272880554,-0.23306964337825775
0.030285082757472992,-0.23276175558567047
0.030285846441984177,-0.2327328622341156
0.030289143323898315,-0.23260816931724548
0.0302931759506464,-0.23245562613010406
0.03029637038707733,-0.2323346734046936
0.03029691055417061,-0.23231424391269684
0.030303707346320152,-0.2320569008588791
0.030304167419672012,-0.23203948140144348
0.030306434258818626,-0.23195365071296692
0.030307168141007423,-0.2319258451461792
0.03030792996287346,-0.23189696669578552
0.03031633421778679,-0.231578528881073
0.0303193349391222,-0.23146478831768036
0.030319612473249435,-0.2314542979001999
0.030320031568408012,-0.23143841326236725
0.030321450904011726,-0.23138459026813507
0.030329884961247444,-0.23106476664543152
0.030330069363117218,-0.23105771839618683
0.0303325392305851,-0.23096399009227753
0.030333183705806732,-0.2309396117925644
0.030334314331412315,-0.23089668154716492
0.030337492004036903,-0.23077614605426788
0.030338499695062637,-0.2307378351688385
0.030340131372213364,-0.23067589104175568
0.03035420924425125,-0.23014123737812042
0.03035593032836914,-0.230075865983963
0.030356580391526222,-0.23005113005638123
0.03035787306725979,-0.2300020009279251
0.030361991375684738,-0.22984544932842255
0.0303630530834198,-0.2298050969839096
0.030365968123078346,-0.22969426214694977
0.030366478487849236,-0.229674831032753
0.030366575345396996,-0.2296711653470993
0.030367881059646606,-0.2296215146780014
0.03037719987332821,-0.22926700115203857
0.030381077900528908,-0.2291194349527359
0.030381903052330017,-0.2290879786014557
0.030389511957764626,-0.2287982702255249
0.030392076820135117,-0.22870051860809326
0.03040262870490551,-0.22829850018024445
0.03040270321071148,-0.2282956838607788
0.03040352091193199,-0.2282644808292389
0.030411241576075554,-0.22797009348869324
0.030413644388318062,-0.22787843644618988
0.030415058135986328,-0.22782446444034576
0.030415695160627365,-0.2278001755475998
0.030419431626796722,-0.22765758633613586
0.030428923666477203,-0.22729526460170746
0.03042920120060444,-0.22728469967842102
0.030429713428020477,-0.22726505994796753
0.030436286702752113,-0.22701403498649597
0.030436962842941284,-0.22698818147182465
0.030442750081419945,-0.22676700353622437
0.030443264171481133,-0.22674736380577087
0.030444655567407608,-0.22669419646263123
0.03044479340314865,-0.226688951253891
0.03044491447508335,-0.2266843020915985
0.030445342883467674,-0.22666791081428528
0.030445894226431847,-0.22664684057235718
0.030448704957962036,-0.22653937339782715
0.030449075624346733,-0.2265252321958542
0.03045162558555603,-0.22642774879932404
0.030451638624072075,-0.22642722725868225
0.030452072620391846,-0.2264106124639511
0.030456803739070892,-0.22622965276241302
0.030460922047495842,-0.2260720282793045
0.0304657481610775,-0.22588735818862915
0.03046991303563118,-0.2257279008626938
0.030475055798888206,-0.22553089261054993
0.030476965010166168,-0.2254578322172165
0.030479861423373222,-0.22534683346748352
0.03048185631632805,-0.2252703607082367
0.030486512929201126,-0.22509191930294037
0.030494701117277145,-0.2247779369354248
0.030496396124362946,-0.22471298277378082
0.030499620363116264,-0.2245892584323883
0.030501073226332664,-0.22453349828720093
0.030501674860715866,-0.22451041638851166
0.03050398826599121,-0.2244216501712799
0.030507931485772133,-0.2242703139781952
0.030508656054735184,-0.22424250841140747
0.030512990429997444,-0.224076047539711
0.030513528734445572,-0.2240554243326187
0.03051363117992878,-0.22405143082141876
0.030515559017658234,-0.22397743165493011
0.030518248677253723,-0.22387410700321198
0.030523428693413734,-0.22367513179779053
0.030523451045155525,-0.22367426753044128
0.030523955821990967,-0.2236548364162445
0.030526388436555862,-0.2235613763332367
0.03052840381860733,-0.2234838902950287
0.03053833357989788,-0.22310206294059753
0.030543973669409752,-0.22288507223129272
0.030550148338079453,-0.22264747321605682
0.03055572882294655,-0.22243258357048035
0.03055584989488125,-0.22242793440818787
0.030562611296772957,-0.22216752171516418
0.03057158552110195,-0.2218216210603714
0.030572229996323586,-0.22179679572582245
0.030573273077607155,-0.22175660729408264
0.030573304742574692,-0.22175541520118713
0.030575096607208252,-0.22168630361557007
0.03057636320590973,-0.22163745760917664
0.03057893179357052,-0.22153839468955994
0.030579157173633575,-0.22152970731258392
0.03058823198080063,-0.22117960453033447
0.030591387301683426,-0.22105781733989716
0.0305924154818058,-0.22101813554763794
0.03059321455657482,-0.2209872603416443
0.03060373291373253,-0.2205810844898224
0.030608277767896652,-0.22040550410747528
0.03061049059033394,-0.2203199714422226
0.030612967908382416,-0.22022420167922974
0.03061438351869583,-0.22016949951648712
0.030621007084846497,-0.21991339325904846
0.030622445046901703,-0.21985776722431183
0.030623476952314377,-0.2198178768157959
0.030624741688370705,-0.2197689265012741
0.03062976896762848,-0.21957442164421082
0.03063017502427101,-0.2195586860179901
0.030634675174951553,-0.2193845510482788
0.030635911971330643,-0.2193366438150406
0.030636031180620193,-0.2193320393562317
0.030638569965958595,-0.21923375129699707
0.03064744733273983,-0.21888989210128784
0.030651511624455452,-0.21873246133327484
0.030657796189188957,-0.21848884224891663
0.03065844252705574,-0.2184637486934662
0.030659915879368782,-0.21840672194957733
0.030660809949040413,-0.21837200224399567
0.030661337077617645,-0.2183515727519989
0.030670810490846634,-0.21798411011695862
0.030676044523715973,-0.21778099238872528
0.030681252479553223,-0.21757875382900238
0.030681440606713295,-0.2175714671611786
0.030686113983392715,-0.2173900008201599
0.03068755380809307,-0.21733404695987701
0.03068798966705799,-0.2173171043395996
0.030689047649502754,-0.21727602183818817
0.030690165236592293,-0.2172326147556305
0.030692121013998985,-0.2171565741300583
0.030692465603351593,-0.2171432077884674
0.03069492056965828,-0.21704785525798798
0.030695252120494843,-0.2170349508523941
0.03069567307829857,-0.21701855957508087
0.030698629096150398,-0.2169036567211151
0.030699269846081734,-0.21687878668308258
0.030701663345098495,-0.216785728931427
0.030708475038409233,-0.21652080118656158
0.030709145590662956,-0.21649472415447235
0.030709251761436462,-0.21649061143398285
0.03071320615708828,-0.21633678674697876
0.030718261376023293,-0.2161400318145752
0.030718471854925156,-0.216131791472435
0.030719848349690437,-0.21607829630374908
0.030726317316293716,-0.2158263772726059
0.030729811638593674,-0.2156902700662613
0.030735306441783905,-0.21547624468803406
0.030742419883608818,-0.21519899368286133
0.030744008719921112,-0.21513700485229492
0.030744239687919617,-0.21512800455093384
0.030744411051273346,-0.2151212841272354
0.030747059732675552,-0.21501801908016205
0.03074733354151249,-0.21500736474990845
0.03074914589524269,-0.21493668854236603
0.030749253928661346,-0.21493244171142578
0.030751587823033333,-0.21484142541885376
0.030760914087295532,-0.21447749435901642
0.030761247500777245,-0.21446451544761658
0.03076411783695221,-0.21435247361660004
0.030765078961849213,-0.21431489288806915
0.030776314437389374,-0.21387611329555511
0.030781283974647522,-0.2136818915605545
0.030783459544181824,-0.2135968655347824
0.03079288639128208,-0.213228240609169
0.030796386301517487,-0.21309135854244232
0.030797485262155533,-0.21304833889007568
0.030798062682151794,-0.21302580833435059
0.03079991228878498,-0.21295343339443207
0.03080018237233162,-0.21294288337230682
0.03080102615058422,-0.2129097729921341
0.03080303594470024,-0.21283115446567535
0.03080393187701702,-0.21279609203338623
0.030807841569185257,-0.21264299750328064
0.03081168234348297,-0.2124926596879959
0.03081565350294113,-0.21233713626861572
0.03081604279577732,-0.212321937084198
0.030818933621048927,-0.2122086137533188
0.030819419771432877,-0.21218957006931305
0.030821045860648155,-0.21212580800056458
0.03082375042140484,-0.21201986074447632
0.030826034024357796,-0.21193037927150726
0.0308331660926342,-0.21165071427822113
0.030837470665574074,-0.21148186922073364
0.03083796054124832,-0.21146264672279358
0.030839836224913597,-0.21138906478881836
0.030842434614896774,-0.21128711104393005
0.03084355592727661,-0.21124310791492462
0.030846502631902695,-0.21112747490406036
0.030846549198031425,-0.21112562716007233
0.030854294076561928,-0.21082156896591187
0.030854737386107445,-0.21080417931079865
0.030861016362905502,-0.21055753529071808
0.030864257365465164,-0.21043014526367188
0.0308650191873312,-0.21040022373199463
0.030871205031871796,-0.21015708148479462
0.030873995274305344,-0.2100473791360855
0.030875686556100845,-0.20998087525367737
0.030875826254487038,-0.20997536182403564
0.03088303841650486,-0.20969167351722717
0.03089219704270363,-0.20933130383491516
0.03089984506368637,-0.20903009176254272
0.030900415033102036,-0.2090076506137848
0.03090355545282364,-0.20888395607471466
0.030905764549970627,-0.20879685878753662
0.03091314435005188,-0.2085060477256775
0.030917303636670113,-0.2083420753479004
0.030919084325432777,-0.2082718461751938
0.030926572158932686,-0.20797650516033173
0.03092763014137745,-0.20793472230434418
0.03092839941382408,-0.2079043686389923
0.030929172411561012,-0.2078738808631897
0.03092973120510578,-0.2078518271446228
0.030933666974306107,-0.20769648253917694
0.030934561043977737,-0.20766116678714752
0.030935319140553474,-0.20763128995895386
0.03093765303492546,-0.20753911137580872
0.030945319682359695,-0.2072363644838333
0.030946461483836174,-0.20719118416309357
0.03094707801938057,-0.2071668654680252
0.03094879910349846,-0.2070988565683365
0.030951322987675667,-0.20699912309646606
0.03095529042184353,-0.20684228837490082
0.030961235985159874,-0.20660723745822906
0.030961288139224052,-0.20660518109798431
0.030966315418481827,-0.206406369805336
0.030970387160778046,-0.20624522864818573
0.03097250685095787,-0.20616136491298676
0.03097451850771904,-0.20608171820640564
0.030976153910160065,-0.20601701736450195
0.030976630747318268,-0.20599813759326935
0.030977660790085793,-0.20595739781856537
0.03097992204129696,-0.20586781203746796
0.03098086640238762,-0.2058304250240326
0.030982274562120438,-0.20577473938465118
0.030984658747911453,-0.20568032562732697
0.030985787510871887,-0.20563554763793945
0.030988426879048347,-0.205531045794487
0.03098970092833042,-0.20548057556152344
0.03099062480032444,-0.20544400811195374
0.030998917296528816,-0.20511528849601746
0.03100297413766384,-0.20495447516441345
0.03100317344069481,-0.2049465924501419
0.031005972996354103,-0.20483559370040894
0.031011704355478287,-0.20460821688175201
0.031012002378702164,-0.2045963853597641
0.031012579798698425,-0.20457351207733154
0.031015515327453613,-0.20445699989795685
0.03101687878370285,-0.2044028788805008
0.031020985916256905,-0.2042398452758789
0.031021691858768463,-0.20421181619167328
0.031027376651763916,-0.20398609340190887
0.03103093057870865,-0.20384493470191956
0.031033867970108986,-0.20372828841209412
0.031039606779813766,-0.20350021123886108
0.031043928116559982,-0.20332840085029602
0.031047042459249496,-0.20320458710193634
0.031048322096467018,-0.20315372943878174
0.031050104647874832,-0.2030828595161438
0.031054170802235603,-0.20292113721370697
0.031060583889484406,-0.20266586542129517
0.031060876324772835,-0.20265427231788635
0.03106515482068062,-0.2024839222431183
0.031067941337823868,-0.20237299799919128
0.031071366742253304,-0.2022365778684616
0.03107612580060959,-0.20204699039459229
0.031076867133378983,-0.20201747119426727
0.031078018248081207,-0.2019716054201126
0.03108241967856884,-0.20179618895053864
0.03108551725745201,-0.2016727179288864
0.031087573617696762,-0.20159074664115906
0.03109077736735344,-0.2014629989862442
0.03109084814786911,-0.20146018266677856
0.031096765771508217,-0.2012241631746292
0.03111116960644722,-0.20064929127693176
0.03111427091062069,-0.20052549242973328
0.031124942004680634,-0.2000991404056549
0.03112616389989853,-0.2000502347946167
0.031128179281949997,-0.19996972382068634
0.031129175797104836,-0.19992995262145996
0.031132282689213753,-0.19980572164058685
0.03113357536494732,-0.19975398480892181
0.031135836616158485,-0.19966357946395874
0.031139366328716278,-0.19952239096164703
0.031139500439167023,-0.19951699674129486
0.0311448872089386,-0.19930151104927063
0.031147709116339684,-0.19918851554393768
0.031153861433267593,-0.19894225895404816
0.03115496225655079,-0.19889819622039795
0.03115534782409668,-0.19888275861740112
0.031155921518802643,-0.1988598257303238
0.031160477548837662,-0.19867731630802155
0.031161082908511162,-0.19865307211875916
0.03116171807050705,-0.19862760603427887
0.031165726482868195,-0.19846701622009277
0.031168432906270027,-0.19835853576660156
0.031168825924396515,-0.19834280014038086
0.031170180067420006,-0.19828848540782928
0.031170545145869255,-0.19827388226985931
0.03117089532315731,-0.1982598751783371
0.03117208369076252,-0.19821225106716156
0.03117440827190876,-0.19811907410621643
0.031175248324871063,-0.19808538258075714
0.03117525205016136,-0.19808517396450043
0.031176244840025902,-0.19804540276527405
0.031179727986454964,-0.19790571928024292
0.03118264675140381,-0.19778867065906525
0.031182918697595596,-0.19777773320674896
0.031185097992420197,-0.19769030809402466
0.0311854500323534,-0.1976761519908905
0.03119935654103756,-0.19711799919605255
0.031201284378767014,-0.1970405876636505
0.031204765662550926,-0.19690077006816864
0.031205739825963974,-0.1968616247177124
0.031207507476210594,-0.19679057598114014
0.0312076136469841,-0.1967863142490387
0.03122122213244438,-0.19623933732509613
0.03122902102768421,-0.19592565298080444
0.031230421736836433,-0.1958693265914917
0.03123525157570839,-0.19567495584487915
0.031237706542015076,-0.19557611644268036
0.0312378890812397,-0.1955687701702118
0.031241649761795998,-0.1954173445701599
0.031243514269590378,-0.19534224271774292
0.031244058161973953,-0.19532033801078796
0.031247714534401894,-0.19517314434051514
0.031248461455106735,-0.19514301419258118
0.031249402090907097,-0.19510510563850403
0.03124956041574478,-0.19509877264499664
0.031250569969415665,-0.19505803287029266
0.03125975653529167,-0.1946878284215927
0.031271278858184814,-0.19422316551208496
0.031275708228349686,-0.19404447078704834
0.031275954097509384,-0.19403457641601562
0.03127836436033249,-0.19393721222877502
0.03128138184547424,-0.1938154399394989
0.03128689527511597,-0.1935928612947464
0.031289130449295044,-0.19350260496139526
0.03129027038812637,-0.1934565007686615
0.03129210323095322,-0.19338257610797882
0.031293489038944244,-0.19332650303840637
0.031294263899326324,-0.1932952105998993
0.03129496052861214,-0.19326703250408173
0.031297747045755386,-0.1931544989347458
0.03129962831735611,-0.19307845830917358
0.03129991143941879,-0.1930670440196991
0.03130419924855232,-0.19289369881153107
0.03130562976002693,-0.19283586740493774
0.03130734711885452,-0.1927664577960968
0.03131040930747986,-0.19264262914657593
0.031313084065914154,-0.192534402012825
0.031314872205257416,-0.19246211647987366
0.03131559118628502,-0.19243301451206207
0.03131609037518501,-0.19241280853748322
0.03131648898124695,-0.19239668548107147
0.03131657838821411,-0.19239304959774017
0.03132433816790581,-0.19207897782325745
0.03132715821266174,-0.19196489453315735
0.031330473721027374,-0.1918305903673172
0.031332116574048996,-0.19176408648490906
0.03133465722203255,-0.19166119396686554
0.03134039789438248,-0.19142858684062958
0.031345829367637634,-0.19120851159095764
0.031350500881671906,-0.19101908802986145
0.031353697180747986,-0.19088946282863617
0.031356874853372574,-0.19076061248779297
0.031361259520053864,-0.19058272242546082
0.03136332333087921,-0.19049899280071259
0.03136457875370979,-0.19044804573059082
0.03136663883924484,-0.19036443531513214
0.031366657465696335,-0.19036366045475006
0.031373780220746994,-0.19007450342178345
0.03137393295764923,-0.1900683045387268
0.031378135085105896,-0.18989764153957367
0.03137918934226036,-0.18985480070114136
0.03138051927089691,-0.18980078399181366
0.031381022185087204,-0.1897803395986557
0.031389761716127396,-0.1894252449274063
0.03139480948448181,-0.18922001123428345
0.031400252133607864,-0.18899869918823242
0.03140401840209961,-0.1888454258441925
0.03140553832054138,-0.18878360092639923
0.03140564635396004,-0.18877921998500824
0.03140898048877716,-0.18864354491233826
0.03140926733613014,-0.18863187730312347
0.031417421996593475,-0.18829987943172455
0.03142102435231209,-0.18815317749977112
0.03142637759447098,-0.18793512880802155
0.03142666444182396,-0.18792344629764557
0.03142918273806572,-0.18782083690166473
0.031431496143341064,-0.18772652745246887
0.03144743666052818,-0.18707655370235443
0.03144810348749161,-0.18704935908317566
0.03145075961947441,-0.1869409680366516
0.03145800903439522,-0.18664510548114777
0.03146172687411308,-0.18649327754974365
0.03146173059940338,-0.18649311363697052
0.03146440535783768,-0.186383917927742
0.03146737068891525,-0.18626278638839722
0.03146751597523689,-0.18625681102275848
0.0314679816365242,-0.18623781204223633
0.03146900609135628,-0.18619593977928162
0.03147009387612343,-0.18615148961544037
0.03147037327289581,-0.18614012002944946
0.031471967697143555,-0.18607497215270996
0.031476691365242004,-0.18588194251060486
0.03148306906223297,-0.1856212168931961
0.031484052538871765,-0.1855810284614563
0.03148498758673668,-0.1855427771806717
0.03148584067821503,-0.1855079084634781
0.03148595243692398,-0.185503289103508
0.03148641437292099,-0.1854844093322754
0.03148898854851723,-0.18537911772727966
0.031491588801145554,-0.18527273833751678
0.031496819108724594,-0.18505869805812836
0.03150150179862976,-0.18486706912517548
0.03150214999914169,-0.18484054505825043
0.031503744423389435,-0.184775248169899
0.031507860869169235,-0.18460673093795776
0.031509704887866974,-0.18453118205070496
0.031514544039964676,-0.1843329221010208
0.03151559829711914,-0.18428973853588104
0.03151717782020569,-0.18422503769397736
0.031520213931798935,-0.18410059809684753
0.03152165561914444,-0.18404150009155273
0.0315273217856884,-0.18380922079086304
0.031531866639852524,-0.1836228370666504
0.03153280168771744,-0.18358449637889862
0.031536489725112915,-0.1834331750869751
0.031539518386125565,-0.183308944106102
0.03154180198907852,-0.1832151710987091
0.031548984348773956,-0.18292033672332764
0.031549133360385895,-0.18291424214839935
0.03155284374952316,-0.18276186287403107
0.031553126871585846,-0.18275023996829987
0.0315578319132328,-0.18255697190761566
0.031559720635414124,-0.1824793964624405
0.031564656645059586,-0.18227651715278625
0.031565144658088684,-0.18225646018981934
0.03156622126698494,-0.182212233543396
0.031568802893161774,-0.1821061074733734
0.03157205507159233,-0.18197239935398102
0.0315830372273922,-0.18152061104774475
0.031585775315761566,-0.18140794336795807
0.0315868966281414,-0.18136177957057953
0.031589701771736145,-0.18124635517597198
0.03159843757748604,-0.1808866262435913
0.03160415589809418,-0.18065105378627777
0.031604256480932236,-0.18064691126346588
0.031605303287506104,-0.1806037425994873
0.03160946071147919,-0.18043240904808044
0.03161168843507767,-0.18034063279628754
0.03161850571632385,-0.18005956709384918
0.03162849321961403,-0.17964749038219452
0.031629838049411774,-0.17959201335906982
0.03163383528590202,-0.17942704260349274
0.03163570538163185,-0.1793498396873474
0.03163640946149826,-0.17932075262069702
0.031636446714401245,-0.17931923270225525
0.031636662781238556,-0.17931032180786133
0.03163837268948555,-0.17923974990844727
0.03164397180080414,-0.17900842428207397
0.0316443145275116,-0.1789942979812622
0.03164612129330635,-0.17891967296600342
0.03164669871330261,-0.17889581620693207
0.031649909913539886,-0.17876310646533966
0.0316530205309391,-0.17863455414772034
0.03165335953235626,-0.1786205768585205
0.03165345638990402,-0.17861653864383698
0.03165380284190178,-0.17860224843025208
0.03165942057967186,-0.17837001383304596
0.03166062757372856,-0.17832010984420776
0.0316619873046875,-0.17826388776302338
0.03166250139474869,-0.17824260890483856
0.03166758641600609,-0.1780322939157486
0.03166864067316055,-0.1779886931180954
0.03167107328772545,-0.17788805067539215
0.03167291730642319,-0.17781174182891846
0.031680628657341,-0.17749255895614624
0.03168116882443428,-0.1774701625108719
0.03168204799294472,-0.1774337887763977
0.03168560564517975,-0.17728643119335175
0.031687986105680466,-0.17718786001205444
0.031692489981651306,-0.1770012527704239
0.03169309347867966,-0.1769762933254242
0.031695038080215454,-0.17689570784568787
0.03170480206608772,-0.17649099230766296
0.031705766916275024,-0.1764509528875351
0.031706057488918304,-0.17643889784812927
0.0317084863781929,-0.17633819580078125
0.03171008452773094,-0.17627190053462982
0.03171161562204361,-0.17620840668678284
0.03171662241220474,-0.1760006994009018
0.03172200173139572,-0.17577742040157318
0.031727004796266556,-0.17556974291801453
0.03172861039638519,-0.17550304532051086
0.03172873333096504,-0.17549793422222137
0.03173061087727547,-0.17541994154453278
0.031732991337776184,-0.1753210574388504
0.03173822909593582,-0.17510351538658142
0.031740784645080566,-0.17499728500843048
0.031741321086883545,-0.17497499287128448
0.031743090599775314,-0.17490147054195404
0.031743310391902924,-0.1748923361301422
0.031744495034217834,-0.17484310269355774
0.03174702078104019,-0.1747380942106247
0.03175035119056702,-0.17459961771965027
0.031751599162817,-0.17454767227172852
0.031757015734910965,-0.17432239651679993
0.03175811469554901,-0.17427672445774078
0.03176060691475868,-0.1741729974746704
0.031760621815919876,-0.17417238652706146
0.031765274703502655,-0.17397873103618622
0.03176833689212799,-0.17385132610797882
0.031769104301929474,-0.17381933331489563
0.0317746102809906,-0.1735900640487671
0.031781841069459915,-0.17328882217407227
0.03178473562002182,-0.17316824197769165
0.031785160303115845,-0.17315056920051575
0.03178763389587402,-0.17304745316505432
0.03179653361439705,-0.1726764291524887
0.03179827705025673,-0.17260369658470154
0.03179905191063881,-0.17257137596607208
0.031800419092178345,-0.17251437902450562
0.03180456906557083,-0.1723412275314331
0.031806763261556625,-0.1722497045993805
0.03181220218539238,-0.17202270030975342
0.031814973801374435,-0.171906977891922
0.031814999878406525,-0.17190587520599365
0.03181622177362442,-0.1718548983335495
0.03181930258870125,-0.17172622680664062
0.03182744234800339,-0.1713862121105194
0.03182993084192276,-0.17128221690654755
0.031834207475185394,-0.17110347747802734
0.03184382617473602,-0.1707012951374054
0.03184529021382332,-0.17064005136489868
0.0318526029586792,-0.17033414542675018
0.03185378387570381,-0.170284703373909
0.03185844048857689,-0.17008976638317108
0.03186024725437164,-0.17001411318778992
0.03186546266078949,-0.16979575157165527
0.03186551481485367,-0.16979356110095978
0.03186636045575142,-0.169758141040802
0.031867071986198425,-0.1697283536195755
0.031867288053035736,-0.16971933841705322
0.031867559999227524,-0.16970789432525635
0.03186814859509468,-0.16968324780464172
0.03187074512243271,-0.16957451403141022
0.03187258541584015,-0.16949738562107086
0.03187879920005798,-0.16923698782920837
0.031879015266895294,-0.16922789812088013
0.03188036382198334,-0.16917145252227783
0.03188291937112808,-0.1690642535686493
0.03188753500580788,-0.168870747089386
0.031891051679849625,-0.1687232255935669
0.03189576789736748,-0.16852538287639618
0.03189912438392639,-0.16838453710079193
0.03190017119050026,-0.16834060847759247
0.03190138563513756,-0.1682896614074707
0.03190357983112335,-0.16819754242897034
0.031908851116895676,-0.1679762303829193
0.0319112092256546,-0.1678771823644638
0.03191336616873741,-0.1677866280078888
0.03192097693681717,-0.1674669086933136
0.03192364424467087,-0.16735480725765228
0.03192437067627907,-0.1673242598772049
0.03193552792072296,-0.16685523092746735
0.03194069117307663,-0.16663800179958344
0.03194136545062065,-0.16660962998867035
0.031942032277584076,-0.16658157110214233
0.03194250911474228,-0.1665615290403366
0.031949933618307114,-0.16624906659126282
0.03195028752088547,-0.16623416543006897
0.03195035457611084,-0.16623131930828094
0.03195439279079437,-0.16606134176254272
0.031955987215042114,-0.16599416732788086
0.03195610269904137,-0.16598933935165405
0.031958457082509995,-0.1658901572227478
0.03196196258068085,-0.16574257612228394
0.031962111592292786,-0.16573625802993774
0.03196267783641815,-0.16571244597434998
0.031963739544153214,-0.16566768288612366
0.031972017139196396,-0.16531887650489807
0.03197489678859711,-0.165197491645813
0.031983017921447754,-0.16485503315925598
0.03198307752609253,-0.1648525595664978
0.03198758140206337,-0.16466256976127625
0.031988658010959625,-0.16461710631847382
0.031988706439733505,-0.16461509466171265
0.031994469463825226,-0.16437195241451263
0.032004933804273605,-0.16393016278743744
0.032006893306970596,-0.16384738683700562
0.03200944885611534,-0.16373947262763977
0.032011356204748154,-0.16365890204906464
0.0320114940404892,-0.16365304589271545
0.03201654553413391,-0.16343961656093597
0.03201804682612419,-0.16337619721889496
0.032021865248680115,-0.1632147580385208
0.032023005187511444,-0.1631666123867035
0.03202345222234726,-0.1631477177143097
0.03202430158853531,-0.16311180591583252
0.03202632814645767,-0.16302607953548431
0.032026395201683044,-0.16302329301834106
0.03202773630619049,-0.1629665344953537
0.03203211724758148,-0.1627812534570694
0.032033372670412064,-0.1627281904220581
0.03203536197543144,-0.16264401376247406
0.03203582391142845,-0.16262449324131012
0.03204698860645294,-0.16215205192565918
0.0320543497800827,-0.1618403196334839
0.03205787017941475,-0.16169123351573944
0.032063424587249756,-0.1614559292793274
0.03206489980220795,-0.1613934338092804
0.032066285610198975,-0.16133466362953186
0.03206848353147507,-0.1612415313720703
0.03207011520862579,-0.16117238998413086
0.032074037939310074,-0.16100607812404633
0.0320744551718235,-0.16098837554454803
0.0320795439183712,-0.16077256202697754
0.03208688646554947,-0.16046114265918732
0.032087743282318115,-0.16042478382587433
0.03208831697702408,-0.1604004204273224
0.03208853304386139,-0.16039124131202698
0.03208908066153526,-0.16036802530288696
0.03209127485752106,-0.16027489304542542
0.03209642320871353,-0.16005638241767883
0.03209894895553589,-0.1599491685628891
0.03209913522005081,-0.15994122624397278
0.032101720571517944,-0.1598314791917801
0.032102517783641815,-0.15979762375354767
0.032102931290864944,-0.15978007018566132
0.03210371732711792,-0.1597466766834259
0.03210556507110596,-0.1596681922674179
0.03210970759391785,-0.15949220955371857
0.03211311250925064,-0.15934759378433228
0.03211584687232971,-0.15923133492469788
0.03212593123316765,-0.15880267322063446
0.03213062882423401,-0.15860289335250854
0.03213433921337128,-0.1584450602531433
0.03213511407375336,-0.15841209888458252
0.03213663771748543,-0.1583472639322281
0.03214086592197418,-0.15816733241081238
0.032145533710718155,-0.157968670129776
0.03214658424258232,-0.15792393684387207
0.03215081989765167,-0.15774357318878174
0.0321551077067852,-0.15756098926067352
0.03216096758842468,-0.15731139481067657
0.03216235712170601,-0.15725216269493103
0.032164838165044785,-0.15714645385742188
0.032166071236133575,-0.15709391236305237
0.03216961771249771,-0.15694274008274078
0.03217461705207825,-0.15672966837882996
0.032178036868572235,-0.15658380091190338
0.03217940777540207,-0.15652532875537872
0.03218090906739235,-0.15646131336688995
0.03218349814414978,-0.15635086596012115
0.032185688614845276,-0.15625742077827454
0.03218863159418106,-0.15613186359405518
0.03218869864940643,-0.15612898766994476
0.03218894079327583,-0.15611860156059265
0.03219594806432724,-0.15581956505775452
0.03219842165708542,-0.1557139754295349
0.032199129462242126,-0.1556837409734726
0.03220047801733017,-0.15562616288661957
0.032200828194618225,-0.15561121702194214
0.03220454603433609,-0.15545246005058289
0.032205067574977875,-0.1554301679134369
0.03220636397600174,-0.15537483990192413
0.03221108019351959,-0.15517333149909973
0.032214365899562836,-0.1550329476594925
0.03221675008535385,-0.15493103861808777
0.03221951052546501,-0.15481311082839966
0.032222677022218704,-0.15467774868011475
0.03222350403666496,-0.15464238822460175
0.03222578763961792,-0.15454478561878204
0.032231248915195465,-0.1543111950159073
0.032231830060482025,-0.15428638458251953
0.032234109938144684,-0.15418881177902222
0.03223631903529167,-0.15409433841705322
0.03223632276058197,-0.15409421920776367
0.032238952815532684,-0.15398164093494415
0.032240115106105804,-0.1539318859577179
0.03224039450287819,-0.15391995012760162
0.03224460780620575,-0.15373964607715607
0.03224597126245499,-0.15368127822875977
0.032246820628643036,-0.15364494919776917
0.03225758671760559,-0.1531839519739151
0.03225957602262497,-0.1530987173318863
0.0322602279484272,-0.15307080745697021
0.03226183354854584,-0.1530020385980606
0.03226224705576897,-0.15298429131507874
0.03226450830698013,-0.15288744866847992
0.032265517860651016,-0.15284420549869537
0.0322672575712204,-0.15276962518692017
0.032268136739730835,-0.1527319848537445
0.03227079287171364,-0.15261809527873993
0.03227511793375015,-0.15243275463581085
0.03227754682302475,-0.15232858061790466
0.03228049725294113,-0.1522020697593689
0.03228370472788811,-0.1520645022392273
0.03228416293859482,-0.152044877409935
0.032284852117300034,-0.1520153284072876
0.032289013266563416,-0.1518368124961853
0.03229917585849762,-0.15140067040920258
0.03230392187833786,-0.15119698643684387
0.03231357783079147,-0.1507822722196579
0.03231377899646759,-0.15077358484268188
0.03231396526098251,-0.15076562762260437
0.0323212593793869,-0.1504521518945694
0.03232315182685852,-0.15037086606025696
0.03232499584555626,-0.1502915769815445
0.032327085733413696,-0.15020175278186798
0.0323294959962368,-0.15009814500808716
0.03233160823583603,-0.15000735223293304
0.03233453258872032,-0.14988155663013458
0.032338812947273254,-0.14969749748706818
0.03234664350748062,-0.14936058223247528
0.03234915807843208,-0.14925235509872437
0.032349202781915665,-0.14925047755241394
0.032349638640880585,-0.1492316573858261
0.03235604614019394,-0.14895585179328918
0.03236887976527214,-0.1484031230211258
0.03236977383494377,-0.1483646184206009
0.03237101435661316,-0.14831116795539856
0.03237239271402359,-0.1482517570257187
0.03237800672650337,-0.14800985157489777
0.03238078951835632,-0.1478898525238037
0.03239007666707039,-0.14748944342136383
0.032390788197517395,-0.1474587619304657
0.03239187225699425,-0.1474120169878006
0.03239379823207855,-0.14732889831066132
0.03239380940794945,-0.14732840657234192
0.03239981457591057,-0.14706936478614807
0.032401613891124725,-0.14699168503284454
0.03240194171667099,-0.14697760343551636
0.03240571171045303,-0.14681482315063477
0.03240925818681717,-0.14666175842285156
0.03241395205259323,-0.14645908772945404
0.03241395205259323,-0.14645908772945404
0.03241753578186035,-0.14630432426929474
0.03241821750998497,-0.14627483487129211
0.03242044150829315,-0.14617879688739777
0.032420724630355835,-0.14616656303405762
0.032421521842479706,-0.14613217115402222
0.03242158889770508,-0.14612923562526703
0.03243027999997139,-0.14575369656085968
0.032430559396743774,-0.14574162662029266
0.03243990242481232,-0.1453377604484558
0.032442569732666016,-0.14522242546081543
0.03244443237781525,-0.1451418399810791
0.03244451805949211,-0.14513817429542542
0.0324486643075943,-0.14495882391929626
0.03245418891310692,-0.14471980929374695
0.03246020898222923,-0.14445927739143372
0.032460980117321014,-0.1444259136915207
0.03246418759226799,-0.14428706467151642
0.032465122640132904,-0.14424659311771393
0.032468732446432114,-0.14409032464027405
0.0324699692428112,-0.14403671026229858
0.03247431665658951,-0.1438484489917755
0.03248055279254913,-0.14357832074165344
0.03248104825615883,-0.1435568630695343
0.03248134255409241,-0.14354407787322998
0.03248363733291626,-0.14344465732574463
0.03248893469572067,-0.14321506023406982
0.03248976916074753,-0.14317886531352997
0.03249361738562584,-0.14301204681396484
0.0325067900121212,-0.1424407958984375
0.032508064061403275,-0.14238549768924713
0.0325094498693943,-0.14232537150382996
0.032511577010154724,-0.14223308861255646
0.03251303359866142,-0.14216987788677216
0.03251371160149574,-0.1421404629945755
0.032515063881874084,-0.14208179712295532
0.03251709043979645,-0.14199385046958923
0.03251882642507553,-0.14191846549510956
0.032524771988391876,-0.1416603922843933
0.03252676874399185,-0.14157362282276154
0.032528020441532135,-0.14151927828788757
0.03252807632088661,-0.14151689410209656
0.03253236413002014,-0.14133059978485107
0.03253495693206787,-0.14121802151203156
0.032536447048187256,-0.1411532461643219
0.03253646194934845,-0.14115256071090698
0.03253694623708725,-0.14113156497478485
0.03253715857863426,-0.14112234115600586
0.03254222497344017,-0.14090219140052795
0.03254308924078941,-0.14086462557315826
0.03254737704992294,-0.14067824184894562
0.032548241317272186,-0.14064070582389832
0.032549984753131866,-0.1405649185180664
0.03255188465118408,-0.14048230648040771
0.03255704045295715,-0.1402580589056015
0.032559651881456375,-0.14014454185962677
0.032561685889959335,-0.14005602896213531
0.03256189078092575,-0.14004716277122498
0.03256381303071976,-0.13996347784996033
0.0325661301612854,-0.13986267149448395
0.03256692364811897,-0.13982823491096497
0.03256944566965103,-0.1397184580564499
0.03256957605481148,-0.13971276581287384
0.032577067613601685,-0.13938669860363007
0.032577261328697205,-0.13937827944755554
0.03257879614830017,-0.13931144773960114
0.032579779624938965,-0.1392686367034912
0.032582566142082214,-0.13914735615253448
0.03258306160569191,-0.139125794172287
0.03258737176656723,-0.1389380395412445
0.03259390592575073,-0.13865339756011963
0.03259662911295891,-0.1385347694158554
0.03260034695267677,-0.1383727490901947
0.03260618448257446,-0.13811834156513214
0.03260722756385803,-0.13807286322116852
0.032608333975076675,-0.13802458345890045
0.032609011977910995,-0.13799507915973663
0.032609518617391586,-0.13797292113304138
0.032609786838293076,-0.1379612684249878
0.03261582925915718,-0.13769781589508057
0.03261982277035713,-0.1375236064195633
0.032621830701828,-0.13743601739406586
0.032625604420900345,-0.13727140426635742
0.03262699395418167,-0.13721078634262085
0.03262939304113388,-0.13710609078407288
0.03262981399893761,-0.13708768784999847
0.032631561160087585,-0.13701143860816956
0.03263295441865921,-0.13695064187049866
0.03264618664979935,-0.136372908949852
0.03264840692281723,-0.13627593219280243
0.032653167843818665,-0.1360679417848587
0.032659392803907394,-0.13579599559307098
0.03266621008515358,-0.13549798727035522
0.032674141228199005,-0.1351512372493744
0.03268127143383026,-0.13483932614326477
0.03268618881702423,-0.13462424278259277
0.0326865091919899,-0.13461019098758698
0.032687295228242874,-0.13457581400871277
0.03268750011920929,-0.13456682860851288
0.03268782049417496,-0.13455282151699066
0.03268818184733391,-0.134537011384964
0.032689355313777924,-0.13448566198349
0.03269076719880104,-0.1344238817691803
0.03269354626536369,-0.13430221378803253
0.032696470618247986,-0.13417421281337738
0.03269678354263306,-0.13416054844856262
0.032703232020139694,-0.1338781714439392
0.032707639038562775,-0.1336851716041565
0.03270823508501053,-0.13365906476974487
0.03270994871854782,-0.13358405232429504
0.032710492610931396,-0.1335601657629013
0.03271090239286423,-0.1335422545671463
0.032713375985622406,-0.13343384861946106
0.03271937370300293,-0.13317108154296875
0.03272116929292679,-0.13309241831302643
0.03272278979420662,-0.13302136957645416
0.03274179622530937,-0.13218793272972107
0.03274334594607353,-0.13211995363235474
0.03274519369006157,-0.1320389211177826
0.0327463299036026,-0.13198910653591156
0.03274751827120781,-0.1319369077682495
0.032752152532339096,-0.13173353672027588
0.03275417536497116,-0.13164475560188293
0.0327550545334816,-0.13160617649555206
0.03276010975241661,-0.1313842386007309
0.032760120928287506,-0.1313837766647339
0.032761577516794205,-0.13131985068321228
0.03276195749640465,-0.13130314648151398
0.0327649861574173,-0.1311701238155365
0.032766297459602356,-0.13111259043216705
0.03276669606566429,-0.1310950666666031
0.03277180716395378,-0.13087056577205658
0.032772403210401535,-0.13084439933300018
0.03277532011270523,-0.1307162642478943
0.03277555853128433,-0.130705788731575
0.0327756404876709,-0.1307021826505661
0.03277847170829773,-0.13057774305343628
0.03277914226055145,-0.130548357963562
0.032781779766082764,-0.13043244183063507
0.03278273344039917,-0.13039055466651917
0.032787423580884933,-0.1301843523979187
0.03278970718383789,-0.13008397817611694
0.03279014304280281,-0.13006478548049927
0.03279602900147438,-0.1298060119152069
0.03279644995927811,-0.12978754937648773
0.032797664403915405,-0.1297340840101242
0.032798875123262405,-0.12968088686466217
0.03280486539006233,-0.12941738963127136
0.03280644118785858,-0.12934806942939758
0.0328066423535347,-0.12933923304080963
0.03281952440738678,-0.1287722885608673
0.032823000103235245,-0.12861929833889008
0.03282421454787254,-0.12856581807136536
0.032825469970703125,-0.12851054966449738
0.03282599896192551,-0.128487229347229
0.03282622620463371,-0.12847726047039032
0.03282737359404564,-0.12842673063278198
0.032831691205501556,-0.1282365918159485
0.03283365070819855,-0.1281503140926361
0.03284056857228279,-0.12784557044506073
0.03284985199570656,-0.12743641436100006
0.032850347459316254,-0.12741459906101227
0.032852478325366974,-0.12732063233852386
0.03285449370741844,-0.12723185122013092
0.032859187573194504,-0.12702487409114838
0.03286178410053253,-0.12691034376621246
0.032862339168787,-0.12688589096069336
0.03286324068903923,-0.1268460899591446
0.03286484628915787,-0.12677529454231262
0.03287552669644356,-0.12630414962768555
0.03287946805357933,-0.12613020837306976
0.032879505306482315,-0.12612850964069366
0.03288222476840019,-0.12600849568843842
0.03288285434246063,-0.12598073482513428
0.03288373723626137,-0.12594175338745117
0.0328935906291008,-0.1255067139863968
0.03290195018053055,-0.12513749301433563
0.03290516510605812,-0.12499544769525528
0.03290863335132599,-0.12484219670295715
0.03291016444563866,-0.12477457523345947
0.032916128635406494,-0.12451094388961792
0.032916855067014694,-0.12447885423898697
0.03292105346918106,-0.124293252825737
0.03292196989059448,-0.12425269931554794
0.0329289510846138,-0.123943991959095
0.03293001279234886,-0.12389703840017319
0.032934971153736115,-0.12367770075798035
0.032941680401563644,-0.1233808621764183
0.032945774495601654,-0.12319966405630112
0.03294992819428444,-0.12301583588123322
0.03295039013028145,-0.12299537658691406
0.03295348957180977,-0.12285816669464111
0.03295547142624855,-0.12277040630578995
0.03295547515153885,-0.12277024239301682
0.032956287264823914,-0.12273434549570084
0.0329580083489418,-0.12265805900096893
0.03295895457267761,-0.12261620163917542
0.03296120837330818,-0.12251639366149902
0.032961491495370865,-0.12250380218029022
0.032961539924144745,-0.12250171601772308
0.03296468034386635,-0.12236259877681732
0.03296492248773575,-0.12235192209482193
0.03296947851777077,-0.12215004116296768
0.03297041356563568,-0.12210863083600998
0.03297269344329834,-0.12200762331485748
0.03297566622495651,-0.12187586724758148
0.032978031784296036,-0.12177100032567978
0.03297892585396767,-0.12173142284154892
0.03297905623912811,-0.1217256560921669
0.03298206999897957,-0.12159208953380585
0.0329858735203743,-0.12142349034547806
0.03298729658126831,-0.12136037647724152
0.03299153596162796,-0.12117240577936172
0.03299591690301895,-0.12097810953855515
0.03299891948699951,-0.12084496021270752
0.03300042822957039,-0.12077801674604416
0.033001597970724106,-0.12072615325450897
0.03300821781158447,-0.12043245881795883
0.03300921618938446,-0.12038813531398773
0.033009376376867294,-0.12038099765777588
0.033012811094522476,-0.12022856622934341
0.03301972895860672,-0.11992156505584717
0.03302036225795746,-0.11989343166351318
0.03302178904414177,-0.11983009427785873
0.03302266448736191,-0.11979122459888458
0.03302310034632683,-0.11977186799049377
0.033025480806827545,-0.11966612935066223
0.03303114324808121,-0.11941468715667725
0.03303218632936478,-0.11936836689710617
0.0330350399017334,-0.11924160271883011
0.03303597867488861,-0.11919988691806793
0.033040180802345276,-0.1190132424235344
0.03304427117109299,-0.11883149296045303
0.0330519825220108,-0.11848875135183334
0.03305242210626602,-0.11846917867660522
0.03305284306406975,-0.11845050752162933
0.03305782377719879,-0.11822906136512756
0.03306226059794426,-0.11803176999092102
0.03306280076503754,-0.11800776422023773
0.03306550160050392,-0.11788763850927353
0.03306644409894943,-0.11784570664167404
0.03306889533996582,-0.11773668229579926
0.0330730676651001,-0.11755108833312988
0.03307569772005081,-0.1174340546131134
0.03307590261101723,-0.11742495000362396
0.033080123364925385,-0.1172371357679367
0.033084847033023834,-0.11702689528465271
0.03308805078268051,-0.11688430607318878
0.03309088945388794,-0.11675791442394257
0.03309249132871628,-0.1166866198182106
0.033092621713876724,-0.11668079346418381
0.03309769928455353,-0.11645466089248657
0.03310214728116989,-0.11625657230615616
0.03310447931289673,-0.11615271866321564
0.03310570493340492,-0.11609816551208496
0.033108875155448914,-0.11595692485570908
0.0331105962395668,-0.11588023602962494
0.033111587166786194,-0.11583608388900757
0.03311173617839813,-0.11582944542169571
0.03311185538768768,-0.1158241257071495
0.03311824053525925,-0.1155395582318306
0.03312724083662033,-0.11513835191726685
0.03313734382390976,-0.11468788236379623
0.03313775360584259,-0.11466953158378601
0.03314269706606865,-0.11444906890392303
0.033143218606710434,-0.11442578583955765
0.033145006746053696,-0.1143459901213646
0.033146027475595474,-0.11430049687623978
0.03314618393778801,-0.11429353058338165
0.03314627334475517,-0.11428950726985931
0.033146344125270844,-0.11428634822368622
0.033149030059576035,-0.1141665130853653
0.033149246126413345,-0.1141568273305893
0.03315143287181854,-0.11405930668115616
0.03315190598368645,-0.11403816193342209
0.03315592557191849,-0.11385877430438995
0.03315679728984833,-0.11381985992193222
0.0331580825150013,-0.1137625053524971
0.033158253878355026,-0.11375486105680466
0.033160462975502014,-0.11365624517202377
0.03316169232130051,-0.11360140889883041
0.033166565001010895,-0.11338379234075546
0.033182453364133835,-0.11267414689064026
0.03318449482321739,-0.11258292198181152
0.0331912562251091,-0.11228079348802567
0.03319161385297775,-0.11226479709148407
0.033195726573467255,-0.11208094656467438
0.0331970751285553,-0.11202068626880646
0.03319752961397171,-0.11200037598609924
0.03321123868227005,-0.11138733476400375
0.03321211040019989,-0.11134833842515945
0.033219482749700546,-0.11101853102445602
0.03322317451238632,-0.11085336655378342
0.033228110522031784,-0.11063248664140701
0.03322828561067581,-0.11062465608119965
0.0332307294011116,-0.11051525920629501
0.03323378413915634,-0.11037854850292206
0.0332346186041832,-0.1103411614894867
0.0332367829978466,-0.11024429649114609
0.03323725610971451,-0.11022306978702545
0.033237941563129425,-0.1101924255490303
0.03324057161808014,-0.11007463186979294
0.033243149518966675,-0.1099592000246048
0.03324394300580025,-0.10992368310689926
0.033244095742702484,-0.1099168211221695
0.033256396651268005,-0.10936583578586578
0.03325747326016426,-0.1093175932765007
0.03325971961021423,-0.10921695083379745
0.033260151743888855,-0.10919756442308426
0.03326210379600525,-0.10911014676094055
0.03326450660824776,-0.10900241881608963
0.03326474875211716,-0.1089915782213211
0.03326575830578804,-0.1089463084936142
0.03327181935310364,-0.10867467522621155
0.03327368199825287,-0.10859113186597824
0.03327590599656105,-0.10849148035049438
0.033276937901973724,-0.1084451973438263
0.0332796573638916,-0.10832322388887405
0.03327976539731026,-0.10831836611032486
0.03328053280711174,-0.10828397423028946
0.03328368440270424,-0.1081426665186882
0.033286452293395996,-0.10801852494478226
0.03328780084848404,-0.10795803368091583
0.03328990936279297,-0.10786345601081848
0.033290959894657135,-0.10781630128622055
0.03329700604081154,-0.10754506289958954
0.03329754248261452,-0.10752098262310028
0.03329873085021973,-0.1074676662683487
0.033299170434474945,-0.10744790732860565
0.03330421820282936,-0.10722137987613678
0.0333096906542778,-0.10697576403617859
0.03331615775823593,-0.10668542236089706
0.03331618010997772,-0.10668443143367767
0.03331664949655533,-0.10666339099407196
0.033325694501399994,-0.10625714063644409
0.03332996368408203,-0.10606538504362106
0.03333465754985809,-0.10585451871156693
0.03333476930856705,-0.1058494970202446
0.03333476930856705,-0.1058494970202446
0.033336661756038666,-0.1057644709944725
0.03334525600075722,-0.10537824779748917
0.03334561735391617,-0.10536199808120728
0.033349405974149704,-0.105191670358181
0.0333530455827713,-0.10502805560827255
0.033356424421072006,-0.10487617552280426
0.03337027132511139,-0.10425334423780441
0.03337101638317108,-0.10421985387802124
0.03337562084197998,-0.10401269793510437
0.03337614983320236,-0.10398891568183899
0.03337649255990982,-0.10397346317768097
0.03337835147976875,-0.1038898229598999
0.03338102251291275,-0.10376960039138794
0.033382341265678406,-0.10371026396751404
0.03338336944580078,-0.10366395860910416
0.03338908776640892,-0.10340657085180283
0.033394359052181244,-0.1031692773103714
0.03339971601963043,-0.1029280349612236
0.03340727090835571,-0.1025877520442009
0.03341228514909744,-0.10236190259456635
0.033412426710128784,-0.10235549509525299
0.03341323882341385,-0.10231892764568329
0.03341549634933472,-0.10221723467111588
0.033416830003261566,-0.1021571010351181
0.03341781347990036,-0.10211282968521118
0.033420756459236145,-0.10198015719652176
0.03342461585998535,-0.10180627554655075
0.03342511132359505,-0.10178390890359879
0.03342623636126518,-0.1017332375049591
0.033426664769649506,-0.10171391069889069
0.03342946618795395,-0.10158759355545044
0.033431392163038254,-0.10150079429149628
0.03343208134174347,-0.10146969556808472
0.03343325853347778,-0.10141665488481522
0.03343433886766434,-0.10136796534061432
0.03343638405203819,-0.1012757197022438
0.0334370955824852,-0.10124363750219345
0.033438630402088165,-0.10117445141077042
0.03343948349356651,-0.10113596171140671
0.0334426574409008,-0.10099278390407562
0.033446747809648514,-0.10080832242965698
0.03344859555363655,-0.10072498023509979
0.03344988822937012,-0.10066667199134827
0.033455561846494675,-0.10041071474552155
0.03345629200339317,-0.10037779808044434
0.033456817269325256,-0.10035403817892075
0.03346240893006325,-0.1001017689704895
0.033462878316640854,-0.10008055716753006
0.03346555307507515,-0.0999598503112793
0.033467937260866165,-0.09985223412513733
0.03347020223736763,-0.09974996000528336
0.03347095102071762,-0.0997161865234375
0.0334760956466198,-0.0994838997721672
0.03347732126712799,-0.09942863136529922
0.03348248451948166,-0.09919539839029312
0.03348393738269806,-0.0991298258304596
0.0334840789437294,-0.09912338852882385
0.03348454833030701,-0.0991022065281868
0.03349647670984268,-0.09856335818767548
0.03349703550338745,-0.09853814542293549
0.033497124910354614,-0.09853406250476837
0.03349827602505684,-0.09848210960626602
0.033500805497169495,-0.09836782515048981
0.033503565937280655,-0.09824306517839432
0.03350376337766647,-0.0982341393828392
0.033505894243717194,-0.09813784062862396
0.033507123589515686,-0.09808225929737091
0.03350963816046715,-0.09796864539384842
0.033509865403175354,-0.09795832633972168
0.033515479415655136,-0.09770458191633224
0.03351601958274841,-0.09768013656139374
0.03352150693535805,-0.09743201732635498
0.033526383340358734,-0.09721146523952484
0.03352966159582138,-0.09706323593854904
0.03353066369891167,-0.09701790660619736
0.0335325226187706,-0.09693385660648346
0.03353407233953476,-0.09686371684074402
0.033535972237586975,-0.0967777892947197
0.03353895619511604,-0.09664279222488403
0.03353959694504738,-0.0966138020157814
0.0335422158241272,-0.09649529308080673
0.03355531021952629,-0.09590262174606323
0.0335560217499733,-0.09587043523788452
0.03355618938803673,-0.09586285799741745
0.03355914354324341,-0.09572910517454147
0.0335613451898098,-0.09562940895557404
0.03356993943452835,-0.09524030983448029
0.03357379510998726,-0.0950656309723854
0.033585116267204285,-0.09455274045467377
0.0335858017206192,-0.0945216566324234
0.033587053418159485,-0.09446492791175842
0.0335889607667923,-0.0943785086274147
0.03359036147594452,-0.0943150669336319
0.03359205648303032,-0.09423823654651642
0.033594731241464615,-0.09411700814962387
0.03359919786453247,-0.09391451627016068
0.03359996899962425,-0.0938795953989029
0.03360394015908241,-0.09369953721761703
0.03360411152243614,-0.09369175136089325
0.03360522538423538,-0.09364129602909088
0.03361206501722336,-0.09333112090826035
0.03361374884843826,-0.09325478225946426
0.03361444175243378,-0.09322331100702286
0.033615801483392715,-0.0931616723537445
0.033617667853832245,-0.09307703375816345
0.03362094983458519,-0.09292813390493393
0.03362981230020523,-0.09252607822418213
0.03363078460097313,-0.09248192608356476
0.03363119065761566,-0.09246352314949036
0.03363606333732605,-0.09224243462085724
0.03363901376724243,-0.09210849553346634
0.03364212065935135,-0.09196744859218597
0.033644214272499084,-0.09187241643667221
0.03365857154130936,-0.09122052788734436
0.03366085886955261,-0.09111666679382324
0.0336616225540638,-0.09108193963766098
0.033665731549263,-0.09089530259370804
0.03366590291261673,-0.09088753908872604
0.03366641327738762,-0.09086436778306961
0.03367319703102112,-0.09055615216493607
0.03367467597126961,-0.09048894792795181
0.033676065504550934,-0.09042579680681229
0.03367673233151436,-0.09039551764726639
0.03367803245782852,-0.09033645689487457
0.033680278807878494,-0.09023434668779373
0.0336882546544075,-0.08987189084291458
0.033688515424728394,-0.0898599848151207
0.03369031101465225,-0.0897783413529396
0.03369151055812836,-0.08972379565238953
0.03369435295462608,-0.08959458768367767
0.033696986734867096,-0.08947481215000153
0.03369906172156334,-0.08938046544790268
0.03370259329676628,-0.08921991288661957
0.033705856651067734,-0.08907149732112885
0.03370928391814232,-0.08891560137271881
0.03371389955282211,-0.0887056514620781
0.03372150659561157,-0.08835954964160919
0.03373239189386368,-0.0878642126917839
0.03373497724533081,-0.08774647116661072
0.033736392855644226,-0.08768205344676971
0.033737074583768845,-0.08765099942684174
0.03373726084828377,-0.08764256536960602
0.03373732045292854,-0.08763978630304337
0.03373856842517853,-0.0875830426812172
0.03374660760164261,-0.08721699565649033
0.03374762088060379,-0.08717085421085358
0.03375773876905441,-0.08671004325151443
0.03375814110040665,-0.086691714823246
0.03375980257987976,-0.08661607652902603
0.03376011550426483,-0.08660179376602173
0.03376020863652229,-0.08659752458333969
0.033760927617549896,-0.0865647941827774
0.03376227617263794,-0.08650335669517517
0.03376547992229462,-0.08635736256837845
0.0337657630443573,-0.08634448051452637
0.033768512308597565,-0.08621922880411148
0.03376862779259682,-0.08621395379304886
0.03377160057425499,-0.08607851713895798
0.03377223387360573,-0.08604966104030609
0.033772554248571396,-0.08603506535291672
0.0337739996612072,-0.08596917986869812
0.03377426415681839,-0.0859571099281311
0.0337764248251915,-0.08585864305496216
0.0337764248251915,-0.08585864305496216
0.03377879410982132,-0.08575064688920975
0.03378051146864891,-0.08567234873771667
0.033782243728637695,-0.08559343218803406
0.03378252685070038,-0.08558051288127899
0.03379340469837189,-0.08508456498384476
0.033794473856687546,-0.08503583073616028
0.033794667571783066,-0.08502697199583054
0.03379559516906738,-0.08498474210500717
0.03379632532596588,-0.08495143055915833
0.03379743546247482,-0.08490081131458282
0.03379884734749794,-0.08483637124300003
0.03380632400512695,-0.08449535816907883
0.03381465747952461,-0.08411526679992676
0.03381490707397461,-0.08410383015871048
0.03381771594285965,-0.0839756652712822
0.03381986916065216,-0.08387744426727295
0.033820781856775284,-0.08383578807115555
0.03382258489727974,-0.08375350385904312
0.03382641822099686,-0.08357857912778854
0.033826712518930435,-0.0835651308298111
0.03383013978600502,-0.0834086686372757
0.03383053466677666,-0.08339063078165054
0.03383481875061989,-0.08319509029388428
0.0338350273668766,-0.08318553864955902
0.03384428471326828,-0.08276289701461792
0.033845044672489166,-0.08272820711135864
0.033846888691186905,-0.08264398574829102
0.033853985369205475,-0.08231987804174423
0.033854175359010696,-0.0823112353682518
0.03386219963431358,-0.08194463700056076
0.03386671096086502,-0.08173849433660507
0.033867619931697845,-0.08169697225093842
0.03387194126844406,-0.08149955421686172
0.03387629985809326,-0.08130034804344177
0.033876314759254456,-0.08129967004060745
0.033878035843372345,-0.08122103661298752
0.033880673348903656,-0.0811004489660263
0.03388083726167679,-0.081092968583107
0.033881112933158875,-0.081080362200737
0.03388180956244469,-0.08104853332042694
0.033884257078170776,-0.08093664050102234
0.033884331583976746,-0.08093326538801193
0.03388792276382446,-0.08076903969049454
0.033889468759298325,-0.08069838583469391
0.033892370760440826,-0.08056569844484329
0.03390258550643921,-0.08009852468967438
0.033911511301994324,-0.07969030737876892
0.033917948603630066,-0.07939575612545013
0.03391970321536064,-0.07931547611951828
0.033921871334314346,-0.07921626418828964
0.033923037350177765,-0.07916294038295746
0.03392459824681282,-0.07909147441387177
0.03393170237541199,-0.0787663459777832
0.03393584489822388,-0.0785767138004303
0.03393591567873955,-0.07857350260019302
0.033936187624931335,-0.07856104522943497
0.033938437700271606,-0.07845801115036011
0.03393933176994324,-0.07841712981462479
0.03394746035337448,-0.07804492861032486
0.03394860029220581,-0.07799270749092102
0.0339546762406826,-0.07771444320678711
0.03395531326532364,-0.07768527418375015
0.03395678102970123,-0.07761804014444351
0.033959098160266876,-0.07751190662384033
0.03396238386631012,-0.07736141234636307
0.033964209258556366,-0.07727783173322678
0.03396480903029442,-0.07725033164024353
0.03396878391504288,-0.07706823945045471
0.033972881734371185,-0.07688046991825104
0.03397289291024208,-0.07687994837760925
0.03397846966981888,-0.07662439346313477
0.03398030996322632,-0.0765400305390358
0.03398044407367706,-0.07653386890888214
0.03398335725069046,-0.07640035450458527
0.03398454561829567,-0.07634589821100235
0.03398779779672623,-0.0761968344449997
0.03399273753166199,-0.07597038894891739
0.03399455547332764,-0.0758870393037796
0.033995792269706726,-0.07583033293485641
0.03399837017059326,-0.0757121592760086
0.03399904444813728,-0.07568120956420898
0.03400019183754921,-0.0756286233663559
0.034000467509031296,-0.07561597228050232
0.034003376960754395,-0.0754825547337532
0.03400629013776779,-0.07534895837306976
0.034007731825113297,-0.07528285682201385
0.034008391201496124,-0.07525257766246796
0.034012019634246826,-0.07508613914251328
0.034012965857982635,-0.07504276931285858
0.034017451107501984,-0.07483700662851334
0.03401748836040497,-0.07483533024787903
0.03401872515678406,-0.07477857917547226
0.03402053564786911,-0.07469554245471954
0.034022167325019836,-0.07462064176797867
0.03402364253997803,-0.07455295324325562
0.03402615338563919,-0.07443775981664658
0.03403345122933388,-0.07410288602113724
0.03404168039560318,-0.07372520864009857
0.034045200794935226,-0.0735635757446289
0.03404754772782326,-0.07345583289861679
0.034050554037094116,-0.07331783324480057
0.0340547114610672,-0.07312694191932678
0.034059226512908936,-0.07291959971189499
0.034062743186950684,-0.07275806367397308
0.03406524285674095,-0.07264331728219986
0.03407873213291168,-0.07202363759279251
0.034081220626831055,-0.0719093307852745
0.03408239036798477,-0.0718555673956871
0.03408346325159073,-0.07180626690387726
0.034084029495716095,-0.071780264377594
0.034084949642419815,-0.07173793762922287
0.034095510840415955,-0.07125259935855865
0.034097082912921906,-0.07118035107851028
0.034098152071237564,-0.07113121449947357
0.034099433571100235,-0.07107234001159668
0.03410663828253746,-0.07074111700057983
0.034109748899936676,-0.0705980584025383
0.034110430628061295,-0.07056673616170883
0.03411056101322174,-0.0705607458949089
0.03411201387643814,-0.07049393653869629
0.03411628678441048,-0.07029744237661362
0.03411693871021271,-0.0702674463391304
0.03412055969238281,-0.07010093331336975
0.03412637859582901,-0.06983328610658646
0.03413226827979088,-0.06956236809492111
0.03414066880941391,-0.06917591392993927
0.03414258733391762,-0.06908762454986572
0.03414371609687805,-0.06903568655252457
0.03414423391222954,-0.06901184469461441
0.03414449840784073,-0.06899967044591904
0.03414463996887207,-0.06899318844079971
0.03414645791053772,-0.06890950351953506
0.03414883464574814,-0.06880010664463043
0.034150004386901855,-0.06874627619981766
0.03415343910455704,-0.06858822703361511
0.03415367379784584,-0.06857744604349136
0.03415745869278908,-0.06840318441390991
0.03415770083665848,-0.06839202344417572
0.03415878117084503,-0.06834228336811066
0.03416072949767113,-0.06825263798236847
0.034162700176239014,-0.06816191226243973
0.0341634638607502,-0.06812678277492523
0.03416362404823303,-0.06811942160129547
0.034165188670158386,-0.06804735213518143
0.03416663780808449,-0.06798060238361359
0.03416672721505165,-0.06797651946544647
0.03417093679308891,-0.06778271496295929
0.03417511284351349,-0.06759040802717209
0.03417746350169182,-0.06748213618993759
0.03417806327342987,-0.0674545019865036
0.03417973965406418,-0.06737732887268066
0.034184329211711884,-0.06716595590114594
0.03418576344847679,-0.06709987670183182
0.03418673574924469,-0.0670551210641861
0.034195926040410995,-0.0666317567229271
0.034197889268398285,-0.06654127687215805
0.03419804200530052,-0.06653426587581635
0.034205470234155655,-0.06619196385145187
0.03420957550406456,-0.06600280106067657
0.03421057015657425,-0.06595694273710251
0.03421655297279358,-0.06568120419979095
0.03421885892748833,-0.06557487696409225
0.034220751374959946,-0.06548766791820526
0.03422079235315323,-0.06548579782247543
0.03422345593571663,-0.06536300480365753
0.03422728180885315,-0.06518658250570297
0.03422818332910538,-0.0651450902223587
0.03422875329852104,-0.06511880457401276
0.0342315249145031,-0.06499102711677551
0.03423327952623367,-0.06491009891033173
0.03423541411757469,-0.06481166183948517
0.0342380627989769,-0.0646895170211792
0.03424030542373657,-0.0645860880613327
0.03424486517906189,-0.06437581032514572
0.034247104078531265,-0.06427254527807236
0.03424855321645737,-0.06420566141605377
0.034250497817993164,-0.06411600112915039
0.034252457320690155,-0.0640256404876709
0.034259237349033356,-0.06371286511421204
0.034260354936122894,-0.06366128474473953
0.03426046669483185,-0.06365608423948288
0.034261737018823624,-0.06359747052192688
0.03426344320178032,-0.06351875513792038
0.03426814079284668,-0.06330201029777527
0.034273870289325714,-0.06303760409355164
0.034274764358997345,-0.06299635767936707
0.03428080305457115,-0.06271761655807495
0.0342816486954689,-0.06267858296632767
0.03428177908062935,-0.06267259269952774
0.03428959846496582,-0.06231161952018738
0.03428991511464119,-0.06229700893163681
0.03429397940635681,-0.062109366059303284
0.03429632633924484,-0.06200099363923073
0.034298405051231384,-0.06190503388643265
0.034298934042453766,-0.061880581080913544
0.0343007855117321,-0.06179507076740265
0.034306153655052185,-0.0615471713244915
0.03431965038180351,-0.06092381104826927
0.03432101011276245,-0.060860950499773026
0.03432390093803406,-0.06072741374373436
0.03432542085647583,-0.06065719574689865
0.03432618826627731,-0.06062168627977371
0.03432662785053253,-0.06060141324996948
0.03432861715555191,-0.060509536415338516
0.034329045563936234,-0.06048969551920891
0.03433094918727875,-0.06040172278881073
0.03433718532323837,-0.060113582760095596
0.034340955317020416,-0.05993933230638504
0.03434298187494278,-0.05984567850828171
0.034345921128988266,-0.05970985069870949
0.03434910997748375,-0.05956238880753517
0.034351229667663574,-0.0594644695520401
0.034354068338871,-0.059333235025405884
0.03436338156461716,-0.058902643620967865
0.03436414897441864,-0.05886717140674591
0.03436587378382683,-0.05878744274377823
0.03436656296253204,-0.058755554258823395
0.03437085822224617,-0.058556899428367615
0.03437976539134979,-0.05814497917890549
0.034382618963718414,-0.05801299214363098
0.03438550978899002,-0.057879284024238586
0.03439170867204666,-0.05759251117706299
0.034391943365335464,-0.05758160352706909
0.03439358249306679,-0.05750581622123718
0.03439696878194809,-0.057349152863025665
0.03440014272928238,-0.05720229819417
0.03440026193857193,-0.05719674378633499
0.03440248593688011,-0.05709385126829147
0.03440414369106293,-0.057017140090465546
0.03440588340163231,-0.05693665146827698
0.034409988671541214,-0.05674659460783005
0.03441707417368889,-0.05641867220401764
0.03441983833909035,-0.056290775537490845
0.03442130237817764,-0.05622295290231705
0.03442186117172241,-0.05619707331061363
0.034423649311065674,-0.056114312261343
0.03442481905221939,-0.056060176342725754
0.03442559018731117,-0.0560244619846344
0.0344296358525753,-0.05583716183900833
0.03443054482340813,-0.05579512566328049
0.03443088382482529,-0.055779360234737396
0.034442462027072906,-0.05524328351020813
0.03444520756602287,-0.055116117000579834
0.03445227071642876,-0.05478899925947189
0.0344541072845459,-0.054703932255506516
0.0344543531537056,-0.054692547768354416
0.03445512056350708,-0.054656948894262314
0.034456767141819,-0.054580703377723694
0.034457191824913025,-0.05456101894378662
0.034457288682460785,-0.054556574672460556
0.034461699426174164,-0.054352231323719025
0.034466441720724106,-0.05413249135017395
0.03446689248085022,-0.05411161854863167
0.03446732833981514,-0.05409140884876251
0.034467704594135284,-0.05407404527068138
0.034469861537218094,-0.05397406220436096
0.0344717912375927,-0.053884655237197876
0.034471843391656876,-0.053882259875535965
0.034472305327653885,-0.0538608580827713
0.034475188702344894,-0.05372719094157219
0.03448013961315155,-0.05349781736731529
0.03448094427585602,-0.05346052721142769
0.03448725491762161,-0.053168024867773056
0.03448997437953949,-0.053041983395814896
0.034494198858737946,-0.05284619331359863
0.03449482470750809,-0.05281717702746391
0.034499168395996094,-0.052615806460380554
0.03450045734643936,-0.05255604162812233
0.034502170979976654,-0.052476607263088226
0.03450406342744827,-0.05238885432481766
0.034505072981119156,-0.05234203487634659
0.03450735658407211,-0.05223614722490311
0.03450866788625717,-0.05217540264129639
0.03451954200863838,-0.051671113818883896
0.034523025155067444,-0.051509592682123184
0.03452379256486893,-0.051474008709192276
0.03452441096305847,-0.05144527554512024
0.03452567011117935,-0.05138692259788513
0.034526705741882324,-0.051338862627744675
0.034526996314525604,-0.05132537707686424
0.034532517194747925,-0.05106932669878006
0.03453677147626877,-0.05087192729115486
0.034538667649030685,-0.05078393593430519
0.03453882038593292,-0.050776898860931396
0.0345403291285038,-0.050706878304481506
0.0345405749976635,-0.05069545656442642
0.03454276919364929,-0.05059367045760155
0.03455076366662979,-0.05022277683019638
0.034552641212940216,-0.05013561621308327
0.03455442562699318,-0.05005282163619995
0.034559786319732666,-0.04980405047535896
0.034560251981019974,-0.04978243261575699
0.03456892445683479,-0.04937994107604027
0.034571729600429535,-0.04924968630075455
0.03457264602184296,-0.04920715466141701
0.034580912441015244,-0.04882338270545006
0.034581851214170456,-0.04877983033657074
0.034584883600473404,-0.04863898828625679
0.03458499163389206,-0.04863402619957924
0.03458664193749428,-0.048557378351688385
0.03458772599697113,-0.04850703477859497
0.03458882123231888,-0.04845621436834335
0.03459028899669647,-0.048388078808784485
0.03459029644727707,-0.04838768392801285
0.034590426832437515,-0.04838169366121292
0.034591782838106155,-0.04831869527697563
0.034593094140291214,-0.04825779050588608
0.034593842923641205,-0.04822301119565964
0.03459564596414566,-0.04813932627439499
0.03459854796528816,-0.048004522919654846
0.034605540335178375,-0.04767976701259613
0.034610211849212646,-0.04746276140213013
0.03461824730038643,-0.04708950221538544
0.03463335707783699,-0.04638748988509178
0.034635987132787704,-0.046265244483947754
0.034641362726688385,-0.046015460044145584
0.034643638879060745,-0.04590971767902374
0.034644171595573425,-0.045884933322668076
0.034644581377506256,-0.04586588218808174
0.03464511036872864,-0.04584126174449921
0.03464534878730774,-0.04583018645644188
0.03464595228433609,-0.04580215364694595
0.034651804715394974,-0.04553014785051346
0.034656837582588196,-0.04529620334506035
0.03466036915779114,-0.04513203352689743
0.034664515405893326,-0.04493926465511322
0.0346694253385067,-0.044710975140333176
0.03467294201254845,-0.04454747214913368
0.03467320650815964,-0.04453517496585846
0.034677229821681976,-0.04434812441468239
0.03467940539121628,-0.04424694925546646
0.03468037396669388,-0.04420189559459686
0.03468288853764534,-0.044084977358579636
0.034683048725128174,-0.044077515602111816
0.03468364104628563,-0.0440499372780323
0.03468664363026619,-0.043910324573516846
0.034687742590904236,-0.043859176337718964
0.03469103202223778,-0.043706197291612625
0.034692298620939255,-0.04364730045199394
0.03469405323266983,-0.04356569051742554
0.03469599783420563,-0.04347522556781769
0.03470191732048988,-0.043199870735406876
0.034704238176345825,-0.04309188574552536
0.03470483049750328,-0.043064411729574203
0.03470625728368759,-0.04299800097942352
0.03470904007554054,-0.042868584394454956
0.034710049629211426,-0.042821530252695084
0.03471338748931885,-0.04266626387834549
0.0347178652882576,-0.04245789349079132
0.034718725830316544,-0.04241790995001793
0.03472188115119934,-0.04227103292942047
0.03472207486629486,-0.04226204752922058
0.03472404554486275,-0.04217035695910454
0.03472554683685303,-0.0421004593372345
0.03472622483968735,-0.04206893965601921
0.03472721576690674,-0.04202280938625336
0.034730806946754456,-0.04185568541288376
0.03473115339875221,-0.04183955863118172
0.03473290055990219,-0.04175826534628868
0.03473475202918053,-0.04167209565639496
0.03474292904138565,-0.04129146784543991
0.03474925458431244,-0.04099701717495918
0.0347520112991333,-0.040868692100048065
0.0347563736140728,-0.0406656414270401
0.034761760383844376,-0.04041479900479317
0.03476281836628914,-0.040365517139434814
0.03476713225245476,-0.04016463831067085
0.03476888686418533,-0.04008297249674797
0.03476991131901741,-0.040035270154476166
0.034771814942359924,-0.03994663804769516
0.03477238491177559,-0.039920076727867126
0.03477832302451134,-0.03964357078075409
0.03477979078888893,-0.03957518935203552
0.03478066250681877,-0.03953459858894348
0.03478440269827843,-0.039360374212265015
0.03478702902793884,-0.03923806548118591
0.03479000926017761,-0.03909926116466522
0.03479531779885292,-0.03885195404291153
0.03480295464396477,-0.03849620372056961
0.03480628505349159,-0.038341015577316284
0.034808047115802765,-0.03825893998146057
0.03480951488018036,-0.03819054365158081
0.034810177981853485,-0.038159631192684174
0.03481370583176613,-0.037995293736457825
0.03481995314359665,-0.03770415112376213
0.034821175038814545,-0.037647224962711334
0.03482154756784439,-0.03762983903288841
0.034822046756744385,-0.03760660067200661
0.0348409041762352,-0.03672771155834198
0.034841135144233704,-0.036716971546411514
0.03484275937080383,-0.03664124757051468
0.034843914210796356,-0.03658744692802429
0.034845538437366486,-0.03651173785328865
0.03484892100095749,-0.036354005336761475
0.03485409915447235,-0.03611264377832413
0.03485837206244469,-0.035913389176130295
0.03485975041985512,-0.03584913909435272
0.03486039489507675,-0.03581910580396652
0.03486192971467972,-0.03574754297733307
0.034864023327827454,-0.035649944096803665
0.03486473858356476,-0.035616591572761536
0.03486577793955803,-0.03556809574365616
0.0348687544465065,-0.03542930632829666
0.03487665206193924,-0.03506099805235863
0.03487933427095413,-0.034935906529426575
0.034883107990026474,-0.03475990891456604
0.03488360345363617,-0.03473685309290886
0.03488410636782646,-0.034713372588157654
0.03488543629646301,-0.03465133160352707
0.03488648682832718,-0.034602366387844086
0.034887298941612244,-0.03456449136137962
0.03488742932677269,-0.034558381885290146
0.03488926589488983,-0.03447272628545761
0.03489094227552414,-0.03439454734325409
0.03489101305603981,-0.034391239285469055
0.03489278256893158,-0.03430867940187454
0.03489326685667038,-0.03428610786795616
0.034896429628133774,-0.034138549119234085
0.03490535542368889,-0.03372220695018768
0.034905899316072464,-0.03369681537151337
0.03490689396858215,-0.03365042805671692
0.03491213917732239,-0.03340567275881767
0.03491730988025665,-0.03316445276141167
0.034917932003736496,-0.03313544765114784
0.034918203949928284,-0.033122770488262177
0.03492048382759094,-0.03301634639501572
0.034930966794490814,-0.03252716735005379
0.03493222966790199,-0.032468266785144806
0.034935809671878815,-0.03230119124054909
0.034936487674713135,-0.03226953372359276
0.034939657896757126,-0.032121554017066956
0.034940190613269806,-0.03209672123193741
0.034943658858537674,-0.031934842467308044
0.03494488447904587,-0.031877629458904266
0.03495004400610924,-0.031636785715818405
0.03495088219642639,-0.03159768134355545
0.03495093062520027,-0.03159540891647339
0.034951210021972656,-0.03158237785100937
0.034954290837049484,-0.031438566744327545
0.034956321120262146,-0.03134378045797348
0.034959129989147186,-0.031212633475661278
0.03495962545275688,-0.031189534813165665
0.034960582852363586,-0.03114483319222927
0.03496323525905609,-0.03102104365825653
0.03496679663658142,-0.03085472248494625
0.03496714308857918,-0.03083859756588936
0.034968484193086624,-0.03077594004571438
0.03496915102005005,-0.030744843184947968
0.03497695177793503,-0.030380621552467346
0.034981824457645416,-0.030153095722198486
0.034984394907951355,-0.030033044517040253
0.03499004989862442,-0.029768947511911392
0.034990858286619186,-0.029731251299381256
0.03499222546815872,-0.029667377471923828
0.03499414771795273,-0.02957761287689209
0.03499521315097809,-0.029527831822633743
0.034995343536138535,-0.02952176332473755
0.03499756380915642,-0.029418088495731354
0.03499944880604744,-0.029330037534236908
0.03500743210315704,-0.028957156464457512
0.035008884966373444,-0.028889309614896774
0.03501049801707268,-0.028813906013965607
0.03501202538609505,-0.028742600232362747
0.035019710659980774,-0.028383584693074226
0.03502017632126808,-0.028361834585666656
0.0350249707698822,-0.028137844055891037
0.03502513840794563,-0.02812998555600643
0.035026535391807556,-0.02806476503610611
0.035028014332056046,-0.027995672076940536
0.035028547048568726,-0.027970781549811363
0.035040490329265594,-0.027412772178649902
0.03504094481468201,-0.027391519397497177
0.0350492000579834,-0.027005746960639954
0.03505437448620796,-0.02676393836736679
0.03505471348762512,-0.026748117059469223
0.035061974078416824,-0.026408817619085312
0.035067424178123474,-0.02615407109260559
0.035074006766080856,-0.025846410542726517
0.035074230283498764,-0.025835946202278137
0.03507591038942337,-0.025757405906915665
0.035079892724752426,-0.025571264326572418
0.035082779824733734,-0.025436311960220337
0.03508481755852699,-0.025341052561998367
0.03508523851633072,-0.02532133460044861
0.035085808485746384,-0.025294717401266098
0.03508696332573891,-0.02524074912071228
0.035088520497083664,-0.025167938321828842
0.035089973360300064,-0.025100048631429672
0.035092681646347046,-0.02497337944805622
0.0350952111184597,-0.0248551107943058
0.035104889422655106,-0.02440262958407402
0.035111915320158005,-0.024074120447039604
0.035112060606479645,-0.024067293852567673
0.03511291742324829,-0.024027235805988312
0.035113103687763214,-0.024018559604883194
0.03511357307434082,-0.023996597155928612
0.03511533886194229,-0.023914005607366562
0.03512159734964371,-0.023621350526809692
0.03512413799762726,-0.023502567782998085
0.03512832894921303,-0.023306597024202347
0.035132162272930145,-0.02312726527452469
0.03513257950544357,-0.023107774555683136
0.03513452410697937,-0.02301679365336895
0.03513515368103981,-0.02298736572265625
0.03514060378074646,-0.022732436656951904
0.035141296684741974,-0.022700071334838867
0.035141825675964355,-0.0226752832531929
0.03514854237437248,-0.022361109033226967
0.03515305370092392,-0.022150104865431786
0.03515811264514923,-0.02191343531012535
0.03515854850411415,-0.021893035620450974
0.035159673541784286,-0.021840430796146393
0.03516332805156708,-0.021669458597898483
0.03516345098614693,-0.021663708612322807
0.0351635217666626,-0.02166038751602173
0.03516571968793869,-0.02155759185552597
0.035166170448064804,-0.021536480635404587
0.035167135298252106,-0.021491356194019318
0.035173725336790085,-0.02118304744362831
0.035179611295461655,-0.020907623693346977
0.035182006657123566,-0.020795561373233795
0.035182081162929535,-0.02079205960035324
0.0351821593940258,-0.020788434892892838
0.03518236055970192,-0.02077898383140564
0.03518419712781906,-0.020693060010671616
0.03518441691994667,-0.020682789385318756
0.03518602252006531,-0.020607616752386093
0.035188108682632446,-0.02051003836095333
0.03519616648554802,-0.020132947713136673
0.035196248441934586,-0.020129140466451645
0.03519676625728607,-0.020104872062802315
0.03519688919186592,-0.020099135115742683
0.035200875252485275,-0.019912587478756905
0.035203516483306885,-0.019789014011621475
0.035205718129873276,-0.019685957580804825
0.03521030396223068,-0.019471345469355583
0.03521347418427467,-0.0193229578435421
0.03522253781557083,-0.018898766487836838
0.03522615507245064,-0.018729448318481445
0.0352296344935894,-0.01856655813753605
0.03523070365190506,-0.01851651817560196
0.03523083031177521,-0.018510587513446808
0.035232752561569214,-0.01842062547802925
0.03523487225174904,-0.018321380019187927
0.03524249047040939,-0.01796475239098072
0.035244617611169815,-0.01786515861749649
0.03524536266922951,-0.01783028617501259
0.035246070474386215,-0.017797144129872322
0.03524798899888992,-0.017707332968711853
0.03525060415267944,-0.017584912478923798
0.035251110792160034,-0.017561160027980804
0.03525128215551376,-0.01755315065383911
0.035256706178188324,-0.017299193888902664
0.03525923937559128,-0.017180610448122025
0.035267628729343414,-0.0167878195643425
0.03527163714170456,-0.016600117087364197
0.03527466952800751,-0.01645812764763832
0.03527792915701866,-0.01630549132823944
0.0352783203125,-0.01628715544939041
0.03528141975402832,-0.016142042353749275
0.035281725227832794,-0.01612773910164833
0.035282135009765625,-0.016108550131320953
0.035284511744976044,-0.015997249633073807
0.03528470918536186,-0.015987996011972427
0.03528642654418945,-0.015907559543848038
0.03528810292482376,-0.01582905277609825
0.035288430750370026,-0.01581370085477829
0.03529132902622223,-0.015677962452173233
0.035291533917188644,-0.015668392181396484
0.03530532866716385,-0.015022309496998787
0.03530588001012802,-0.01499649602919817
0.03530992567539215,-0.014807001687586308
0.03531372919678688,-0.014628853648900986
0.035315290093421936,-0.014555759727954865
0.03531981259584427,-0.014343908056616783
0.03532014787197113,-0.014328209683299065
0.035323366522789,-0.01417748536914587
0.035326868295669556,-0.014013413339853287
0.03532998263835907,-0.013867543078958988
0.03533170744776726,-0.013786744326353073
0.03533225506544113,-0.0137610649690032
0.03533324599266052,-0.013714635744690895
0.035339292138814926,-0.013431418687105179
0.03533971309661865,-0.013411670923233032
0.03534949570894241,-0.012953385710716248
0.03535248711705208,-0.012813234701752663
0.03535813093185425,-0.01254876796156168
0.0353604294359684,-0.012441104277968407
0.03536299988627434,-0.01232068706303835
0.035366836935281754,-0.012140870094299316
0.03536909073591232,-0.012035271152853966
0.03537007048726082,-0.01198938861489296
0.03537032753229141,-0.01197731401771307
0.03537151962518692,-0.011921479366719723
0.03537397459149361,-0.011806431226432323
0.0353768989443779,-0.01166943646967411
0.035379499197006226,-0.011547546833753586
0.03538855165243149,-0.011123360134661198
0.03539625182747841,-0.010762499645352364
0.0353970006108284,-0.010727432556450367
0.03539837524294853,-0.010663044638931751
0.0353984460234642,-0.010659677907824516
0.03539883345365524,-0.010641506873071194
0.03540176898241043,-0.010503947734832764
0.03540438413619995,-0.010381391271948814
0.035404451191425323,-0.010378281585872173
0.03540734201669693,-0.010242770425975323
0.035413958132267,-0.009932680055499077
0.03541678935289383,-0.009799974970519543
0.03541794419288635,-0.00974588468670845
0.035420775413513184,-0.009613166563212872
0.035422008484601974,-0.009555332362651825
0.035423751920461655,-0.009473638609051704
0.03542420268058777,-0.009452537633478642
0.03542855754494667,-0.009248407557606697
0.03542998060584068,-0.009181715548038483
0.035431668162345886,-0.009102601557970047
0.03543303161859512,-0.00903871189802885
0.035434577614068985,-0.008966241963207722
0.03543645516037941,-0.008878191001713276
0.03544033318758011,-0.008696449920535088
0.035442009568214417,-0.008617833256721497
0.035443246364593506,-0.008559877052903175
0.03544822335243225,-0.00832656491547823
0.035449057817459106,-0.008287445642054081
0.035450585186481476,-0.008215839974582195
0.035458292812108994,-0.007854555733501911
0.035458892583847046,-0.007826403714716434
0.0354594811797142,-0.007798828184604645
0.03546372801065445,-0.007599734701216221
0.03546559810638428,-0.007512065581977367
0.035466648638248444,-0.007462799549102783
0.03546782582998276,-0.0074076177552342415
0.035469621419906616,-0.007323451340198517
0.03547364100813866,-0.007134990766644478
0.03547442704439163,-0.00709813367575407
0.0354786217212677,-0.006901497021317482
0.035482488572597504,-0.0067201657220721245
0.03548511862754822,-0.006596850231289864
0.03548598289489746,-0.006556338630616665
0.03549231216311455,-0.006259608082473278
0.035492535680532455,-0.006249112077057362
0.03549296036362648,-0.00622918177396059
0.03549343720078468,-0.00620684027671814
0.035493772476911545,-0.006191079504787922
0.03549893945455551,-0.005948849022388458
0.03550995886325836,-0.005432140082120895
0.03551134839653969,-0.005366978235542774
0.03551708534359932,-0.00509796105325222
0.035523392260074615,-0.004802217707037926
0.03552563488483429,-0.004697045311331749
0.03553283214569092,-0.00435954425483942
0.03553523123264313,-0.004247029311954975
0.035537753254175186,-0.004128796048462391
0.03553982079029083,-0.004031811840832233
0.03554005175828934,-0.004020982421934605
0.03554082289338112,-0.003984807059168816
0.0355408675968647,-0.003982715308666229
0.03554860129952431,-0.0036200210452079773
0.035548772662878036,-0.003611997701227665
0.03555072844028473,-0.003520275466144085
0.03555156663060188,-0.003480975516140461
0.03555707260966301,-0.0032227439805865288
0.035558540374040604,-0.003153896890580654
0.03555993363261223,-0.003088553436100483
0.03556423634290695,-0.0028867311775684357
0.03557498753070831,-0.002382507547736168
0.035581912845373154,-0.002057701349258423
0.03558719530701637,-0.001809920184314251
0.035588789731264114,-0.0017351126298308372
0.035590413957834244,-0.0016589397564530373
0.03559205308556557,-0.0015820693224668503
0.035600822418928146,-0.001170717179775238
0.03560095652937889,-0.0011644233018159866
0.03560227155685425,-0.0011027809232473373
0.03560275584459305,-0.0010800287127494812
0.03560476750135422,-0.0009856848046183586
0.03560657426714897,-0.000900941900908947
0.03560774400830269,-0.0008460348471999168
0.035608548671007156,-0.0008083274587988853
0.03560860827565193,-0.0008055074140429497
0.035608772188425064,-0.0007978463545441628
0.03561032563447952,-0.0007249657064676285
0.03561054542660713,-0.0007146513089537621
0.035610705614089966,-0.0007071569561958313
0.03561318665742874,-0.0005907751619815826
0.03561324626207352,-0.0005879690870642662
0.03561946004629135,-0.00029648933559656143
0.03562317043542862,-0.00012243818491697311
0.03562714532017708,6.405077874660492e-05
0.03562994301319122,0.00019526854157447815
0.035631678998470306,0.0002767033874988556
0.035633958876132965,0.0003836527466773987
0.03563612699508667,0.00048535317182540894
0.03563642501831055,0.0004993360489606857
0.035636987537145615,0.0005257437005639076
0.03563813120126724,0.0005793925374746323
0.03563886880874634,0.0006139911711215973
0.03563961759209633,0.0006490889936685562
0.03564036265015602,0.0006840499117970467
0.03564330190420151,0.0008219564333558083
0.03564431518316269,0.0008694622665643692
0.03564692288637161,0.0009918212890625
0.035650335252285004,0.0011519026011228561
0.03565574064850807,0.001405462622642517
0.03565655276179314,0.0014435797929763794
0.03565766289830208,0.0014956369996070862
0.03566816449165344,0.001988316886126995
0.03566918894648552,0.0020363684743642807
0.035671819001436234,0.002159789204597473
0.03567373380064964,0.0022495975717902184
0.03567652776837349,0.0023806774988770485
0.03567897155880928,0.002495315857231617
0.035680949687957764,0.002588127739727497
0.035686951130628586,0.0028697196394205093
0.035689156502485275,0.0029731635004281998
0.035690706223249435,0.0030458932742476463
0.03569420799612999,0.0032101618126034737
0.03569422662258148,0.0032110409811139107
0.03569626435637474,0.0033066431060433388
0.035700492560863495,0.0035049933940172195
0.03570187836885452,0.0035700323060154915
0.035702645778656006,0.0036060409620404243
0.035711973905563354,0.004043678753077984
0.035712726414203644,0.004079004749655724
0.03572184219956398,0.004506722092628479
0.035727061331272125,0.00475157517939806
0.03572721406817436,0.004758764989674091
0.035729438066482544,0.004863089416176081
0.03573374077677727,0.005064987577497959
0.03574761003255844,0.005715732462704182
0.03574880585074425,0.005771838594228029
0.03574974834918976,0.005816038232296705
0.03574984148144722,0.005820406600832939
0.03575468063354492,0.006047469098120928
0.03575834259390831,0.006219333969056606
0.035760439932346344,0.0063176993280649185
0.03576149418950081,0.006367174442857504
0.03576187416911125,0.006384983193129301
0.03576500713825226,0.006531989201903343
0.03576771542429924,0.006659065373241901
0.03577015921473503,0.006773717701435089
0.03577457368373871,0.00698089599609375
0.035776056349277496,0.007050454616546631
0.035776372998952866,0.007065305486321449
0.03578580915927887,0.007508085109293461
0.03578823059797287,0.007621660362929106
0.03578943759202957,0.007678312249481678
0.03579394146800041,0.007889660075306892
0.03579523414373398,0.00795028731226921
0.035795580595731735,0.007966546341776848
0.035796016454696655,0.00798700749874115
0.03579607233405113,0.007989616133272648
0.03579959273338318,0.008154824376106262
0.03580348938703537,0.008337642066180706
0.03580722212791443,0.008512814529240131
0.035809002816677094,0.008596343919634819
0.035809386521577835,0.008614364080131054
0.03581341728568077,0.008803507313132286
0.03581368923187256,0.008816232904791832
0.03581846132874489,0.00904014054685831
0.03582063689827919,0.009142265655100346
0.03582096844911575,0.009157811291515827
0.035825084894895554,0.009350958280265331
0.035827551037073135,0.009466689079999924
0.035831667482852936,0.009659791365265846
0.03583613783121109,0.009869576431810856
0.03583832457661629,0.00997218769043684
0.0358390286564827,0.010005238465964794
0.03583930432796478,0.010018130764365196
0.035843074321746826,0.010195063427090645
0.0358443558216095,0.010255204513669014
0.035854216665029526,0.010717853903770447
0.03585554659366608,0.010780254378914833
0.0358562245965004,0.010812075808644295
0.03585958853363991,0.010969895869493484
0.03586278855800629,0.011120088398456573
0.03586309775710106,0.011134559288620949
0.03586552292108536,0.011248362250626087
0.035866349935531616,0.011287162080407143
0.03587804734706879,0.011836010962724686
0.03587944060564041,0.011901398189365864
0.035879917442798615,0.011923755519092083
0.03588318079710007,0.012076876126229763
0.03588342294096947,0.012088221497833729
0.03588593006134033,0.012205908074975014
0.035885948687791824,0.01220674254000187
0.03589528053998947,0.012644624337553978
0.03589671105146408,0.012711740098893642
0.035897791385650635,0.012762431986629963
0.03590231388807297,0.01297464407980442
0.03590260446071625,0.012988248839974403
0.03590405359864235,0.013056246563792229
0.03590454161167145,0.013079135678708553
0.03590506315231323,0.013103616423904896
0.03591228276491165,0.013442344963550568
0.03591654449701309,0.013642317615449429
0.03591911494731903,0.013762902468442917
0.03592069447040558,0.013837026432156563
0.0359213761985302,0.01386901456862688
0.035925377160310745,0.014056747779250145
0.03592652082443237,0.014110366813838482
0.03592868894338608,0.014212127774953842
0.035931967198848724,0.01436588540673256
0.03593246638774872,0.014389348216354847
0.03593677282333374,0.014591414481401443
0.03593837469816208,0.014666525647044182
0.035939402878284454,0.01471478957682848
0.0359429270029068,0.014880133792757988
0.03594661504030228,0.015053169801831245
0.03594661504030228,0.015053169801831245
0.035947464406490326,0.015093015506863594
0.035948246717453,0.015129722654819489
0.03595158830285072,0.015286496840417385
0.035954203456640244,0.01540917344391346
0.0359555184841156,0.015470908023416996
0.03595784679055214,0.015580116771161556
0.03595973178744316,0.015668559819459915
0.03595978766679764,0.015671154484152794
0.03596092388033867,0.015724454075098038
0.035962045192718506,0.015777070075273514
0.03596320003271103,0.015831265598535538
0.03596895560622215,0.016101298853754997
0.03597109764814377,0.016201801598072052
0.03597277030348778,0.016280248761177063
0.03597278892993927,0.0162811279296875
0.03598713129758835,0.016953960061073303
0.03598790243268013,0.01699015125632286
0.03599992021918297,0.01755395531654358
0.036001529544591904,0.01762939989566803
0.03600246459245682,0.017673294991254807
0.03601109981536865,0.018078383058309555
0.036013275384902954,0.018180403858423233
0.03601331263780594,0.018182162195444107
0.03601690009236336,0.018350467085838318
0.03602020442485809,0.018505467101931572
0.03602296859025955,0.01863512024283409
0.03603518754243851,0.019208285957574844
0.036035846918821335,0.019239213317632675
0.036036983132362366,0.019292498007416725
0.03603789582848549,0.01933533139526844
0.03603990375995636,0.019429493695497513
0.03604104742407799,0.0194831732660532
0.03604350984096527,0.019598660990595818
0.03604751080274582,0.019786348566412926
0.03604765236377716,0.019792946055531502
0.036049261689186096,0.019868452101945877
0.03604927286505699,0.019868982955813408
0.03604976087808609,0.01989191770553589
0.03605067729949951,0.019934827461838722
0.0360509529709816,0.019947795197367668
0.03605295345187187,0.02004162408411503
0.03605689853429794,0.02022664248943329
0.03605863079428673,0.020307909697294235
0.036064766347408295,0.020595692098140717
0.03606773167848587,0.020734768360853195
0.036070916801691055,0.02088416926562786
0.03607102483510971,0.02088920772075653
0.0360754020512104,0.021094519644975662
0.03607674688100815,0.021157601848244667
0.03607825189828873,0.021228164434432983
0.03607843071222305,0.021236564964056015
0.0360952727496624,0.022026419639587402
0.036095455288887024,0.022035004571080208
0.03609592467546463,0.022057026624679565
0.036096829921007156,0.022099483758211136
0.03609764948487282,0.02213788777589798
0.03609785437583923,0.022147489711642265
0.036100950092077255,0.022292722016572952
0.0361042283475399,0.02244644984602928
0.0361052006483078,0.02249201387166977
0.03610572963953018,0.02251681312918663
0.03610946983098984,0.022692199796438217
0.036115556955337524,0.022977691143751144
0.03611847758293152,0.02311464212834835
0.0361192487180233,0.023150818422436714
0.03612209111452103,0.023284083232283592
0.036124877631664276,0.023414740338921547
0.036127664148807526,0.02354542538523674
0.0361325740814209,0.02377566136419773
0.03613366186618805,0.02382666990160942
0.03614071011543274,0.024157162755727768
0.03615354746580124,0.02475905790925026
0.036158137023448944,0.02497423067688942
0.03615828603506088,0.02498120814561844
0.03615975379943848,0.025050057098269463
0.036161717027425766,0.02514207921922207
0.03616317734122276,0.025210533291101456
0.036176897585392,0.025853820145130157
0.03617921471595764,0.02596243843436241
0.03618002310395241,0.02600029855966568
0.03618055209517479,0.02602512761950493
0.03618166223168373,0.026077155023813248
0.036185797303915024,0.02627098560333252
0.0361863411962986,0.026296496391296387
0.03618829697370529,0.026388201862573624
0.03619006648659706,0.026471126824617386
0.03619087114930153,0.02650884911417961
0.036193206906318665,0.026618361473083496
0.03620021417737007,0.02694682404398918
0.036203913390636444,0.027120240032672882
0.03620448708534241,0.027147088199853897
0.03620477393269539,0.027160603553056717
0.03620672971010208,0.02725224941968918
0.0362076573073864,0.02729571983218193
0.03620989993214607,0.027400832623243332
0.03621082007884979,0.027443986386060715
0.03621108829975128,0.027456529438495636
0.03621480613946915,0.02763080969452858
0.036215897649526596,0.027682002633810043
0.03621703386306763,0.027735240757465363
0.036217402666807175,0.02775251865386963
0.03622886538505554,0.028289783746004105
0.036230072379112244,0.028346315026283264
0.036231569945812225,0.02841651253402233
0.03623426333069801,0.02854275517165661
0.03623519092798233,0.02858622744679451
0.03623880818486214,0.028755728155374527
0.03624658286571503,0.029120124876499176
0.03624685853719711,0.029133019968867302
0.03624885529279709,0.02922658994793892
0.03624892607331276,0.029229912906885147
0.03625066205859184,0.029311273247003555
0.03625258058309555,0.029401173815131187
0.03625728189945221,0.029621489346027374
0.03625737130641937,0.02962566167116165
0.03626829385757446,0.03013746067881584
0.03626927733421326,0.03018355742096901
0.03627161681652069,0.03029320389032364
0.03627431392669678,0.030419571325182915
0.03627435863018036,0.030421633273363113
0.036274656653404236,0.030435647815465927
0.03628057241439819,0.030712829902768135
0.03628166392445564,0.030763961374759674
0.0362856462597847,0.030950527638196945
0.03628692030906677,0.03101024404168129
0.03628915548324585,0.03111494891345501
0.03628968819975853,0.031139899045228958
0.036294762045145035,0.03137759864330292
0.03629627451300621,0.03144847974181175
0.03629712015390396,0.0314880833029747
0.03629854694008827,0.03155491501092911
0.03629973530769348,0.03161059319972992
0.03630097210407257,0.031668540090322495
0.036305852234363556,0.0318971648812294
0.03630908951163292,0.03204881399869919
0.03630931302905083,0.032059282064437866
0.036310818046331406,0.03212983161211014
0.036311984062194824,0.0321844182908535
0.036317698657512665,0.032452087849378586
0.03632121533155441,0.03261680155992508
0.03632451221346855,0.032771240919828415
0.03632634878158569,0.0328572615981102
0.036327507346868515,0.03291153162717819
0.036327850073575974,0.032927561551332474
0.03632897138595581,0.03298010677099228
0.036331161856651306,0.033082686364650726
0.03633226454257965,0.033134378492832184
0.03633260726928711,0.03315039724111557
0.036337196826934814,0.03336537629365921
0.03633733466267586,0.033371806144714355
0.036338187754154205,0.03341177478432655
0.036339204758405685,0.03345941752195358
0.036342691630125046,0.033622704446315765
0.03635191172361374,0.03405452147126198
0.03635221719741821,0.03406882658600807
0.036353833973407745,0.0341445617377758
0.03635725751519203,0.034304872155189514
0.03635837882757187,0.034357354044914246
0.03636114299297333,0.0344867967069149
0.03636879846453667,0.0348452664911747
0.036370761692523956,0.03493721783161163
0.03637785091996193,0.03526918590068817
0.036381274461746216,0.03542943671345711
0.03639066219329834,0.03586897999048233
0.03639129549264908,0.035898614674806595
0.03639237582683563,0.03594920411705971
0.03639250993728638,0.03595549613237381
0.036394741386175156,0.03605996072292328
0.03639698773622513,0.03616510331630707
0.03639834001660347,0.03622841835021973
0.036399129778146744,0.03626536577939987
0.036400631070137024,0.03633565828204155
0.03641447424888611,0.036983657628297806
0.03641914576292038,0.03720230609178543
0.0364212691783905,0.03730171546339989
0.03642231225967407,0.03735054284334183
0.03642430156469345,0.03744364529848099
0.036427322775125504,0.03758504241704941
0.03644324094057083,0.03833002969622612
0.03645184263586998,0.038732562214136124
0.0364546962082386,0.038866087794303894
0.03645554184913635,0.03890563175082207
0.036458052694797516,0.039023108780384064
0.03645845130085945,0.039041779935359955
0.03646107763051987,0.03916465863585472
0.036461565643548965,0.03918750584125519
0.03646416962146759,0.039309319108724594
0.03646796941757202,0.03948712348937988
0.03646857663989067,0.03951549902558327
0.036468859761953354,0.039528802037239075
0.036470286548137665,0.03959551453590393
0.03647153079509735,0.039653729647397995
0.036475617438554764,0.039844922721385956
0.03647609055042267,0.0398670993745327
0.03648124635219574,0.04010825976729393
0.036481428891420364,0.0401168167591095
0.036484505981206894,0.040260761976242065
0.03648616001009941,0.04033815115690231
0.03649730235338211,0.04085933044552803
0.036497682332992554,0.04087710753083229
0.03649865835905075,0.04092273488640785
0.036499328911304474,0.040954116731882095
0.036503419280052185,0.041145406663417816
0.03650738298892975,0.041330792009830475
0.03651077300310135,0.041489388793706894
0.036513801664114,0.041631001979112625
0.0365140326321125,0.04164177179336548
0.036516908556222916,0.041776299476623535
0.03652172535657883,0.042001549154520035
0.036521829664707184,0.04200644791126251
0.036522313952445984,0.042029090225696564
0.0365225225687027,0.04203886166214943
0.03652342036366463,0.0420808307826519
0.036531612277030945,0.042463891208171844
0.03653675317764282,0.042704250663518906
0.036538153886795044,0.04276975989341736
0.03653966635465622,0.04284046217799187
0.03654122352600098,0.04291326925158501
0.03654352203011513,0.04302075132727623
0.0365438386797905,0.04303552210330963
0.0365455225110054,0.04311423376202583
0.036546289920806885,0.043150123208761215
0.036547355353832245,0.04319993406534195
0.03654855862259865,0.04325619339942932
0.03654930740594864,0.043291203677654266
0.03654952719807625,0.043301500380039215
0.03655308112502098,0.04346765577793121
0.03655757009983063,0.04367746412754059
0.036565281450748444,0.04403793811798096
0.03656669706106186,0.04410412162542343
0.03656715899705887,0.044125672429800034
0.03657024726271629,0.044270046055316925
0.03657548874616623,0.04451504722237587
0.03658139333128929,0.04479102045297623
0.03658164292573929,0.044802650809288025
0.036583174020051956,0.04487425833940506
0.03658360242843628,0.044894225895404816
0.03658480569720268,0.044950470328330994
0.03658527508378029,0.04497239738702774
0.03659089654684067,0.045235104858875275
0.036594655364751816,0.04541073739528656
0.03659496456384659,0.04542522132396698
0.03659653663635254,0.04549863561987877
0.036600448191165924,0.045681461691856384
0.036601752042770386,0.04574239253997803
0.036604903638362885,0.045889630913734436
0.036610014736652374,0.04612841457128525
0.03661505877971649,0.046364083886146545
0.03661755099892616,0.046480488032102585
0.03661927580833435,0.046561047434806824
0.03661984205245972,0.04658756032586098
0.03662600368261337,0.04687536507844925
0.036626022309064865,0.046876247972249985
0.03663257136940956,0.04718216508626938
0.03663270175457001,0.04718824848532677
0.036633942276239395,0.047246191650629044
0.03663859888911247,0.04746371880173683
0.036641690880060196,0.047608111053705215
0.0366453155875206,0.04777739197015762
0.03664642944931984,0.04782941937446594
0.036648306995630264,0.04791712015867233
0.03665856271982193,0.048396021127700806
0.0366598516702652,0.04845619201660156
0.0366605669260025,0.048489611595869064
0.03666074573993683,0.048497967422008514
0.036661628633737564,0.0485391803085804
0.036669112741947174,0.048888616263866425
0.03667078912258148,0.048966869711875916
0.03667090833187103,0.04897245392203331
0.036672383546829224,0.04904133081436157
0.036674920469522476,0.04915976524353027
0.03667563199996948,0.04919299855828285
0.03667997196316719,0.049395594745874405
0.03668026626110077,0.049409352242946625
0.036680903285741806,0.049439094960689545
0.036681123077869415,0.049449361860752106
0.03669320046901703,0.05001310259103775
0.036693722009658813,0.050037432461977005
0.03669676184654236,0.05017934739589691
0.03669728338718414,0.050203677266836166
0.03670087829232216,0.0503714419901371
0.036701004952192307,0.050377387553453445
0.036707811057567596,0.050694987177848816
0.03670918196439743,0.05075898766517639
0.036710355430841446,0.050813741981983185
0.036718498915433884,0.05119379237294197
0.03671914339065552,0.051223885267972946
0.036725543439388275,0.051522448658943176
0.03672660142183304,0.051571834832429886
0.03672981634736061,0.05172184109687805
0.03673103451728821,0.05177865922451019
0.03673345595598221,0.051891621202230453
0.03673548996448517,0.051986515522003174
0.036735981702804565,0.05200943723320961
0.03673652932047844,0.05203501135110855
0.036739252507686615,0.05216202884912491
0.036743007600307465,0.052337199449539185
0.03674341365695,0.05235613137483597
0.03674383461475372,0.05237578600645065
0.036747805774211884,0.052561040967702866
0.03675110265612602,0.05271482095122337
0.03675391897559166,0.05284618213772774
0.03675683215260506,0.052982062101364136
0.03676101565361023,0.05317714437842369
0.03676144406199455,0.053197138011455536
0.0367623046040535,0.05323728546500206
0.03677299618721008,0.053735777735710144
0.03677656501531601,0.05390225350856781
0.03678165003657341,0.05413935333490372
0.03678438812494278,0.05426701158285141
0.036785926669836044,0.054338715970516205
0.03678984194993973,0.05452125519514084
0.03679108992218971,0.05457945913076401
0.036792077124118805,0.05462545156478882
0.03680131584405899,0.05505610257387161
0.03680194541811943,0.05508548393845558
0.03680957853794098,0.055441249161958694
0.03681023791432381,0.055471982806921005
0.036815207451581955,0.0557035468518734
0.03681644797325134,0.05576138570904732
0.036816976964473724,0.055786050856113434
0.03681851923465729,0.05585795268416405
0.03683127462863922,0.05645224452018738
0.036832984536886215,0.05653192847967148
0.036836083978414536,0.056676317006349564
0.03683643788099289,0.056692834943532944
0.036837637424468994,0.05674868822097778
0.03683929145336151,0.056825749576091766
0.0368397980928421,0.05684933066368103
0.036846864968538284,0.05717854201793671
0.03685525059700012,0.05756913870573044
0.03685620799660683,0.057613734155893326
0.036856286227703094,0.057617392390966415
0.03685908019542694,0.057747505605220795
0.036864545196294785,0.05800206959247589
0.03686496242880821,0.058021485805511475
0.036866892129182816,0.058111317455768585
0.03686709702014923,0.058120906352996826
0.03686774522066116,0.05815107375383377
0.03687165677547455,0.058333247900009155
0.03687193989753723,0.05834643170237541
0.036873944103717804,0.0584397055208683
0.03687555342912674,0.05851465463638306
0.03687644749879837,0.05855632200837135
0.036879777908325195,0.05871137976646423
0.036881279200315475,0.05878123268485069
0.03688141331076622,0.05878747999668121
0.036887843161821365,0.059086866676807404
0.03688868507742882,0.05912603437900543
0.036895208060741425,0.05942971631884575
0.03689868003129959,0.05959134176373482
0.03690067678689957,0.059684235602617264
0.03690133988857269,0.0597151443362236
0.03690328821539879,0.05980581045150757
0.03690474107861519,0.059873420745134354
0.036910563707351685,0.06014442443847656
0.036911725997924805,0.060198504477739334
0.03691376745700836,0.060293521732091904
0.036914486438035965,0.06032700091600418
0.036915022879838943,0.06035192310810089
0.03691796585917473,0.06048888340592384
0.036922864615917206,0.06071681156754494
0.03692624717950821,0.06087423115968704
0.036934737116098404,0.06126921623945236
0.03693598508834839,0.06132728233933449
0.036936111748218536,0.061333198100328445
0.03694324195384979,0.06166483834385872
0.03694344311952591,0.06167424097657204
0.03694605082273483,0.06179545819759369
0.036950722336769104,0.06201278418302536
0.0369531512260437,0.06212572753429413
0.03695390745997429,0.06216093897819519
0.03695540875196457,0.062230728566646576
0.036957524716854095,0.06232914701104164
0.0369587168097496,0.062384605407714844
0.036958836019039154,0.062390126287937164
0.036960192024707794,0.062453169375658035
0.03696104884147644,0.06249301880598068
0.036963630467653275,0.06261306256055832
0.03697270154953003,0.06303485482931137
0.036972880363464355,0.06304316222667694
0.03697512671351433,0.06314755976200104
0.036975469440221786,0.06316351890563965
0.036977458745241165,0.06325610727071762
0.03697974234819412,0.06336216628551483
0.03698066249489784,0.06340496242046356
0.036982569843530655,0.06349362432956696
0.036986034363508224,0.06365467607975006
0.03698762506246567,0.06372865289449692
0.03698825091123581,0.06375773251056671
0.036988452076911926,0.06376704573631287
0.03699014335870743,0.06384570151567459
0.03699638321995735,0.06413571536540985
0.03699659928679466,0.06414572894573212
0.03700116276741028,0.06435781717300415
0.037002697587013245,0.0644291490316391
0.037005648016929626,0.06456628441810608
0.03700603172183037,0.06458408385515213
0.03700960427522659,0.064750075340271
0.03700965642929077,0.06475253403186798
0.03701474517583847,0.06498896330595016
0.03701699152588844,0.06509335339069366
0.03701841086149216,0.06515929102897644
0.037020616233348846,0.06526170670986176
0.03702767193317413,0.06558950245380402
0.037033818662166595,0.06587498635053635
0.03704296424984932,0.06629977375268936
0.03704758733510971,0.06651449203491211
0.037049368023872375,0.06659714877605438
0.037049371749162674,0.06659732758998871
0.03705830127000809,0.06701194494962692
0.037062954157590866,0.06722794473171234
0.03706476464867592,0.06731199473142624
0.03706900030374527,0.06750861555337906
0.03707404062151909,0.06774258613586426
0.03707507252693176,0.06779046356678009
0.037076227366924286,0.06784407049417496
0.037082016468048096,0.06811274588108063
0.03708406537771225,0.06820782274007797
0.037085846066474915,0.06829049438238144
0.037086136639118195,0.06830395758152008
0.03709132969379425,0.06854497641324997
0.03709406778216362,0.06867197155952454
0.037095244973897934,0.06872658431529999
0.03709583729505539,0.06875406950712204
0.03709621727466583,0.06877172738313675
0.03710010647773743,0.06895213574171066
0.03710053116083145,0.06897187232971191
0.03710644692182541,0.06924628466367722
0.03710876405239105,0.06935375928878784
0.0371113084256649,0.06947177648544312
0.037111617624759674,0.06948615610599518
0.03711320459842682,0.06955975294113159
0.03711484372615814,0.0696357861161232
0.03711504489183426,0.06964509934186935
0.03712354600429535,0.07003934681415558
0.03713049739599228,0.07036171108484268
0.037134408950805664,0.0705430805683136
0.03714120388031006,0.07085812836885452
0.037143126130104065,0.07094722986221313
0.03714335709810257,0.07095794379711151
0.037143971771001816,0.07098638266324997
0.03714412450790405,0.07099349796772003
0.03715416416525841,0.07145886868238449
0.037157781422138214,0.07162652164697647
0.03715842217206955,0.07165620476007462
0.037161607295274734,0.07180384546518326
0.0371624194085598,0.07184148579835892
0.03717047721147537,0.07221483439207077
0.03717072308063507,0.07222621142864227
0.03717157244682312,0.07226560264825821
0.037171993404626846,0.07228511571884155
0.03717408329248428,0.07238192111253738
0.037177618592977524,0.07254570722579956
0.0371779128909111,0.07255934178829193
0.037180494517087936,0.07267894595861435
0.037180688232183456,0.07268795371055603
0.037182342261075974,0.07276451587677002
0.0371856689453125,0.07291863858699799
0.03718726709485054,0.07299266010522842
0.0371878556907177,0.07301993668079376
0.03718889504671097,0.07306808233261108
0.03719004988670349,0.0731215551495552
0.03719010576605797,0.07312411814928055
0.03719056770205498,0.0731455534696579
0.03719564899802208,0.07338089495897293
0.03719993680715561,0.07357944548130035
0.03720932826399803,0.0740143284201622
0.03721152991056442,0.07411625236272812
0.03721743822097778,0.0743897557258606
0.037217866629362106,0.0744095966219902
0.037218764424324036,0.07445120811462402
0.037228990346193314,0.0749245136976242
0.037233319133520126,0.0751248151063919
0.03723452240228653,0.0751805305480957
0.037235453724861145,0.07522361725568771
0.0372358113527298,0.07524017989635468
0.03723761439323425,0.07532358169555664
0.03723837435245514,0.0753588080406189
0.03724246844649315,0.07554824650287628
0.037244416773319244,0.07563832402229309
0.03724558278918266,0.0756923109292984
0.03724592179059982,0.07570800185203552
0.03725310042500496,0.07604008167982101
0.037260882556438446,0.07640011608600616
0.03726204112172127,0.07645365595817566
0.03726258873939514,0.07647895812988281
0.03726355731487274,0.07652377337217331
0.037265338003635406,0.07660611718893051
0.037265583872795105,0.07661754637956619
0.03726900368928909,0.07677565515041351
0.03727252036333084,0.07693831622600555
0.037273749709129333,0.07699516415596008
0.03727483004331589,0.07704509049654007
0.037278175354003906,0.077199786901474
0.03727847337722778,0.07721356302499771
0.03728339076042175,0.07744088023900986
0.03728751838207245,0.07763174921274185
0.03729059919714928,0.07777415961027145
0.03729604184627533,0.07802572101354599
0.03730146586894989,0.0782763659954071
0.03730449825525284,0.07841650396585464
0.037304628640413284,0.07842260599136353
0.03730560839176178,0.07846783101558685
0.0373067669570446,0.07852134853601456
0.03730973228812218,0.07865840196609497
0.037316612899303436,0.07897628843784332
0.037319812923669815,0.07912415266036987
0.03731982782483101,0.07912483811378479
0.03732486069202423,0.0793573260307312
0.03732858598232269,0.07952936738729477
0.03732994943857193,0.07959237694740295
0.03733528405427933,0.07983875274658203
0.03734016790986061,0.08006429672241211
0.03734125941991806,0.08011467754840851
0.03734202682971954,0.08015008270740509
0.03734207525849342,0.08015234023332596
0.037344373762607574,0.08025847375392914
0.03734859824180603,0.08045350760221481
0.03735058382153511,0.08054523169994354
0.037351787090301514,0.0806007906794548
0.037352804094552994,0.08064774423837662
0.037353359162807465,0.08067334443330765
0.03735845908522606,0.08090878278017044
0.037358734756708145,0.0809214860200882
0.03735916316509247,0.08094125986099243
0.03735959902405739,0.08096136897802353
0.03736209124326706,0.08107639849185944
0.0373682901263237,0.0813625156879425
0.03736839070916176,0.08136717975139618
0.03737080842256546,0.08147873729467392
0.03737720102071762,0.08177365362644196
0.03737892583012581,0.08185330033302307
0.03738419711589813,0.08209647238254547
0.03738633170723915,0.08219495415687561
0.03739277645945549,0.08249225467443466
0.03739650920033455,0.08266439288854599
0.037398770451545715,0.08276870846748352
0.0373992919921875,0.082792729139328
0.03740376606583595,0.08299906551837921
0.03740396350622177,0.08300814032554626
0.037409260869026184,0.0832524225115776
0.037409525364637375,0.08326463401317596
0.03741331398487091,0.08343930542469025
0.03741392120718956,0.08346730470657349
0.03741520643234253,0.08352655917406082
0.03741699457168579,0.08360899239778519
0.0374225378036499,0.08386453241109848
0.037425410002470016,0.08399689197540283
0.03743300214409828,0.08434681594371796
0.037434350699186325,0.08440899848937988
0.0374373160302639,0.08454562723636627
0.03743942081928253,0.08464261889457703
0.03744086995720863,0.08470933884382248
0.0374462716281414,0.08495825529098511
0.037449829280376434,0.08512212336063385
0.03745128959417343,0.08518938720226288
0.03745553269982338,0.08538485318422318
0.03745809942483902,0.08550304174423218
0.03745914250612259,0.08555111289024353
0.03745918720960617,0.08555317670106888
0.03746790066361427,0.08595442771911621
0.03746935725212097,0.08602151274681091
0.03747444972395897,0.08625592291355133
0.03747740015387535,0.08639179170131683
0.03748011589050293,0.08651681989431381
0.03748210892081261,0.08660857379436493
0.03748628869652748,0.0868009403347969
0.03748808428645134,0.08688360452651978
0.03749193996191025,0.08706102520227432
0.03749433904886246,0.08717142790555954
0.037494808435440063,0.08719304949045181
0.03749765828251839,0.08732417970895767
0.03749950975179672,0.08740940690040588
0.037499841302633286,0.08742467314004898
0.03750017285346985,0.0874398946762085
0.03750423341989517,0.08762671053409576
0.03750577196478844,0.08769755065441132
0.0375070795416832,0.08775768429040909
0.03750810772180557,0.08780497312545776
0.03751229867339134,0.08799771964550018
0.03751787170767784,0.08825410157442093
0.037520524114370346,0.08837608993053436
0.03752121701836586,0.0884079709649086
0.037521250545978546,0.08840950578451157
0.037521764636039734,0.08843313902616501
0.03752715513110161,0.08868102729320526
0.03753230720758438,0.08891789615154266
0.03753304481506348,0.08895182609558105
0.03753400966525078,0.08899617940187454
0.0375412292778492,0.08932802826166153
0.037542134523391724,0.08936968445777893
0.037542808800935745,0.08940067887306213
0.037547193467617035,0.08960221707820892
0.03755009174346924,0.08973539620637894
0.037557631731033325,0.09008190780878067
0.037559784948825836,0.09018082916736603
0.03756134212017059,0.09025237709283829
0.03756801038980484,0.0905587300658226
0.037571586668491364,0.09072302281856537
0.037574417889118195,0.09085308015346527
0.03757617250084877,0.0909336730837822
0.03757813572883606,0.09102378785610199
0.03757854923605919,0.09104278683662415
0.03758386895060539,0.09128711372613907
0.03758954629302025,0.09154781699180603
0.03759206086397171,0.09166321903467178
0.03759235888719559,0.09167689085006714
0.037593916058540344,0.0917484313249588
0.03759486973285675,0.09179218113422394
0.037598200142383575,0.09194506704807281
0.037600211799144745,0.0920373797416687
0.03760066255927086,0.09205807745456696
0.037604209035634995,0.09222084283828735
0.03760690614581108,0.09234464913606644
0.03761235624551773,0.09259475767612457
0.037615131586790085,0.0927221029996872
0.03761572763323784,0.0927494466304779
0.037618763744831085,0.09288875758647919
0.03761889040470123,0.09289458394050598
0.037619449198246,0.0929202064871788
0.0376240499317646,0.09313127398490906
0.03762727603316307,0.09327922016382217
0.03762998804450035,0.09340366721153259
0.03763306885957718,0.09354490786790848
0.03763757273554802,0.09375148266553879
0.037637993693351746,0.09377077221870422
0.03764185681939125,0.09394796192646027
0.03764580935239792,0.09412915259599686
0.03764664754271507,0.09416759759187698
0.037648700177669525,0.09426166117191315
0.037649333477020264,0.09429072588682175
0.03765122592449188,0.09437744319438934
0.03765252232551575,0.094436876475811
0.03765692561864853,0.09463874250650406
0.03765694797039032,0.09463974088430405
0.03766638785600662,0.09507238864898682
0.03766768425703049,0.09513174742460251
0.03766993433237076,0.09523486346006393
0.037671808153390884,0.09532076120376587
0.03767332807183266,0.09539034962654114
0.037676893174648285,0.09555372595787048
0.03767899051308632,0.09564977884292603
0.03767970949411392,0.09568271040916443
0.03768385574221611,0.0958726555109024
0.03768664970993996,0.09600059688091278
0.03768884390592575,0.09610109031200409
0.03768905997276306,0.0961109921336174
0.03769007325172424,0.09615738689899445
0.03770216926932335,0.09671124815940857
0.037703871726989746,0.0967891737818718
0.037708181887865067,0.09698648750782013
0.037708405405282974,0.0969967171549797
0.03770992532372475,0.09706626087427139
0.03771545737981796,0.09731947630643845
0.037718042731285095,0.09743776172399521
0.037720855325460434,0.09756650030612946
0.03772654011845589,0.09782660752534866
0.03773226961493492,0.09808867424726486
0.03773336485028267,0.09813877195119858
0.037733905017375946,0.09816348552703857
0.03773981332778931,0.098433718085289
0.037740498781204224,0.09846507012844086
0.03774578124284744,0.09870666265487671
0.0377475842833519,0.09878907352685928
0.03774813562631607,0.09881428629159927
0.03774893283843994,0.09885075688362122
0.03775890916585922,0.0993068516254425
0.03776091709733009,0.09939861297607422
0.037768036127090454,0.09972399473190308
0.03776930645108223,0.09978201985359192
0.03777031600475311,0.09982819855213165
0.03777262195944786,0.09993354976177216
0.037774957716464996,0.10004029422998428
0.037778738886117935,0.10021300613880157
0.03777940943837166,0.10024364292621613
0.0377829447388649,0.10040515661239624
0.037786222994327545,0.10055489838123322
0.03778674453496933,0.10057869553565979
0.037787340581417084,0.10060594975948334
0.03779006004333496,0.10073018819093704
0.03779423236846924,0.1009206473827362
0.037796251475811005,0.10101288557052612
0.03779930621385574,0.10115239024162292
0.037799760699272156,0.10117315500974655
0.037799883633852005,0.10117873549461365
0.037800200283527374,0.10119324177503586
0.03780130296945572,0.10124359279870987
0.037803083658218384,0.10132484883069992
0.0378035269677639,0.10134507715702057
0.03780379146337509,0.10135716199874878
0.03780503198504448,0.10141384601593018
0.037808433175086975,0.1015690416097641
0.03781060874462128,0.1016683429479599
0.037811823189258575,0.1017238050699234
0.037812743335962296,0.10176578909158707
0.03781326487660408,0.10178958624601364
0.03781481087207794,0.1018601804971695
0.03781593590974808,0.1019115000963211
0.03782618045806885,0.10237902402877808
0.03782664239406586,0.10240008682012558
0.03782764449715614,0.10244578123092651
0.037831395864486694,0.10261691361665726
0.03783176839351654,0.10263390839099884
0.03783479705452919,0.1027720719575882
0.037842925637960434,0.10314284265041351
0.03784988075494766,0.10345995426177979
0.037852104753255844,0.10356131196022034
0.03785242885351181,0.10357610136270523
0.0378534197807312,0.10362128913402557
0.03785738721489906,0.10380211472511292
0.03785882890224457,0.10386789590120316
0.037859559059143066,0.10390117019414902
0.03786638379096985,0.10421224683523178
0.03786837309598923,0.10430284589529037
0.037874527275562286,0.10458327829837799
0.03788154199719429,0.10490290075540543
0.03788742423057556,0.10517077893018723
0.03788943588733673,0.10526244342327118
0.037890657782554626,0.10531804710626602
0.037895649671554565,0.10554537922143936
0.03790232539176941,0.10584929585456848
0.03790482506155968,0.1059630960226059
0.037906162440776825,0.10602396726608276
0.03790995106101036,0.10619641095399857
0.03791192173957825,0.10628610104322433
0.03791297599673271,0.10633409023284912
0.03791814297437668,0.10656922310590744
0.03792213648557663,0.10675089806318283
0.03792956843972206,0.10708904266357422
0.037934109568595886,0.10729558765888214
0.037934571504592896,0.10731657594442368
0.03793586418032646,0.10737540572881699
0.037936314940452576,0.10739588737487793
0.03793634474277496,0.10739722847938538
0.03794308006763458,0.10770352929830551
0.037943512201309204,0.1077231615781784
0.03794528543949127,0.1078038141131401
0.03794532269239426,0.10780545324087143
0.03794561326503754,0.10781870782375336
0.037946607917547226,0.10786394774913788
0.03795211762189865,0.10811442136764526
0.03796327859163284,0.10862167179584503
0.03796379268169403,0.10864504426717758
0.03796589374542236,0.10874050110578537
0.03796960413455963,0.10890904814004898
0.037970710545778275,0.10895929485559464
0.03797607123851776,0.10920286178588867
0.03797738626599312,0.10926260054111481
0.037978630512952805,0.10931909084320068
0.037980593740940094,0.10940827429294586
0.037981368601322174,0.10944344103336334
0.037981852889060974,0.10946544259786606
0.03798660635948181,0.10968132317066193
0.037987515330314636,0.1097225770354271
0.037993669509887695,0.11000199615955353
0.03799542412161827,0.11008169502019882
0.037995751947164536,0.11009657382965088
0.03799805790185928,0.11020124703645706
0.037998177111148834,0.11020669341087341
0.03800239786505699,0.11039824038743973
0.03800393268465996,0.11046794056892395
0.038007963448762894,0.11065077781677246
0.03801028057932854,0.11075596511363983
0.03801140934228897,0.11080720275640488
0.03801167011260986,0.11081898957490921
0.03801552578806877,0.11099395155906677
0.03802816569805145,0.11156728863716125
0.03802928328514099,0.11161796748638153
0.038029562681913376,0.1116306483745575
0.03803139179944992,0.11171361804008484
0.0380319282412529,0.11173790693283081
0.03803234547376633,0.11175686120986938
0.03803921490907669,0.1120682805776596
0.03804178535938263,0.1121847927570343
0.03805900737643242,0.11296529322862625
0.03805924579501152,0.11297607421875
0.038059599697589874,0.11299211531877518
0.03805992752313614,0.11300696432590485
0.038060035556554794,0.11301188915967941
0.03806338086724281,0.11316344141960144
0.03806517645716667,0.11324478685855865
0.03806547075510025,0.11325807869434357
0.03806627541780472,0.11329451203346252
0.03806706890463829,0.11333050578832626
0.03806852921843529,0.11339662224054337
0.038068730384111404,0.113405741751194
0.03807040676474571,0.11348164081573486
0.03807172179222107,0.11354122310876846
0.03807424381375313,0.11365543305873871
0.03807998076081276,0.11391521990299225
0.038081131875514984,0.11396731436252594
0.038082122802734375,0.11401218920946121
0.038082607090473175,0.11403411626815796
0.03808404132723808,0.11409903317689896
0.038084667176008224,0.11412735283374786
0.03808639198541641,0.11420546472072601
0.038089074194431305,0.11432686448097229
0.03808998316526413,0.11436807364225388
0.038093648850917816,0.114533931016922
0.038097456097602844,0.11470620334148407
0.03809969127178192,0.11480732262134552
0.0381031259894371,0.11496269702911377
0.03811110556125641,0.11532371491193771
0.03811834007501602,0.11565086245536804
0.03811885043978691,0.1156739816069603
0.03812214359641075,0.11582285165786743
0.038124945014715195,0.11594954878091812
0.038130030035972595,0.11617939174175262
0.03813067078590393,0.11620838940143585
0.03813082352280617,0.11621527373790741
0.0381312295794487,0.11623363196849823
0.03813143074512482,0.11624272167682648
0.038132790476083755,0.1163041964173317
0.0381460078060627,0.1169014498591423
0.0381479375064373,0.1169886440038681
0.03814975172281265,0.11707054823637009
0.038157641887664795,0.11742691695690155
0.038160476833581924,0.11755498498678207
0.03816056251525879,0.11755887418985367
0.03816468268632889,0.11774487793445587
0.0381762757897377,0.11826819181442261
0.03817832097411156,0.11836051940917969
0.03817853331565857,0.11837015300989151
0.03818431496620178,0.11863099783658981
0.03818516433238983,0.11866933852434158
0.03818672522902489,0.11873973160982132
0.038187507539987564,0.11877506971359253
0.03819166496396065,0.11896257102489471
0.03819320350885391,0.11903198808431625
0.03819536417722702,0.1191294714808464
0.03819887340068817,0.11928771436214447
0.03820125013589859,0.11939487606287003
0.03820248320698738,0.11945050954818726
0.03820424526929855,0.11952995508909225
0.038204751908779144,0.11955280601978302
0.038205791264772415,0.11959965527057648
0.0382058210670948,0.11960100382566452
0.03820959851145744,0.1197713240981102
0.03821300342679024,0.11992481350898743
0.038213759660720825,0.11995887011289597
0.03821432963013649,0.11998458951711655
0.03821510821580887,0.12001968175172806
0.03821519762277603,0.1200237050652504
0.03821830451488495,0.12016367167234421
0.03821913152933121,0.12020095437765121
0.03821973502635956,0.12022819370031357
0.038220372051000595,0.1202569305896759
0.0382319837808609,0.12078011780977249
0.038235947489738464,0.120958611369133
0.038237083703279495,0.12100980430841446
0.038240477442741394,0.12116268277168274
0.03824169561266899,0.1212175041437149
0.038245655596256256,0.12139582633972168
0.03824567794799805,0.12139686942100525
0.03824977949261665,0.12158148735761642
0.038251593708992004,0.12166320532560349
0.038257941603660583,0.12194889038801193
0.03826326131820679,0.1221882700920105
0.038272567093372345,0.12260697036981583
0.03827391192317009,0.12266744673252106
0.0382770337164402,0.12280784547328949
0.038277365267276764,0.12282277643680573
0.038278624415397644,0.12287945300340652
0.0382891409099102,0.12335231155157089
0.03829621151089668,0.12367013096809387
0.03829991817474365,0.12383671849966049
0.038312360644340515,0.12439574301242828
0.0383194237947464,0.1247129812836647
0.03832303360104561,0.12487511336803436
0.03832336887717247,0.12489013373851776
0.038324907422065735,0.12495923042297363
0.03832564502954483,0.12499234080314636
0.0383288636803627,0.12513680756092072
0.038335852324962616,0.12545059621334076
0.03833962231874466,0.12561975419521332
0.03834009915590286,0.12564118206501007
0.038340117782354355,0.12564200162887573
0.03834151476621628,0.12570464611053467
0.03834152594208717,0.12570519745349884
0.038346149027347565,0.1259126365184784
0.03834756836295128,0.1259763091802597
0.038350626826286316,0.12611353397369385
0.03835122659802437,0.12614043056964874
0.03835185244679451,0.12616848945617676
0.03835257887840271,0.1262010782957077
0.038352638483047485,0.1262037456035614
0.0383528470993042,0.12621308863162994
0.03835310786962509,0.12622478604316711
0.03835359960794449,0.1262468546628952
0.0383557453751564,0.12634307146072388
0.038357190787792206,0.1264079213142395
0.038363341242074966,0.12668369710445404
0.038363516330718994,0.1266915649175644
0.03836362063884735,0.12669624388217926
0.038366079330444336,0.12680648267269135
0.038366466760635376,0.12682385742664337
0.03836658224463463,0.12682905793190002
0.03836686909198761,0.12684191763401031
0.03836905211210251,0.12693975865840912
0.03837191313505173,0.12706801295280457
0.03837365657091141,0.1271461397409439
0.03837450593709946,0.12718424201011658
0.03837958723306656,0.12741193175315857
0.038387592881917953,0.12777061760425568
0.03839394822716713,0.12805525958538055
0.038395121693611145,0.12810783088207245
0.038396332412958145,0.12816204130649567
0.03839712217450142,0.12819743156433105
0.038399871438741684,0.12832051515579224
0.03840172290802002,0.1284034550189972
0.038404978811740875,0.12854918837547302
0.03840567171573639,0.1285802274942398
0.03840949386358261,0.12875135242938995
0.0384100079536438,0.12877433001995087
0.0384107381105423,0.12880699336528778
0.03841095417737961,0.1288166344165802
0.038411740213632584,0.12885186076164246
0.03841478377580643,0.12898805737495422
0.038417667150497437,0.12911711633205414
0.03841989487409592,0.12921682000160217
0.038425665348768234,0.1294749677181244
0.038426175713539124,0.12949776649475098
0.03844286501407623,0.13024410605430603
0.0384482815861702,0.13048624992370605
0.03844916820526123,0.1305258423089981
0.03845435008406639,0.13075745105743408
0.03845449164509773,0.13076373934745789
0.03845524042844772,0.13079719245433807
0.038456030189991,0.1308325231075287
0.03845907375216484,0.13096852600574493
0.03845987096428871,0.13100413978099823
0.03846338763833046,0.13116121292114258
0.038469377905130386,0.1314287781715393
0.03846961259841919,0.13143926858901978
0.038470372557640076,0.13147321343421936
0.03847743943333626,0.13178876042366028
0.03847770765423775,0.13180071115493774
0.038482218980789185,0.1320021152496338
0.03848419338464737,0.1320902556180954
0.03848470002412796,0.13211286067962646
0.038485921919345856,0.13216739892959595
0.03848745673894882,0.13223589956760406
0.03848981857299805,0.13234128057956696
0.03849039971828461,0.13236722350120544
0.03849109262228012,0.13239814341068268
0.03849786892533302,0.13270044326782227
0.03849843516945839,0.13272574543952942
0.03850046545267105,0.13281629979610443
0.038506899029016495,0.13310328125953674
0.038509756326675415,0.13323068618774414
0.03851490095257759,0.13346005976200104
0.03851507231593132,0.1334676742553711
0.03851617872714996,0.13351701200008392
0.038517989218235016,0.13359776139259338
0.03852374851703644,0.1338544487953186
0.03852684423327446,0.13399237394332886
0.038537029176950455,0.1344461292028427
0.038539592176675797,0.13456031680107117
0.038551535457372665,0.13509207963943481
0.038553930819034576,0.13519872725009918
0.03855440020561218,0.13521963357925415
0.03855613246560097,0.13529671728610992
0.038558632135391235,0.135407954454422
0.0385589525103569,0.13542219996452332
0.03857335448265076,0.13606302440166473
0.03857627511024475,0.1361929029226303
0.03857632726430893,0.13619524240493774
0.03857681155204773,0.13621674478054047
0.03857949748635292,0.13633620738983154
0.03857952728867531,0.1363375186920166
0.03858087211847305,0.1363973617553711
0.03858405351638794,0.13653875887393951
0.03858632594347,0.1366398185491562
0.03858944773674011,0.1367785483598709
0.038591548800468445,0.13687199354171753
0.03859272971749306,0.13692446053028107
0.038594283163547516,0.13699346780776978
0.03859882429242134,0.13719527423381805
0.03860121965408325,0.1373017132282257
0.038602039217948914,0.13733814656734467
0.0386086106300354,0.13763007521629333
0.03860916569828987,0.13765472173690796
0.038609862327575684,0.1376856565475464
0.03861032426357269,0.13770616054534912
0.03861081227660179,0.13772785663604736
0.038611192256212234,0.1377447098493576
0.03861198201775551,0.13777974247932434
0.03861929476261139,0.13810446858406067
0.03862035274505615,0.13815146684646606
0.03862297162413597,0.13826774060726166
0.03862375393509865,0.13830244541168213
0.03862451761960983,0.13833633065223694
0.03863285854458809,0.1387065201997757
0.03863435983657837,0.13877306878566742
0.038636453449726105,0.13886603713035583
0.038637690246105194,0.1389208734035492
0.03864124417304993,0.1390785425901413
0.03864531219005585,0.1392589658498764
0.03865088149905205,0.13950592279434204
0.03865228593349457,0.1395682394504547
0.03865404427051544,0.13964620232582092
0.038656268268823624,0.13974477350711823
0.03865974396467209,0.13989880681037903
0.03866597265005112,0.14017492532730103
0.03866862505674362,0.14029240608215332
0.03867298364639282,0.1404854655265808
0.03867356479167938,0.14051125943660736
0.038674164563417435,0.1405377835035324
0.03868379443883896,0.14096426963806152
0.03868553042411804,0.1410411298274994
0.03868933767080307,0.1412096917629242
0.03869115561246872,0.14129015803337097
0.038694657385349274,0.14144515991210938
0.03869473189115524,0.1414484679698944
0.038701511919498444,0.14174848794937134
0.03870241343975067,0.14178840816020966
0.038704968988895416,0.1419014185667038
0.03871532902121544,0.142359659075737
0.03871617838740349,0.1423972249031067
0.038717225193977356,0.14244355261325836
0.038719356060028076,0.14253772795200348
0.03871971741318703,0.1425536870956421
0.0387207493185997,0.14259932935237885
0.03872092068195343,0.14260688424110413
0.03872650861740112,0.14285393059253693
0.03872815519571304,0.1429266780614853
0.03872942551970482,0.14298288524150848
0.03873046487569809,0.14302875101566315
0.03873160108923912,0.1430789977312088
0.0387321412563324,0.143102765083313
0.03873400390148163,0.14318516850471497
0.038737207651138306,0.14332668483257294
0.03873886540532112,0.1433999240398407
0.03873952478170395,0.14342904090881348
0.038745325058698654,0.1436852514743805
0.03874640911817551,0.14373309910297394
0.03875238448381424,0.1439969688653946
0.03875364363193512,0.14405259490013123
0.038759149610996246,0.14429566264152527
0.03876001387834549,0.14433376491069794
0.03876228630542755,0.14443406462669373
0.03876294568181038,0.14446315169334412
0.03876553475856781,0.14457741379737854
0.0387665294110775,0.14462129771709442
0.038771457970142365,0.14483872056007385
0.03877294436097145,0.14490433037281036
0.03877401351928711,0.1449514627456665
0.038779981434345245,0.14521467685699463
0.038780685514211655,0.145245760679245
0.038783229887485504,0.14535796642303467
0.03878593444824219,0.14547716081142426
0.038788970559835434,0.1456110030412674
0.038791343569755554,0.1457156389951706
0.03879828006029129,0.14602132141590118
0.0387984961271286,0.14603087306022644
0.038798559457063675,0.1460336595773697
0.03880103677511215,0.14614282548427582
0.03880162537097931,0.14616873860359192
0.03880470618605614,0.1463044285774231
0.03881268948316574,0.14665603637695312
0.03881301358342171,0.14667029678821564
0.03881430625915527,0.14672720432281494
0.038816094398498535,0.14680595695972443
0.03881815820932388,0.1468968242406845
0.03881848603487015,0.14691127836704254
0.038826752454042435,0.14727510511875153
0.038827136158943176,0.14729197323322296
0.038833945989608765,0.14759163558483124
0.038834117352962494,0.14759916067123413
0.038840554654598236,0.1478823721408844
0.03884594142436981,0.1481192409992218
0.038847312331199646,0.14817951619625092
0.03885068744421005,0.14832790195941925
0.03885160759091377,0.14836837351322174
0.038852933794260025,0.1484266072511673
0.03885946795344353,0.1487138569355011
0.038864050060510635,0.14891517162322998
0.03886473923921585,0.14894546568393707
0.038865827023983,0.14899323880672455
0.03887118771672249,0.14922872185707092
0.03887337073683739,0.14932459592819214
0.038876235485076904,0.1494503617286682
0.03887869790196419,0.14955852925777435
0.038881395012140274,0.14967693388462067
0.038884613662958145,0.14981822669506073
0.03888799250125885,0.1499665230512619
0.03888850659132004,0.1499890834093094
0.038889944553375244,0.15005221962928772
0.03889092803001404,0.1500953733921051
0.03889515995979309,0.15028105676174164
0.038895756006240845,0.15030719339847565
0.038896963000297546,0.15036018192768097
0.03890598565340042,0.15075592696666718
0.03890717029571533,0.15080787241458893
0.03890913352370262,0.1508939415216446
0.03891042619943619,0.1509505957365036
0.03891319781541824,0.151072159409523
0.038927048444747925,0.15167909860610962
0.03893161565065384,0.151879221200943
0.038934119045734406,0.15198886394500732
0.038934264332056046,0.1519952416419983
0.038936808705329895,0.1521066278219223
0.038940563797950745,0.1522710621356964
0.03894144296646118,0.1523095816373825
0.03894440084695816,0.15243901312351227
0.038948480039834976,0.15261758863925934
0.03895258530974388,0.15279723703861237
0.03895288705825806,0.1528104692697525
0.038955990225076675,0.15294624865055084
0.03895650431513786,0.15296876430511475
0.03895868360996246,0.1530640870332718
0.038959283381700516,0.15309034287929535
0.03896195441484451,0.15320716798305511
0.03896285220980644,0.1532464176416397
0.03896462172269821,0.15332381427288055
0.03896542638540268,0.15335902571678162
0.03897084295749664,0.15359587967395782
0.03897116705775261,0.15361005067825317
0.038971446454524994,0.15362221002578735
0.03897259384393692,0.1536724716424942
0.03897673636674881,0.15385352075099945
0.038982193917036057,0.15409204363822937
0.038982901722192764,0.1541229635477066
0.03898455202579498,0.15419510006904602
0.03898770362138748,0.15433278679847717
0.038988035172224045,0.1543472707271576
0.03898855298757553,0.15436989068984985
0.03899403661489487,0.15460941195487976
0.03899600729346275,0.15469545125961304
0.038998082280159,0.15478605031967163
0.03900256007909775,0.1549815833568573
0.03900732100009918,0.1551893949508667
0.03901175037026405,0.15538270771503448
0.03901304677128792,0.15543930232524872
0.03901343792676926,0.15545637905597687
0.03902044892311096,0.15576224029064178
0.03902149945497513,0.15580810606479645
0.039022814482450485,0.15586546063423157
0.039029136300086975,0.15614113211631775
0.03903229162096977,0.15627872943878174
0.03903306648135185,0.156312495470047
0.03904079645872116,0.1566493958234787
0.039041221141815186,0.15666794776916504
0.03905381262302399,0.15721642971038818
0.03905714675784111,0.15736164152622223
0.03905952721834183,0.15746533870697021
0.039063043892383575,0.1576184332370758
0.03907153010368347,0.15798775851726532
0.03907164931297302,0.15799294412136078
0.0390743687748909,0.15811128914356232
0.03907548263669014,0.15815973281860352
0.03907644748687744,0.1582016795873642
0.039078667759895325,0.15829825401306152
0.039080485701560974,0.15837734937667847
0.03908289596438408,0.15848217904567719
0.03908412903547287,0.15853580832481384
0.03908459097146988,0.15855588018894196
0.039086293429136276,0.15862993896007538
0.0390876829624176,0.15869039297103882
0.03908773884177208,0.15869279205799103
0.03909163549542427,0.15886221826076508
0.03909452632069588,0.1589878648519516
0.039096564054489136,0.15907645225524902
0.039104580879211426,0.1594248116016388
0.039107151329517365,0.15953651070594788
0.03910932317376137,0.15963082015514374
0.039109714329242706,0.15964777767658234
0.03911101073026657,0.15970410406589508
0.03911229595541954,0.15975990891456604
0.039113640785217285,0.15981833636760712
0.039113663136959076,0.15981929004192352
0.039117567241191864,0.15998880565166473
0.039119068533182144,0.1600540280342102
0.0391220897436142,0.16018517315387726
0.03912230208516121,0.16019439697265625
0.03912995755672455,0.1605266034603119
0.03913145512342453,0.16059158742427826
0.0391378253698349,0.16086795926094055
0.03914198651909828,0.16104839742183685
0.039149317890405655,0.16136623919010162
0.039149343967437744,0.16136743128299713
0.039151936769485474,0.16147980093955994
0.03915615379810333,0.16166256368160248
0.0391586497426033,0.1617707461118698
0.0391625240445137,0.16193854808807373
0.03916434571146965,0.16201746463775635
0.039166465401649475,0.16210930049419403
0.039167944341897964,0.1621733456850052
0.03917103260755539,0.16230708360671997
0.03917107731103897,0.16230903565883636
0.03917114436626434,0.16231194138526917
0.03917217254638672,0.16235648095607758
0.03917517513036728,0.1624864637851715
0.039176370948553085,0.16253821551799774
0.0391768254339695,0.16255787014961243
0.03917844220995903,0.16262789070606232
0.03918106108903885,0.16274122893810272
0.039182938635349274,0.16282248497009277
0.03918533772230148,0.1629263460636139
0.039186932146549225,0.1629953384399414
0.039187584072351456,0.16302353143692017
0.039188601076602936,0.1630675345659256
0.039188895374536514,0.16308021545410156
0.03919731080532074,0.16344425082206726
0.03919936716556549,0.16353321075439453
0.03920050710439682,0.16358250379562378
0.0392036959528923,0.16372039914131165
0.03920436650514603,0.1637493222951889
0.039206430315971375,0.16383856534957886
0.03920739144086838,0.1638801246881485
0.039209868758916855,0.1639871597290039
0.03921666741371155,0.1642809361219406
0.0392230749130249,0.16455775499343872
0.03922487050294876,0.1646352857351303
0.03922731801867485,0.16474099457263947
0.03923320770263672,0.1649952530860901
0.0392388291656971,0.1652378886938095
0.03924435377120972,0.16547630727291107
0.03924579173326492,0.16553829610347748
0.03924620896577835,0.16555628180503845
0.039252396672964096,0.16582317650318146
0.03925354406237602,0.1658726930618286
0.03925479203462601,0.1659265011548996
0.03925957530736923,0.16613267362117767
0.03925997391343117,0.16614988446235657
0.03926241397857666,0.16625507175922394
0.03926580399274826,0.16640117764472961
0.03926756978034973,0.1664772927761078
0.03927065432071686,0.16661018133163452
0.03927474096417427,0.16678623855113983
0.039280004799366,0.16701292991638184
0.03928506746888161,0.16723090410232544
0.03928587958216667,0.1672658920288086
0.03928746283054352,0.16733404994010925
0.039288535714149475,0.16738025844097137
0.039288632571697235,0.16738440096378326
0.0392998568713665,0.16786740720272064
0.03930827975273132,0.16822963953018188
0.03931421786546707,0.16848497092723846
0.03931528702378273,0.1685309261083603
0.03931744024157524,0.16862347722053528
0.03931909427046776,0.1686946302652359
0.039319999516010284,0.16873350739479065
0.039320409297943115,0.1687510907649994
0.03932248428463936,0.1688401848077774
0.039324868470430374,0.16894268989562988
0.03932638466358185,0.16900786757469177
0.039327219128608704,0.1690436750650406
0.03932946175336838,0.16913996636867523
0.03933221101760864,0.16925810277462006
0.039334073662757874,0.16933809220790863
0.03933749347925186,0.16948488354682922
0.03934365510940552,0.16974937915802002
0.039344608783721924,0.1697903573513031
0.03934890031814575,0.16997449100017548
0.03935094177722931,0.1700620800256729
0.039351947605609894,0.1701052486896515
0.03935806453227997,0.17036765813827515
0.0393628291785717,0.17057198286056519
0.039365287870168686,0.17067736387252808
0.039365414530038834,0.17068277299404144
0.03936765342950821,0.1707787811756134
0.03936954587697983,0.1708599179983139
0.039369743317365646,0.17086836695671082
0.039372269064188004,0.17097660899162292
0.03937772661447525,0.17121049761772156
0.03938191384077072,0.17138981819152832
0.039382580667734146,0.17141839861869812
0.03938654437661171,0.17158813774585724
0.03939707577228546,0.17203901708126068
0.039398856461048126,0.17211519181728363
0.039402104914188385,0.17225423455238342
0.039402857422828674,0.17228639125823975
0.039405710995197296,0.17240850627422333
0.03941800445318222,0.17293423414230347
0.03941841796040535,0.17295187711715698
0.03942346200346947,0.17316749691963196
0.039426542818546295,0.17329910397529602
0.0394270122051239,0.17331920564174652
0.03943074494600296,0.17347867786884308
0.03943157568573952,0.17351415753364563
0.03943248465657234,0.17355301976203918
0.039437130093574524,0.17375139892101288
0.039438821375370026,0.17382362484931946
0.039438869804143906,0.1738256961107254
0.03943905234336853,0.1738334596157074
0.03944062814116478,0.17390076816082
0.0394408255815506,0.17390921711921692
0.03944239765405655,0.17397630214691162
0.03944393992424011,0.17404213547706604
0.03944522887468338,0.17409713566303253
0.03944545239210129,0.17410674691200256
0.039447441697120667,0.1741916537284851
0.03944922611117363,0.17426778376102448
0.039450399577617645,0.1743178367614746
0.039451297372579575,0.17435617744922638
0.039460789412260056,0.17476114630699158
0.039461325854063034,0.17478398978710175
0.039461590349674225,0.1747952699661255
0.039462100714445114,0.1748170107603073
0.03946560621261597,0.17496654391288757
0.039468515664339066,0.17509056627750397
0.03947068750858307,0.17518316209316254
0.039473578333854675,0.17530636489391327
0.03947436064481735,0.1753397285938263
0.0394747331738472,0.17535559833049774
0.039476826786994934,0.1754448264837265
0.039477936923503876,0.17549212276935577
0.03948143124580383,0.1756409853696823
0.03948167338967323,0.17565131187438965
0.0394817516207695,0.17565461993217468
0.039484284818172455,0.17576256394386292
0.039490796625614166,0.17603982985019684
0.03950272127985954,0.17654745280742645
0.03950442373752594,0.17661985754966736
0.03950795531272888,0.17677007615566254
0.03951207548379898,0.17694535851478577
0.039514392614364624,0.1770438849925995
0.0395173504948616,0.17716966569423676
0.039522066712379456,0.17737017571926117
0.039525218307971954,0.17750413715839386
0.03953303396701813,0.17783617973327637
0.03953554108738899,0.1779426485300064
0.03953630477190018,0.1779751032590866
0.03953844681382179,0.17806607484817505
0.039541006088256836,0.17817473411560059
0.039541296660900116,0.1781870722770691
0.03954190015792847,0.17821276187896729
0.039543285965919495,0.1782715618610382
0.039544396102428436,0.17831866443157196
0.03954824060201645,0.1784818470478058
0.039549365639686584,0.17852959036827087
0.039550088346004486,0.17856024205684662
0.039554744958877563,0.17875789105892181
0.03955582156777382,0.17880351841449738
0.03955667465925217,0.1788397580385208
0.03955911099910736,0.17894306778907776
0.039559610188007355,0.17896424233913422
0.03956083580851555,0.17901624739170074
0.03956197202205658,0.17906442284584045
0.03956390544772148,0.179146409034729
0.039564911276102066,0.1791890412569046
0.03957139328122139,0.17946387827396393
0.0395769327878952,0.1796986311674118
0.03957940265536308,0.1798032820224762
0.039582304656505585,0.17992623150348663
0.039584673941135406,0.18002654612064362
0.0395892933011055,0.18022218346595764
0.03959019482135773,0.18026036024093628
0.039604220539331436,0.18085400760173798
0.03960747271776199,0.18099156022071838
0.03961607813835144,0.18135547637939453
0.03961716219782829,0.18140128254890442
0.03961765766143799,0.18142227828502655
0.03961852937936783,0.18145911395549774
0.03961985558271408,0.1815151870250702
0.03962086886167526,0.18155798316001892
0.03962463513016701,0.1817171573638916
0.03962482884526253,0.18172535300254822
0.03962882608175278,0.18189425766468048
0.03963384032249451,0.18210601806640625
0.03963618725538254,0.18220514059066772
0.03964376077055931,0.1825249195098877
0.03964533656835556,0.18259139358997345
0.039648376405239105,0.1827196478843689
0.039654143154621124,0.18296298384666443
0.03966792672872543,0.18354420363903046
0.039669543504714966,0.18361234664916992
0.039674028754234314,0.18380138278007507
0.039677754044532776,0.18395835161209106
0.03967784345149994,0.18396210670471191
0.039677977561950684,0.183967724442482
0.03967808187007904,0.18397210538387299
0.03968140482902527,0.18411210179328918
0.03968433290719986,0.18423539400100708
0.0396861657500267,0.1843125820159912
0.03968697041273117,0.18434643745422363
0.039687298238277435,0.18436023592948914
0.03969038277864456,0.1844901144504547
0.03969130292534828,0.18452882766723633
0.03969454765319824,0.18466539680957794
0.03969776630401611,0.18480084836483002
0.03970187157392502,0.1849735826253891
0.03970349580049515,0.18504184484481812
0.039703525602817535,0.18504314124584198
0.03971199691295624,0.1853993684053421
0.039715416729450226,0.18554310500621796
0.03971635177731514,0.18558241426944733
0.0397164523601532,0.18558663129806519
0.03971801698207855,0.18565241992473602
0.039724238216876984,0.1859137862920761
0.039724335074424744,0.18591786921024323
0.03972597047686577,0.18598654866218567
0.039729975163936615,0.18615475296974182
0.039732616394758224,0.18626567721366882
0.039732981473207474,0.1862809956073761
0.039736296981573105,0.18642018735408783
0.03973669558763504,0.18643690645694733
0.03973915055394173,0.18653996288776398
0.03974391520023346,0.18673989176750183
0.03974797576665878,0.18691028654575348
0.03974878787994385,0.18694435060024261
0.03975200653076172,0.18707935512065887
0.03975735232234001,0.18730351328849792
0.039759136736392975,0.18737834692001343
0.039760392159223557,0.1874309629201889
0.03976048529148102,0.1874348372220993
0.03976079076528549,0.18744760751724243
0.039763398468494415,0.1875569373369217
0.0397636778652668,0.18756867945194244
0.03977015241980553,0.18783995509147644
0.039770230650901794,0.1878432035446167
0.03977283462882042,0.18795230984687805
0.03977344185113907,0.18797771632671356
0.03977490961551666,0.18803922832012177
0.03977668285369873,0.18811346590518951
0.039787568151950836,0.18856917321681976
0.03978871554136276,0.18861714005470276
0.03979389742016792,0.18883398175239563
0.03979436308145523,0.1888534426689148
0.03979469835758209,0.1888674944639206
0.03979587182402611,0.18891659379005432
0.03979592025279999,0.1889185905456543
0.039799537509679794,0.18906988203525543
0.03980173170566559,0.18916161358356476
0.03980906307697296,0.189468115568161
0.039809733629226685,0.18949612975120544
0.0398123562335968,0.1896056979894638
0.03981238976120949,0.18960711359977722
0.03981867432594299,0.1898697167634964
0.03982122614979744,0.1899762600660324
0.039823003113269806,0.19005043804645538
0.03982613608241081,0.19018127024173737
0.03982746973633766,0.19023697078227997
0.039832159876823425,0.19043274223804474
0.03983230143785477,0.1904386430978775
0.0398358590900898,0.1905871033668518
0.039837874472141266,0.1906711757183075
0.039839308708906174,0.1907310038805008
0.03984064981341362,0.1907869577407837
0.039841070771217346,0.19080448150634766
0.039851389825344086,0.19123482704162598
0.03985372930765152,0.19133229553699493
0.03986188769340515,0.19167223572731018
0.039866067469120026,0.1918463110923767
0.039867326617240906,0.19189870357513428
0.03986900672316551,0.19196870923042297
0.03986956924200058,0.1919921487569809
0.03987281769514084,0.19212740659713745
0.039884764701128006,0.1926245093345642
0.039888303726911545,0.19277168810367584
0.039893243461847305,0.19297708570957184
0.039893537759780884,0.192989319562912
0.03989368677139282,0.1929955631494522
0.03989378362894058,0.19299955666065216
0.039894796907901764,0.19304171204566956
0.03989795595407486,0.19317297637462616
0.03989803045988083,0.19317612051963806
0.039899859577417374,0.19325217604637146
0.0399024561047554,0.19336001574993134
0.039903298020362854,0.19339503347873688
0.03990578278899193,0.19349826872348785
0.039906952530145645,0.1935468465089798
0.039908163249492645,0.19359709322452545
0.039910368621349335,0.19368869066238403
0.03991127014160156,0.19372613728046417
0.03991333767771721,0.19381199777126312
0.03991471603512764,0.19386926293373108
0.03991702198982239,0.19396495819091797
0.039918772876262665,0.19403767585754395
0.039924174547195435,0.19426178932189941
0.039925672113895416,0.19432392716407776
0.03993060439825058,0.19452854990959167
0.03993891924619675,0.19487330317497253
0.03994569927453995,0.1951543390750885
0.039947621524333954,0.19523397088050842
0.03995548188686371,0.1955595314502716
0.03995578736066818,0.19557219743728638
0.039957158267498016,0.19562895596027374
0.039960503578186035,0.19576749205589294
0.03996540233492851,0.19597020745277405
0.03996732831001282,0.19604995846748352
0.03996886685490608,0.19611363112926483
0.03997483104467392,0.1963602900505066
0.03997815400362015,0.19649776816368103
0.039978183805942535,0.19649899005889893
0.03997969254851341,0.1965613067150116
0.0399802066385746,0.1965825855731964
0.039985738694667816,0.1968112587928772
0.039985738694667816,0.1968112587928772
0.0399896577000618,0.19697323441505432
0.039992012083530426,0.19707047939300537
0.03999245911836624,0.19708898663520813
0.03999356925487518,0.1971348524093628
0.039996374398469925,0.19725069403648376
0.040011972188949585,0.19789454340934753
0.0400136336684227,0.19796310365200043
0.04001447558403015,0.1979978233575821
0.04001756012439728,0.19812504947185516
0.040020812302827835,0.1982591599225998
0.04002346843481064,0.19836868345737457
0.04002708941698074,0.19851796329021454
0.040027495473623276,0.19853469729423523
0.04002900794148445,0.1985970288515091
0.040030479431152344,0.19865769147872925
0.040031399577856064,0.1986956149339676
0.040034133940935135,0.19880828261375427
0.04003512114286423,0.1988489180803299
0.04003816097974777,0.1989741325378418
0.040039919316768646,0.1990465223789215
0.04004409536719322,0.19921855628490448
0.040048111230134964,0.19938381016254425
0.04005104675889015,0.19950464367866516
0.04005737602710724,0.19976505637168884
0.040059540420770645,0.1998540759086609
0.040060870349407196,0.1999087780714035
0.04006113111972809,0.19991949200630188
0.040074095129966736,0.20045244693756104
0.040078431367874146,0.2006305605173111
0.04007907211780548,0.20065690577030182
0.040080033242702484,0.20069633424282074
0.040081724524497986,0.20076580345630646
0.040084850043058395,0.20089413225650787
0.04008597135543823,0.20094022154808044
0.040086790919303894,0.20097382366657257
0.04009018838405609,0.20111332833766937
0.04009142518043518,0.201164111495018
0.040092915296554565,0.20122520625591278
0.040093742311000824,0.20125919580459595
0.04009435325860977,0.20128421485424042
0.040096644312143326,0.20137827098369598
0.04009748250246048,0.2014126181602478
0.04010362923145294,0.20166471600532532
0.04010603576898575,0.20176343619823456
0.040108829736709595,0.20187796652317047
0.04011094942688942,0.2019648551940918
0.04011149704456329,0.20198729634284973
0.04011308029294014,0.20205219089984894
0.040113888680934906,0.20208530128002167
0.040115874260663986,0.20216667652130127
0.04011598974466324,0.2021714448928833
0.04011662304401398,0.2021973729133606
0.04012203589081764,0.20241908729076385
0.0401298850774765,0.20274050533771515
0.040132708847522736,0.20285606384277344
0.04013947769999504,0.20313304662704468
0.040142640471458435,0.20326237380504608
0.04014572873711586,0.20338872075080872
0.04014600068330765,0.20339982211589813
0.040147289633750916,0.20345257222652435
0.0401591993868351,0.203939288854599
0.04016125947237015,0.20402343571186066
0.040162187069654465,0.20406129956245422
0.04016414284706116,0.20414122939109802
0.04016432166099548,0.20414850115776062
0.04016498476266861,0.20417559146881104
0.04016747698187828,0.20427736639976501
0.04017053544521332,0.20440222322940826
0.040170636028051376,0.20440636575222015
0.04017098993062973,0.2044207900762558
0.0401824489235878,0.20488841831684113
0.040183644741773605,0.204937145113945
0.04018910974264145,0.205159991979599
0.04018980637192726,0.20518839359283447
0.040190089493989944,0.2051999270915985
0.04019296169281006,0.20531700551509857
0.04019585996866226,0.2054351270198822
0.04019957780838013,0.20558665692806244
0.04020217806100845,0.20569254457950592
0.04020547494292259,0.20582683384418488
0.04020635783672333,0.20586279034614563
0.04021124169230461,0.20606160163879395
0.04021342098712921,0.20615030825138092
0.0402144230902195,0.2061910778284073
0.04021646827459335,0.20627433061599731
0.04022270068526268,0.20652787387371063
0.040228571742773056,0.20676666498184204
0.0402291864156723,0.20679162442684174
0.040232010185718536,0.20690640807151794
0.04023344814777374,0.20696485042572021
0.040236782282590866,0.20710037648677826
0.040237441658973694,0.2071271538734436
0.040237586945295334,0.20713305473327637
0.040243618190288544,0.2073780596256256
0.040247805416584015,0.2075481414794922
0.040249086916446686,0.20760011672973633
0.04024922847747803,0.20760591328144073
0.04024959355592728,0.20762072503566742
0.04025014862418175,0.20764322578907013
0.04025423154234886,0.2078089714050293
0.040255963802337646,0.20787928998470306
0.04025619477033615,0.2078886330127716
0.0402585007250309,0.20798221230506897
0.04025930166244507,0.20801469683647156
0.04026017710566521,0.2080502212047577
0.04026122763752937,0.2080928385257721
0.04026411101222038,0.2082097977399826
0.040264204144477844,0.20821355283260345
0.04026751220226288,0.20834769308567047
0.04026981070637703,0.208440899848938
0.04027161747217178,0.20851415395736694
0.04029296338558197,0.20937874913215637
0.04029715806245804,0.20954850316047668
0.04030000790953636,0.2096637636423111
0.040300849825143814,0.2096979022026062
0.04030213505029678,0.20974983274936676
0.040304239839315414,0.2098349779844284
0.04030715674161911,0.20995289087295532
0.04030931740999222,0.21004028618335724
0.040310490876436234,0.21008773148059845
0.04031132534146309,0.21012143790721893
0.04031266272068024,0.21017548441886902
0.04031389206647873,0.2102251797914505
0.040318362414836884,0.2104058563709259
0.04032150283455849,0.21053269505500793
0.04032627120614052,0.21072527766227722
0.04033477604389191,0.2110685557126999
0.040337737649679184,0.21118800342082977
0.04034233093261719,0.21137331426143646
0.04034283012151718,0.21139343082904816
0.04034971818327904,0.21167118847370148
0.04035501554608345,0.21188466250896454
0.04035625606775284,0.2119346559047699
0.04035937041044235,0.2120600938796997
0.04036054015159607,0.21210725605487823
0.040361348539590836,0.2121397852897644
0.04036523401737213,0.2122962325811386
0.040374837815761566,0.2126827836036682
0.040380410850048065,0.21290694177150726
0.04038068279623985,0.21291792392730713
0.04038207232952118,0.21297381818294525
0.04038349166512489,0.2130308449268341
0.0403861477971077,0.2131376415491104
0.04039020836353302,0.21330086886882782
0.04039227217435837,0.21338380873203278
0.0403936505317688,0.2134392261505127
0.04039500653743744,0.21349367499351501
0.04039568826556206,0.2135210931301117
0.04040154069662094,0.21375615894794464
0.040404267609119415,0.21386563777923584
0.040404774248600006,0.21388599276542664
0.04040845111012459,0.2140335887670517
0.0404096320271492,0.21408097445964813
0.04041891545057297,0.21445339918136597
0.04042184725403786,0.21457096934318542
0.040423545986413956,0.2146391123533249
0.04042474552989006,0.21468716859817505
0.040425386279821396,0.21471282839775085
0.04042639583349228,0.21475334465503693
0.040430277585983276,0.2149089127779007
0.040431439876556396,0.21495550870895386
0.040435198694467545,0.2151060700416565
0.04043812304735184,0.21522319316864014
0.04044170677661896,0.2153666913509369
0.04044207185506821,0.21538127958774567
0.04044210910797119,0.21538281440734863
0.0404432937502861,0.21543025970458984
0.04044472798705101,0.21548765897750854
0.04044478386640549,0.21548990905284882
0.04044964909553528,0.21568460762500763
0.040453530848026276,0.2158399075269699
0.04045554995536804,0.21592065691947937
0.040455564856529236,0.21592126786708832
0.04045720770955086,0.215986967086792
0.04046054556965828,0.21612045168876648
0.040469713509082794,0.21648681163787842
0.040470387786626816,0.2165137678384781
0.040471531450748444,0.21655946969985962
0.04047176614403725,0.21656884253025055
0.040471941232681274,0.21657587587833405
0.04048195481300354,0.21697571873664856
0.04048239812254906,0.21699340641498566
0.04048335924744606,0.2170318067073822
0.040483925491571426,0.2170543670654297
0.04048720374703407,0.21718522906303406
0.040487803518772125,0.217209130525589
0.04048890992999077,0.21725329756736755
0.040490344166755676,0.21731050312519073
0.040492698550224304,0.21740438044071198
0.04049622267484665,0.21754494309425354
0.040496621280908585,0.21756082773208618
0.040498003363609314,0.21761596202850342
0.04050704836845398,0.21797645092010498
0.040511440485715866,0.21815140545368195
0.04051172733306885,0.21816283464431763
0.04051686450839043,0.21836735308170319
0.04052141681313515,0.21854859590530396
0.04052221402525902,0.21858030557632446
0.04052520543336868,0.2186993509531021
0.04052535444498062,0.21870528161525726
0.04053118824958801,0.21893732249736786
0.0405341312289238,0.21905438601970673
0.04053417593240738,0.2190561592578888
0.04053657501935959,0.21915149688720703
0.04054870083928108,0.2196332961320877
0.040549300611019135,0.21965709328651428
0.040549930185079575,0.21968215703964233
0.04055188223719597,0.21975965797901154
0.04055209457874298,0.21976804733276367
0.04056016355752945,0.22008837759494781
0.040567342191934586,0.22037312388420105
0.04056832194328308,0.22041195631027222
0.040569156408309937,0.22044512629508972
0.04057149589061737,0.22053782641887665
0.04057379812002182,0.22062912583351135
0.040574293583631516,0.22064876556396484
0.04057791456580162,0.22079221904277802
0.04058009386062622,0.22087860107421875
0.04058472067117691,0.22106188535690308
0.040585823357105255,0.22110550105571747
0.040587544441223145,0.22117368876934052
0.04058968275785446,0.22125835716724396
0.04059210792183876,0.22135433554649353
0.040593888610601425,0.22142480313777924
0.040594592690467834,0.22145269811153412
0.04059770703315735,0.22157593071460724
0.04060059413313866,0.2216901332139969
0.040601469576358795,0.22172479331493378
0.040603090077638626,0.22178885340690613
0.04060616344213486,0.22191043198108673
0.040608152747154236,0.22198902070522308
0.040613092482089996,0.22218428552150726
0.040613528341054916,0.22220152616500854
0.04061523824930191,0.22226908802986145
0.04061994329094887,0.22245490550994873
0.04062275588512421,0.22256603837013245
0.04063194990158081,0.2229289710521698
0.040632203221321106,0.2229389101266861
0.04063783213496208,0.22316096723079681
0.04063883423805237,0.2232004851102829
0.04064708203077316,0.22352570295333862
0.040649931877851486,0.22363798320293427
0.04065121337771416,0.223688542842865
0.04066091030836105,0.22407042980194092
0.04066383093595505,0.22418534755706787
0.04066408798098564,0.22419549524784088
0.040665462613105774,0.22424961626529694
0.0406707227230072,0.2244565486907959
0.0406763032078743,0.2246759980916977
0.04068399965763092,0.22497862577438354
0.04068963602185249,0.22520002722740173
0.04069031774997711,0.22522681951522827
0.04069393873214722,0.22536903619766235
0.04069637879729271,0.22546479105949402
0.04070331156253815,0.22573690116405487
0.04070395603775978,0.22576218843460083
0.040704257786273956,0.22577397525310516
0.04070567339658737,0.22582954168319702
0.0407106876373291,0.22602619230747223
0.040712207555770874,0.2260858118534088
0.04071488976478577,0.2261909395456314
0.04071905463933945,0.2263541966676712
0.04072018712759018,0.2263985574245453
0.04072054475545883,0.2264125794172287
0.040720660239458084,0.22641707956790924
0.040721066296100616,0.22643302381038666
0.040722377598285675,0.22648438811302185
0.04072362929582596,0.22653347253799438
0.04072487726807594,0.2265823483467102
0.04072726145386696,0.22667568922042847
0.04072986915707588,0.2267777919769287
0.04073077440261841,0.2268131971359253
0.04073154181241989,0.22684326767921448
0.040733106434345245,0.22690454125404358
0.04073358699679375,0.22692334651947021
0.040736615657806396,0.22704188525676727
0.04073689877986908,0.2270529717206955
0.040740951895713806,0.22721153497695923
0.04074317216873169,0.2272983193397522
0.040749818086624146,0.2275582104921341
0.04075445979833603,0.227739617228508
0.04075552523136139,0.2277812361717224
0.040756452828645706,0.22781749069690704
0.04075971618294716,0.2279449701309204
0.04076136648654938,0.22800946235656738
0.04076997935771942,0.22834567725658417
0.040770724415779114,0.22837474942207336
0.040776439011096954,0.22859767079353333
0.04077831655740738,0.2286709100008011
0.040779776871204376,0.22872784733772278
0.04078005254268646,0.22873862087726593
0.04078131914138794,0.22878798842430115
0.04078136384487152,0.22878973186016083
0.04078355431556702,0.22887510061264038
0.04078751057386398,0.22902929782867432
0.040788404643535614,0.22906416654586792
0.040788955986499786,0.22908563911914825
0.04078897461295128,0.22908632457256317
0.04079171642661095,0.22919321060180664
0.040793389081954956,0.22925832867622375
0.04079362377524376,0.22926747798919678
0.04079880565404892,0.22946925461292267
0.04080009087920189,0.2295193076133728
0.04080169275403023,0.22958163917064667
0.040806323289871216,0.22976180911064148
0.04081030562520027,0.2299167960882187
0.04081713780760765,0.2301824688911438
0.040822114795446396,0.23037593066692352
0.04082290083169937,0.23040640354156494
0.04082772508263588,0.23059380054473877
0.040830135345458984,0.23068742454051971
0.040835537016391754,0.23089714348316193
0.040839262306690216,0.23104171454906464
0.04084179177880287,0.23113985359668732
0.04084544628858566,0.23128163814544678
0.040848515927791595,0.23140062391757965
0.040853727608919144,0.23160263895988464
0.04085691273212433,0.23172608017921448
0.040860582143068314,0.23186823725700378
0.04086161032319069,0.23190806806087494
0.04086388275027275,0.23199602961540222
0.04086504876613617,0.23204120993614197
0.0408659353852272,0.2320755571126938
0.04087092727422714,0.23226873576641083
0.04087270051240921,0.23233738541603088
0.040877293795347214,0.23251506686210632
0.04088021442294121,0.2326280176639557
0.04088078439235687,0.23265007138252258
0.04088215529918671,0.2327030748128891
0.040892940014600754,0.23311986029148102
0.04089841991662979,0.23333145678043365
0.040899671614170074,0.2333798110485077
0.04090353846549988,0.23352904617786407
0.04090547189116478,0.23360367119312286
0.040910884737968445,0.23381249606609344
0.040912728756666183,0.23388364911079407
0.04091776907444,0.23407791554927826
0.04092041775584221,0.2341800332069397
0.04092257469892502,0.23426315188407898
0.04092275723814964,0.23427020013332367
0.040923044085502625,0.23428122699260712
0.04092515632510185,0.2343626320362091
0.040926702320575714,0.23442217707633972
0.040927689522504807,0.23446017503738403
0.040931232273578644,0.2345966249704361
0.04093217849731445,0.23463308811187744
0.04093335568904877,0.23467834293842316
0.040934689342975616,0.23472970724105835
0.040943145751953125,0.2350550889968872
0.04094468429684639,0.23511426150798798
0.040946900844573975,0.23519952595233917
0.04094962775707245,0.23530438542366028
0.040952932089567184,0.23543134331703186
0.0409659780561924,0.23593248426914215
0.04096780717372894,0.23600265383720398
0.04096897691488266,0.23604756593704224
0.04097266495227814,0.23618914186954498
0.04097410663962364,0.23624441027641296
0.04097626730799675,0.23632733523845673
0.040976546704769135,0.23633798956871033
0.04097830504179001,0.23640543222427368
0.04098021984100342,0.23647886514663696
0.04098447784781456,0.23664212226867676
0.04099077358841896,0.23688338696956635
0.04099242761731148,0.2369467169046402
0.04099305719137192,0.23697085678577423
0.040995948016643524,0.23708155751228333
0.04099641367793083,0.23709936439990997
0.040997907519340515,0.23715661466121674
0.0409981943666935,0.2371675968170166
0.040998391807079315,0.23717516660690308
0.04099881649017334,0.23719145357608795
0.04100038856267929,0.2372516244649887
0.04100155457854271,0.2372961938381195
0.041002996265888214,0.2373514026403427
0.04100734740495682,0.23751793801784515
0.041017062962055206,0.23788943886756897
0.041017305105924606,0.23789864778518677
0.04102148115634918,0.23805823922157288
0.04102171212434769,0.2380671203136444
0.04102366790175438,0.23814183473587036
0.041032325476408005,0.23847244679927826
0.041033823043107986,0.23852954804897308
0.04103601723909378,0.2386133223772049
0.04103941470384598,0.23874294757843018
0.04104168340563774,0.23882950842380524
0.04104587063193321,0.2389892339706421
0.04104701429605484,0.2390327900648117
0.041047804057598114,0.23906292021274567
0.04104914888739586,0.23911422491073608
0.041053406894207,0.23927652835845947
0.04105612263083458,0.23938000202178955
0.041059430688619614,0.23950602114200592
0.04106040671467781,0.23954318463802338
0.04106470197439194,0.23970669507980347
0.041066527366638184,0.23977620899677277
0.041069742292165756,0.23989856243133545
0.04107081890106201,0.23993952572345734
0.041077375411987305,0.24018892645835876
0.04108048230409622,0.2403070628643036
0.04108141362667084,0.24034248292446136
0.04108434170484543,0.2404538094997406
0.04108770191669464,0.24058149755001068
0.041088707745075226,0.2406197041273117
0.04108976945281029,0.24065999686717987
0.0410936176776886,0.2408062070608139
0.04109416902065277,0.24082712829113007
0.04110085591673851,0.24108101427555084
0.04110514372587204,0.24124369025230408
0.04111145809292793,0.24148321151733398
0.041111718863248825,0.2414931207895279
0.04111297428607941,0.24154070019721985
0.04111448675394058,0.24159802496433258
0.04111690819263458,0.2416898012161255
0.041118696331977844,0.2417576164007187
0.04111897200345993,0.2417680323123932
0.0411224290728569,0.24189898371696472
0.04112362116575241,0.24194420874118805
0.04112609475851059,0.2420378476381302
0.04113176465034485,0.24225255846977234
0.041132062673568726,0.2422638088464737
0.041137099266052246,0.2424544245004654
0.04113819822669029,0.24249601364135742
0.04114222899079323,0.24264849722385406
0.041143134236335754,0.24268272519111633
0.0411551333963871,0.24313628673553467
0.04115789383649826,0.24324050545692444
0.04115905240178108,0.24328428506851196
0.04115959256887436,0.24330468475818634
0.041162505745887756,0.24341470003128052
0.04116271063685417,0.24342243373394012
0.04116346687078476,0.24345095455646515
0.041172124445438385,0.24377767741680145
0.041172683238983154,0.24379874765872955
0.04117317125201225,0.24381718039512634
0.041188597679138184,0.24439869821071625
0.04119277372956276,0.2445559799671173
0.041195087134838104,0.24464310705661774
0.041199542582035065,0.24481076002120972
0.041202522814273834,0.2449229657649994
0.04120282456278801,0.24493427574634552
0.04120329022407532,0.24495179951190948
0.04120800271630287,0.24512913823127747
0.04121027886867523,0.24521464109420776
0.041211072355508804,0.24524450302124023
0.0412125289440155,0.24529929459095
0.04121719300746918,0.24547454714775085
0.04121756926178932,0.24548865854740143
0.04121800884604454,0.245505228638649
0.04122172296047211,0.24564480781555176
0.04123127460479736,0.24600346386432648
0.041232913732528687,0.2460649609565735
0.04123537987470627,0.24615749716758728
0.04123689606785774,0.2462143450975418
0.041246891021728516,0.24658915400505066
0.041247423738241196,0.246609166264534
0.041248761117458344,0.24665923416614532
0.04124882072210312,0.2466614991426468
0.04125458002090454,0.2468772530555725
0.04125684127211571,0.24696193635463715
0.041258156299591064,0.2470112293958664
0.04126150533556938,0.24713659286499023
0.04126282408833504,0.24718596041202545
0.04126517102122307,0.24727380275726318
0.04126555472612381,0.24728818237781525
0.04126611351966858,0.2473091185092926
0.04126790910959244,0.24737629294395447
0.041268136352300644,0.24738478660583496
0.04126916825771332,0.2474234253168106
0.04126918315887451,0.2474239617586136
0.041270993649959564,0.24749167263507843
0.0412711501121521,0.24749749898910522
0.04127122461795807,0.24750030040740967
0.04127480462193489,0.24763421714305878
0.041274990886449814,0.2476412057876587
0.04128013923764229,0.24783360958099365
0.041281115263700485,0.24787014722824097
0.04128627851605415,0.24806305766105652
0.04128925874829292,0.24817438423633575
0.04128960520029068,0.24818730354309082
0.04129081591963768,0.24823251366615295
0.04129347205162048,0.2483317106962204
0.04129365086555481,0.24833841621875763
0.041298650205135345,0.2485249638557434
0.041298892349004745,0.24853397905826569
0.041300565004348755,0.2485964447259903
0.041309766471385956,0.2489396035671234
0.041312165558338165,0.24902907013893127
0.04131539538502693,0.2491493970155716
0.04131796956062317,0.24924534559249878
0.041324518620967865,0.24948926270008087
0.04132614657282829,0.24954982101917267
0.04132675379514694,0.2495724856853485
0.04134100675582886,0.2501027286052704
0.04134201630949974,0.2501402497291565
0.04134207218885422,0.25014233589172363
0.04134233295917511,0.25015202164649963
0.0413472056388855,0.25033310055732727
0.04134942963719368,0.2504158020019531
0.041349634528160095,0.2504234313964844
0.04135013744235039,0.2504420876502991
0.04135890305042267,0.25076764822006226
0.04136116802692413,0.25085172057151794
0.04137114807963371,0.25122201442718506
0.041372351348400116,0.25126659870147705
0.04137741029262543,0.2514541447162628
0.04137825965881348,0.2514856457710266
0.041378624737262726,0.25149914622306824
0.0413798987865448,0.2515464127063751
0.04138210415840149,0.2516281008720398
0.0413924939930439,0.25201287865638733
0.04139263927936554,0.2520183324813843
0.041396237909793854,0.25215139985084534
0.041398826986551285,0.25224724411964417
0.04140240699052811,0.2523796856403351
0.04140444099903107,0.2524549067020416
0.04140583425760269,0.25250640511512756
0.04141170531511307,0.25272348523139954
0.041420843452215195,0.2530610263347626
0.0414213091135025,0.2530782222747803
0.04142288863658905,0.253136545419693
0.041424237191677094,0.25318631529808044
0.041427966207265854,0.2533239722251892
0.0414307601749897,0.25342705845832825
0.041432514786720276,0.25349175930023193
0.041433051228523254,0.25351157784461975
0.04143316671252251,0.2535158097743988
0.041434355080127716,0.2535596787929535
0.041434455662965775,0.2535633444786072
0.04143796116113663,0.2536926865577698
0.041440531611442566,0.25378742814064026
0.041444361209869385,0.2539285719394684
0.041446417570114136,0.2540043294429779
0.04144950956106186,0.25411829352378845
0.04145427048206329,0.25429362058639526
0.041456710547208786,0.2543834149837494
0.041456811130046844,0.25438714027404785
0.04146049544215202,0.2545227110385895
0.041461117565631866,0.2545456886291504
0.041466448456048965,0.2547417879104614
0.04146827384829521,0.25480887293815613
0.041472479701042175,0.2549635171890259
0.04147741198539734,0.2551448345184326
0.041478514671325684,0.2551853358745575
0.041481126099824905,0.2552812695503235
0.041483283042907715,0.25536051392555237
0.04148505628108978,0.2554256021976471
0.04148747771978378,0.2555145025253296
0.041493143886327744,0.2557225525379181
0.04149450734257698,0.25577253103256226
0.04150030016899109,0.2559850513935089
0.04150475934147835,0.2561485171318054
0.041509270668029785,0.25631389021873474
0.041509825736284256,0.25633424520492554
0.041512034833431244,0.2564151883125305
0.04151547700166702,0.25654131174087524
0.04151730239391327,0.25660815834999084
0.04151993989944458,0.25670474767684937
0.04152822494506836,0.2570079267024994
0.04152858629822731,0.2570211589336395
0.041531410068273544,0.2571244239807129
0.04153174161911011,0.2571365535259247
0.04153239354491234,0.25716036558151245
0.04153387248516083,0.2572145164012909
0.04153706878423691,0.25733137130737305
0.0415373221039772,0.25734061002731323
0.04153887555003166,0.2573974132537842
0.04153973609209061,0.2574288845062256
0.04154159873723984,0.2574969530105591
0.041544120758771896,0.25758910179138184
0.041546836495399475,0.2576882839202881
0.0415487214922905,0.2577570974826813
0.04155057668685913,0.2578248977661133
0.04155724495649338,0.2580682933330536
0.04155978560447693,0.2581610083580017
0.041561372578144073,0.2582188844680786
0.04156649857759476,0.2584059238433838
0.04156650975346565,0.25840628147125244
0.04156668484210968,0.2584126889705658
0.04156683385372162,0.25841808319091797
0.04156789183616638,0.25845664739608765
0.04157191514968872,0.25860336422920227
0.04157275706529617,0.2586340308189392
0.041581545025110245,0.25895416736602783
0.04158606380224228,0.2591186463832855
0.04158623516559601,0.25912490487098694
0.04158692806959152,0.25915011763572693
0.04159005731344223,0.2592640519142151
0.04159076139330864,0.2592896521091461
0.041592635214328766,0.25935786962509155
0.04159679263830185,0.25950905680656433
0.04159962758421898,0.25961214303970337
0.04160337895154953,0.25974851846694946
0.04161137714982033,0.2600391209125519
0.041612789034843445,0.2600904107093811
0.041616830974817276,0.2602371871471405
0.04162392020225525,0.2604944705963135
0.04162604361772537,0.26057150959968567
0.04162650555372238,0.26058825850486755
0.0416274294257164,0.2606217861175537
0.04163288325071335,0.2608194947242737
0.041635662317276,0.26092028617858887
0.04163646325469017,0.2609493136405945
0.04164315015077591,0.26119157671928406
0.04164423048496246,0.2612307369709015
0.04164429008960724,0.2612329125404358
0.04164701700210571,0.26133161783218384
0.04164982587099075,0.26143336296081543
0.04165348410606384,0.2615657448768616
0.04165629670023918,0.26166751980781555
0.041658997535705566,0.2617652118206024
0.04165973886847496,0.26179203391075134
0.04167588800191879,0.26237574219703674
0.04168464243412018,0.26269182562828064
0.04168672487139702,0.26276695728302
0.04168776422739029,0.26280447840690613
0.04168868437409401,0.26283764839172363
0.04169229418039322,0.26296788454055786
0.04169297218322754,0.2629922926425934
0.041693106293678284,0.2629971206188202
0.041696202009916306,0.2631087899208069
0.04169929772615433,0.2632203996181488
0.041699882596731186,0.26324141025543213
0.041701242327690125,0.2632904648780823
0.041704870760440826,0.2634211778640747
0.04170626029372215,0.26347124576568604
0.041706643998622894,0.2634850740432739
0.041708189994096756,0.26354077458381653
0.04171479493379593,0.2637786567211151
0.04171619564294815,0.2638290226459503
0.04171889275312424,0.26392608880996704
0.04172789305448532,0.2642498314380646
0.041729409247636795,0.26430436968803406
0.041733358055353165,0.2644462287425995
0.041733741760253906,0.264460027217865
0.04173598438501358,0.2645406723022461
0.04173610359430313,0.26454487442970276
0.04173923283815384,0.2646573781967163
0.041741807013750076,0.2647497355937958
0.041743773967027664,0.2648203670978546
0.04174448549747467,0.26484590768814087
0.04174613207578659,0.26490500569343567
0.04174930602312088,0.2650189995765686
0.041759192943573,0.2653736174106598
0.04176095128059387,0.26543667912483215
0.04176463186740875,0.2655685842037201
0.041766099631786346,0.26562121510505676
0.04176962375640869,0.26574745774269104
0.041771236807107925,0.2658052444458008
0.041774943470954895,0.26593801379203796
0.041776835918426514,0.2660057544708252
0.04178014397621155,0.2661242187023163
0.04178134351968765,0.2661670744419098
0.04178612306714058,0.2663381099700928
0.04178646206855774,0.2663502097129822
0.041786763817071915,0.2663610577583313
0.04178735241293907,0.266382098197937
0.041787758469581604,0.26639658212661743
0.041791029274463654,0.26651355624198914
0.041791144758462906,0.266517698764801
0.04179470241069794,0.2666449248790741
0.04179767146706581,0.2667510509490967
0.04180041700601578,0.2668491005897522
0.0418025478720665,0.26692521572113037
0.04180372133851051,0.26696711778640747
0.04180600121617317,0.26704850792884827
0.041806917637586594,0.2670813202857971
0.04180923476815224,0.267164021730423
0.04181031137704849,0.2672024667263031
0.04182031750679016,0.2675594687461853
0.04182259365916252,0.2676405906677246
0.04182394593954086,0.2676888108253479
0.04183216392993927,0.2679816782474518
0.041832469403743744,0.26799264550209045
0.041834231466054916,0.26805537939071655
0.04183962568640709,0.26824748516082764
0.04184388369321823,0.26839908957481384
0.04184390604496002,0.2683998644351959
0.04184569790959358,0.2684636414051056
0.04184789955615997,0.26854202151298523
0.04185383766889572,0.26875317096710205
0.041853856295347214,0.2687537670135498
0.04185505211353302,0.2687963545322418
0.04185659438371658,0.26885122060775757
0.04186142235994339,0.26902279257774353
0.04186193272471428,0.26904094219207764
0.04187575355172157,0.2695317268371582
0.04187662526965141,0.26956266164779663
0.041878677904605865,0.26963555812835693
0.04187902435660362,0.26964783668518066
0.041879504919052124,0.26966482400894165
0.04187959060072899,0.2696678936481476
0.04187984764575958,0.2696770131587982
0.041879985481500626,0.2696819305419922
0.041882239282131195,0.269761860370636
0.04189145192503929,0.2700885236263275
0.041894346475601196,0.2701910734176636
0.041897498071193695,0.2703027129173279
0.041901446878910065,0.27044257521629333
0.04190969467163086,0.2707345187664032
0.04191754013299942,0.2710120677947998
0.04192110151052475,0.27113795280456543
0.04192141443490982,0.27114900946617126
0.04192343354225159,0.2712203562259674
0.04192380607128143,0.27123355865478516
0.04192468523979187,0.2712646424770355
0.04192531481385231,0.27128687500953674
0.04192718118429184,0.2713528275489807
0.04192855954170227,0.2714014947414398
0.04193175211548805,0.27151426672935486
0.041933976113796234,0.2715928256511688
0.04193996638059616,0.2718042731285095
0.04194612801074982,0.27202168107032776
0.04194672405719757,0.2720426917076111
0.041946891695261,0.27204856276512146
0.0419534295797348,0.27227911353111267
0.041955165565013885,0.2723402976989746
0.041958220303058624,0.2724479138851166
0.041960619390010834,0.2725324332714081
0.04196786880493164,0.27278777956962585
0.04197052866220474,0.2728813886642456
0.041975829750299454,0.2730679214000702
0.04198097437620163,0.2732487916946411
0.041986048221588135,0.27342721819877625
0.0419863760471344,0.2734387516975403
0.04198693856596947,0.27345845103263855
0.04198858141899109,0.2735162377357483
0.041990019381046295,0.27356675267219543
0.041996102780103683,0.2737804651260376
0.04199821874499321,0.2738547623157501
0.04199894890189171,0.27388036251068115
0.04200047627091408,0.273934006690979
0.04200137406587601,0.273965448141098
0.04200506955385208,0.27409517765045166
0.042013853788375854,0.27440327405929565
0.042015668004751205,0.2744669020175934
0.042020075023174286,0.2746213376522064
0.04202049598097801,0.2746361196041107
0.04202476888895035,0.27478575706481934
0.04202685132622719,0.274858683347702
0.04202761501073837,0.27488547563552856
0.04202801734209061,0.27489954233169556
0.04202809929847717,0.27490246295928955
0.04203207790851593,0.27504172921180725
0.0420343354344368,0.2751207649707794
0.04203944653272629,0.2752995193004608
0.04204048216342926,0.27533575892448425
0.042042095214128494,0.27539217472076416
0.04204390197992325,0.2754553556442261
0.04204517602920532,0.27549993991851807
0.04204699397087097,0.275563508272171
0.04204735904932022,0.27557629346847534
0.04205447435379028,0.2758248746395111
0.042055509984493256,0.27586108446121216
0.042056549340486526,0.275897353887558
0.042061712592840195,0.27607765793800354
0.042066916823387146,0.27625930309295654
0.042067136615514755,0.27626699209213257
0.042067524045705795,0.27628055214881897
0.04206835478544235,0.2763095200061798
0.04206971079111099,0.2763568162918091
0.042070336639881134,0.2763786315917969
0.04207167774438858,0.27642545104026794
0.042073652148246765,0.2764942944049835
0.04207708686590195,0.2766139805316925
0.04207926243543625,0.27668988704681396
0.04208420589566231,0.27686214447021484
0.042086150497198105,0.27692991495132446
0.042088933289051056,0.27702686190605164
0.04209156334400177,0.27711841464042664
0.04210034757852554,0.277424156665802
0.04210147261619568,0.27746331691741943
0.042105816304683685,0.27761438488960266
0.04210972040891647,0.2777501046657562
0.042114611715078354,0.2779201567173004
0.0421147346496582,0.27792438864707947
0.042122721672058105,0.2782018482685089
0.042124293744564056,0.2782564163208008
0.04212751239538193,0.27836811542510986
0.04212860018014908,0.27840590476989746
0.04213285073637962,0.27855339646339417
0.04213618114590645,0.27866891026496887
0.042146310210227966,0.2790200710296631
0.04215015098452568,0.27915307879447937
0.04215184971690178,0.27921193838119507
0.042152974754571915,0.2792509198188782
0.04215379059314728,0.2792791426181793
0.0421561598777771,0.27936121821403503
0.04215973615646362,0.27948495745658875
0.04216095060110092,0.2795269787311554
0.042162202298641205,0.2795703411102295
0.042163822799921036,0.27962636947631836
0.04216517135500908,0.2796730399131775
0.04217337816953659,0.2799568176269531
0.04217363893985748,0.2799658179283142
0.04217617213726044,0.28005337715148926
0.0421774722635746,0.2800982594490051
0.04218043014407158,0.28020045161247253
0.042182475328445435,0.28027114272117615
0.04218294098973274,0.2802872359752655
0.04218301177024841,0.2802896499633789
0.04218515008687973,0.2803634703159332
0.04218805581331253,0.2804638147354126
0.042188823223114014,0.28049027919769287
0.042190443724393845,0.28054624795913696
0.042193494737148285,0.2806515097618103
0.04219399392604828,0.2806687653064728
0.04219503700733185,0.2807047367095947
0.04219731315970421,0.2807832360267639
0.04220104590058327,0.280911922454834
0.04220572113990784,0.2810731530189514
0.042211972177028656,0.2812885642051697
0.04221618175506592,0.2814335227012634
0.042219676077365875,0.28155383467674255
0.0422249361872673,0.2817348539829254
0.04222971573472023,0.28189927339553833
0.042230747640132904,0.2819347679615021
0.042242228984832764,0.28232938051223755
0.042243171483278275,0.28236180543899536
0.04224817827343941,0.2825336754322052
0.042249392718076706,0.282575398683548
0.042249877005815506,0.2825920879840851
0.042252760380506516,0.2826910614967346
0.04225380718708038,0.282726913690567
0.0422576367855072,0.28285834193229675
0.04225810989737511,0.28287458419799805
0.04225921630859375,0.2829125225543976
0.04226754605770111,0.28319814801216125
0.04226865619421005,0.28323617577552795
0.042271412909030914,0.28333064913749695
0.04227210953831673,0.28335458040237427
0.04227381944656372,0.2834131121635437
0.042274802923202515,0.2834467887878418
0.0422835648059845,0.2837468385696411
0.04228612408041954,0.28383442759513855
0.04228852316737175,0.28391650319099426
0.04228934273123741,0.2839445471763611
0.04229017347097397,0.28397294878959656
0.0422910675406456,0.2840035557746887
0.042299527674913406,0.2842927873134613
0.042300235480070114,0.2843170464038849
0.04230166971683502,0.2843659818172455
0.04230647534132004,0.2845301926136017
0.042309559881687164,0.2846354842185974
0.04231419414281845,0.2847937047481537
0.0423220694065094,0.2850624620914459
0.04232247173786163,0.2850761413574219
0.04232512414455414,0.2851666510105133
0.04232709854841232,0.28523391485214233
0.04232718050479889,0.28523677587509155
0.042328763753175735,0.2852907180786133
0.04233602434396744,0.28553810715675354
0.04233792424201965,0.285602867603302
0.042340464890003204,0.2856893837451935
0.04234069213271141,0.2856971025466919
0.04234117269515991,0.28571343421936035
0.042345717549324036,0.28586816787719727
0.04234619811177254,0.2858845591545105
0.042347460985183716,0.28592756390571594
0.042348165065050125,0.28595152497291565
0.042356107383966446,0.28622162342071533
0.042359285056591034,0.2863297164440155
0.042362190783023834,0.28642845153808594
0.042365215718746185,0.2865312397480011
0.04236762598156929,0.2866131365299225
0.042368512600660324,0.28664323687553406
0.04236976057291031,0.28668564558029175
0.04236976429820061,0.2866857349872589
0.042371440678834915,0.2867426872253418
0.04237955063581467,0.28701797127723694
0.04238204285502434,0.28710252046585083
0.04239005595445633,0.2873743176460266
0.042391009628772736,0.28740665316581726
0.04239313304424286,0.28747856616973877
0.04239349439740181,0.2874908447265625
0.04239625483751297,0.2875843942165375
0.04239658638834953,0.28759557008743286
0.042397692799568176,0.28763309121131897
0.04239802807569504,0.2876443862915039
0.0423981249332428,0.28764769434928894
0.04240058735013008,0.2877311110496521
0.042414866387844086,0.28821441531181335
0.042417675256729126,0.2883094549179077
0.04241916537284851,0.2883598208427429
0.042419467121362686,0.2883699834346771
0.0424208790063858,0.2884176969528198
0.04242726415395737,0.2886335253715515
0.04243200272321701,0.2887936234474182
0.042432136833667755,0.28879815340042114
0.042432382702827454,0.2888064384460449
0.04243806004524231,0.2889980971813202
0.042442820966243744,0.28915882110595703
0.042443834245204926,0.28919294476509094
0.04245460778474808,0.28955623507499695
0.04245525971055031,0.2895781993865967
0.04245777428150177,0.2896629869937897
0.04245888441801071,0.28970038890838623
0.0424632802605629,0.2898484468460083
0.04246431589126587,0.2898833155632019
0.04246589168906212,0.2899363934993744
0.04246610403060913,0.28994354605674744
0.04246758669614792,0.28999340534210205
0.04246850684285164,0.29002439975738525
0.04246995598077774,0.2900731861591339
0.042475081980228424,0.2902456820011139
0.042476966977119446,0.2903090715408325
0.04247702658176422,0.2903110682964325
0.04247964173555374,0.29039904475212097
0.04248148947954178,0.29046115279197693
0.042483702301979065,0.29053550958633423
0.04248405992984772,0.290547639131546
0.04248414188623428,0.2905503809452057
0.04248509928584099,0.2905825078487396
0.042490653693675995,0.29076915979385376
0.04249557852745056,0.2909345328807831
0.04249613732099533,0.29095330834388733
0.04250127822160721,0.2911258935928345
0.042506031692028046,0.29128536581993103
0.042508579790592194,0.29137083888053894
0.042512521147727966,0.29150304198265076
0.0425141341984272,0.29155710339546204
0.042522720992565155,0.29184481501579285
0.042524419724941254,0.29190176725387573
0.042525358498096466,0.29193317890167236
0.04253002256155014,0.2920893430709839
0.04253010451793671,0.29209211468696594
0.0425310917198658,0.2921251356601715
0.042534396052360535,0.2922356128692627
0.0425441674888134,0.2925625145435333
0.04254549741744995,0.2926069498062134
0.0425507128238678,0.292781263589859
0.04255283996462822,0.2928522527217865
0.04255416616797447,0.2928965985774994
0.042561374604701996,0.2931373119354248
0.0425637848675251,0.2932177484035492
0.042568743228912354,0.2933832108974457
0.04257717728614807,0.2936643958091736
0.04258020967245102,0.29376548528671265
0.042581528425216675,0.29380929470062256
0.04258739948272705,0.2940049469470978
0.04258788749575615,0.29402121901512146
0.04258793964982033,0.29402291774749756
0.04259025305509567,0.29409992694854736
0.042597368359565735,0.2943367660045624
0.04259755462408066,0.294342964887619
0.042600154876708984,0.2944294214248657
0.04260043054819107,0.29443857073783875
0.04260082542896271,0.2944517731666565
0.04260185733437538,0.29448607563972473
0.04260735213756561,0.2946687340736389
0.042610786855220795,0.2947828769683838
0.042611412703990936,0.2948037087917328
0.04261314868927002,0.294861376285553
0.04261581599712372,0.2949499785900116
0.042617976665496826,0.2950216829776764
0.04262275993824005,0.2951804995536804
0.04262310266494751,0.2951918840408325
0.04262658953666687,0.29530760645866394
0.04263231158256531,0.29549744725227356
0.04263477027416229,0.2955789566040039
0.04264397546648979,0.29588407278060913
0.04264795035123825,0.2960157096385956
0.04264857620000839,0.2960364520549774
0.04265027865767479,0.29609280824661255
0.04265303537249565,0.29618406295776367
0.04265442490577698,0.2962300479412079
0.04265597462654114,0.2962813377380371
0.04266165941953659,0.29646942019462585
0.04266201704740524,0.296481192111969
0.04266222193837166,0.29648804664611816
0.042664606124162674,0.29656681418418884
0.04267030954360962,0.2967554032802582
0.04267342388629913,0.2968583405017853
0.04267628863453865,0.2969529926776886
0.04267661273479462,0.2969636619091034
0.04267856478691101,0.29702815413475037
0.04268278554081917,0.29716750979423523
0.04268503561615944,0.29724177718162537
0.042685382068157196,0.29725319147109985
0.04268597066402435,0.29727262258529663
0.04268643632531166,0.2972879707813263
0.04268718883395195,0.29731282591819763
0.04268765076994896,0.29732799530029297
0.04268776625394821,0.297331839799881
0.042697735130786896,0.2976606488227844
0.04269791021943092,0.29766646027565
0.04269983991980553,0.29773005843162537
0.04270326718688011,0.29784294962882996
0.04270436614751816,0.297879159450531
0.042709220200777054,0.298039048910141
0.042710550129413605,0.2980828285217285
0.04271111637353897,0.2981015145778656
0.04271402209997177,0.2981971204280853
0.042714428156614304,0.2982105016708374
0.042716868221759796,0.298290878534317
0.042718663811683655,0.29834994673728943
0.04271962121129036,0.29838138818740845
0.042728960514068604,0.29868850111961365
0.042730897665023804,0.29875218868255615
0.04273378849029541,0.2988471984863281
0.0427432656288147,0.29915851354599
0.04274383932352066,0.29917728900909424
0.04274742305278778,0.29929494857788086
0.0427481047809124,0.29931730031967163
0.042751289904117584,0.2994218170642853
0.04275517910718918,0.299549400806427
0.04275846481323242,0.2996571362018585
0.042759284377098083,0.29968398809432983
0.04276244714856148,0.2997875511646271
0.042763836681842804,0.29983317852020264
0.04276563227176666,0.29989197850227356
0.04276564344763756,0.2998923361301422
0.042767271399497986,0.2999456822872162
0.04276874288916588,0.2999938726425171
0.04277481883764267,0.30019283294677734
0.04277781397104263,0.3002908527851105
0.04277802258729935,0.30029764771461487
0.042792908847332,0.3007844388484955
0.04279832914471626,0.30096158385276794
0.04280085116624832,0.30104389786720276
0.04280867055058479,0.30129918456077576
0.04281129688024521,0.3013848662376404
0.042815983295440674,0.30153775215148926
0.04282063990831375,0.3016895353794098
0.04282284528017044,0.3017614483833313
0.042823486030101776,0.3017823398113251
0.04282664135098457,0.30188509821891785
0.04283518344163895,0.3021632730960846
0.04283551126718521,0.30217400193214417
0.04283691197633743,0.30221953988075256
0.042838118970394135,0.3022588789463043
0.04283992573618889,0.30231761932373047
0.04284336417913437,0.3024294972419739
0.042844898998737335,0.30247941613197327
0.042845726013183594,0.30250632762908936
0.042846012860536575,0.3025156855583191
0.0428570881485939,0.3028756082057953
0.04286090284585953,0.3029995262622833
0.042864248156547546,0.3031081557273865
0.04286427050828934,0.30310890078544617
0.042865924537181854,0.303162544965744
0.04286973178386688,0.3032861053943634
0.04287099465727806,0.30332711338996887
0.042872633785009384,0.3033803403377533
0.04287301003932953,0.3033924996852875
0.04287436604499817,0.3034364581108093
0.042880766093730927,0.30364397168159485
0.042881205677986145,0.30365824699401855
0.04288231581449509,0.30369430780410767
0.042883943766355515,0.3037469983100891
0.04288697615265846,0.30384525656700134
0.042890943586826324,0.3039737939834595
0.042893558740615845,0.3040584623813629
0.04289405047893524,0.30407434701919556
0.042894743382930756,0.3040968179702759
0.042896367609500885,0.304149329662323
0.04289951175451279,0.30425119400024414
0.04290095716714859,0.30429792404174805
0.04290134832262993,0.3043105900287628
0.042901813983917236,0.3043256402015686
0.04290468618273735,0.3044185936450958
0.04290875792503357,0.3045502305030823
0.04291675612330437,0.30480870604515076
0.042919281870126724,0.3048902750015259
0.04292452707886696,0.3050597012042999
0.0429256409406662,0.30509570240974426
0.04292568191885948,0.30509695410728455
0.04293108358979225,0.3052712678909302
0.04293132573366165,0.3052791357040405
0.042932089418172836,0.30530375242233276
0.04293585568666458,0.305425226688385
0.04293619468808174,0.3054361939430237
0.042939379811286926,0.3055388629436493
0.04293949902057648,0.3055426776409149
0.042943887412548065,0.30568423867225647
0.04295073822140694,0.30590492486953735
0.04295118898153305,0.3059193789958954
0.04295511916279793,0.3060459494590759
0.04295729473233223,0.3061159551143646
0.04296267777681351,0.3062891960144043
0.04296954721212387,0.30651018023490906
0.042973022907972336,0.30662187933921814
0.04298049584031105,0.3068619668483734
0.04298119619488716,0.30688443779945374
0.04298420995473862,0.30698123574256897
0.0429915189743042,0.3072158098220825
0.04299715906381607,0.3073967397212982
0.04299861937761307,0.30744361877441406
0.0429990254342556,0.3074566125869751
0.043003492057323456,0.307599812746048
0.043010689318180084,0.3078303337097168
0.04301338270306587,0.3079165816307068
0.04301413893699646,0.30794084072113037
0.04302021488547325,0.3081353008747101
0.04302031174302101,0.3081384003162384
0.04302123561501503,0.3081679344177246
0.0430259071290493,0.3083174228668213
0.04302690178155899,0.3083491921424866
0.04302741587162018,0.30836567282676697
0.04303045943379402,0.3084630072116852
0.04303266108036041,0.30853328108787537
0.04303382337093353,0.3085705041885376
0.04303579777479172,0.3086336553096771
0.043036088347435,0.3086428940296173
0.04304039105772972,0.30878034234046936
0.043040867894887924,0.3087955415248871
0.04304240271449089,0.30884459614753723
0.04304305464029312,0.30886542797088623
0.043043628334999084,0.3088837265968323
0.04304990917444229,0.3090842366218567
0.04305032268166542,0.30909740924835205
0.04305629804730415,0.30928802490234375
0.0430569052696228,0.30930736660957336
0.04305877164006233,0.3093668818473816
0.04306032508611679,0.30941644310951233
0.043061938136816025,0.3094678819179535
0.043062224984169006,0.30947694182395935
0.043065596371889114,0.30958446860313416
0.04306739196181297,0.30964168906211853
0.04306790977716446,0.3096581995487213
0.0430690199136734,0.30969351530075073
0.04307921975851059,0.31001830101013184
0.04308079183101654,0.3100683093070984
0.04308342933654785,0.31015220284461975
0.0430903360247612,0.3103718161582947
0.04309171438217163,0.31041568517684937
0.0430920384824276,0.3104259967803955
0.04309505224227905,0.3105217516422272
0.04309660568833351,0.3105711042881012
0.04310128465294838,0.310719758272171
0.04310309886932373,0.31077733635902405
0.043104175478219986,0.3108116090297699
0.04310571774840355,0.31086045503616333
0.04311950504779816,0.3112978935241699
0.04312038794159889,0.31132590770721436
0.043122559785842896,0.3113947808742523
0.043129678815603256,0.3116203546524048
0.04313068091869354,0.3116520643234253
0.04313492029905319,0.31178635358810425
0.04313516616821289,0.31179413199424744
0.043142516165971756,0.3120267391204834
0.04314670339226723,0.31215915083885193
0.04314848780632019,0.3122155964374542
0.043160274624824524,0.31258806586265564
0.04316319525241852,0.31268033385276794
0.043163228780031204,0.31268131732940674
0.04316675290465355,0.3127926290035248
0.043166838586330414,0.3127953112125397
0.04316943138837814,0.31287720799446106
0.04317113757133484,0.31293100118637085
0.043172866106033325,0.3129855692386627
0.043175071477890015,0.3130551278591156
0.043175142258405685,0.3130573630332947
0.043176572769880295,0.3131024241447449
0.04317759722471237,0.3131347596645355
0.043178804218769073,0.3131727874279022
0.043183475732803345,0.3133200705051422
0.043186549097299576,0.31341686844825745
0.0431978702545166,0.31377339363098145
0.04320162162184715,0.3138915002346039
0.04320589452981949,0.31402587890625
0.043208569288253784,0.3141099810600281
0.043209321796894073,0.3141336441040039
0.04320960491895676,0.3141425848007202
0.043209921568632126,0.3141525387763977
0.04321329668164253,0.3142586052417755
0.043215133249759674,0.3143162727355957
0.04323416203260422,0.3149137496948242
0.043234266340732574,0.3149169385433197
0.04323503002524376,0.3149409592151642
0.04323621839284897,0.3149782121181488
0.04323691129684448,0.31499990820884705
0.04323839396238327,0.31504642963409424
0.04323948174715042,0.31508052349090576
0.04324150085449219,0.31514379382133484
0.043243300169706345,0.31520023941993713
0.043243348598480225,0.3152017593383789
0.043244730681180954,0.3152450621128082
0.04324529320001602,0.31526267528533936
0.04324723035097122,0.3153233528137207
0.043253544718027115,0.31552112102508545
0.0432567223906517,0.3156206011772156
0.04326113685965538,0.3157587945461273
0.04326130449771881,0.31576400995254517
0.043263427913188934,0.31583043932914734
0.043263450264930725,0.31583115458488464
0.043270085006952286,0.3160386085510254
0.04327023774385452,0.31604334712028503
0.04327205941081047,0.3161002993583679
0.04327411204576492,0.31616446375846863
0.043275173753499985,0.31619760394096375
0.04328187182545662,0.31640690565109253
0.043282851576805115,0.31643736362457275
0.04328478127717972,0.31649768352508545
0.04328479617834091,0.31649819016456604
0.04328635334968567,0.3165467381477356
0.043289586901664734,0.31664761900901794
0.04329200088977814,0.3167229890823364
0.04329461604356766,0.31680455803871155
0.043294623494148254,0.31680476665496826
0.04330086708068848,0.3169994354248047
0.04330223798751831,0.31704214215278625
0.04330280423164368,0.31705978512763977
0.043308332562446594,0.3172321319580078
0.04330848529934883,0.31723684072494507
0.0433090478181839,0.31725436449050903
0.04331082105636597,0.3173096179962158
0.043310847133398056,0.3173103928565979
0.04331761226058006,0.31752097606658936
0.04332365095615387,0.3177088499069214
0.043325088918209076,0.3177536129951477
0.043330129235982895,0.3179102838039398
0.04333459585905075,0.3180491030216217
0.04333790764212608,0.31815198063850403
0.043346211314201355,0.31840986013412476
0.043347083032131195,0.318436861038208
0.0433536171913147,0.3186396360397339
0.043354861438274384,0.31867823004722595
0.04336158186197281,0.31888651847839355
0.04336250200867653,0.3189150393009186
0.04336482286453247,0.3189869523048401
0.04337714985013008,0.3193686902523041
0.04339102655649185,0.3197978436946869
0.043393008410930634,0.31985902786254883
0.04339881241321564,0.320038378238678
0.043399564921855927,0.320061594247818
0.04340306669473648,0.32016971707344055
0.04340555518865585,0.32024651765823364
0.043407123535871506,0.32029494643211365
0.043407365679740906,0.32030248641967773
0.0434112548828125,0.32042238116264343
0.04341311752796173,0.3204798698425293
0.04341336339712143,0.32048743963241577
0.04341714829206467,0.3206041157245636
0.04341752454638481,0.3206157386302948
0.04342397302389145,0.3208145201206207
0.04342435300350189,0.3208262026309967
0.043428197503089905,0.320944607257843
0.043428629636764526,0.32095789909362793
0.043429311364889145,0.32097890973091125
0.04343091696500778,0.32102838158607483
0.04343383386731148,0.32111814618110657
0.043434470891952515,0.32113778591156006
0.04343536123633385,0.32116514444351196
0.04343715310096741,0.321220338344574
0.043438419699668884,0.3212592899799347
0.043438732624053955,0.32126888632774353
0.04343884065747261,0.32127225399017334
0.04344109445810318,0.32134154438972473
0.043441127985715866,0.3213426172733307
0.043441858142614365,0.321365088224411
0.04344332218170166,0.32141008973121643
0.0434441901743412,0.3214367926120758
0.043452437967061996,0.32169026136398315
0.0434548445045948,0.3217642307281494
0.043464504182338715,0.32206085324287415
0.04346626624464989,0.3221149444580078
0.04346705600619316,0.32213911414146423
0.04346969723701477,0.32222017645835876
0.04347328469157219,0.32233020663261414
0.04347550868988037,0.32239842414855957
0.0434766449034214,0.322433203458786
0.0434781014919281,0.32247793674468994
0.04348349571228027,0.3226432204246521
0.043485190719366074,0.3226950764656067
0.04348532482981682,0.32269927859306335
0.04349186271429062,0.32289937138557434
0.04349289834499359,0.32293111085891724
0.04349525272846222,0.3230031728744507
0.04350008815526962,0.3231511414051056
0.043509259819984436,0.3234315514564514
0.043509721755981445,0.3234456181526184
0.04351820796728134,0.3237048387527466
0.04352349787950516,0.3238663673400879
0.043523721396923065,0.3238731622695923
0.043524011969566345,0.3238820433616638
0.04352597892284393,0.32394206523895264
0.04353148490190506,0.3241100609302521
0.04353391006588936,0.32418397068977356
0.043534182012081146,0.32419225573539734
0.04353511333465576,0.3242207169532776
0.04353540018200874,0.3242294192314148
0.04355216026306152,0.3247399628162384
0.04355781525373459,0.32491204142570496
0.0435648113489151,0.3251247704029083
0.04356483370065689,0.32512548565864563
0.04356497526168823,0.32512977719306946
0.04356558993458748,0.32514846324920654
0.04356617480516434,0.3251661956310272
0.04356701672077179,0.32519179582595825
0.04356738552451134,0.325203001499176
0.04357010871171951,0.32528573274612427
0.043572694063186646,0.3253643214702606
0.043573446571826935,0.325387179851532
0.043573446571826935,0.325387179851532
0.043576207011938095,0.3254709839820862
0.043576665222644806,0.32548490166664124
0.043577563017606735,0.325512170791626
0.043582066893577576,0.32564887404441833
0.04358251392841339,0.3256624937057495
0.04358360543847084,0.32569557428359985
0.04358382523059845,0.3257022500038147
0.043594107031822205,0.3260141611099243
0.04359469935297966,0.32603204250335693
0.04359932243824005,0.3261721432209015
0.043602779507637024,0.32627689838409424
0.04360325634479523,0.3262912929058075
0.04361525923013687,0.32665470242500305
0.04361851140856743,0.32675305008888245
0.043620750308036804,0.3268207609653473
0.04362577944993973,0.3269727826118469
0.043629374355077744,0.3270814120769501
0.04363014176487923,0.3271046280860901
0.04363120347261429,0.32713669538497925
0.043638404458761215,0.3273541331291199
0.04363936930894852,0.32738327980041504
0.04363970831036568,0.32739347219467163
0.04363999143242836,0.3274020254611969
0.04364890977740288,0.327671080827713
0.04365125671029091,0.3277418315410614
0.04365214332938194,0.32776859402656555
0.04365576058626175,0.32787758111953735
0.04365766793489456,0.327935129404068
0.043658547103405,0.3279615640640259
0.04366419464349747,0.32813167572021484
0.043669939041137695,0.32830458879470825
0.04367295280098915,0.3283953368663788
0.043676454573869705,0.3285006582736969
0.043677959591150284,0.3285459280014038
0.04368458315730095,0.3287449777126312
0.0436883419752121,0.3288579285144806
0.043691106140613556,0.3289410173892975
0.04369908571243286,0.3291805386543274
0.04370465129613876,0.32934749126434326
0.04370603710412979,0.3293890655040741
0.04370787739753723,0.3294442892074585
0.04371003806591034,0.32950904965400696
0.04371082782745361,0.32953277230262756
0.043711911886930466,0.32956528663635254
0.04371250420808792,0.3295830488204956
0.043712638318538666,0.32958701252937317
0.043713152408599854,0.32960236072540283
0.043714843690395355,0.3296531140804291
0.04371855407953262,0.3297642469406128
0.04372509568929672,0.3299601674079895
0.04372856393456459,0.33006396889686584
0.04373093694448471,0.33013492822647095
0.04373345524072647,0.3302103281021118
0.043734483420848846,0.3302410840988159
0.04373491182923317,0.33025383949279785
0.04373527318239212,0.330264687538147
0.04373741149902344,0.3303286135196686
0.04374178498983383,0.3304593563079834
0.043743785470724106,0.3305191993713379
0.04374648630619049,0.3305998742580414
0.04374886304140091,0.33067086338996887
0.043749481439590454,0.33068937063217163
0.043749649077653885,0.330694317817688
0.04374989867210388,0.3307017683982849
0.04375751316547394,0.330929160118103
0.04375908151268959,0.33097589015960693
0.04376612603664398,0.3311860263347626
0.043768659234046936,0.331261545419693
0.04376978427171707,0.33129510283470154
0.04378165304660797,0.33164867758750916
0.043785590678453445,0.33176591992378235
0.04378736764192581,0.33181875944137573
0.04378760606050491,0.3318258821964264
0.043791186064481735,0.3319323658943176
0.04379571974277496,0.3320671617984772
0.043798238039016724,0.33214205503463745
0.04379875957965851,0.33215758204460144
0.04380284994840622,0.33227917551994324
0.043809134513139725,0.3324657678604126
0.04381707310676575,0.33270150423049927
0.04382067546248436,0.33280831575393677
0.04382184520363808,0.33284303545951843
0.04382261633872986,0.332865834236145
0.043828532099723816,0.3330412805080414
0.04382946714758873,0.33306893706321716
0.04383242875337601,0.3331567347049713
0.04383363202214241,0.3331924080848694
0.04383394494652748,0.33320170640945435
0.043839409947395325,0.33336353302001953
0.04383942484855652,0.33336398005485535
0.04384438693523407,0.3335108458995819
0.04384462535381317,0.333517849445343
0.04384820908308029,0.3336239457130432
0.04385112598538399,0.3337101936340332
0.04385169595479965,0.333727091550827
0.043855682015419006,0.333844929933548
0.04385821893811226,0.3339199125766754
0.04385850578546524,0.33392834663391113
0.043860312551259995,0.33398178219795227
0.04386097937822342,0.33400148153305054
0.04386139661073685,0.33401384949684143
0.04386153072118759,0.3340177536010742
0.043868422508239746,0.33422133326530457
0.04386889934539795,0.33423539996147156
0.04386898875236511,0.3342380225658417
0.043869443237781525,0.33425143361091614
0.04387296736240387,0.3343554735183716
0.04387645050883293,0.33445823192596436
0.043878816068172455,0.33452802896499634
0.043878939002752304,0.33453163504600525
0.04388467222452164,0.33470067381858826
0.043892983347177505,0.3349456191062927
0.04389481246471405,0.3349994719028473
0.043897829949855804,0.335088312625885
0.04390597343444824,0.33532798290252686
0.04390770196914673,0.33537882566452026
0.04390864074230194,0.33540642261505127
0.043911729007959366,0.33549726009368896
0.04391789436340332,0.33567845821380615
0.04391827434301376,0.33568960428237915
0.043924376368522644,0.33586886525154114
0.04392736777663231,0.3359566926956177
0.043935857713222504,0.3362058401107788
0.043943408876657486,0.3364272117614746
0.04394502565264702,0.33647462725639343
0.04395125061273575,0.33665692806243896
0.043955959379673004,0.336794912815094
0.04396580159664154,0.3370828330516815
0.043966181576251984,0.3370939791202545
0.04397178813815117,0.33725786209106445
0.043973758816719055,0.3373154401779175
0.043974313884973526,0.3373316824436188
0.043976034969091415,0.3373820185661316
0.04397714510560036,0.3374144434928894
0.043980687856674194,0.3375179171562195
0.04398338124155998,0.3375965356826782
0.04398740082979202,0.33771395683288574
0.04398766905069351,0.33772170543670654
0.043989572674036026,0.3377772569656372
0.04399147257208824,0.3378327190876007
0.043994735926389694,0.337927907705307
0.04399725794792175,0.33800145983695984
0.04399954900145531,0.3380682170391083
0.04399971663951874,0.33807307481765747
0.04400138556957245,0.3381217420101166
0.04400210827589035,0.33814287185668945
0.044003382325172424,0.33817994594573975
0.044003501534461975,0.3381834328174591
0.04400350898504257,0.3381836414337158
0.044006798416376114,0.33827951550483704
0.04400760680437088,0.33830296993255615
0.04401019588112831,0.3383784294128418
0.04401455819606781,0.33850544691085815
0.044019438326358795,0.3386474549770355
0.04401961341500282,0.33865249156951904
0.04402371495962143,0.33877187967300415
0.0440252460539341,0.33881640434265137
0.0440266989171505,0.33885860443115234
0.04402868449687958,0.3389163315296173
0.04403320699930191,0.33904775977134705
0.04403631389141083,0.339138001203537
0.0440438836812973,0.33935782313346863
0.04404421150684357,0.3393673896789551
0.044046707451343536,0.3394397795200348
0.04404861107468605,0.3394950330257416
0.044053759425878525,0.33964431285858154
0.04405608028173447,0.33971163630485535
0.04406164214015007,0.3398727774620056
0.04406943917274475,0.34009864926338196
0.04407675191760063,0.34031030535697937
0.04407738894224167,0.34032872319221497
0.044077564030885696,0.3403337895870209
0.04407825320959091,0.34035366773605347
0.04408116638660431,0.34043797850608826
0.04408246651291847,0.34047552943229675
0.044086068868637085,0.34057968854904175
0.04408933222293854,0.3406740128993988
0.0440916083753109,0.34073981642723083
0.04409448057413101,0.3408227264881134
0.04409768804907799,0.34091538190841675
0.044098928570747375,0.34095120429992676
0.04410015046596527,0.3409864902496338
0.04410071671009064,0.34100282192230225
0.04410146176815033,0.3410242795944214
0.044102299958467484,0.34104853868484497
0.04411005601286888,0.341272234916687
0.044119879603385925,0.3415553569793701
0.044120028614997864,0.3415597081184387
0.04412319138646126,0.3416508138179779
0.04412884637713432,0.3418136537075043
0.044130440801382065,0.34185951948165894
0.044132255017757416,0.3419117033481598
0.04414042830467224,0.34214672446250916
0.04414256289601326,0.3422081768512726
0.04414422810077667,0.34225600957870483
0.044148728251457214,0.34238532185554504
0.04415140673518181,0.3424622416496277
0.04415708780288696,0.34262534976005554
0.044159896671772,0.34270596504211426
0.044165365397930145,0.34286290407180786
0.04417288303375244,0.34307846426963806
0.044173963367938995,0.3431094288825989
0.04417482018470764,0.34313395619392395
0.04417511075735092,0.34314224123954773
0.04417742043733597,0.3432084321975708
0.044178158044815063,0.3432295620441437
0.04417937994003296,0.34326454997062683
0.04418278485536575,0.34336209297180176
0.044186193495988846,0.3434596657752991
0.04419008269906044,0.3435709774494171
0.04419057071208954,0.34358495473861694
0.04419455677270889,0.3436988890171051
0.044194985181093216,0.34371116757392883
0.04419656842947006,0.3437564969062805
0.04420909285545349,0.34411436319351196
0.044210124760866165,0.344143807888031
0.04421106353402138,0.34417057037353516
0.04421217739582062,0.3442023992538452
0.044213779270648956,0.3442481458187103
0.04421781003475189,0.34436309337615967
0.04422058165073395,0.344442218542099
0.04422315955162048,0.34451577067375183
0.04422358423471451,0.3445279002189636
0.04422368109226227,0.34453070163726807
0.044225066900253296,0.344570130109787
0.04423394054174423,0.34482306241989136
0.0442364476621151,0.3448944687843323
0.04423859342932701,0.3449555039405823
0.04424181208014488,0.3450471758842468
0.04424506053328514,0.34513962268829346
0.04424554109573364,0.3451533615589142
0.04424924775958061,0.34525877237319946
0.044252581894397736,0.3453536331653595
0.04425539821386337,0.34543365240097046
0.04425849765539169,0.3455217480659485
0.044259071350097656,0.34553807973861694
0.04426291584968567,0.34564733505249023
0.044276610016822815,0.34603598713874817
0.044276729226112366,0.34603941440582275
0.04427793249487877,0.34607353806495667
0.04427826777100563,0.3460830748081207
0.04428192228078842,0.34618666768074036
0.04428580403327942,0.3462967574596405
0.04429002106189728,0.34641626477241516
0.04429309815168381,0.3465034067630768
0.0442940853536129,0.34653133153915405
0.044294171035289764,0.34653377532958984
0.04429614171385765,0.3465895354747772
0.0443030409514904,0.34678488969802856
0.0443083755671978,0.34693577885627747
0.04431150108575821,0.347024142742157
0.04431673139333725,0.34717193245887756
0.044317349791526794,0.34718939661979675
0.044319868087768555,0.3472605347633362
0.044322773814201355,0.3473425805568695
0.04432835802435875,0.3475002348423004
0.04433519393205643,0.34769314527511597
0.04433845728635788,0.34778517484664917
0.04434003680944443,0.3478296995162964
0.04434103146195412,0.3478577136993408
0.04434119537472725,0.3478623330593109
0.044342704117298126,0.34790486097335815
0.044344473630189896,0.3479546904563904
0.04434756934642792,0.34804198145866394
0.044348400086164474,0.3480653464794159
0.04434977099299431,0.34810400009155273
0.04435043781995773,0.3481227159500122
0.04435058683156967,0.34812694787979126
0.04435677081346512,0.3483009934425354
0.04435998201370239,0.3483913838863373
0.044367946684360504,0.3486153781414032
0.0443679541349411,0.3486155569553375
0.044369928538799286,0.3486711084842682
0.044373027980327606,0.34875819087028503
0.04437563940882683,0.34883156418800354
0.044376619160175323,0.34885910153388977
0.044380854815244675,0.3489780128002167
0.044381603598594666,0.3489989936351776
0.044392287731170654,0.3492988348007202
0.04439403861761093,0.34934794902801514
0.04439465329051018,0.34936511516571045
0.04439525306224823,0.3493819832801819
0.0444035604596138,0.34961479902267456
0.044405724853277206,0.34967538714408875
0.044409118592739105,0.3497704565525055
0.044410742819309235,0.34981590509414673
0.044410884380340576,0.3498198390007019
0.04441869631409645,0.35003843903541565
0.04442151263356209,0.35011714696884155
0.04442751407623291,0.35028496384620667
0.04442792385816574,0.35029640793800354
0.04443024471402168,0.35036131739616394
0.04443184658885002,0.35040605068206787
0.04443199187517166,0.3504101037979126
0.04443284124135971,0.3504337966442108
0.04444487392902374,0.35076969861984253
0.04444633796811104,0.3508104979991913
0.044451795518398285,0.35096266865730286
0.04445640370249748,0.3510912358760834
0.04445689171552658,0.3511047065258026
0.04445932060480118,0.35117238759994507
0.04446270689368248,0.3512667417526245
0.04447387158870697,0.351577490568161
0.04448077082633972,0.3517692983150482
0.044481322169303894,0.3517846465110779
0.04448523372411728,0.3518933951854706
0.04448949918150902,0.3520118296146393
0.04449404403567314,0.35213807225227356
0.044495247304439545,0.352171391248703
0.04449670389294624,0.3522118926048279
0.04449877887964249,0.3522694408893585
0.044499173760414124,0.3522804379463196
0.04449965059757233,0.35229361057281494
0.0445002019405365,0.3523089587688446
0.04450186714529991,0.35235512256622314
0.04450454190373421,0.3524293005466461
0.0445069894194603,0.3524971604347229
0.04451065510511398,0.35259878635406494
0.04451703652739525,0.35277557373046875
0.04451712965965271,0.3527781069278717
0.0445171594619751,0.35277900099754333
0.04451867938041687,0.35282108187675476
0.04451889917254448,0.35282716155052185
0.04451916366815567,0.3528344929218292
0.04451967403292656,0.352848619222641
0.04452712833881378,0.3530549705028534
0.04452715814113617,0.35305577516555786
0.04452939331531525,0.35311758518218994
0.04452952742576599,0.3531213402748108
0.04454011470079422,0.35341402888298035
0.044541120529174805,0.3534418046474457
0.04454394057393074,0.3535197377204895
0.04454422742128372,0.35352766513824463
0.04454520344734192,0.3535545766353607
0.04455545172095299,0.3538375198841095
0.04455690085887909,0.3538774847984314
0.04455898702144623,0.3539349436759949
0.04456011950969696,0.35396623611450195
0.044560886919498444,0.3539874255657196
0.04456287622451782,0.35404232144355774
0.044564321637153625,0.3540821075439453
0.044571589678525925,0.354282408952713
0.04457252472639084,0.354308158159256
0.04457922279834747,0.35449254512786865
0.04459210857748985,0.3548469841480255
0.044599004089832306,0.35503652691841125
0.04460551589727402,0.3552153408527374
0.04460572451353073,0.3552210330963135
0.044612329453229904,0.35540229082107544
0.04461446776986122,0.3554609417915344
0.04461716115474701,0.3555348217487335
0.04461827874183655,0.3555653989315033
0.04461962729692459,0.3556023836135864
0.04461996257305145,0.3556115925312042
0.04462118446826935,0.3556451201438904
0.044624291360378265,0.355730265378952
0.0446273535490036,0.355814129114151
0.044627875089645386,0.3558284044265747
0.04463813453912735,0.35610929131507874
0.04463869333267212,0.3561245799064636
0.04464172199368477,0.35620737075805664
0.04464221000671387,0.3562207818031311
0.04464317113161087,0.35624709725379944
0.04464885592460632,0.3564023971557617
0.04464971646666527,0.3564260005950928
0.04465014860033989,0.3564378023147583
0.04465131089091301,0.35646960139274597
0.0446595773100853,0.35669538378715515
0.04466169327497482,0.35675308108329773
0.04466278851032257,0.35678303241729736
0.04466287046670914,0.35678526759147644
0.044666506350040436,0.3568844497203827
0.04466825723648071,0.35693225264549255
0.04466864466667175,0.3569428026676178
0.044677600264549255,0.3571869432926178
0.04468224570155144,0.35731351375579834
0.04469369351863861,0.35762518644332886
0.044695235788822174,0.35766714811325073
0.044704362750053406,0.35791537165641785
0.04470512270927429,0.3579360246658325
0.044705647975206375,0.35795027017593384
0.04470648989081383,0.3579731583595276
0.04470760375261307,0.3580034077167511
0.04470943287014961,0.3580531179904938
0.04471435770392418,0.35818687081336975
0.0447155237197876,0.3582185208797455
0.04472154378890991,0.35838189721107483
0.044721946120262146,0.3583928346633911
0.04472458362579346,0.3584643304347992
0.044725507497787476,0.358489453792572
0.044732045382261276,0.35866668820381165
0.04473524168133736,0.3587532639503479
0.04473819583654404,0.35883328318595886
0.044742316007614136,0.35894492268562317
0.04474492371082306,0.35901549458503723
0.04474569112062454,0.35903626680374146
0.04474925994873047,0.3591328263282776
0.04475538432598114,0.3592984974384308
0.044758375734090805,0.359379380941391
0.044759996235370636,0.3594231605529785
0.044763002544641495,0.3595044016838074
0.04477309808135033,0.35977697372436523
0.04477487504482269,0.3598249852657318
0.04477717727422714,0.35988712310791016
0.04477744549512863,0.3598942756652832
0.044784605503082275,0.36008742451667786
0.044784653931856155,0.3600887358188629
0.044784653931856155,0.3600887358188629
0.04478784278035164,0.36017468571662903
0.04479003697633743,0.36023378372192383
0.04479191452264786,0.36028435826301575
0.04479195177555084,0.3602854013442993
0.04479233920574188,0.36029577255249023
0.04479342699050903,0.3603250980377197
0.04479624330997467,0.3604009747505188
0.044797394424676895,0.360431969165802
0.04479796439409256,0.3604472875595093
0.04480074718594551,0.36052221059799194
0.044811949133872986,0.36082351207733154
0.04481266438961029,0.3608427345752716
0.04481329768896103,0.36085981130599976
0.044815801084041595,0.36092710494995117
0.044816724956035614,0.36095190048217773
0.04481814056634903,0.3609899878501892
0.04482008516788483,0.36104223132133484
0.04482477530837059,0.36116817593574524
0.04483148455619812,0.3613482117652893
0.0448315292596817,0.3613494336605072
0.0448404923081398,0.36158981919288635
0.044847652316093445,0.36178165674209595
0.044850729405879974,0.36186403036117554
0.04485395550727844,0.36195045709609985
0.04485471546649933,0.3619707524776459
0.04485905170440674,0.36208686232566833
0.044859252870082855,0.36209219694137573
0.044867806136608124,0.36232098937034607
0.04487277939915657,0.3624538481235504
0.044874824583530426,0.36250853538513184
0.04487965628504753,0.3626375198364258
0.04488123580813408,0.36267969012260437
0.0448860228061676,0.3628074526786804
0.04488742724061012,0.36284491419792175
0.04489089548587799,0.36293742060661316
0.04489247500896454,0.362979531288147
0.044901520013809204,0.36322060227394104
0.044909149408340454,0.36342376470565796
0.04491078853607178,0.3634674549102783
0.04491082951426506,0.3634684979915619
0.044913358986377716,0.3635357618331909
0.04491400346159935,0.36355292797088623
0.04491402953863144,0.36355364322662354
0.04491802677512169,0.36365994811058044
0.04492217302322388,0.3637702465057373
0.04492327570915222,0.3637996017932892
0.04492364823818207,0.36380940675735474
0.0449305921792984,0.36399391293525696
0.04493162781000137,0.3640214800834656
0.04493528604507446,0.3641185164451599
0.04493645206093788,0.3641495108604431
0.0449402779340744,0.3642510771751404
0.044943615794181824,0.36433959007263184
0.04494825005531311,0.3644624650478363
0.04495374858379364,0.3646082580089569
0.04495525732636452,0.3646482229232788
0.04496316611766815,0.36485764384269714
0.04496347904205322,0.3648659884929657
0.044965505599975586,0.3649195730686188
0.044966921210289,0.3649570047855377
0.04497072100639343,0.3650575578212738
0.044977836310863495,0.3652457296848297
0.04498034715652466,0.3653120994567871
0.044984910637140274,0.36543262004852295
0.04498666524887085,0.3654789924621582
0.04498670622706413,0.36548006534576416
0.044993504881858826,0.36565953493118286
0.04499395936727524,0.3656715154647827
0.044996872544288635,0.36574840545654297
0.04499775171279907,0.3657715916633606
0.04500066861510277,0.36584848165512085
0.04500199481844902,0.3658834993839264
0.04500802606344223,0.36604243516921997
0.045016951858997345,0.3662775158882141
0.045021843165159225,0.36640629172325134
0.04502633959054947,0.36652451753616333
0.045028477907180786,0.3665808141231537
0.045028604567050934,0.3665841221809387
0.045029062777757645,0.36659616231918335
0.045031026005744934,0.3666478097438812
0.04503166303038597,0.3666645586490631
0.04503338038921356,0.3667096793651581
0.04504089802503586,0.36690714955329895
0.0450424924492836,0.3669489920139313
0.04504404962062836,0.3669899106025696
0.04504416137933731,0.3669928312301636
0.04504423588514328,0.36699479818344116
0.04504763334989548,0.36708393692970276
0.04505237564444542,0.36720842123031616
0.045053787529468536,0.3672454357147217
0.04505982995033264,0.36740386486053467
0.04506416991353035,0.3675175607204437
0.04506440833210945,0.36752378940582275
0.04506688937544823,0.3675887882709503
0.045068927109241486,0.3676421642303467
0.04507051780819893,0.3676837980747223
0.045076772570610046,0.36784759163856506
0.04507734999060631,0.3678625822067261
0.045079320669174194,0.36791422963142395
0.04508677497506142,0.3681090474128723
0.04508744180202484,0.3681265115737915
0.04510153830051422,0.3684946894645691
0.04510258138179779,0.36852186918258667
0.045103877782821655,0.3685557246208191
0.04510464891791344,0.3685758113861084
0.04510636255145073,0.36862054467201233
0.045109301805496216,0.3686971962451935
0.045109570026397705,0.3687041401863098
0.0451129674911499,0.36879271268844604
0.04511376470327377,0.36881351470947266
0.0451224111020565,0.36903879046440125
0.045126013457775116,0.3691326379776001
0.045133817940950394,0.36933568120002747
0.04513738304376602,0.369428426027298
0.04513927176594734,0.3694774806499481
0.04514118283987045,0.3695271611213684
0.04514557868242264,0.36964136362075806
0.04514823481440544,0.36971041560173035
0.045149825513362885,0.3697517216205597
0.045157063752412796,0.3699395954608917
0.04516136273741722,0.3700511157512665
0.04517586529254913,0.3704269528388977
0.04517851024866104,0.370495468378067
0.04518097639083862,0.3705592453479767
0.045182641595602036,0.37060239911079407
0.045183103531599045,0.37061432003974915
0.04518324136734009,0.37061792612075806
0.04518403857946396,0.37063854932785034
0.045186400413513184,0.37069961428642273
0.045188672840595245,0.37075841426849365
0.04518946260213852,0.3707788288593292
0.0451941043138504,0.37089890241622925
0.04519495740532875,0.37092089653015137
0.04519829899072647,0.3710072636604309
0.04520177096128464,0.3710969388484955
0.04520272836089134,0.3711216449737549
0.04520608112215996,0.3712082505226135
0.0452110655605793,0.3713368773460388
0.04521550238132477,0.37145131826400757
0.04522467032074928,0.3716876208782196
0.045225366950035095,0.3717056214809418
0.04522635042667389,0.3717309534549713
0.045228149741888046,0.37177732586860657
0.045230478048324585,0.3718372583389282
0.04523559659719467,0.3719690442085266
0.045237667858600616,0.3720223307609558
0.04524160176515579,0.37212350964546204
0.045242708176374435,0.37215203046798706
0.04524540528655052,0.3722213804721832
0.045245490968227386,0.3722235858440399
0.045247022062540054,0.3722628951072693
0.04525183141231537,0.37238651514053345
0.04525488615036011,0.37246495485305786
0.04526159167289734,0.3726371228694916
0.04526375234127045,0.37269261479377747
0.045266687870025635,0.3727678954601288
0.04527176916599274,0.37289825081825256
0.045272573828697205,0.37291887402534485
0.04527681693434715,0.37302762269973755
0.0452825203537941,0.3731737434864044
0.04528406634926796,0.3732133209705353
0.04528416320681572,0.37321582436561584
0.04529716446995735,0.37354856729507446
0.04529915750026703,0.37359943985939026
0.04530087113380432,0.37364330887794495
0.045303456485271454,0.37370938062667847
0.045310214161872864,0.373881995677948
0.04531401768326759,0.3739790916442871
0.045314349234104156,0.3739875853061676
0.045314811170101166,0.37399938702583313
0.045315343886613846,0.3740129768848419
0.045318808406591415,0.37410134077072144
0.04532469063997269,0.3742513954639435
0.04532744735479355,0.37432166934013367
0.045327864587306976,0.3743323087692261
0.045329220592975616,0.3743668794631958
0.04532937705516815,0.37437087297439575
0.045331716537475586,0.37443050742149353
0.04533274099230766,0.37445658445358276
0.04533407837152481,0.3744906485080719
0.04534290358424187,0.3747153580188751
0.04534912109375,0.374873548746109
0.04534977674484253,0.37489020824432373
0.04536043852567673,0.37516117095947266
0.04536506533622742,0.3752787411212921
0.04536602273583412,0.3753030300140381
0.04537007957696915,0.3754059970378876
0.04537307843565941,0.37548205256462097
0.04537423700094223,0.3755114674568176
0.04537743330001831,0.37559252977371216
0.04537830501794815,0.3756146728992462
0.045381586998701096,0.3756978511810303
0.04538425803184509,0.3757655620574951
0.045388609170913696,0.3758758008480072
0.045390885323286057,0.375933438539505
0.045392557978630066,0.37597572803497314
0.045411065220832825,0.37644392251968384
0.045412398874759674,0.3764776289463043
0.04541517049074173,0.376547634601593
0.04541594535112381,0.37656718492507935
0.045415982604026794,0.37656813859939575
0.04541655629873276,0.3765825629234314
0.04542310908436775,0.3767479956150055
0.04542369022965431,0.37676265835762024
0.04544651508331299,0.3773379325866699
0.045448221266269684,0.37738096714019775
0.04544869810342789,0.3773929476737976
0.04544886574149132,0.37739717960357666
0.04545128345489502,0.37745800614356995
0.0454540029168129,0.3775264024734497
0.045455411076545715,0.3775618374347687
0.045455459505319595,0.3775630593299866
0.0454556867480278,0.37756872177124023
0.04545813798904419,0.37763041257858276
0.04545941948890686,0.37766262888908386
0.04546082019805908,0.37769782543182373
0.04546095430850983,0.37770116329193115
0.04546501487493515,0.377803236246109
0.04546528682112694,0.3778100609779358
0.04547090455889702,0.37795114517211914
0.045471906661987305,0.3779763877391815
0.04547460004687309,0.37804391980171204
0.045483119785785675,0.378257691860199
0.04548334330320358,0.37826332449913025
0.04548393934965134,0.37827828526496887
0.04548772796988487,0.3783732056617737
0.04548780247569084,0.3783751130104065
0.045496948063373566,0.3786042332649231
0.04549974948167801,0.37867438793182373
0.04551064968109131,0.37894707918167114
0.04551079124212265,0.37895065546035767
0.045513421297073364,0.37901636958122253
0.04551415890455246,0.3790348768234253
0.04551586136221886,0.37907737493515015
0.04551789537072182,0.37912818789482117
0.045521631836891174,0.3792215585708618
0.04552443325519562,0.37929150462150574
0.04552659019827843,0.3793453574180603
0.04553188383579254,0.37947747111320496
0.045533426105976105,0.37951594591140747
0.045536287128925323,0.3795872926712036
0.04554099589586258,0.37970465421676636
0.04555099830031395,0.3799538016319275
0.04555530473589897,0.3800610303878784
0.045559290796518326,0.38016021251678467
0.04556269198656082,0.3802448511123657
0.04556473717093468,0.38029566407203674
0.04556901380419731,0.38040199875831604
0.04557543247938156,0.3805614411830902
0.045580655336380005,0.3806910812854767
0.04558202624320984,0.3807251453399658
0.04558347538113594,0.38076114654541016
0.045584991574287415,0.38079869747161865
0.04558570683002472,0.3808164596557617
0.045585982501506805,0.3808232843875885
0.04559516906738281,0.38105106353759766
0.04559703916311264,0.38109734654426575
0.04560842365026474,0.38137927651405334
0.04561096429824829,0.381442129611969
0.045613642781972885,0.3815084397792816
0.04561499133706093,0.38154178857803345
0.04561556875705719,0.38155606389045715
0.04561649262905121,0.38157889246940613
0.045618731528520584,0.3816342353820801
0.04562299698591232,0.38173967599868774
0.04562399908900261,0.38176441192626953
0.04562731087207794,0.38184627890586853
0.04562893882393837,0.38188642263412476
0.045634180307388306,0.38201582431793213
0.04564746841788292,0.3823435604572296
0.045649204403162,0.3823862671852112
0.04565052688121796,0.3824189007282257
0.045654457062482834,0.38251572847366333
0.04565906524658203,0.3826291561126709
0.04566402733325958,0.3827512562274933
0.04566970095038414,0.3828907907009125
0.0456702783703804,0.3829050362110138
0.04567858576774597,0.38310912251472473
0.04567917063832283,0.3831234872341156
0.04567937180399895,0.38312846422195435
0.045681215822696686,0.38317373394966125
0.04568379744887352,0.3832371234893799
0.045687247067689896,0.38332176208496094
0.04569167643785477,0.38343045115470886
0.04569214582443237,0.3834419846534729
0.04569334536790848,0.3834713399410248
0.04569356516003609,0.38347673416137695
0.045699164271354675,0.38361403346061707
0.04570162296295166,0.383674293756485
0.045705221593379974,0.3837624490261078
0.04570704698562622,0.38380715250968933
0.045711450278759,0.38391491770744324
0.04572204500436783,0.384174108505249
0.045723870396614075,0.384218692779541
0.045724183320999146,0.3842264413833618
0.04572533443570137,0.38425448536872864
0.045728471130132675,0.3843311667442322
0.04572874307632446,0.384337842464447
0.04573146626353264,0.3844043016433716
0.045743316411972046,0.3846936523914337
0.045743852853775024,0.3847067356109619
0.045744866132736206,0.3847314119338989
0.04574557766318321,0.3847486972808838
0.04574666917324066,0.3847753405570984
0.04574982449412346,0.3848523199558258
0.04575084149837494,0.3848770558834076
0.04575497284531593,0.384977787733078
0.04575610160827637,0.38500523567199707
0.04576027765870094,0.3851069211959839
0.04576701298356056,0.385270893573761
0.045769158750772476,0.38532310724258423
0.045772310346364975,0.3853997588157654
0.045776717364788055,0.38550692796707153
0.045777224004268646,0.38551920652389526
0.045782577246427536,0.38564926385879517
0.04578734561800957,0.3857651352882385
0.045788392424583435,0.38579049706459045
0.04578843712806702,0.3857915997505188
0.04580192267894745,0.38611873984336853
0.04580376297235489,0.38616329431533813
0.045809950679540634,0.3863132894039154
0.045810163021087646,0.3863183856010437
0.04581078886985779,0.3863335847854614
0.04581821337342262,0.38651329278945923
0.04582690820097923,0.3867235481739044
0.04583057761192322,0.386812299489975
0.04583187401294708,0.38684359192848206
0.04583645984530449,0.3869543671607971
0.04584427550435066,0.387143075466156
0.04584468901157379,0.3871529698371887
0.04584814980626106,0.3872365355491638
0.045854344964027405,0.38738590478897095
0.045860037207603455,0.3875230550765991
0.045867227017879486,0.38769617676734924
0.04587065801024437,0.38777875900268555
0.04587320610880852,0.38784003257751465
0.04587657004594803,0.38792097568511963
0.04587753117084503,0.3879441022872925
0.045879147946834564,0.38798290491104126
0.04588409885764122,0.3881019055843353
0.045887138694524765,0.38817495107650757
0.04589678347110748,0.3884064853191376
0.0458984449505806,0.3884463310241699
0.045898955315351486,0.38845857977867126
0.045898985117673874,0.3884592652320862
0.04590156301856041,0.38852110505104065
0.0459035225212574,0.38856813311576843
0.04590677469968796,0.38864609599113464
0.04591482877731323,0.3888390362262726
0.04591640084981918,0.38887670636177063
0.045916926115751266,0.38888928294181824
0.04591977596282959,0.3889574408531189
0.045922450721263885,0.38902145624160767
0.04592500627040863,0.3890826404094696
0.04592566937208176,0.38909846544265747
0.04592658579349518,0.3891204595565796
0.045927584171295166,0.38914430141448975
0.045932572335004807,0.3892635405063629
0.04593798890709877,0.3893929421901703
0.04594559222459793,0.38957446813583374
0.04594789445400238,0.38962945342063904
0.045951370149850845,0.3897123634815216
0.04595157876610756,0.38971737027168274
0.0459526926279068,0.3897438943386078
0.045954395085573196,0.3897845149040222
0.04595760256052017,0.3898610472679138
0.04595762491226196,0.3898615539073944
0.045960281044244766,0.3899248242378235
0.045967355370521545,0.3900933861732483
0.045977409929037094,0.39033254981040955
0.04597867652773857,0.3903627395629883
0.04597998037934303,0.39039376378059387
0.04598439857363701,0.3904987573623657
0.04598797857761383,0.3905838429927826
0.04598972201347351,0.3906252980232239
0.04599236696958542,0.39068812131881714
0.045999281108379364,0.3908522129058838
0.04600851610302925,0.39107125997543335
0.04601090028882027,0.39112770557403564
0.04601149633526802,0.3911418914794922
0.04601369798183441,0.39119404554367065
0.04601505398750305,0.3912261724472046
0.046017441898584366,0.39128273725509644
0.046021316200494766,0.39137446880340576
0.04602479934692383,0.3914569318294525
0.046026330441236496,0.39149314165115356
0.04603014886379242,0.39158347249031067
0.0460364893078804,0.3917333483695984
0.046038027852773666,0.39176973700523376
0.04603835940361023,0.39177754521369934
0.046038463711738586,0.3917800188064575
0.04603935778141022,0.391801118850708
0.04605322331190109,0.39212843775749207
0.04605528712272644,0.39217710494995117
0.04605870693922043,0.39225783944129944
0.04606013000011444,0.3922913074493408
0.04606960341334343,0.39251452684402466
0.04607272148132324,0.39258792996406555
0.046084076166152954,0.39285510778427124
0.04608866944909096,0.39296308159828186
0.04609174653887749,0.39303532242774963
0.0460946299135685,0.3931030333042145
0.046098604798316956,0.39319637417793274
0.04610045999288559,0.39323994517326355
0.04610573500394821,0.3933636546134949
0.04611038789153099,0.393472820520401
0.04611048102378845,0.3934749960899353
0.04611245542764664,0.393521249294281
0.046120546758174896,0.3937108814716339
0.04612230509519577,0.39375200867652893
0.04613490775227547,0.39404693245887756
0.04613524675369263,0.3940548002719879
0.04613851010799408,0.394131064414978
0.046148210763931274,0.3943576514720917
0.0461508147418499,0.39441847801208496
0.04615513235330582,0.3945191204547882
0.04615915194153786,0.3946129381656647
0.04616152495145798,0.3946682810783386
0.04616227000951767,0.39468562602996826
0.04616863280534744,0.39483392238616943
0.04616937041282654,0.39485108852386475
0.04617420956492424,0.39496374130249023
0.0461789071559906,0.3950731158256531
0.04618232697248459,0.39515262842178345
0.046182360500097275,0.3951534628868103
0.04618337005376816,0.3951769769191742
0.04618368670344353,0.39518433809280396
0.04618528485298157,0.39522144198417664
0.04618611931800842,0.3952408730983734
0.04618646949529648,0.39524900913238525
0.04618782550096512,0.39528048038482666
0.046189628541469574,0.39532238245010376
0.046190015971660614,0.395331472158432
0.04619041085243225,0.3953406512737274
0.04619074612855911,0.39534837007522583
0.04619088023900986,0.39535149931907654
0.046192415058612823,0.3953871726989746
0.046193771064281464,0.3954187035560608
0.04619662091135979,0.3954848647117615
0.0461970679461956,0.39549529552459717
0.046205148100852966,0.39568281173706055
0.046215251088142395,0.39591702818870544
0.046218376606702805,0.3959895372390747
0.0462220124900341,0.39607369899749756
0.04622244834899902,0.3960838317871094
0.04622659832239151,0.3961799144744873
0.04622745141386986,0.39619964361190796
0.04623092710971832,0.3962800204753876
0.04624182730913162,0.3965320587158203
0.04624628275632858,0.3966349959373474
0.04624960198998451,0.39671164751052856
0.04625844210386276,0.3969156742095947
0.04627428948879242,0.39728090167045593
0.046276915818452835,0.39734137058258057
0.04627738520503044,0.3973521590232849
0.04628516361117363,0.39753109216690063
0.0462970957159996,0.3978053033351898
0.046302132308483124,0.39792099595069885
0.046308483928442,0.39806675910949707
0.046310149133205414,0.3981049358844757
0.04631184786558151,0.39814385771751404
0.04631510376930237,0.3982185125350952
0.046317197382450104,0.398266464471817
0.04631800204515457,0.3982849419116974
0.04632098600268364,0.3983532786369324
0.04632880166172981,0.3985322117805481
0.046328894793987274,0.39853435754776
0.04633543640375137,0.3986840546131134
0.046335455030202866,0.39868441224098206
0.04633746296167374,0.39873039722442627
0.04634109139442444,0.3988133370876312
0.04635079205036163,0.39903494715690613
0.04635128378868103,0.3990461230278015
0.04635270684957504,0.3990786373615265
0.04635297507047653,0.39908474683761597
0.04635430499911308,0.39911511540412903
0.04635538533329964,0.39913979172706604
0.0463569238781929,0.39917486906051636
0.04635830223560333,0.3992063105106354
0.04635992646217346,0.39924338459968567
0.046363309025764465,0.3993205428123474
0.04636821895837784,0.39943239092826843
0.046370118856430054,0.39947569370269775
0.04637051373720169,0.39948469400405884
0.04637138918042183,0.399504691362381
0.046371690928936005,0.39951154589653015
0.04637923091650009,0.3996832072734833
0.046381913125514984,0.3997442126274109
0.04638916626572609,0.3999091386795044
0.04639376699924469,0.40001380443573
0.046393901109695435,0.40001681447029114
0.04640305042266846,0.40022459626197815
0.0464070625603199,0.40031564235687256
0.04641047120094299,0.40039294958114624
0.046418845653533936,0.40058282017707825
0.04641912505030632,0.40058910846710205
0.046421460807323456,0.40064212679862976
0.046421557664871216,0.4006442427635193
0.04642938822507858,0.40082159638404846
0.04643701761960983,0.40099412202835083
0.04644182696938515,0.40110284090042114
0.04645317420363426,0.4013591706752777
0.04646287485957146,0.40157803893089294
0.04646974802017212,0.4017329216003418
0.046470776200294495,0.4017561078071594
0.0464753657579422,0.40185943245887756
0.04648328199982643,0.4020376205444336
0.046485185623168945,0.4020804464817047
0.04648929834365845,0.40217292308807373
0.04648973420262337,0.4021827280521393
0.046490009874105453,0.4021889567375183
0.046491749584674835,0.4022280275821686
0.04649381339550018,0.40227439999580383
0.04649677872657776,0.40234100818634033
0.046497464179992676,0.40235644578933716
0.04649877920746803,0.40238597989082336
0.0464988574385643,0.40238773822784424
0.04650065302848816,0.4024280309677124
0.04650374874472618,0.4024975597858429
0.04650568962097168,0.40254107117652893
0.046509914100170135,0.4026358723640442
0.04651041701436043,0.40264713764190674
0.046511221677064896,0.40266522765159607
0.046513158828020096,0.40270864963531494
0.046519067138433456,0.4028410315513611
0.04652170464396477,0.40290021896362305
0.04652300477027893,0.40292927622795105
0.04652820900082588,0.40304580330848694
0.04653475433588028,0.40319228172302246
0.04653748869895935,0.40325337648391724
0.046538278460502625,0.4032710790634155
0.046544745564460754,0.40341562032699585
0.04654889553785324,0.4035083055496216
0.04655306413769722,0.40360137820243835
0.04655609652400017,0.4036690294742584
0.04656065255403519,0.40377071499824524
0.0465705431997776,0.403991162776947
0.04657519981265068,0.4040948748588562
0.04657629504799843,0.40411925315856934
0.04658900946378708,0.4044021666049957
0.04658930003643036,0.4044085741043091
0.046598684042692184,0.4046171307563782
0.04661254212260246,0.4049246311187744
0.04661398380994797,0.4049566388130188
0.04661568999290466,0.4049944281578064
0.04662248492240906,0.40514492988586426
0.04662307724356651,0.40515807271003723
0.04662603139877319,0.40522342920303345
0.04662662744522095,0.4052366614341736
0.046631038188934326,0.40533432364463806
0.04663287103176117,0.4053748548030853
0.04663686081767082,0.4054630994796753
0.04664325341582298,0.40560439229011536
0.04664488136768341,0.4056403636932373
0.04664678871631622,0.4056824743747711
0.04664923995733261,0.40573662519454956
0.04665927216410637,0.40595805644989014
0.04666098579764366,0.40599581599235535
0.04666195064783096,0.40601709485054016
0.04666414111852646,0.406065434217453
0.04666423425078392,0.406067430973053
0.046664390712976456,0.40607091784477234
0.04666709527373314,0.40613052248954773
0.046672023832798004,0.4062391221523285
0.0466732382774353,0.40626582503318787
0.04667694866657257,0.4063475430011749
0.04667700082063675,0.4063486158847809
0.0466780886054039,0.40637263655662537
0.04668125510215759,0.4064422845840454
0.046684831380844116,0.4065210223197937
0.046696990728378296,0.4067882299423218
0.04670369252562523,0.40693533420562744
0.046705931425094604,0.40698444843292236
0.046708740293979645,0.4070461094379425
0.04670954868197441,0.4070638120174408
0.046717576682567596,0.40723979473114014
0.0467207133769989,0.40730851888656616
0.04672137647867203,0.40732309222221375
0.04672998934984207,0.4075115919113159
0.04673077538609505,0.40752875804901123
0.046735718846321106,0.4076369106769562
0.04673593491315842,0.40764158964157104
0.04673922061920166,0.4077134430408478
0.04674527049064636,0.4078456461429596
0.04675185680389404,0.40798941254615784
0.04675650969147682,0.4080909788608551
0.046765223145484924,0.40828096866607666
0.04676562547683716,0.40828976035118103
0.04676857590675354,0.4083540141582489
0.04678540676832199,0.40872034430503845
0.046789318323135376,0.4088054299354553
0.046797122806310654,0.4089750051498413
0.04679826647043228,0.4089997708797455
0.04679866507649422,0.4090084135532379
0.04679892584681511,0.4090140759944916
0.046800993382930756,0.40905892848968506
0.04680445417761803,0.4091340899467468
0.04680630564689636,0.40917423367500305
0.04680924490094185,0.40923798084259033
0.046811461448669434,0.4092860221862793
0.04681191220879555,0.40929579734802246
0.046814002096652985,0.40934109687805176
0.04681456461548805,0.40935325622558594
0.04681970924139023,0.4094647467136383
0.0468253418803215,0.40958666801452637
0.046833474189043045,0.4097626209259033
0.04684033617377281,0.4099109172821045
0.0468425415456295,0.4099586009979248
0.04684584587812424,0.4100300073623657
0.04684671014547348,0.41004860401153564
0.04684729129076004,0.41006118059158325
0.046851519495248795,0.4101524353027344
0.046859126538038254,0.4103165864944458
0.046859197318553925,0.4103180766105652
0.04686001315712929,0.41033560037612915
0.04686705395579338,0.4104873538017273
0.046867191791534424,0.4104903042316437
0.046871017664670944,0.41057276725769043
0.04687481373548508,0.4106544256210327
0.04687824845314026,0.4107283651828766
0.046883925795555115,0.41085055470466614
0.04690105468034744,0.41121840476989746
0.046908263117074966,0.4113730490207672
0.04691068083047867,0.41142481565475464
0.046910688281059265,0.41142499446868896
0.04691691696643829,0.4115585386753082
0.046917110681533813,0.4115626811981201
0.046921730041503906,0.4116615355014801
0.04692837595939636,0.4118037223815918
0.04693200811743736,0.4118814468383789
0.04693717509508133,0.4119918942451477
0.046945810317993164,0.41217634081840515
0.046946682035923004,0.41219496726989746
0.04695003107190132,0.4122663736343384
0.046952202916145325,0.412312775850296
0.046954795718193054,0.4123680293560028
0.04696013778448105,0.4124819040298462
0.04696021229028702,0.4124835431575775
0.04696330428123474,0.41254937648773193
0.04696501046419144,0.4125857949256897
0.0469653494656086,0.41259294748306274
0.046974826604127884,0.41279473900794983
0.046975381672382355,0.41280651092529297
0.04697824642062187,0.4128674864768982
0.04697835445404053,0.41286978125572205
0.04698503762483597,0.4130118489265442
0.046992652118206024,0.4131735861301422
0.046993188560009,0.4131850302219391
0.046995338052511215,0.41323065757751465
0.04699626564979553,0.4132503271102905
0.047001779079437256,0.41336730122566223
0.04700368270277977,0.41340771317481995
0.047005098313093185,0.41343772411346436
0.04700566828250885,0.413449764251709
0.04701589047908783,0.41366639733314514
0.04703042283654213,0.4139738380908966
0.04703229293227196,0.41401341557502747
0.04703664407134056,0.41410529613494873
0.04703839123249054,0.41414228081703186
0.04704482853412628,0.414278119802475
0.04705559462308884,0.414505273103714
0.04705609008669853,0.41451573371887207
0.047056782990694046,0.41453036665916443
0.04706408083438873,0.41468408703804016
0.047065380960702896,0.41471147537231445
0.047066397964954376,0.4147329032421112
0.04707144945859909,0.4148391783237457
0.04708001762628555,0.4150193929672241
0.047081150114536285,0.4150431752204895
0.04708211123943329,0.41506338119506836
0.047085970640182495,0.4151444733142853
0.04708703234791756,0.41516682505607605
0.047087132930755615,0.4151688516139984
0.04709383845329285,0.4153096377849579
0.047094762325286865,0.41532906889915466
0.0471026673913002,0.4154948890209198
0.04710821807384491,0.4156111776828766
0.04712257161736488,0.4159116744995117
0.047124892473220825,0.4159602224826813
0.047126032412052155,0.41598400473594666
0.04712807759642601,0.4160268008708954
0.04712965339422226,0.4160597026348114
0.047138363122940063,0.4162416160106659
0.04714146628975868,0.41630643606185913
0.04714271426200867,0.416332483291626
0.04714612662792206,0.4164036810398102
0.047156814485788345,0.41662654280662537
0.04715988412499428,0.4166904091835022
0.04716134071350098,0.41672080755233765
0.047161929309368134,0.416733056306839
0.0471634715795517,0.41676509380340576
0.04716536030173302,0.4168044328689575
0.04717244207859039,0.41695183515548706
0.047181982547044754,0.41715002059936523
0.04719213396310806,0.417360782623291
0.047194354236125946,0.4174068570137024
0.047196559607982635,0.4174526035785675
0.04719866067171097,0.4174962043762207
0.04719972983002663,0.41751837730407715
0.047200605273246765,0.4175364673137665
0.04720206558704376,0.4175667464733124
0.047204792499542236,0.4176233112812042
0.04720966890454292,0.41772425174713135
0.047210775315761566,0.4177471697330475
0.047213271260261536,0.41779884696006775
0.04722130298614502,0.41796502470970154
0.04722350090742111,0.4180104434490204
0.04723002016544342,0.41814517974853516
0.047237977385520935,0.41830945014953613
0.04724080488085747,0.41836780309677124
0.04724172502756119,0.4183868169784546
0.047244273126125336,0.4184392988681793
0.04724722355604172,0.418500155210495
0.04724809527397156,0.4185180962085724
0.04726337641477585,0.41883283853530884
0.04726891592144966,0.418946772813797
0.047275904566049576,0.4190904498100281
0.04727721959352493,0.41911745071411133
0.04728034883737564,0.4191817045211792
0.04729226231575012,0.41942623257637024
0.04729514941573143,0.4194854199886322
0.04729742929339409,0.4195321202278137
0.04730112850666046,0.41960790753364563
0.04730439931154251,0.4196748733520508
0.04730462282896042,0.41967952251434326
0.04731494188308716,0.4198906719684601
0.04731917008757591,0.419977068901062
0.047320444136857986,0.42000317573547363
0.04732592776417732,0.420115202665329
0.047327425330877304,0.42014580965042114
0.04732748866081238,0.4201470911502838
0.0473332479596138,0.42026466131210327
0.04733602702617645,0.42032134532928467
0.04733816534280777,0.42036497592926025
0.04734497517347336,0.4205038547515869
0.04734807461500168,0.42056700587272644
0.047355424612760544,0.42071664333343506
0.04735732078552246,0.4207552373409271
0.04735773801803589,0.4207637310028076
0.0473601408302784,0.4208126366138458
0.04736395180225372,0.42089009284973145
0.04736429452896118,0.42089709639549255
0.04736433923244476,0.4208979904651642
0.04736638814210892,0.42093968391418457
0.047369930893182755,0.421011745929718
0.04737742990255356,0.421163946390152
0.04739474877715111,0.42151522636413574
0.04740113765001297,0.4216445982456207
0.04740217328071594,0.42166560888290405
0.047407958656549454,0.4217827022075653
0.0474090538918972,0.421804815530777
0.047409847378730774,0.42182081937789917
0.04741743952035904,0.4219743609428406
0.04742586612701416,0.4221445322036743
0.047427207231521606,0.42217162251472473
0.04742948338389397,0.42221757769584656
0.04743235930800438,0.4222755432128906
0.047434791922569275,0.42232459783554077
0.04744613170623779,0.42255309224128723
0.04744657874107361,0.4225621819496155
0.04745231941342354,0.4226777255535126
0.047462619841098785,0.42288482189178467
0.0474725142121315,0.42308366298675537
0.04747333377599716,0.4231000244617462
0.04747508466243744,0.4231351613998413
0.047475218772888184,0.4231378734111786
0.04747762531042099,0.42318615317344666
0.047483451664447784,0.4233030378818512
0.04749436676502228,0.4235217273235321
0.04749763756990433,0.42358723282814026
0.0474979430437088,0.42359328269958496
0.04750234633684158,0.423681378364563
0.047505129128694534,0.4237370789051056
0.04750632494688034,0.4237610101699829
0.047509703785181046,0.4238286018371582
0.04750990867614746,0.42383262515068054
0.04751216620206833,0.4238777458667755
0.047512561082839966,0.42388561367988586
0.047519370913505554,0.4240216314792633
0.04752219840884209,0.4240780472755432
0.047523822635412216,0.4241105020046234
0.04753781855106354,0.424389511346817
0.04754414036870003,0.42451539635658264
0.047546010464429855,0.4245525896549225
0.04754672572016716,0.4245668649673462
0.04754912480711937,0.4246145486831665
0.0475655198097229,0.42494040727615356
0.04756676405668259,0.4249650835990906
0.04756791517138481,0.42498794198036194
0.04757384955883026,0.4251057505607605
0.047575853765010834,0.4251454472541809
0.04757615551352501,0.42515140771865845
0.04757828265428543,0.42519354820251465
0.04758574813604355,0.42534148693084717
0.0475897453725338,0.4254206717014313
0.047590047121047974,0.4254266917705536
0.04760550335049629,0.4257323443889618
0.047608811408281326,0.425797700881958
0.04761353135108948,0.42589086294174194
0.047618258744478226,0.4259842038154602
0.04762168973684311,0.4260518550872803
0.04762687534093857,0.42615410685539246
0.04762992635369301,0.42621421813964844
0.04763101041316986,0.4262356162071228
0.047635890543460846,0.42633169889450073
0.04763775318861008,0.4263683557510376
0.04763927683234215,0.4263983368873596
0.04764115810394287,0.4264353811740875
0.047644078731536865,0.4264927804470062
0.047653548419475555,0.42667898535728455
0.04765549674630165,0.42671719193458557
0.04766574501991272,0.4269183874130249
0.04767521098256111,0.42710399627685547
0.04767841473221779,0.42716675996780396
0.04769404977560043,0.42747271060943604
0.04769566282629967,0.4275042414665222
0.04769664257764816,0.4275234043598175
0.047701526433229446,0.4276188611984253
0.04770193248987198,0.42762675881385803
0.04770869016647339,0.42775866389274597
0.04770955443382263,0.4277755320072174
0.04771427437663078,0.427867591381073
0.047716766595840454,0.4279162287712097
0.047720178961753845,0.42798277735710144
0.04772048443555832,0.4279886782169342
0.04772098362445831,0.427998423576355
0.04773160442709923,0.4282052516937256
0.04773208498954773,0.4282146394252777
0.04773365706205368,0.4282452166080475
0.047734297811985016,0.42825770378112793
0.047744546085596085,0.42845696210861206
0.04774800315499306,0.42852407693862915
0.04774909466505051,0.4285452961921692
0.04775189608335495,0.4285997450351715
0.04775763303041458,0.42871105670928955
0.04776535928249359,0.4288608729839325
0.047765668481588364,0.4288669228553772
0.04776608571410179,0.4288749694824219
0.047785598784685135,0.4292527139186859
0.04778655245900154,0.4292711913585663
0.04778660833835602,0.42927220463752747
0.04779086634516716,0.4293545186519623
0.047802988439798355,0.4295886158943176
0.04780609533190727,0.4296485185623169
0.047811757773160934,0.42975765466690063
0.04781487584114075,0.4298177659511566
0.047822415828704834,0.42996296286582947
0.04782288894057274,0.4299721121788025
0.047825753688812256,0.4300272762775421
0.04782600700855255,0.4300321340560913
0.047828663140535355,0.4300832152366638
0.047828689217567444,0.4300837516784668
0.04783047363162041,0.43011802434921265
0.047842033207416534,0.4303402006626129
0.04786323755979538,0.43074682354927063
0.04786861687898636,0.4308498799800873
0.04787014424800873,0.4308790862560272
0.04787035286426544,0.4308830797672272
0.04787532612681389,0.4309782385826111
0.04788072779774666,0.43108147382736206
0.04788920283317566,0.4312434494495392
0.0478910431265831,0.4312785863876343
0.047891438007354736,0.4312860667705536
0.04789206013083458,0.43129798769950867
0.04789631441235542,0.43137913942337036
0.047900233417749405,0.4314539432525635
0.04790165647864342,0.43148109316825867
0.04790734499692917,0.43158942461013794
0.04790930822491646,0.4316267967224121
0.04791613295674324,0.43175679445266724
0.04791966453194618,0.4318239688873291
0.04792387783527374,0.4319040775299072
0.047925662249326706,0.4319380819797516
0.04793139547109604,0.43204694986343384
0.04793408885598183,0.4320981502532959
0.04794513061642647,0.4323076605796814
0.04795168340206146,0.4324319064617157
0.047954391688108444,0.43248316645622253
0.04795660823583603,0.4325251579284668
0.04796069860458374,0.4326026141643524
0.04796423763036728,0.43266957998275757
0.047965772449970245,0.43269866704940796
0.04796802997589111,0.43274131417274475
0.04797140136361122,0.43280506134033203
0.04798571765422821,0.4330754280090332
0.047987256199121475,0.4331044554710388
0.047991469502449036,0.4331839680671692
0.04799389839172363,0.4332297146320343
0.04799697548151016,0.4332877993583679
0.04800999164581299,0.43353280425071716
0.04801371693611145,0.43360283970832825
0.04801500216126442,0.43362700939178467
0.048016488552093506,0.4336550235748291
0.048018909990787506,0.4337005317211151
0.048029568046331406,0.4339006841182709
0.048038870096206665,0.43407517671585083
0.04804012179374695,0.43409866094589233
0.04804084822535515,0.4341122508049011
0.04804740101099014,0.43423500657081604
0.048057518899440765,0.4344243109226227
0.04806035757064819,0.43447747826576233
0.04806136712431908,0.43449631333351135
0.0480794794857502,0.4348345696926117
0.048079926520586014,0.43484294414520264
0.04808564484119415,0.4349495768547058
0.04808831214904785,0.4349992573261261
0.0480913408100605,0.43505561351776123
0.0480940043926239,0.43510526418685913
0.04809663072228432,0.4351542294025421
0.04809779301285744,0.4351758062839508
0.048099253326654434,0.4352029860019684
0.04809984192252159,0.43521395325660706
0.04810481518507004,0.43530645966529846
0.048109039664268494,0.43538495898246765
0.048110708594322205,0.43541595339775085
0.04811441898345947,0.4354848861694336
0.04812004789710045,0.43558940291404724
0.0481235533952713,0.4356544613838196
0.04812822490930557,0.4357410967350006
0.04812938719987869,0.4357626438140869
0.048148345202207565,0.4361136853694916
0.04815901815891266,0.4363109767436981
0.04816032201051712,0.43633508682250977
0.04816068708896637,0.436341792345047
0.04816412180662155,0.436405211687088
0.04817035049200058,0.43652015924453735
0.048173174262046814,0.43657225370407104
0.04818388819694519,0.43676966428756714
0.048184994608163834,0.4367900490760803
0.04819105565547943,0.4369015395641327
0.048192448914051056,0.4369271695613861
0.04819384217262268,0.4369528591632843
0.04819571226835251,0.4369872510433197
0.04820065200328827,0.43707799911499023
0.04820803552865982,0.43721362948417664
0.048215776681900024,0.4373556971549988
0.04821934551000595,0.43742114305496216
0.04822132736444473,0.43745744228363037
0.048226796090602875,0.4375576376914978
0.048235177993774414,0.43771106004714966
0.04824099689722061,0.4378175437450409
0.048244744539260864,0.4378860592842102
0.04824773594737053,0.43794068694114685
0.0482478141784668,0.4379420876502991
0.048264287412166595,0.43824270367622375
0.04826515167951584,0.43825846910476685
0.04826638102531433,0.43828085064888
0.048267170786857605,0.43829527497291565
0.048270050436258316,0.438347727060318
0.0482817180454731,0.4385601580142975
0.04828276112675667,0.43857914209365845
0.04829807206988335,0.43885737657546997
0.04830173775553703,0.4389238655567169
0.04830441251397133,0.4389723837375641
0.04831644520163536,0.43919050693511963
0.048318568617105484,0.43922895193099976
0.04831909388303757,0.43923845887184143
0.048319920897483826,0.43925341963768005
0.048323214054107666,0.43931302428245544
0.048325009644031525,0.4393455386161804
0.04833114892244339,0.4394565224647522
0.048331715166568756,0.43946683406829834
0.04834211617708206,0.439654678106308
0.04835091531276703,0.439813494682312
0.04835271090269089,0.43984586000442505
0.048354968428611755,0.43988654017448425
0.0483563095331192,0.4399107098579407
0.04836075007915497,0.43999069929122925
0.048362698405981064,0.44002580642700195
0.04836688190698624,0.44010111689567566
0.0483732670545578,0.4402160048484802
0.04837527126073837,0.44025203585624695
0.048377055674791336,0.4402840733528137
0.04838312417268753,0.4403931498527527
0.048385437577962875,0.4404347836971283
0.04838833212852478,0.4404866695404053
0.048404544591903687,0.4407773017883301
0.04841042309999466,0.4408825933933258
0.04841606691479683,0.44098353385925293
0.04841748997569084,0.4410090744495392
0.04842427000403404,0.44113022089004517
0.04843246564269066,0.44127658009529114
0.04843377694487572,0.4412999749183655
0.04843548312783241,0.4413304328918457
0.04844960570335388,0.44158226251602173
0.048449672758579254,0.44158342480659485
0.048451438546180725,0.4416148364543915
0.048460349440574646,0.4417734444141388
0.04847158119082451,0.4419730007648468
0.04847747087478638,0.4420776069164276
0.04848529398441315,0.4422164857387543
0.04848995804786682,0.4422990679740906
0.04849722236394882,0.44242772459983826
0.04849754273891449,0.4424333870410919
0.0484980084002018,0.4424416720867157
0.04850535839796066,0.4425716996192932
0.04850665479898453,0.44259458780288696
0.04850861430168152,0.44262927770614624
0.04851039499044418,0.44266074895858765
0.04852059856057167,0.44284096360206604
0.04852422699332237,0.4429050087928772
0.04852449148893356,0.44290971755981445
0.04852893948554993,0.4429881274700165
0.04853068292140961,0.4430188536643982
0.04853077977895737,0.4430205523967743
0.04854732006788254,0.44331181049346924
0.048552364110946655,0.4434005320072174
0.048552706837654114,0.44340649247169495
0.04855295270681381,0.4434109330177307
0.0485532321035862,0.44341573119163513
0.04856099933385849,0.44355228543281555
0.04856625199317932,0.4436444938182831
0.04857313632965088,0.443765252828598
0.048574768006801605,0.4437938332557678
0.04857686907052994,0.4438306391239166
0.048596110194921494,0.44416743516921997
0.04859882965683937,0.44421496987342834
0.048599764704704285,0.4442313313484192
0.04861016944050789,0.44441303610801697
0.048610229045152664,0.44441407918930054
0.048619259148836136,0.4445715844631195
0.04862464219331741,0.4446653425693512
0.048626139760017395,0.4446914494037628
0.048633504658937454,0.4448196291923523
0.04864198714494705,0.4449671506881714
0.04864555597305298,0.4450291097164154
0.04864583536982536,0.4450340270996094
0.048651110380887985,0.44512560963630676
0.04865183308720589,0.445138156414032
0.048659052699804306,0.4452633857727051
0.04866238683462143,0.4453212022781372
0.04868064075708389,0.4456373155117035
0.048691555857658386,0.4458259046077728
0.0486920066177845,0.4458337128162384
0.04869287461042404,0.4458487033843994
0.048693928867578506,0.44586682319641113
0.048695024102926254,0.44588571786880493
0.04869562387466431,0.44589611887931824
0.048697054386138916,0.44592082500457764
0.048697322607040405,0.4459255039691925
0.04870624095201492,0.4460792541503906
0.04871789366006851,0.44627997279167175
0.0487266480922699,0.44643062353134155
0.048734165728092194,0.4465597867965698
0.04874430596828461,0.4467338025569916
0.048757076263427734,0.4469526410102844
0.048757802695035934,0.4469650685787201
0.04875917360186577,0.4469885528087616
0.048760414123535156,0.447009801864624
0.048760488629341125,0.44701117277145386
0.04876214265823364,0.4470393657684326
0.04876609891653061,0.44710707664489746
0.04877633601427078,0.447282075881958
0.048795104026794434,0.447602242231369
0.048799414187669754,0.4476756751537323
0.04880070313811302,0.44769763946533203
0.048800863325595856,0.4477003812789917
0.048806626349687576,0.4477984607219696
0.048807378858327866,0.4478112757205963
0.04880750551819801,0.4478135108947754
0.04880959540605545,0.44784900546073914
0.04881216213107109,0.44789257645606995
0.04881344363093376,0.4479144215583801
0.04881676286458969,0.44797080755233765
0.04882201552391052,0.448060005903244
0.04882677644491196,0.44814085960388184
0.04882771149277687,0.44815677404403687
0.04883459582924843,0.44827350974082947
0.048843901604413986,0.4484311640262604
0.04884403198957443,0.44843339920043945
0.04884665086865425,0.44847774505615234
0.048872727900743484,0.4489184021949768
0.048879802227020264,0.44903764128685
0.04888301342725754,0.44909176230430603
0.0488937571644783,0.44927263259887695
0.04890062287449837,0.4493881165981293
0.048901185393333435,0.44939759373664856
0.0489024743437767,0.449419230222702
0.04891008883714676,0.4495471119880676
0.04891263321042061,0.4495898485183716
0.04892823472619057,0.4498513638973236
0.048928678035736084,0.44985881447792053
0.04893879592418671,0.45002812147140503
0.04894554615020752,0.45014098286628723
0.04894733801484108,0.4501709043979645
0.048952408134937286,0.4502555727958679
0.048959676176309586,0.4503768980503082
0.048960186541080475,0.4503854513168335
0.048961177468299866,0.4504019021987915
0.04896930605173111,0.45053741335868835
0.048970483243465424,0.45055699348449707
0.04897359013557434,0.4506087601184845
0.048975735902786255,0.45064446330070496
0.04897761717438698,0.4506758451461792
0.04898057132959366,0.4507249593734741
0.048981256783008575,0.4507363438606262
0.048982422798871994,0.4507557451725006
0.04898989945650101,0.4508800208568573
0.04900527372956276,0.45113515853881836
0.04901108145713806,0.45123136043548584
0.04901440814137459,0.4512864947319031
0.049027130007743835,0.451496958732605
0.04903736710548401,0.45166605710983276
0.04903795197606087,0.45167574286460876
0.049044691026210785,0.4517870247364044
0.04904881864786148,0.4518550634384155
0.049050018191337585,0.45187482237815857
0.04905182495713234,0.4519045650959015
0.049057669937610626,0.45200079679489136
0.049057766795158386,0.4520024359226227
0.04906326159834862,0.4520929455757141
0.04906582087278366,0.45213499665260315
0.04906633868813515,0.45214349031448364
0.04907941073179245,0.45235833525657654
0.04908955842256546,0.4525248110294342
0.0490899533033371,0.4525313079357147
0.049103010445833206,0.4527451992034912
0.049108363687992096,0.45283275842666626
0.049113765358924866,0.4529211223125458
0.04911421239376068,0.4529283940792084
0.049120351672172546,0.45302873849868774
0.04912300780415535,0.45307207107543945
0.04912756383419037,0.45314642786979675
0.049136001616716385,0.45328399538993835
0.04915129393339157,0.45353296399116516
0.0491614043712616,0.4536972641944885
0.049161478877067566,0.45369845628738403
0.04917164146900177,0.45386338233947754
0.049174714833498,0.45391327142715454
0.04917585849761963,0.4539317488670349
0.049176156520843506,0.4539366364479065
0.04918457195162773,0.4540729522705078
0.04919268935918808,0.4542042315006256
0.04919486492872238,0.45423951745033264
0.04920065030455589,0.45433297753334045
0.04921075329184532,0.4544961154460907
0.04921387881040573,0.4545465111732483
0.049215950071811676,0.4545799195766449
0.04922407120466232,0.45471087098121643
0.04922488331794739,0.45472392439842224
0.0492250882089138,0.4547272324562073
0.04923083633184433,0.4548197388648987
0.04923448711633682,0.45487841963768005
0.04924406856298447,0.45503249764442444
0.049248404800891876,0.4551021158695221
0.049260687083005905,0.4552990794181824
0.04926648736000061,0.4553920328617096
0.049267832189798355,0.4554135501384735
0.049269095063209534,0.45543384552001953
0.04927435889840126,0.45551806688308716
0.04928004741668701,0.4556090235710144
0.049280717968940735,0.455619752407074
0.049284227192401886,0.4556758403778076
0.04928719252347946,0.4557231664657593
0.049296263605356216,0.4558679759502411
0.04929777979850769,0.4558921754360199
0.049301087856292725,0.4559449255466461
0.049304019659757614,0.45599162578582764
0.049304984509944916,0.4560069739818573
0.04930786043405533,0.4560527801513672
0.04933948069810867,0.4565553665161133
0.049339693039655685,0.4565587043762207
0.049341827630996704,0.4565925896167755
0.04934269189834595,0.45660629868507385
0.04937225580215454,0.45707395672798157
0.04937654733657837,0.4571416974067688
0.04937708377838135,0.4571501910686493
0.04939349740743637,0.4574088752269745
0.049399152398109436,0.45749789476394653
0.04940030723810196,0.457516074180603
0.04940183088183403,0.45754003524780273
0.04940629377961159,0.45761018991470337
0.04940735921263695,0.45762699842453003
0.04940901696681976,0.4576530158519745
0.04941635951399803,0.4577683210372925
0.049417100846767426,0.45777997374534607
0.04943443834781647,0.45805174112319946
0.04943697154521942,0.4580913186073303
0.04943835735321045,0.45811307430267334
0.04944278672337532,0.45818236470222473
0.049446336925029755,0.458237886428833
0.049446798861026764,0.45824506878852844
0.04945030063390732,0.45829975605010986
0.0494539812207222,0.4583572447299957
0.0494602732360363,0.4584554135799408
0.049461349844932556,0.4584723114967346
0.049464151263237,0.45851585268974304
0.049467798322439194,0.45857277512550354
0.04947587475180626,0.458698570728302
0.0494876466691494,0.45888179540634155
0.049489978700876236,0.458918035030365
0.04949627071619034,0.45901572704315186
0.049505915492773056,0.45916542410850525
0.049507271498441696,0.45918646454811096
0.049524761736392975,0.45945724844932556
0.04952796548604965,0.4595068097114563
0.04953381419181824,0.4595971703529358
0.04954639822244644,0.4597913920879364
0.04954807087779045,0.45981720089912415
0.049562498927116394,0.4600393772125244
0.04957270622253418,0.460196316242218
0.049578506499528885,0.4602854251861572
0.049580007791519165,0.4603084921836853
0.04958003759384155,0.46030887961387634
0.04958244413137436,0.4603458642959595
0.04958430677652359,0.4603744149208069
0.04958523064851761,0.4603886008262634
0.04959281161427498,0.4605048596858978
0.049597594887018204,0.4605780839920044
0.04960400611162186,0.4606761932373047
0.04960865527391434,0.4607473909854889
0.04961014911532402,0.4607701599597931
0.0496121309697628,0.460800439119339
0.04962895065546036,0.461057186126709
0.04963211715221405,0.46110546588897705
0.04963230714201927,0.46110835671424866
0.0496373325586319,0.46118491888046265
0.049640607088804245,0.4612347483634949
0.04965245723724365,0.46141505241394043
0.04965653270483017,0.4614769220352173
0.049659669399261475,0.4615245759487152
0.04966764152050018,0.46164554357528687
0.04968377575278282,0.46188998222351074
0.04968637600541115,0.4619293212890625
0.04969502240419388,0.46206000447273254
0.049709003418684006,0.4622710645198822
0.04971526935696602,0.4623654782772064
0.04972074180841446,0.4624479413032532
0.04972390830516815,0.4624956250190735
0.04972783476114273,0.46255460381507874
0.049730442464351654,0.46259385347366333
0.04974058270454407,0.46274617314338684
0.049743492156267166,0.4627898633480072
0.049748484045267105,0.46286478638648987
0.04975584149360657,0.46297508478164673
0.04975839704275131,0.46301332116127014
0.04976014792919159,0.4630395472049713
0.049766212701797485,0.46313029527664185
0.04976984113454819,0.46318456530570984
0.04977424070239067,0.4632503390312195
0.049784526228904724,0.4634039103984833
0.0497981533408165,0.4636070728302002
0.04979941248893738,0.46362584829330444
0.04980011656880379,0.4636363089084625
0.049803681671619415,0.4636894464492798
0.049806684255599976,0.46373414993286133
0.04981103539466858,0.4637988805770874
0.049816250801086426,0.46387630701065063
0.049816522747278214,0.463880330324173
0.04982008785009384,0.4639333188533783
0.04982442036271095,0.46399763226509094
0.04982656612992287,0.464029461145401
0.049841903150081635,0.46425679326057434
0.04984819516539574,0.4643498361110687
0.04987297207117081,0.4647156894207001
0.049873754382133484,0.4647271931171417
0.049876630306243896,0.4647696316242218
0.0498768649995327,0.464773029088974
0.04988141357898712,0.46484002470970154
0.04989415779709816,0.4650275707244873
0.04990037530660629,0.4651188254356384
0.04991456866264343,0.4653269946575165
0.04992356151342392,0.4654587209224701
0.04992670938372612,0.4655047655105591
0.04992774873971939,0.4655199944972992
0.04994286596775055,0.4657408595085144
0.04994462430477142,0.4657665193080902
0.04994562268257141,0.4657811224460602
0.04995068162679672,0.4658548831939697
0.04996548593044281,0.4660704731941223
0.049967002123594284,0.4660925269126892
0.049977827817201614,0.46624988317489624
0.04998805373907089,0.46639829874038696
0.04999123513698578,0.4664444029331207
0.04999486356973648,0.466497004032135
0.04999614506959915,0.4665154814720154
0.04999922215938568,0.46656012535095215
0.0500008761882782,0.46658408641815186
0.05000247806310654,0.4666072726249695
0.05001121386885643,0.4667336344718933
0.050012025982141495,0.46674537658691406
0.05002143234014511,0.4668811857700348
0.05002296343445778,0.46690332889556885
0.05002770200371742,0.4669716954231262
0.050032079219818115,0.46703478693962097
0.05003342777490616,0.46705424785614014
0.05004167556762695,0.4671730101108551
0.050046391785144806,0.4672408699989319
0.05006171762943268,0.4674610495567322
0.05007201433181763,0.4676087498664856
0.05007342994213104,0.467629075050354
0.05007714033126831,0.46768221259117126
0.05009005591273308,0.46786701679229736
0.05009227246046066,0.4678986668586731
0.05010029673576355,0.46801328659057617
0.05011138319969177,0.4681713581085205
0.050114236772060394,0.4682120680809021
0.050127316266298294,0.4683982729911804
0.050139062106609344,0.46856510639190674
0.050144873559474945,0.4686475396156311
0.050147511065006256,0.46868500113487244
0.050147730857133865,0.46868807077407837
0.05015525221824646,0.46879467368125916
0.050164319574832916,0.46892300248146057
0.050168175250291824,0.46897754073143005
0.05017056316137314,0.46901124715805054
0.05017111450433731,0.4690190553665161
0.05018683522939682,0.4692409634590149
0.0501905232667923,0.46929293870925903
0.050195544958114624,0.4693636894226074
0.050209566950798035,0.4695608913898468
0.050210483372211456,0.4695737063884735
0.050219565629959106,0.46970126032829285
0.050227388739585876,0.46981099247932434
0.05023074522614479,0.4698580205440521
0.05023140460252762,0.4698672294616699
0.05024830251932144,0.47010374069213867
0.05025061219930649,0.47013595700263977
0.0502563938498497,0.47021669149398804
0.05026638135313988,0.4703560471534729
0.05028020590543747,0.4705485701560974
0.05028089880943298,0.47055819630622864
0.050282806158065796,0.4705847203731537
0.05028502643108368,0.47061553597450256
0.05028670281171799,0.47063884139060974
0.050292640924453735,0.4707213342189789
0.050294309854507446,0.47074446082115173
0.05029798299074173,0.47079548239707947
0.05030336230993271,0.47087007761001587
0.05031633749604225,0.4710497558116913
0.050317034125328064,0.4710594117641449
0.05031803995370865,0.47107329964637756
0.05034157633781433,0.47139835357666016
0.05034385621547699,0.47142985463142395
0.050344109535217285,0.4714333117008209
0.050347547978162766,0.47148072719573975
0.05036209523677826,0.4716808795928955
0.050375066697597504,0.47185903787612915
0.05037745088338852,0.4718917906284332
0.05038323253393173,0.4719710350036621
0.05038601905107498,0.47200921177864075
0.050401315093040466,0.47221845388412476
0.050409577786922455,0.47233137488365173
0.05042601376771927,0.4725554287433624
0.05042974278330803,0.4726063013076782
0.05043107643723488,0.47262442111968994
0.050434570759534836,0.47267189621925354
0.05043874680995941,0.4727287292480469
0.05043954402208328,0.4727395176887512
0.05044408515095711,0.4728012681007385
0.050450824201107025,0.472892701625824
0.05045290291309357,0.4729209840297699
0.0504627488553524,0.4730544090270996
0.05047270655632019,0.47318920493125916
0.05047820508480072,0.47326353192329407
0.050486352294683456,0.47337356209754944
0.05048737674951553,0.4733874201774597
0.05050114914774895,0.47357308864593506
0.05050764977931976,0.4736606478691101
0.050529178231954575,0.4739499092102051
0.05053596943616867,0.4740408957004547
0.05054345726966858,0.4741412401199341
0.050548993051052094,0.4742152988910675
0.05055108666419983,0.47424325346946716
0.050551898777484894,0.47425416111946106
0.05055993050336838,0.47436147928237915
0.05056449770927429,0.4744223654270172
0.050571978092193604,0.4745222330093384
0.050573818385601044,0.47454673051834106
0.050577569752931595,0.47459670901298523
0.05058453232049942,0.4746893346309662
0.050588615238666534,0.47474372386932373
0.050591014325618744,0.4747755825519562
0.05059501901268959,0.4748288094997406
0.050611332058906555,0.47504520416259766
0.050614506006240845,0.47508734464645386
0.05062079057097435,0.4751704931259155
0.050626616925001144,0.4752475619316101
0.05063461884856224,0.47535330057144165
0.05063685402274132,0.47538283467292786
0.05063879117369652,0.4754084646701813
0.050649698823690414,0.4755522608757019
0.05065950006246567,0.4756813049316406
0.05066709965467453,0.47578126192092896
0.05066948011517525,0.47581252455711365
0.050684135407209396,0.4760048985481262
0.0506918765604496,0.47610628604888916
0.05070716142654419,0.4763062000274658
0.05070719122886658,0.47630658745765686
0.05071067065000534,0.47635209560394287
0.05071096867322922,0.4763559401035309
0.050731148570775986,0.47661900520324707
0.0507347509264946,0.4766658842563629
0.05073779821395874,0.47670555114746094
0.050753697752952576,0.47691211104393005
0.050768375396728516,0.4771023094654083
0.05076932907104492,0.47711461782455444
0.050780292600393295,0.4772564768791199
0.05078381299972534,0.4773018956184387
0.050797246396541595,0.47747522592544556
0.05080794543027878,0.47761303186416626
0.05081109330058098,0.47765350341796875
0.05081649497151375,0.47772300243377686
0.05081791803240776,0.4777412712574005
0.050822023302316666,0.47779399156570435
0.05082468315958977,0.47782817482948303
0.05082719027996063,0.47786033153533936
0.05083091929554939,0.4779081344604492
0.05083918944001198,0.47801414132118225
0.05084053426980972,0.4780313968658447
0.05084237456321716,0.4780549108982086
0.050857577472925186,0.47824931144714355
0.05086524784564972,0.47834718227386475
0.050866641104221344,0.4783650040626526
0.05087728053331375,0.4785006046295166
0.05089141055941582,0.47868040204048157
0.05089673399925232,0.47874799370765686
0.05089852586388588,0.47877073287963867
0.05089870095252991,0.47877293825149536
0.05090245604515076,0.4788205325603485
0.050910964608192444,0.47892847657203674
0.05093160644173622,0.47918957471847534
0.05094345659017563,0.4793391525745392
0.0509609580039978,0.4795594811439514
0.050967101007699966,0.47963663935661316
0.05097488313913345,0.4797343909740448
0.05097615718841553,0.47975030541419983
0.05098085105419159,0.4798092246055603
0.050980910658836365,0.4798099398612976
0.05098320543766022,0.4798387289047241
0.05100484937429428,0.48010948300361633
0.05100702866911888,0.4801366925239563
0.05101504176855087,0.480236679315567
0.05101633444428444,0.48025283217430115
0.051024239510297775,0.4803512692451477
0.05102509260177612,0.4803619682788849
0.05103272572159767,0.4804568588733673
0.05104440450668335,0.48060208559036255
0.051044560968875885,0.480603963136673
0.05105900391936302,0.48078304529190063
0.0510592982172966,0.4807867109775543
0.05107928067445755,0.4810338318347931
0.05110137537121773,0.48130616545677185
0.05110863596200943,0.4813954532146454
0.05111117660999298,0.48142674565315247
0.05111752822995186,0.4815046787261963
0.05112732574343681,0.48162487149238586
0.05113077908754349,0.481667160987854
0.051131054759025574,0.4816705286502838
0.05113614350557327,0.4817328155040741
0.05113803222775459,0.48175594210624695
0.05114862322807312,0.48188546299934387
0.0511503741145134,0.48190683126449585
0.05115203931927681,0.48192712664604187
0.05117960274219513,0.4822629690170288
0.05118732526898384,0.4823567569255829
0.05119416490197182,0.4824398159980774
0.05119623988866806,0.4824649393558502
0.05119737237691879,0.4824787378311157
0.051198139786720276,0.4824879765510559
0.0512104295194149,0.48263686895370483
0.05121159926056862,0.482651025056839
0.05123471841216087,0.48293015360832214
0.051235754042863846,0.482942670583725
0.05124262720346451,0.4830254316329956
0.051247768104076385,0.4830872714519501
0.05125036835670471,0.48311856389045715
0.05125151947140694,0.48313236236572266
0.05126941576600075,0.48334720730781555
0.05127691477537155,0.48343712091445923
0.05128207802772522,0.48349887132644653
0.05128299817442894,0.4835098385810852
0.051284514367580414,0.4835280179977417
0.051291875541210175,0.4836159348487854
0.051295265555381775,0.48365652561187744
0.05135840177536011,0.4844065308570862
0.0513651967048645,0.4844868779182434
0.0513664111495018,0.48450127243995667
0.05136809125542641,0.4845210909843445
0.05138738453388214,0.48474839329719543
0.05138764902949333,0.48475152254104614
0.05139056220650673,0.4847857654094696
0.05139341205358505,0.48481935262680054
0.05140087008476257,0.484906941652298
0.051400963217020035,0.4849080443382263
0.0514138862490654,0.4850596487522125
0.051419444382190704,0.48512473702430725
0.05142056196928024,0.48513782024383545
0.05142171308398247,0.4851513206958771
0.05142954736948013,0.48524290323257446
0.051430877298116684,0.48525843024253845
0.05143141373991966,0.48526471853256226
0.051431648433208466,0.4852674603462219
0.05144908279180527,0.48547089099884033
0.051470156759023666,0.4857160747051239
0.051472730934619904,0.48574602603912354
0.05148819461464882,0.4859252870082855
0.05150244012475014,0.4860900938510895
0.051504164934158325,0.4861099123954773
0.05152629315853119,0.4863651692867279
0.0515267439186573,0.4863702654838562
0.051538363099098206,0.48650386929512024
0.051540277898311615,0.48652592301368713
0.05154123902320862,0.48653700947761536
0.05154918506741524,0.48662811517715454
0.0515538826584816,0.4866819977760315
0.05155443400144577,0.4866883158683777
0.05155849829316139,0.48673486709594727
0.05156703293323517,0.48683249950408936
0.05160553380846977,0.48727142810821533
0.051607463508844376,0.4872933328151703
0.05161432921886444,0.4873712956905365
0.05161811038851738,0.4874142110347748
0.051620177924633026,0.4874376654624939
0.0516267865896225,0.4875125586986542
0.05163873732089996,0.48764777183532715
0.051661018282175064,0.48789915442466736
0.05166380852460861,0.4879305958747864
0.051667675375938416,0.4879741072654724
0.05167701840400696,0.48807913064956665
0.05169420316815376,0.4882718622684479
0.05169481784105301,0.4882788360118866
0.051701560616493225,0.488354355096817
0.051702745258808136,0.4883675277233124
0.05170667544007301,0.48841148614883423
0.051722705364227295,0.4885904788970947
0.05173689126968384,0.4887484908103943
0.05174499750137329,0.4888385534286499
0.05174603313207626,0.48885011672973633
0.05176300182938576,0.489038348197937
0.051768235862255096,0.4890963137149811
0.051777929067611694,0.48920348286628723
0.05178460106253624,0.4892771244049072
0.05179436132311821,0.48938480019569397
0.05181732028722763,0.4896374046802521
0.05182196944952011,0.48968836665153503
0.051825348287820816,0.4897254407405853
0.05182589218020439,0.48973146080970764
0.05182667821645737,0.4897400438785553
0.05183300003409386,0.4898093044757843
0.05184077471494675,0.48989439010620117
0.05184444785118103,0.4899345636367798
0.05185507982969284,0.49005064368247986
0.05185553431510925,0.4900556206703186
0.05187002196907997,0.4902135729789734
0.05188451707363129,0.49037110805511475
0.05188870429992676,0.4904164969921112
0.05188878998160362,0.4904174506664276
0.051902834326028824,0.49056968092918396
0.051920969039201736,0.4907657206058502
0.05192159488797188,0.4907724857330322
0.05192773416638374,0.4908387064933777
0.051939576864242554,0.49096620082855225
0.05195605009794235,0.49114325642585754
0.05197731778025627,0.4913710355758667
0.05198349058628082,0.49143701791763306
0.05201935023069382,0.491818904876709
0.05202189087867737,0.49184584617614746
0.052022963762283325,0.49185726046562195
0.052028268575668335,0.49191349744796753
0.05203098803758621,0.4919423460960388
0.052045971155166626,0.49210092425346375
0.05206160992383957,0.4922659993171692
0.052062083035707474,0.49227097630500793
0.05206649377942085,0.49231743812561035
0.0520687960088253,0.4923417568206787
0.052077122032642365,0.49242931604385376
0.05208158493041992,0.49247628450393677
0.05208244174718857,0.4924852252006531
0.05208510160446167,0.4925132095813751
0.05208824574947357,0.4925461411476135
0.05210345238447189,0.4927055835723877
0.0521148145198822,0.49282440543174744
0.052119672298431396,0.4928750991821289
0.05212850496172905,0.49296727776527405
0.05213536322116852,0.49303871393203735
0.05218128114938736,0.4935149550437927
0.05218666046857834,0.49357056617736816
0.05219437927007675,0.4936501383781433
0.0521983802318573,0.4936913847923279
0.05219942331314087,0.49370208382606506
0.052205972373485565,0.4937695264816284
0.05221814662218094,0.49389463663101196
0.05222237482666969,0.4939380884170532
0.052235156297683716,0.49406903982162476
0.05224170535802841,0.4941360652446747
0.05225207656621933,0.49424198269844055
0.05225394666194916,0.49426108598709106
0.052257027477025986,0.4942925274372101
0.052279282361269,0.49451905488967896
0.05229288339614868,0.49465706944465637
0.05231552943587303,0.4948861598968506
0.05232676491141319,0.4949994683265686
0.05232895910739899,0.4950215816497803
0.05233757197856903,0.4951082766056061
0.05235080420970917,0.4952412247657776
0.052352745085954666,0.49526068568229675
0.052370719611644745,0.4954407811164856
0.05237364023923874,0.49546992778778076
0.052382636815309525,0.4955598711967468
0.05238538235425949,0.49558719992637634
0.0523872897028923,0.4956062436103821
0.052413709461688995,0.49586912989616394
0.05242893472313881,0.49602004885673523
0.052441854029893875,0.4961477816104889
0.05244499817490578,0.4961788058280945
0.05246159806847572,0.4963424801826477
0.052471842616796494,0.4964432120323181
0.05247797071933746,0.49650341272354126
0.05248061195015907,0.49652937054634094
0.05248722434043884,0.4965941905975342
0.05249250307679176,0.49664589762687683
0.052512966096401215,0.49684587121009827
0.05251365154981613,0.4968526363372803
0.052520111203193665,0.4969156086444855
0.05252066254615784,0.49692094326019287
0.05252675339579582,0.4969801902770996
0.052530448883771896,0.4970162510871887
0.05255052447319031,0.49721115827560425
0.05256151407957077,0.4973175525665283
0.0525817796587944,0.4975132346153259
0.052588313817977905,0.49757617712020874
0.052610885351896286,0.4977930188179016
0.052618637681007385,0.49786731600761414
0.05262843891978264,0.4979611039161682
0.052629370242357254,0.49796998500823975
0.05265501141548157,0.4982145428657532
0.05267578363418579,0.49841180443763733
0.05267752707004547,0.4984282851219177
0.05268141254782677,0.4984651207923889
0.05272098258137703,0.49883851408958435
0.05272698029875755,0.49889490008354187
0.05273188650608063,0.49894094467163086
0.05274627357721329,0.4990758001804352
0.05274706706404686,0.4990832209587097
0.05275034159421921,0.49911391735076904
0.05276552215218544,0.49925562739372253
0.05277397856116295,0.4993344843387604
0.05278201773762703,0.4994092881679535
0.05278931185603142,0.4994771182537079
0.052789561450481415,0.49947941303253174
0.052791304886341095,0.49949559569358826
0.05279424041509628,0.4995228350162506
0.05280134454369545,0.4995886981487274
0.05282700061798096,0.49982595443725586
0.05284186825156212,0.4999628961086273
0.052881158888339996,0.5003231167793274
0.05288134142756462,0.5003247261047363
0.05288882553577423,0.5003930926322937
0.0529128834605217,0.5006120800971985
0.052912939339876175,0.5006125569343567
0.05291767418384552,0.5006555914878845
0.05292487516999245,0.5007208585739136
0.05292555317282677,0.5007269978523254
0.052930496633052826,0.5007718205451965
0.05294227972626686,0.5008783340454102
0.05299374461174011,0.5013410449028015
0.0530046708881855,0.5014386773109436
0.05300963670015335,0.5014830827713013
0.05301468446850777,0.5015280842781067
0.05301957204937935,0.5015715956687927
0.053034666925668716,0.5017058849334717
0.053035296499729156,0.5017114877700806
0.053067877888679504,0.5019998550415039
0.053073540329933167,0.5020499229431152
0.05310933664441109,0.502364456653595
0.053110167384147644,0.5023717284202576
0.05312579125165939,0.5025083422660828
0.05313793197274208,0.5026142597198486
0.05314536765217781,0.5026789903640747
0.0531480573117733,0.5027024149894714
0.05315912514925003,0.5027985572814941
0.05316080152988434,0.5028131008148193
0.05317159369587898,0.5029065608978271
0.05319096893072128,0.503074049949646
0.0531952790915966,0.5031111240386963
0.05321010574698448,0.5032387971878052
0.05322136729955673,0.5033354759216309
0.05323822423815727,0.5034798383712769
0.05324295163154602,0.5035201907157898
0.05325630307197571,0.503633975982666
0.05328240618109703,0.5038560032844543
0.05328662320971489,0.5038917064666748
0.05329250544309616,0.503941535949707
0.05329751595854759,0.5039838552474976
0.0533171184360981,0.504149317741394
0.05335705354809761,0.5044843554496765
0.0533633828163147,0.5045372843742371
0.05337494611740112,0.5046336054801941
0.053381629288196564,0.5046892762184143
0.05341467633843422,0.5049633383750916
0.05341870337724686,0.5049965977668762
0.053430989384651184,0.5050979256629944
0.053444378077983856,0.5052081346511841
0.05347258225083351,0.5054394006729126
0.053490422666072845,0.5055848956108093
0.053498201072216034,0.5056481957435608
0.05351093411445618,0.5057516694068909
0.053531866520643234,0.5059211850166321
0.05353475734591484,0.505944550037384
0.05353487282991409,0.5059454441070557
0.053535208106040955,0.5059481859207153
0.05353719741106033,0.5059643387794495
0.05355789512395859,0.5061309337615967
0.053570348769426346,0.5062310099601746
0.05357746034860611,0.5062879323959351
0.0536116361618042,0.506560742855072
0.05363449081778526,0.5067421793937683
0.053635548800230026,0.5067505836486816
0.05366897955536842,0.5070143938064575
0.05367673188447952,0.5070753693580627
0.05370093509554863,0.5072649717330933
0.05370309203863144,0.5072817802429199
0.053725291043519974,0.5074548721313477
0.053733132779598236,0.5075157880783081
0.05373722314834595,0.5075474977493286
0.05375298112630844,0.5076696276664734
0.053770508617162704,0.5078049898147583
0.053830377757549286,0.5082637071609497
0.053848762065172195,0.5084034204483032
0.053870752453804016,0.5085698962211609
0.053876761347055435,0.508615255355835
0.05387955158948898,0.5086363554000854
0.05388334393501282,0.5086649656295776
0.05389213562011719,0.5087311267852783
0.053899217396974564,0.5087843537330627
0.0539083331823349,0.5088527798652649
0.05392216145992279,0.508956253528595
0.05392986163496971,0.5090137720108032
0.05394822359085083,0.5091505646705627
0.054002340883016586,0.5095508098602295
0.054008856415748596,0.5095986723899841
0.05401797965168953,0.5096655488014221
0.05403154343366623,0.5097648501396179
0.054051343351602554,0.5099092125892639
0.054065510630607605,0.5100122690200806
0.054076921194791794,0.510094940662384
0.05409684032201767,0.5102389454841614
0.05412467196583748,0.5104390382766724
0.05414372682571411,0.5105753540992737
0.054149676114320755,0.5106177926063538
0.05416260287165642,0.5107098817825317
0.05420117825269699,0.5109831094741821
0.05426190793514252,0.5114089250564575
0.05426745489239693,0.5114474892616272
0.05427727848291397,0.511515736579895
0.054280538111925125,0.5115383863449097
0.05429457128047943,0.5116356611251831
0.05430849269032478,0.511731743812561
0.05432704836130142,0.5118594765663147
0.05433015152812004,0.5118807554244995
0.0543304905295372,0.5118830800056458
0.05436066910624504,0.5120896100997925
0.05438593775033951,0.5122614502906799
0.054387930780649185,0.512274980545044
0.05439745634794235,0.5123394727706909
0.05446968972682953,0.5128244161605835
0.054472025483846664,0.5128399133682251
0.054475851356983185,0.512865424156189
0.054506946355104446,0.5130715370178223
0.0545152984559536,0.5131266713142395
0.05455910414457321,0.5134141445159912
0.054577622562646866,0.5135348439216614
0.05463985726237297,0.5139368772506714
0.05464039742946625,0.5139403939247131
0.054688505828380585,0.5142472386360168
0.054689764976501465,0.5142552852630615
0.05469030141830444,0.5142586827278137
0.05469183996319771,0.5142683982849121
0.05469290539622307,0.5142751932144165
0.054693639278411865,0.514279842376709
0.05473307892680168,0.514528751373291
0.05474819988012314,0.5146235823631287
0.05482766032218933,0.5151166915893555
0.05484018102288246,0.515193521976471
0.05485188588500023,0.5152652263641357
0.054854609072208405,0.5152818560600281
0.05488930270075798,0.5154930949211121
0.054912641644477844,0.5156341791152954
0.054923079907894135,0.5156970620155334
0.05492810159921646,0.5157272815704346
0.05497252196073532,0.5159927606582642
0.05500442162156105,0.5161818265914917
0.05509708449244499,0.5167229175567627
0.05510486289858818,0.5167677402496338
0.05511874705553055,0.5168477296829224
0.055127013474702835,0.5168951749801636
0.05513334274291992,0.5169314742088318
0.05516795814037323,0.5171287655830383
0.05517055094242096,0.5171435475349426
0.055182021111249924,0.5172085165977478
0.05520007014274597,0.5173105597496033
0.055205486714839935,0.5173410177230835
0.05521215498447418,0.5173785090446472
0.05531716346740723,0.5179612040519714
0.055324338376522064,0.5180003643035889
0.05534100905060768,0.5180914402008057
0.05541425198316574,0.5184866786003113
0.055433109402656555,0.5185872316360474
0.0554548054933548,0.5187024474143982
0.0555000826716423,0.5189408659934998
0.05551960691809654,0.5190427899360657
0.05554337054491043,0.5191661715507507
0.055544570088386536,0.5191724896430969
0.0555504746735096,0.5192030072212219
0.055594004690647125,0.5194267630577087
0.055597297847270966,0.5194435715675354
0.055696748197078705,0.5199451446533203
0.055701278150081635,0.5199676752090454
0.05571167171001434,0.5200193524360657
0.055727601051330566,0.5200982093811035
0.05574765056371689,0.5201969742774963
0.05579794570803642,0.5204423666000366
0.05585189536213875,0.5207021832466125
0.05585619434714317,0.5207227468490601
0.055983077734708786,0.5213184952735901
0.056007176637649536,0.5214293003082275
0.05600852519273758,0.521435558795929
0.05601036548614502,0.5214439630508423
0.05605972558259964,0.5216686129570007
0.05606050416827202,0.5216721892356873
0.056061770766973495,0.5216778516769409
0.05608642101287842,0.5217887163162231
0.05609068274497986,0.5218079090118408
0.056216463446617126,0.5223618745803833
0.05622430518269539,0.5223957896232605
0.05632052570581436,0.5228056311607361
0.056339070200920105,0.5228832960128784
0.056398358196020126,0.5231289863586426
0.056411538273096085,0.5231830477714539
0.05644703283905983,0.5233275294303894
0.056450068950653076,0.5233397483825684
0.05649764835834503,0.523530900478363
0.056507036089897156,0.523568332195282
0.05660160630941391,0.523939311504364
0.05661823973059654,0.5240035057067871
0.0566345751285553,0.524066150188446
0.056652650237083435,0.524135172367096
0.05675862729549408,0.5245322585105896
0.056783948093652725,0.5246251821517944
0.05691402405500412,0.5250912308692932
0.05693615600466728,0.5251685380935669
0.05694674700498581,0.5252054333686829
0.05694792419672012,0.5252094864845276
0.05700446665287018,0.5254039764404297
0.057012833654880524,0.5254324078559875
0.05703459680080414,0.5255060791969299
0.05714377015829086,0.5258678793907166
0.05717788264155388,0.5259782075881958
0.0572800487279892,0.5263010859489441
0.05737687647342682,0.52659672498703
0.05740314722061157,0.5266751646995544
0.05741070210933685,0.5266976952552795
0.057451341301202774,0.5268173217773438
0.05747430399060249,0.5268840789794922
0.05755499750375748,0.5271146297454834
0.057594239711761475,0.5272241830825806
0.05763186141848564,0.5273277163505554
0.05777081102132797,0.5276978015899658
0.057899825274944305,0.5280238389968872
0.057918332517147064,0.528069257736206
0.05793825909495354,0.5281177163124084
0.05799350515007973,0.5282501578330994
0.05800427123904228,0.5282756686210632
0.05803394690155983,0.5283452868461609
0.05818716436624527,0.528690755367279
0.058398205786943436,0.5291301012039185
0.0584150105714798,0.5291633605957031
0.05842738226056099,0.5291876792907715
0.05846049636602402,0.5292518138885498
0.05849790200591087,0.5293232202529907
0.05862687528133392,0.5295594930648804
0.05881456285715103,0.5298765897750854
0.05894256755709648,0.5300753116607666
0.05895717442035675,0.5300971269607544
0.058987025171518326,0.5301409959793091
0.05909083038568497,0.5302878618240356
0.05925427004694939,0.5305007696151733
0.059484731405973434,0.5307641625404358
0.05950221046805382,0.5307824611663818
0.05957995355129242,0.5308606624603271
0.05971822515130043,0.5309884548187256
0.06004437431693077,0.5312333106994629
0.06009513884782791,0.53126460313797
0.06020734831690788,0.5313270688056946
0.060637302696704865,0.5314881801605225
0.060722533613443375,0.531505823135376
0.06126469746232033,0.5315164923667908