x,f(x)
-3.0416786670684814,-0.020705711096525192
-3.03230619430542,-0.021561145782470703
-3.0320873260498047,-0.02158098667860031
-3.023503303527832,-0.022354505956172943
-3.022883892059326,-0.022409949451684952
-3.022714853286743,-0.022425077855587006
-3.01523494720459,-0.023090362548828125
-3.0140199661254883,-0.023197699338197708
-3.013911724090576,-0.023207256570458412
-3.0135116577148438,-0.02324254810810089
-3.007464647293091,-0.023773271590471268
-3.005643367767334,-0.023932084441184998
-3.005445957183838,-0.0239492766559124
-3.004708766937256,-0.024013400077819824
-3.004647731781006,-0.024018706753849983
-3.0001559257507324,-0.024407677352428436
-2.997873306274414,-0.0246041938662529
-2.99711275100708,-0.024669494479894638
-2.9964401721954346,-0.024727165699005127
-2.9960737228393555,-0.024758564308285713
-2.995844602584839,-0.02477818727493286
-2.993271827697754,-0.02499793842434883
-2.9905643463134766,-0.025228094309568405
-2.9889702796936035,-0.025363072752952576
-2.9886698722839355,-0.025388456881046295
-2.9877402782440186,-0.02546694129705429
-2.9875760078430176,-0.02548079751431942
-2.9872708320617676,-0.02550652250647545
-2.986776828765869,-0.025548135861754417
-2.983680486679077,-0.025808081030845642
-2.9813613891601562,-0.026001764461398125
-2.9809701442718506,-0.026034358888864517
-2.9806337356567383,-0.026062358170747757
-2.9798059463500977,-0.026131177321076393
-2.979598045349121,-0.026148445904254913
-2.9790022373199463,-0.026197895407676697
-2.9789371490478516,-0.026203297078609467
-2.9771852493286133,-0.026348330080509186
-2.974806308746338,-0.02654445916414261
-2.9744772911071777,-0.02657150849699974
-2.973062515258789,-0.0266876220703125
-2.9724972248077393,-0.026733921840786934
-2.971597671508789,-0.026807483285665512
-2.9712319374084473,-0.02683734893798828
-2.9710423946380615,-0.02685282751917839
-2.970795154571533,-0.026872996240854263
-2.9706687927246094,-0.026883304119110107
-2.969257354736328,-0.026998231187462807
-2.967982292175293,-0.027101755142211914
-2.96561336517334,-0.027293354272842407
-2.965214729309082,-0.027325496077537537
-2.965198278427124,-0.027326826006174088
-2.9639511108398438,-0.02742721326649189
-2.963923454284668,-0.027429433539509773
-2.9636902809143066,-0.027448169887065887
-2.9628987312316895,-0.027511708438396454
-2.962794780731201,-0.027520041912794113
-2.962526559829712,-0.027541544288396835
-2.961839199066162,-0.027596578001976013
-2.9596657752990723,-0.02777005359530449
-2.959118127822876,-0.027813635766506195
-2.958850860595703,-0.02783488854765892
-2.9573283195495605,-0.027955688536167145
-2.9570393562316895,-0.0279785618185997
-2.9560115337371826,-0.0280598234385252
-2.9558258056640625,-0.028074484318494797
-2.955589771270752,-0.028093112632632256
-2.9548873901367188,-0.028148479759693146
-2.954756259918213,-0.028158798813819885
-2.954526424407959,-0.02817690186202526
-2.954359531402588,-0.02819002792239189
-2.9539198875427246,-0.02822459489107132
-2.952975273132324,-0.028298750519752502
-2.9505443572998047,-0.02848881669342518
-2.950462818145752,-0.028495175763964653
-2.9494030475616455,-0.028577683493494987
-2.9492592811584473,-0.028588861227035522
-2.9491219520568848,-0.028599530458450317
-2.9487059116363525,-0.028631841763854027
-2.947955846786499,-0.02869001403450966
-2.9474477767944336,-0.028729358687996864
-2.9471473693847656,-0.028752591460943222
-2.9470229148864746,-0.028762217611074448
-2.94675612449646,-0.028782835230231285
-2.9466187953948975,-0.028793444857001305
-2.9451565742492676,-0.028906172141432762
-2.944420337677002,-0.02896278351545334
-2.944401264190674,-0.028964243829250336
-2.9443283081054688,-0.028969846665859222
-2.9422106742858887,-0.02913205698132515
-2.941598653793335,-0.02917877770960331
-2.941373825073242,-0.02919592335820198
-2.940563678741455,-0.029257623478770256
-2.940056324005127,-0.02929619885981083
-2.940030574798584,-0.029298152774572372
-2.9397788047790527,-0.029317274689674377
-2.939530372619629,-0.02933613210916519
-2.9394474029541016,-0.02934242971241474
-2.939152717590332,-0.029364779591560364
-2.9388484954833984,-0.029387831687927246
-2.9387545585632324,-0.02939494699239731
-2.9385735988616943,-0.02940864861011505
-2.9362924098968506,-0.029580822214484215
-2.936067819595337,-0.029597720131278038
-2.9351603984832764,-0.029665883630514145
-2.9351253509521484,-0.02966850996017456
-2.934828996658325,-0.029690738767385483
-2.9340686798095703,-0.029747676104307175
-2.9331908226013184,-0.029813280329108238
-2.9330248832702637,-0.029825663194060326
-2.932563304901123,-0.029860079288482666
-2.9320013523101807,-0.02990191988646984
-2.931540012359619,-0.029936231672763824
-2.931227684020996,-0.029959429055452347
-2.93119215965271,-0.029962070286273956
-2.9309842586517334,-0.029977500438690186
-2.93088436126709,-0.029984913766384125
-2.9305286407470703,-0.030011288821697235
-2.9303274154663086,-0.03002619743347168
-2.9302401542663574,-0.03003266081213951
-2.930187225341797,-0.030036577954888344
-2.9279255867004395,-0.03020353429019451
-2.9277186393737793,-0.030218753963708878
-2.9262611865997314,-0.030325744301080704
-2.9260683059692383,-0.030339866876602173
-2.9258475303649902,-0.030356023460626602
-2.925625801086426,-0.030372241511940956
-2.9255690574645996,-0.030376393347978592
-2.9248056411743164,-0.03043215163052082
-2.9246912002563477,-0.030440500006079674
-2.9246559143066406,-0.03044307231903076
-2.923818588256836,-0.030504070222377777
-2.923675537109375,-0.030514471232891083
-2.9231982231140137,-0.030549168586730957
-2.92311429977417,-0.030555255711078644
-2.922959327697754,-0.030566507950425148
-2.9226183891296387,-0.030591242015361786
-2.92209792137146,-0.030628956854343414
-2.9214632511138916,-0.03067486733198166
-2.9210798740386963,-0.030702564865350723
-2.9209840297698975,-0.03070947900414467
-2.9209372997283936,-0.030712850391864777
-2.9199252128601074,-0.030785784125328064
-2.9193849563598633,-0.030824627727270126
-2.918160915374756,-0.03091241419315338
-2.91768741607666,-0.030946293845772743
-2.9167914390563965,-0.031010258942842484
-2.916761875152588,-0.031012367457151413
-2.9165492057800293,-0.031027527526021004
-2.916365623474121,-0.031040601432323456
-2.9162559509277344,-0.031048409640789032
-2.916189432144165,-0.031053144484758377
-2.916168689727783,-0.031054619699716568
-2.9158053398132324,-0.031080465763807297
-2.915433168411255,-0.031106915324926376
-2.915189027786255,-0.03112424537539482
-2.915015459060669,-0.031136561185121536
-2.9149298667907715,-0.03114262782037258
-2.9142847061157227,-0.03118833526968956
-2.914097785949707,-0.031201567500829697
-2.9128894805908203,-0.03128688037395477
-2.9121198654174805,-0.0313410609960556
-2.912017822265625,-0.031348228454589844
-2.911734104156494,-0.03136816993355751
-2.9114885330200195,-0.03138541057705879
-2.911242961883545,-0.03140264004468918
-2.911139726638794,-0.03140988200902939
-2.9102964401245117,-0.03146892040967941
-2.909353733062744,-0.031534746289253235
-2.908921480178833,-0.0315648652613163
-2.9085488319396973,-0.03159080445766449
-2.9081878662109375,-0.03161589056253433
-2.9078803062438965,-0.03163725137710571
-2.907501697540283,-0.03166351467370987
-2.907230854034424,-0.03168228268623352
-2.9071598052978516,-0.03168720006942749
-2.907052755355835,-0.03169461712241173
-2.906796455383301,-0.03171234577894211
-2.9067468643188477,-0.03171578049659729
-2.906630039215088,-0.031723856925964355
-2.9065980911254883,-0.03172606602311134
-2.9061901569366455,-0.03175424784421921
-2.9061427116394043,-0.031757522374391556
-2.9058942794799805,-0.03177466616034508
-2.9045557975769043,-0.03186679631471634
-2.904153347015381,-0.031894415616989136
-2.903546094894409,-0.03193604201078415
-2.903242588043213,-0.03195680305361748
-2.9028701782226562,-0.031982265412807465
-2.902426242828369,-0.03201257064938545
-2.902285099029541,-0.03202219679951668
-2.901548385620117,-0.03207237273454666
-2.901211738586426,-0.03209526091814041
-2.900996208190918,-0.03210989385843277
-2.900641441345215,-0.032133977860212326
-2.900416374206543,-0.032149236649274826
-2.8998544216156006,-0.032187286764383316
-2.899850845336914,-0.032187532633543015
-2.8989768028259277,-0.03224657475948334
-2.898927688598633,-0.03224988281726837
-2.8983616828918457,-0.03228802978992462
-2.8983259201049805,-0.03229043260216713
-2.898188591003418,-0.032299671322107315
-2.8981423377990723,-0.03230278566479683
-2.897993326187134,-0.032312799245119095
-2.8979434967041016,-0.03231615945696831
-2.8978586196899414,-0.03232186287641525
-2.8973946571350098,-0.03235302120447159
-2.896413803100586,-0.03241873160004616
-2.8963029384613037,-0.0324261412024498
-2.8962833881378174,-0.03242744877934456
-2.8953351974487305,-0.03249073773622513
-2.8952126502990723,-0.03249890357255936
-2.894669771194458,-0.03253503143787384
-2.894501209259033,-0.032546237111091614
-2.894296169281006,-0.03255986049771309
-2.893421173095703,-0.032617874443531036
-2.8932113647460938,-0.0326317623257637
-2.8929669857025146,-0.03264791890978813
-2.8927769660949707,-0.032660484313964844
-2.8923449516296387,-0.03268900141119957
-2.891712188720703,-0.032730698585510254
-2.8916680812835693,-0.032733600586652756
-2.890825033187866,-0.032788995653390884
-2.890594482421875,-0.03280412405729294
-2.890591621398926,-0.03280431032180786
-2.890455722808838,-0.032813217490911484
-2.89023494720459,-0.032827675342559814
-2.8897247314453125,-0.03286106139421463
-2.8896148204803467,-0.032868243753910065
-2.8890557289123535,-0.0329047366976738
-2.888617992401123,-0.03293326497077942
-2.888571262359619,-0.03293631225824356
-2.888530731201172,-0.032938942313194275
-2.888413429260254,-0.03294657915830612
-2.8883581161499023,-0.032950177788734436
-2.8882579803466797,-0.032956693321466446
-2.8874707221984863,-0.03300781548023224
-2.8870997428894043,-0.033031851053237915
-2.887070417404175,-0.03303375467658043
-2.886471748352051,-0.03307247906923294
-2.885962724685669,-0.03310534358024597
-2.8853039741516113,-0.03314778208732605
-2.8850784301757812,-0.03316229209303856
-2.884906768798828,-0.033173322677612305
-2.8848471641540527,-0.033177152276039124
-2.88478422164917,-0.033181194216012955
-2.883711814880371,-0.03324993699789047
-2.883481025695801,-0.03326469659805298
-2.8832826614379883,-0.033277370035648346
-2.882530689239502,-0.03332533687353134
-2.8824520111083984,-0.03333035111427307
-2.8823704719543457,-0.03333553671836853
-2.8822240829467773,-0.03334485739469528
-2.8819546699523926,-0.03336198627948761
-2.881621837615967,-0.03338313475251198
-2.8812813758850098,-0.03340473771095276
-2.8807871341705322,-0.03343604877591133
-2.8805060386657715,-0.03345382213592529
-2.880328893661499,-0.03346502035856247
-2.8799567222595215,-0.03348851948976517
-2.8797683715820312,-0.033500395715236664
-2.8796005249023438,-0.033510979264974594
-2.879070281982422,-0.03354435786604881
-2.879026412963867,-0.03354711830615997
-2.878885507583618,-0.03355596959590912
-2.878288984298706,-0.03359341621398926
-2.8782358169555664,-0.03359674662351608
-2.878124713897705,-0.03360371291637421
-2.8778204917907715,-0.03362276405096054
-2.877439498901367,-0.0336465910077095
-2.876981735229492,-0.0336751751601696
-2.876513957977295,-0.03370433300733566
-2.876398801803589,-0.033711500465869904
-2.8758749961853027,-0.033744074404239655
-2.8758044242858887,-0.03374846279621124
-2.8754518032073975,-0.03377034515142441
-2.8749070167541504,-0.03380409628152847
-2.874645948410034,-0.0338202528655529
-2.8745012283325195,-0.03382919728755951
-2.874500274658203,-0.033829253166913986
-2.8744518756866455,-0.03383224457502365
-2.8731391429901123,-0.03391313925385475
-2.873016834259033,-0.03392065688967705
-2.872757911682129,-0.033936552703380585
-2.8726415634155273,-0.033943694084882736
-2.8726325035095215,-0.033944252878427505
-2.8721461296081543,-0.0339740589261055
-2.871675491333008,-0.03400285169482231
-2.8716235160827637,-0.0340060219168663
-2.87149977684021,-0.03401358798146248
-2.8711626529693604,-0.034034162759780884
-2.870082378387451,-0.03409990295767784
-2.869903564453125,-0.03411076217889786
-2.8698232173919678,-0.03411562740802765
-2.8698201179504395,-0.03411582112312317
-2.869661808013916,-0.03412541747093201
-2.8695693016052246,-0.03413102775812149
-2.8689522743225098,-0.03416837379336357
-2.8687522411346436,-0.03418045863509178
-2.8683714866638184,-0.03420344367623329
-2.868264675140381,-0.03420988470315933
-2.8679399490356445,-0.03422944247722626
-2.8677620887756348,-0.034240152686834335
-2.867495059967041,-0.034256208688020706
-2.867011070251465,-0.03428525850176811
-2.866575241088867,-0.034311383962631226
-2.8665738105773926,-0.03431146219372749
-2.866544246673584,-0.03431323170661926
-2.8663182258605957,-0.03432675823569298
-2.8658604621887207,-0.03435410559177399
-2.865708351135254,-0.03436318412423134
-2.8651390075683594,-0.03439711034297943
-2.8647713661193848,-0.034418970346450806
-2.8641839027404785,-0.03445384278893471
-2.8637607097625732,-0.03447889909148216
-2.863729476928711,-0.0344807505607605
-2.8636460304260254,-0.03448568657040596
-2.863481044769287,-0.03449544310569763
-2.863429546356201,-0.034498486667871475
-2.8632984161376953,-0.034506238996982574
-2.861912727355957,-0.034587834030389786
-2.861814022064209,-0.034593626856803894
-2.8616442680358887,-0.03460358828306198
-2.861328363418579,-0.03462210297584534
-2.861266851425171,-0.03462570533156395
-2.860959053039551,-0.03464371711015701
-2.860769510269165,-0.03465478867292404
-2.860626220703125,-0.034663159400224686
-2.8603713512420654,-0.03467803820967674
-2.860069990158081,-0.03469560667872429
-2.8599491119384766,-0.034702643752098083
-2.8588242530822754,-0.03476798161864281
-2.858680009841919,-0.03477633744478226
-2.858673334121704,-0.0347767248749733
-2.8585457801818848,-0.03478410467505455
-2.8584370613098145,-0.03479039669036865
-2.858431339263916,-0.03479072451591492
-2.8581228256225586,-0.03480856120586395
-2.8579330444335938,-0.03481951728463173
-2.857231378555298,-0.03485995531082153
-2.856846332550049,-0.03488209471106529
-2.856657028198242,-0.03489295393228531
-2.8564209938049316,-0.034906502813100815
-2.856320381164551,-0.03491227328777313
-2.8558504581451416,-0.034939173609018326
-2.855480909347534,-0.034960292279720306
-2.8554632663726807,-0.034961290657520294
-2.8554282188415527,-0.034963302314281464
-2.855123996734619,-0.0349806547164917
-2.854565382003784,-0.03501245751976967
-2.854048252105713,-0.03504183143377304
-2.854043960571289,-0.03504207357764244
-2.8536148071289062,-0.0350663922727108
-2.8531861305236816,-0.035090647637844086
-2.8524999618530273,-0.0351293571293354
-2.852463722229004,-0.03513140231370926
-2.8523852825164795,-0.035135820508003235
-2.852384090423584,-0.03513588756322861
-2.8523292541503906,-0.035138972103595734
-2.852144718170166,-0.035149358212947845
-2.8516807556152344,-0.03517542779445648
-2.851034641265869,-0.03521163761615753
-2.8508100509643555,-0.035224199295043945
-2.850431203842163,-0.03524536266922951
-2.85036301612854,-0.03524916246533394
-2.8501038551330566,-0.035263609141111374
-2.849536895751953,-0.03529515862464905
-2.8494701385498047,-0.035298872739076614
-2.849367141723633,-0.03530459478497505
-2.8493196964263916,-0.035307228565216064
-2.8492960929870605,-0.035308536142110825
-2.8488168716430664,-0.03533511608839035
-2.8477931022644043,-0.035391680896282196
-2.847708225250244,-0.035396356135606766
-2.8475732803344727,-0.0354037880897522
-2.847503185272217,-0.035407654941082
-2.8470778465270996,-0.035431042313575745
-2.8469481468200684,-0.035438165068626404
-2.8467350006103516,-0.035449858754873276
-2.8461861610412598,-0.03547992929816246
-2.8461782932281494,-0.03548035770654678
-2.845991611480713,-0.03549056872725487
-2.8454320430755615,-0.03552110865712166
-2.8451857566833496,-0.03553452715277672
-2.844599485397339,-0.03556640073657036
-2.8445520401000977,-0.035568974912166595
-2.8441154956817627,-0.03559264913201332
-2.8440518379211426,-0.0355960950255394
-2.8439106941223145,-0.035603731870651245
-2.8438496589660645,-0.03560703247785568
-2.84374737739563,-0.0356125608086586
-2.8430418968200684,-0.035650644451379776
-2.8429083824157715,-0.035657837986946106
-2.8428847789764404,-0.03565910831093788
-2.8425235748291016,-0.03567853942513466
-2.841977596282959,-0.03570784628391266
-2.84196138381958,-0.0357087105512619
-2.841831684112549,-0.03571566194295883
-2.8414969444274902,-0.035733576864004135
-2.8410511016845703,-0.0357573963701725
-2.8406341075897217,-0.035779621452093124
-2.840606212615967,-0.03578110411763191
-2.8403584957122803,-0.03579428419470787
-2.839851140975952,-0.035821229219436646
-2.8397090435028076,-0.035828765481710434
-2.839707851409912,-0.03582882881164551
-2.8394737243652344,-0.03584123030304909
-2.839219093322754,-0.03585469722747803
-2.8384411334991455,-0.035895753651857376
-2.8382530212402344,-0.03590565174818039
-2.8381450176239014,-0.03591133654117584
-2.837657928466797,-0.03593691810965538
-2.837278366088867,-0.03595680743455887
-2.8370466232299805,-0.03596893697977066
-2.8368988037109375,-0.03597666323184967
-2.8367295265197754,-0.03598550707101822
-2.836601734161377,-0.035992175340652466
-2.835932731628418,-0.03602702170610428
-2.835909605026245,-0.03602822870016098
-2.835179567337036,-0.03606610372662544
-2.834855556488037,-0.03608287125825882
-2.8348097801208496,-0.03608523681759834
-2.8346593379974365,-0.03609301522374153
-2.8346381187438965,-0.03609411418437958
-2.8342580795288086,-0.03611372038722038
-2.833961248397827,-0.03612900525331497
-2.833705425262451,-0.03614216670393944
-2.8335719108581543,-0.036149024963378906
-2.8333559036254883,-0.03616011515259743
-2.833340883255005,-0.03616088256239891
-2.8332810401916504,-0.036163948476314545
-2.832967519760132,-0.03618001565337181
-2.8322486877441406,-0.036216750741004944
-2.8321409225463867,-0.036222249269485474
-2.8320322036743164,-0.03622778505086899
-2.831839084625244,-0.036237623542547226
-2.8318004608154297,-0.03623958304524422
-2.8312907218933105,-0.03626548498868942
-2.831071138381958,-0.036276623606681824
-2.830885887145996,-0.03628600761294365
-2.830223798751831,-0.036319468170404434
-2.82987642288208,-0.036336980760097504
-2.8297178745269775,-0.03634496405720711
-2.8295159339904785,-0.036355119198560715
-2.8295035362243652,-0.03635573759675026
-2.829413890838623,-0.0363602451980114
-2.8288042545318604,-0.036390818655490875
-2.8284099102020264,-0.03641054034233093
-2.827909469604492,-0.036435507237911224
-2.827547311782837,-0.03645353764295578
-2.8272130489349365,-0.036470137536525726
-2.826789379119873,-0.036491140723228455
-2.8266725540161133,-0.03649692237377167
-2.826376438140869,-0.036511559039354324
-2.8260536193847656,-0.036527495831251144
-2.825972318649292,-0.03653150796890259
-2.825542449951172,-0.03655267134308815
-2.8255224227905273,-0.036553651094436646
-2.825054883956909,-0.036576613783836365
-2.8250465393066406,-0.0365770198404789
-2.824841260910034,-0.03658708184957504
-2.824829578399658,-0.03658765181899071
-2.8244032859802246,-0.0366085059940815
-2.8243937492370605,-0.03660896420478821
-2.8239359855651855,-0.03663130849599838
-2.823913812637329,-0.03663238510489464
-2.8236987590789795,-0.036642856895923615
-2.8236119747161865,-0.03664708137512207
-2.8232226371765137,-0.03666599467396736
-2.8229055404663086,-0.03668137267231941
-2.8227686882019043,-0.03668799623847008
-2.8227434158325195,-0.03668922185897827
-2.82210636138916,-0.036719996482133865
-2.8220410346984863,-0.036723144352436066
-2.8215439319610596,-0.03674707189202309
-2.8215155601501465,-0.03674843907356262
-2.821385383605957,-0.03675469383597374
-2.820775032043457,-0.03678395226597786
-2.820216178894043,-0.03681064397096634
-2.8200018405914307,-0.03682086616754532
-2.819472312927246,-0.03684604912996292
-2.8190884590148926,-0.0368642583489418
-2.8190388679504395,-0.036866601556539536
-2.818910598754883,-0.03687267377972603
-2.818864107131958,-0.03687487542629242
-2.8182873725891113,-0.03690211847424507
-2.8181893825531006,-0.036906734108924866
-2.818108081817627,-0.03691056743264198
-2.817359447479248,-0.036945752799510956
-2.817079782485962,-0.03695885092020035
-2.816267490386963,-0.036996789276599884
-2.816190719604492,-0.03700036555528641
-2.816066026687622,-0.03700616955757141
-2.8160600662231445,-0.0370064452290535
-2.815884590148926,-0.03701460734009743
-2.8158435821533203,-0.03701651468873024
-2.8158364295959473,-0.0370168499648571
-2.815556526184082,-0.03702983632683754
-2.8152379989624023,-0.037044595927000046
-2.8151159286499023,-0.037050243467092514
-2.8147976398468018,-0.03706495836377144
-2.8147432804107666,-0.0370674654841423
-2.8146743774414062,-0.03707065060734749
-2.814387083053589,-0.037083886563777924
-2.8142685890197754,-0.03708934411406517
-2.8139655590057373,-0.03710327669978142
-2.8136556148529053,-0.03711749613285065
-2.8136186599731445,-0.037119194865226746
-2.813608169555664,-0.03711967170238495
-2.8125932216644287,-0.0371660441160202
-2.812592029571533,-0.03716609999537468
-2.8121376037597656,-0.03718676418066025
-2.8112521171569824,-0.03722686693072319
-2.8108348846435547,-0.03724568709731102
-2.810530185699463,-0.03725939244031906
-2.810338020324707,-0.037268027663230896
-2.810319423675537,-0.03726886212825775
-2.810184955596924,-0.03727489709854126
-2.8099727630615234,-0.03728440776467323
-2.809666633605957,-0.037298109382390976
-2.809650421142578,-0.03729882836341858
-2.808974266052246,-0.037328995764255524
-2.808140754699707,-0.03736598789691925
-2.807933807373047,-0.03737514838576317
-2.807918071746826,-0.03737584501504898
-2.8079137802124023,-0.037376031279563904
-2.807701587677002,-0.037385404109954834
-2.807616949081421,-0.03738914057612419
-2.80755615234375,-0.03739182651042938
-2.8069794178009033,-0.037417203187942505
-2.806835651397705,-0.037423521280288696
-2.806450366973877,-0.037440408021211624
-2.806034803390503,-0.037458572536706924
-2.80574369430542,-0.03747127205133438
-2.8057031631469727,-0.03747303783893585
-2.805696964263916,-0.03747330605983734
-2.805589437484741,-0.037477992475032806
-2.8054299354553223,-0.03748493269085884
-2.805387020111084,-0.03748680278658867
-2.805330991744995,-0.037489235401153564
-2.805197238922119,-0.037495046854019165
-2.805018901824951,-0.03750278055667877
-2.804795742034912,-0.03751245141029358
-2.804267406463623,-0.03753528743982315
-2.8042068481445312,-0.037537895143032074
-2.8032751083374023,-0.03757796064019203
-2.8030290603637695,-0.037588492035865784
-2.802651882171631,-0.03760461509227753
-2.802394151687622,-0.03761560097336769
-2.8014185428619385,-0.03765702247619629
-2.800863742828369,-0.037680454552173615
-2.8007125854492188,-0.037686824798583984
-2.800685405731201,-0.037687964737415314
-2.8006224632263184,-0.03769061341881752
-2.8004989624023438,-0.037695810198783875
-2.8003969192504883,-0.037700098007917404
-2.800337314605713,-0.03770260140299797
-2.8001115322113037,-0.03771207854151726
-2.799917697906494,-0.037720199674367905
-2.7997918128967285,-0.03772547096014023
-2.7996487617492676,-0.03773145005106926
-2.79931640625,-0.03774532303214073
-2.799283504486084,-0.037746693938970566
-2.79897141456604,-0.0377596952021122
-2.798405647277832,-0.0377831794321537
-2.797926902770996,-0.03780297935009003
-2.7978734970092773,-0.037805184721946716
-2.7974066734313965,-0.037824418395757675
-2.797170639038086,-0.03783411905169487
-2.796342372894287,-0.03786803036928177
-2.79614520072937,-0.03787606954574585
-2.796081066131592,-0.03787868469953537
-2.796043634414673,-0.03788021206855774
-2.7958250045776367,-0.03788910433650017
-2.795701026916504,-0.037894148379564285
-2.7955923080444336,-0.037898555397987366
-2.795569896697998,-0.03789947181940079
-2.7952966690063477,-0.03791055083274841
-2.7952756881713867,-0.03791140019893646
-2.7950737476348877,-0.03791956976056099
-2.7943649291992188,-0.037948161363601685
-2.794266700744629,-0.03795211762189865
-2.7936835289001465,-0.0379755012691021
-2.792595148086548,-0.03801888972520828
-2.7920103073120117,-0.038042061030864716
-2.791928768157959,-0.038045283406972885
-2.7917914390563965,-0.03805069997906685
-2.7917842864990234,-0.03805099055171013
-2.7914845943450928,-0.038062795996665955
-2.7914252281188965,-0.03806513547897339
-2.7913997173309326,-0.038066137582063675
-2.7911412715911865,-0.03807629644870758
-2.7911014556884766,-0.038077861070632935
-2.7909996509552,-0.038081854581832886
-2.790679454803467,-0.038094401359558105
-2.7906181812286377,-0.03809678927063942
-2.7905678749084473,-0.0380987673997879
-2.790365695953369,-0.038106661289930344
-2.790071964263916,-0.03811810910701752
-2.7899484634399414,-0.03812291845679283
-2.7897675037384033,-0.03812995180487633
-2.7896499633789062,-0.03813451901078224
-2.789447784423828,-0.038142360746860504
-2.7890212535858154,-0.03815886378288269
-2.7885968685150146,-0.038175225257873535
-2.7883129119873047,-0.038186151534318924
-2.787022113800049,-0.03823548182845116
-2.7867937088012695,-0.038244158029556274
-2.7867283821105957,-0.03824663534760475
-2.7866320610046387,-0.03825028985738754
-2.786357879638672,-0.038260672241449356
-2.786181926727295,-0.038267314434051514
-2.7856297492980957,-0.03828812390565872
-2.7855677604675293,-0.03829045221209526
-2.784824848175049,-0.03831828385591507
-2.7846672534942627,-0.03832416981458664
-2.784480571746826,-0.038331128656864166
-2.7841458320617676,-0.03834358602762222
-2.78391432762146,-0.038352176547050476
-2.7838990688323975,-0.03835274279117584
-2.783884048461914,-0.038353294134140015
-2.7837343215942383,-0.03835884481668472
-2.783543348312378,-0.03836590796709061
-2.7835071086883545,-0.038367241621017456
-2.7831761837005615,-0.03837945684790611
-2.7831411361694336,-0.03838074952363968
-2.7821123600006104,-0.0384184829890728
-2.7819299697875977,-0.03842514380812645
-2.781919002532959,-0.038425542414188385
-2.781893253326416,-0.0384264811873436
-2.7817416191101074,-0.038432009518146515
-2.7817397117614746,-0.038432080298662186
-2.7811954021453857,-0.038451846688985825
-2.7808663845062256,-0.03846375644207001
-2.7803845405578613,-0.038481131196022034
-2.7802634239196777,-0.03848549351096153
-2.780129909515381,-0.038490284234285355
-2.779736280441284,-0.038504403084516525
-2.779043674468994,-0.03852911666035652
-2.7787535190582275,-0.038539428263902664
-2.778592824935913,-0.038545120507478714
-2.7781543731689453,-0.038560640066862106
-2.777796745300293,-0.0385732427239418
-2.777679443359375,-0.0385773628950119
-2.7775163650512695,-0.038583092391490936
-2.7773447036743164,-0.03858911246061325
-2.7772390842437744,-0.03859281539916992
-2.7771079540252686,-0.03859740495681763
-2.7766919136047363,-0.03861193358898163
-2.776275634765625,-0.03862641006708145
-2.7762246131896973,-0.03862817585468292
-2.77601957321167,-0.03863529488444328
-2.775989055633545,-0.03863634541630745
-2.775616407394409,-0.03864923119544983
-2.775233507156372,-0.03866242617368698
-2.775146961212158,-0.038665398955345154
-2.775101661682129,-0.03866695240139961
-2.7749383449554443,-0.038672562688589096
-2.774906635284424,-0.03867365047335625
-2.7739295959472656,-0.03870701044797897
-2.7737362384796143,-0.038713566958904266
-2.7734925746917725,-0.038721829652786255
-2.7726898193359375,-0.038748905062675476
-2.772454261779785,-0.03875681012868881
-2.7724266052246094,-0.03875773772597313
-2.7723922729492188,-0.038758888840675354
-2.7721304893493652,-0.03876764327287674
-2.7721211910247803,-0.03876795619726181
-2.771744728088379,-0.038780514150857925
-2.7716064453125,-0.03878512233495712
-2.771446704864502,-0.038790423423051834
-2.7710962295532227,-0.038802050054073334
-2.7709832191467285,-0.03880578652024269
-2.770632266998291,-0.03881736099720001
-2.7702369689941406,-0.03883036598563194
-2.7698211669921875,-0.038843993097543716
-2.7694520950317383,-0.038856036961078644
-2.7691597938537598,-0.03886554762721062
-2.768561601638794,-0.038884926587343216
-2.768350601196289,-0.038891732692718506
-2.7681493759155273,-0.03889821469783783
-2.7679598331451416,-0.038904301822185516
-2.7676591873168945,-0.038913942873477936
-2.767404556274414,-0.03892207890748978
-2.767369270324707,-0.03892320767045021
-2.767042636871338,-0.03893361613154411
-2.766974687576294,-0.03893578425049782
-2.7669639587402344,-0.03893611952662468
-2.766824245452881,-0.038940560072660446
-2.766022205352783,-0.038965918123722076
-2.765984058380127,-0.03896712511777878
-2.7659687995910645,-0.03896760195493698
-2.7657294273376465,-0.03897513449192047
-2.765594959259033,-0.03897934779524803
-2.765350818634033,-0.038986992090940475
-2.765268325805664,-0.03898957371711731
-2.7641372680664062,-0.03902473300695419
-2.7641239166259766,-0.039025142788887024
-2.7641210556030273,-0.039025235921144485
-2.7638258934020996,-0.03903433680534363
-2.763763666152954,-0.03903624415397644
-2.763674736022949,-0.03903898969292641
-2.7631077766418457,-0.03905637562274933
-2.7627687454223633,-0.03906673192977905
-2.7622933387756348,-0.03908117860555649
-2.7621593475341797,-0.03908523917198181
-2.7617239952087402,-0.03909838944673538
-2.761678695678711,-0.03909975662827492
-2.760976791381836,-0.03912082687020302
-2.7603211402893066,-0.039140380918979645
-2.760248899459839,-0.03914251923561096
-2.7602243423461914,-0.03914325684309006
-2.7602219581604004,-0.03914332389831543
-2.759777069091797,-0.03915649279952049
-2.7597196102142334,-0.03915818780660629
-2.7594990730285645,-0.03916469216346741
-2.7590622901916504,-0.03917752578854561
-2.758751392364502,-0.03918662667274475
-2.758708953857422,-0.03918787091970444
-2.7585787773132324,-0.03919166326522827
-2.758157730102539,-0.03920391947031021
-2.7579941749572754,-0.03920866549015045
-2.757719039916992,-0.03921663016080856
-2.75752592086792,-0.03922220319509506
-2.7569265365600586,-0.03923943266272545
-2.7567930221557617,-0.03924325853586197
-2.7567906379699707,-0.03924332931637764
-2.756714105606079,-0.03924551606178284
-2.756681442260742,-0.03924644738435745
-2.756392478942871,-0.03925469145178795
-2.7563538551330566,-0.039255790412425995
-2.756345272064209,-0.03925603628158569
-2.756213426589966,-0.03925979137420654
-2.755251884460449,-0.039286985993385315
-2.754420280456543,-0.039310283958911896
-2.754413366317749,-0.03931047394871712
-2.7541701793670654,-0.03931724280118942
-2.753678560256958,-0.03933087736368179
-2.7526354789733887,-0.03935955464839935
-2.7524735927581787,-0.039363980293273926
-2.7523369789123535,-0.03936769813299179
-2.752194881439209,-0.03937157243490219
-2.752166509628296,-0.039372339844703674
-2.752138376235962,-0.03937310725450516
-2.751995086669922,-0.03937699645757675
-2.7516636848449707,-0.039385974407196045
-2.7515740394592285,-0.039388395845890045
-2.751391649246216,-0.039393313229084015
-2.751384735107422,-0.03939349949359894
-2.750934600830078,-0.03940560668706894
-2.7505669593811035,-0.03941544145345688
-2.750295639038086,-0.03942267596721649
-2.7502875328063965,-0.0394228920340538
-2.749941825866699,-0.03943207114934921
-2.7498021125793457,-0.03943577781319618
-2.7493791580200195,-0.03944694623351097
-2.7493131160736084,-0.03944867476820946
-2.749044895172119,-0.039455726742744446
-2.7486579418182373,-0.03946585953235626
-2.748349189758301,-0.03947390988469124
-2.747776508331299,-0.039488762617111206
-2.7475857734680176,-0.03949368745088577
-2.747293710708618,-0.03950120881199837
-2.7471892833709717,-0.03950389474630356
-2.746995687484741,-0.03950885683298111
-2.7469186782836914,-0.039510827511548996
-2.746896266937256,-0.03951139748096466
-2.7466177940368652,-0.039518509060144424
-2.7457709312438965,-0.03954000025987625
-2.7451705932617188,-0.03955509886145592
-2.744882822036743,-0.039562299847602844
-2.74438214302063,-0.0395747646689415
-2.744152545928955,-0.03958046808838844
-2.7440121173858643,-0.03958393633365631
-2.743752956390381,-0.039590321481227875
-2.743544578552246,-0.039595454931259155
-2.7428109645843506,-0.03961341083049774
-2.7427549362182617,-0.03961477056145668
-2.7427456378936768,-0.03961499407887459
-2.74265193939209,-0.03961727023124695
-2.7425665855407715,-0.03961934521794319
-2.7423624992370605,-0.03962429240345955
-2.742340326309204,-0.03962482511997223
-2.7421610355377197,-0.03962916508316994
-2.7420058250427246,-0.03963290899991989
-2.7414679527282715,-0.03964584320783615
-2.741311550140381,-0.03964958339929581
-2.7412490844726562,-0.03965107351541519
-2.74100399017334,-0.03965691849589348
-2.7408876419067383,-0.039659686386585236
-2.7405760288238525,-0.03966708481311798
-2.7404890060424805,-0.039669137448072433
-2.740478992462158,-0.039669375866651535
-2.73958420753479,-0.039690420031547546
-2.738776206970215,-0.03970922529697418
-2.7384891510009766,-0.039715852588415146
-2.7383251190185547,-0.039719633758068085
-2.7383248805999756,-0.03971964120864868
-2.7381343841552734,-0.039724014699459076
-2.7380337715148926,-0.03972632437944412
-2.7379066944122314,-0.03972923755645752
-2.7369561195373535,-0.039750855416059494
-2.7368624210357666,-0.03975297138094902
-2.7362112998962402,-0.03976760804653168
-2.7357215881347656,-0.039778538048267365
-2.735665798187256,-0.03977978229522705
-2.735626697540283,-0.03978065028786659
-2.7353615760803223,-0.03978652507066727
-2.735197067260742,-0.039790160953998566
-2.7351162433624268,-0.03979194909334183
-2.7348828315734863,-0.039797089993953705
-2.734659194946289,-0.03980199992656708
-2.7344775199890137,-0.039805978536605835
-2.734333038330078,-0.03980913385748863
-2.7338171005249023,-0.039820361882448196
-2.733579158782959,-0.03982551023364067
-2.7335424423217773,-0.03982630372047424
-2.7334020137786865,-0.039829328656196594
-2.732776165008545,-0.039842769503593445
-2.7325539588928223,-0.03984750807285309
-2.7323074340820312,-0.03985275700688362
-2.732095718383789,-0.03985724225640297
-2.7317166328430176,-0.03986524045467377
-2.731710910797119,-0.039865367114543915
-2.7312803268432617,-0.03987440466880798
-2.7311158180236816,-0.03987784683704376
-2.7308311462402344,-0.039883777499198914
-2.730776071548462,-0.03988492488861084
-2.730240821838379,-0.039896007627248764
-2.730036735534668,-0.03990021347999573
-2.7297513484954834,-0.03990607336163521
-2.729522943496704,-0.03991074487566948
-2.7288031578063965,-0.03992537036538124
-2.7287206649780273,-0.039927028119564056
-2.7285428047180176,-0.039930619299411774
-2.7274699211120605,-0.039952050894498825
-2.726989984512329,-0.03996152803301811
-2.7269763946533203,-0.0399617999792099
-2.726794719696045,-0.03996536508202553
-2.7266950607299805,-0.03996732458472252
-2.726482391357422,-0.0399714857339859
-2.726335287094116,-0.03997435420751572
-2.7262330055236816,-0.039976343512535095
-2.7261786460876465,-0.03997740149497986
-2.7261502742767334,-0.03997795656323433
-2.7257814407348633,-0.03998509794473648
-2.7256226539611816,-0.03998817130923271
-2.7250638008117676,-0.03999890387058258
-2.7246785163879395,-0.04000625014305115
-2.7245373725891113,-0.04000892862677574
-2.72452974319458,-0.04000907763838768
-2.72452449798584,-0.04000918194651604
-2.7239532470703125,-0.040019962936639786
-2.7236952781677246,-0.04002480208873749
-2.72340726852417,-0.040030188858509064
-2.723292827606201,-0.040032319724559784
-2.7232041358947754,-0.0400339737534523
-2.7228684425354004,-0.040040191262960434
-2.72236967086792,-0.04004938155412674
-2.722111463546753,-0.040054112672805786
-2.7220311164855957,-0.04005557671189308
-2.721780776977539,-0.0400601401925087
-2.7214179039001465,-0.04006671532988548
-2.7209911346435547,-0.04007440805435181
-2.720536231994629,-0.04008254036307335
-2.7204861640930176,-0.04008343070745468
-2.7202000617980957,-0.04008851200342178
-2.719339609146118,-0.04010366275906563
-2.7190628051757812,-0.04010849446058273
-2.7189245223999023,-0.04011089354753494
-2.718669891357422,-0.04011530801653862
-2.718339443206787,-0.04012100771069527
-2.7183351516723633,-0.040121082216501236
-2.718146324157715,-0.0401243157684803
-2.718052387237549,-0.04012593254446983
-2.7177648544311523,-0.04013083875179291
-2.7174386978149414,-0.04013637825846672
-2.717228651046753,-0.04013993591070175
-2.7171390056610107,-0.04014143720269203
-2.716891288757324,-0.04014560952782631
-2.716341495513916,-0.040154799818992615
-2.7163095474243164,-0.0401553250849247
-2.716104507446289,-0.040158726274967194
-2.7150583267211914,-0.0401759035885334
-2.71502423286438,-0.04017645865678787
-2.7150042057037354,-0.04017678648233414
-2.714843988418579,-0.040179379284381866
-2.7144341468811035,-0.04018599912524223
-2.7140822410583496,-0.0401916429400444
-2.714056968688965,-0.04019204527139664
-2.71401309967041,-0.040192753076553345
-2.713831663131714,-0.04019564390182495
-2.713815689086914,-0.04019589722156525
-2.713275671005249,-0.040204450488090515
-2.7128400802612305,-0.04021128639578819
-2.7126407623291016,-0.040214404463768005
-2.7125205993652344,-0.04021627455949783
-2.711897850036621,-0.040225908160209656
-2.7115421295166016,-0.040231358259916306
-2.7109994888305664,-0.0402396023273468
-2.710475444793701,-0.040247488766908646
-2.7104275226593018,-0.04024821147322655
-2.7103447914123535,-0.04024944826960564
-2.709401845932007,-0.04026341810822487
-2.7093114852905273,-0.040264736860990524
-2.7091281414031982,-0.04026741907000542
-2.7087676525115967,-0.04027266427874565
-2.7087650299072266,-0.040272705256938934
-2.7082293033599854,-0.040280431509017944
-2.7081873416900635,-0.040281031280756
-2.708040475845337,-0.040283139795064926
-2.707956314086914,-0.04028433933854103
-2.7079391479492188,-0.04028458520770073
-2.7078890800476074,-0.04028530418872833
-2.707771062850952,-0.04028698056936264
-2.70773983001709,-0.04028742015361786
-2.707253932952881,-0.04029429703950882
-2.707205295562744,-0.04029498249292374
-2.707134246826172,-0.040295980870723724
-2.7066516876220703,-0.04030273109674454
-2.705899238586426,-0.04031312093138695
-2.705275535583496,-0.04032161831855774
-2.705028533935547,-0.040324948728084564
-2.7047107219696045,-0.0403292141854763
-2.7046127319335938,-0.04033052548766136
-2.703911304473877,-0.040339820086956024
-2.7038495540618896,-0.04034063220024109
-2.7032973766326904,-0.04034784808754921
-2.703289747238159,-0.04034794494509697
-2.7032594680786133,-0.040348343551158905
-2.7032077312469482,-0.04034901410341263
-2.702970027923584,-0.04035208374261856
-2.7028088569641113,-0.040354158729314804
-2.7026805877685547,-0.040355805307626724
-2.7025632858276367,-0.0403573103249073
-2.70190167427063,-0.040365710854530334
-2.701601982116699,-0.04036946967244148
-2.701268196105957,-0.04037363454699516
-2.700190544128418,-0.040386877954006195
-2.7001144886016846,-0.040387801826000214
-2.6999454498291016,-0.04038984701037407
-2.6996288299560547,-0.0403936505317688
-2.699319362640381,-0.040397342294454575
-2.699208974838257,-0.04039865732192993
-2.6990790367126465,-0.040400195866823196
-2.698678970336914,-0.04040491208434105
-2.6985960006713867,-0.04040588438510895
-2.6984400749206543,-0.040407709777355194
-2.6980109214782715,-0.04041268303990364
-2.697706699371338,-0.04041618853807449
-2.697543144226074,-0.04041805490851402
-2.697514057159424,-0.040418386459350586
-2.6973743438720703,-0.040419984608888626
-2.6973679065704346,-0.040420051664114
-2.6970720291137695,-0.040423400700092316
-2.6968657970428467,-0.040425725281238556
-2.6967601776123047,-0.04042690992355347
-2.696356773376465,-0.04043141007423401
-2.6957485675811768,-0.040438104420900345
-2.6947872638702393,-0.04044848680496216
-2.694693088531494,-0.04044949263334274
-2.6945388317108154,-0.040451131761074066
-2.6940813064575195,-0.040455956012010574
-2.694047451019287,-0.04045631363987923
-2.693568229675293,-0.04046130180358887
-2.693549633026123,-0.04046149179339409
-2.6933095455169678,-0.040463969111442566
-2.693061351776123,-0.04046650975942612
-2.6925063133239746,-0.040472134947776794
-2.6922740936279297,-0.040474459528923035
-2.6918787956237793,-0.04047839343547821
-2.6916284561157227,-0.04048086330294609
-2.69149112701416,-0.04048220440745354
-2.6911797523498535,-0.04048524051904678
-2.6909031867980957,-0.04048791155219078
-2.6908788681030273,-0.04048814997076988
-2.6904287338256836,-0.040492456406354904
-2.6903817653656006,-0.04049289971590042
-2.690093517303467,-0.0404956229031086
-2.6895036697387695,-0.040501125156879425
-2.689392566680908,-0.0405021607875824
-2.689366102218628,-0.0405023992061615
-2.6889901161193848,-0.04050585255026817
-2.688945770263672,-0.04050625115633011
-2.6888771057128906,-0.04050687700510025
-2.6886677742004395,-0.04050877317786217
-2.688499927520752,-0.04051028564572334
-2.687343120574951,-0.04052051156759262
-2.6871747970581055,-0.04052197188138962
-2.686768054962158,-0.04052545875310898
-2.6865663528442383,-0.04052717611193657
-2.6864426136016846,-0.04052822291851044
-2.686401844024658,-0.040528565645217896
-2.6863300800323486,-0.040529172867536545
-2.6857357025146484,-0.0405341312289238
-2.6854259967803955,-0.04053667187690735
-2.6851320266723633,-0.04053907468914986
-2.6850972175598145,-0.040539342910051346
-2.684598445892334,-0.04054335132241249
-2.684049606323242,-0.040547680109739304
-2.6837210655212402,-0.04055023193359375
-2.683542251586914,-0.04055161029100418
-2.6832547187805176,-0.04055380821228027
-2.6829967498779297,-0.040555767714977264
-2.682914972305298,-0.040556374937295914
-2.6829066276550293,-0.04055643826723099
-2.6825451850891113,-0.040559135377407074
-2.6816811561584473,-0.040565453469753265
-2.681633472442627,-0.04056579992175102
-2.6812171936035156,-0.040568768978118896
-2.6810944080352783,-0.04056962579488754
-2.6810238361358643,-0.04057012498378754
-2.6805286407470703,-0.04057357460260391
-2.6804232597351074,-0.04057430103421211
-2.680295467376709,-0.04057517275214195
-2.6799392700195312,-0.040577590465545654
-2.6797080039978027,-0.04057914763689041
-2.679417848587036,-0.04058106988668442
-2.679080009460449,-0.0405832901597023
-2.6788411140441895,-0.04058483988046646
-2.678738594055176,-0.04058549925684929
-2.6783251762390137,-0.0405881367623806
-2.678316354751587,-0.04058818891644478
-2.6778435707092285,-0.040591150522232056
-2.67777681350708,-0.040591560304164886
-2.677765130996704,-0.040591634809970856
-2.6774673461914062,-0.0405934639275074
-2.6774258613586426,-0.0405937135219574
-2.6763956546783447,-0.04059985652565956
-2.6759235858917236,-0.04060257598757744
-2.675856590270996,-0.04060295969247818
-2.6752679347991943,-0.04060625657439232
-2.674797296524048,-0.040608834475278854
-2.674736499786377,-0.04060916602611542
-2.6746582984924316,-0.040609583258628845
-2.6746115684509277,-0.04060983657836914
-2.674595594406128,-0.04060991853475571
-2.6741697788238525,-0.04061217978596687
-2.6737117767333984,-0.04061456397175789
-2.673708438873291,-0.040614575147628784
-2.6732017993927,-0.04061714559793472
-2.6726863384246826,-0.040619686245918274
-2.672029972076416,-0.040622834116220474
-2.67195463180542,-0.040623195469379425
-2.6714086532592773,-0.04062570631504059
-2.671138048171997,-0.040626928210258484
-2.671083927154541,-0.04062717407941818
-2.670992612838745,-0.040627576410770416
-2.670699119567871,-0.04062887281179428
-2.670651912689209,-0.0406290739774704
-2.670555591583252,-0.040629494935274124
-2.669969081878662,-0.04063199460506439
-2.6696972846984863,-0.04063311219215393
-2.669665813446045,-0.040633250027894974
-2.669518232345581,-0.040633849799633026
-2.6694130897521973,-0.04063427448272705
-2.6690468788146973,-0.040635738521814346
-2.668827533721924,-0.04063659906387329
-2.668583393096924,-0.0406375415623188
-2.668302059173584,-0.040638603270053864
-2.6679866313934326,-0.040639784187078476
-2.6671416759490967,-0.04064280539751053
-2.666804075241089,-0.04064396023750305
-2.6661946773529053,-0.04064597189426422
-2.665978193283081,-0.040646664798259735
-2.6659746170043945,-0.04064667597413063
-2.6659140586853027,-0.04064686968922615
-2.6656789779663086,-0.04064760357141495
-2.6653666496276855,-0.040648557245731354
-2.665078639984131,-0.0406494140625
-2.6648478507995605,-0.04065009579062462
-2.663951873779297,-0.04065258800983429
-2.6639351844787598,-0.040652625262737274
-2.663740634918213,-0.04065313562750816
-2.663621425628662,-0.040653448551893234
-2.663499355316162,-0.040653765201568604
-2.662698745727539,-0.04065572842955589
-2.662388324737549,-0.040656447410583496
-2.66217041015625,-0.04065693914890289
-2.6621592044830322,-0.04065696522593498
-2.662076473236084,-0.04065714031457901
-2.661653995513916,-0.04065805301070213
-2.6614933013916016,-0.040658388286828995
-2.6612753868103027,-0.04065882787108421
-2.660966396331787,-0.04065943509340286
-2.660454511642456,-0.04066038876771927
-2.6600613594055176,-0.040661074221134186
-2.6600289344787598,-0.04066113382577896
-2.6598868370056152,-0.04066137224435806
-2.6595845222473145,-0.04066185653209686
-2.6595401763916016,-0.040661927312612534
-2.6592705249786377,-0.04066234454512596
-2.6587271690368652,-0.04066312313079834
-2.6586403846740723,-0.04066324979066849
-2.6584911346435547,-0.040663447231054306
-2.6581883430480957,-0.04066382721066475
-2.6576008796691895,-0.040664512664079666
-2.6574959754943848,-0.04066462814807892
-2.6570982933044434,-0.04066503047943115
-2.657036781311035,-0.04066509008407593
-2.656851291656494,-0.04066526144742966
-2.6563315391540527,-0.040665701031684875
-2.65627384185791,-0.04066574573516846
-2.6555044651031494,-0.04066626727581024
-2.6554789543151855,-0.040666282176971436
-2.6553730964660645,-0.04066634550690651
-2.6547913551330566,-0.0406666174530983
-2.6547834873199463,-0.040666624903678894
-2.6545028686523438,-0.040666721761226654
-2.6537837982177734,-0.04066690430045128
-2.6537094116210938,-0.040666915476322174
-2.653533458709717,-0.040666937828063965
-2.6528120040893555,-0.04066694155335426
-2.6527040004730225,-0.040666937828063965
-2.652233123779297,-0.040666863322257996
-2.6521365642547607,-0.0406668446958065
-2.6520321369171143,-0.04066681116819382
-2.6510884761810303,-0.04066646099090576
-2.6508331298828125,-0.04066632688045502
-2.650782585144043,-0.04066629335284233
-2.6506457328796387,-0.04066621512174606
-2.6502952575683594,-0.040665995329618454
-2.6498541831970215,-0.04066567122936249
-2.6496124267578125,-0.04066547378897667
-2.6493282318115234,-0.040665220469236374
-2.649305582046509,-0.04066520184278488
-2.649279832839966,-0.040665172040462494
-2.649110794067383,-0.04066501557826996
-2.6490092277526855,-0.0406649187207222
-2.648911476135254,-0.04066481813788414
-2.6487369537353516,-0.04066463187336922
-2.6479403972625732,-0.0406637117266655
-2.647749423980713,-0.0406634695827961
-2.64760160446167,-0.040663283318281174
-2.6474788188934326,-0.040663111954927444
-2.6469268798828125,-0.04066232591867447
-2.6467227935791016,-0.040662020444869995
-2.6458587646484375,-0.04066059738397598
-2.645742893218994,-0.040660396218299866
-2.645625114440918,-0.04066018387675285
-2.6454763412475586,-0.040659911930561066
-2.6445958614349365,-0.04065820574760437
-2.6445627212524414,-0.040658138692379
-2.644209861755371,-0.040657397359609604
-2.6439008712768555,-0.04065672308206558
-2.6438493728637695,-0.04065661132335663
-2.643558979034424,-0.0406559482216835
-2.6430113315582275,-0.04065466299653053
-2.6429622173309326,-0.04065454378724098
-2.6429200172424316,-0.040654439479112625
-2.642866373062134,-0.04065430536866188
-2.642019271850586,-0.040652140974998474
-2.641092300415039,-0.04064957797527313
-2.6404738426208496,-0.04064776003360748
-2.640376091003418,-0.04064745455980301
-2.6402034759521484,-0.040646933019161224
-2.640162944793701,-0.04064680635929108
-2.639798164367676,-0.04064566642045975
-2.639720916748047,-0.04064542055130005
-2.639571189880371,-0.040644943714141846
-2.6395680904388428,-0.04064492881298065
-2.6395392417907715,-0.04064483195543289
-2.6394710540771484,-0.04064461216330528
-2.639317512512207,-0.04064410924911499
-2.63905668258667,-0.040643248707056046
-2.638970375061035,-0.04064295440912247
-2.638152599334717,-0.040640123188495636
-2.638063907623291,-0.04063980653882027
-2.637986660003662,-0.04063953086733818
-2.637829303741455,-0.04063895344734192
-2.6375112533569336,-0.0406377874314785
-2.6375069618225098,-0.040637772530317307
-2.6370387077331543,-0.040636006742715836
-2.6356325149536133,-0.04063040018081665
-2.6354639530181885,-0.04062969982624054
-2.6354451179504395,-0.04062961786985397
-2.6353085041046143,-0.04062904790043831
-2.6351354122161865,-0.04062831401824951
-2.6349496841430664,-0.04062751680612564
-2.6343116760253906,-0.04062472656369209
-2.6338396072387695,-0.040622591972351074
-2.633419990539551,-0.04062066227197647
-2.6332621574401855,-0.040619924664497375
-2.632228136062622,-0.04061494767665863
-2.6318295001983643,-0.04061295837163925
-2.6317977905273438,-0.040612801909446716
-2.6317834854125977,-0.040612731128931046
-2.631706953048706,-0.04061233997344971
-2.6315362453460693,-0.040611475706100464
-2.6314897537231445,-0.04061124473810196
-2.631131649017334,-0.04060940071940422
-2.631113052368164,-0.04060930386185646
-2.6306471824645996,-0.04060686007142067
-2.6303181648254395,-0.04060510918498039
-2.630167007446289,-0.04060428962111473
-2.6298604011535645,-0.04060262069106102
-2.6296463012695312,-0.040601447224617004
-2.629091501235962,-0.040598347783088684
-2.629028797149658,-0.04059799388051033
-2.6286401748657227,-0.040595777332782745
-2.6282124519348145,-0.04059328883886337
-2.6280927658081055,-0.04059259220957756
-2.6279306411743164,-0.040591638535261154
-2.6278624534606934,-0.04059123620390892
-2.6277027130126953,-0.04059028625488281
-2.6268272399902344,-0.040584973990917206
-2.62618350982666,-0.04058096185326576
-2.625945806503296,-0.040579453110694885
-2.6258013248443604,-0.040578536689281464
-2.6256368160247803,-0.040577482432127
-2.6256227493286133,-0.040577393025159836
-2.6251003742218018,-0.04057399928569794
-2.6243410110473633,-0.04056895524263382
-2.6242167949676514,-0.040568120777606964
-2.624145030975342,-0.040567636489868164
-2.6238903999328613,-0.04056590795516968
-2.6238369941711426,-0.04056554287672043
-2.623687267303467,-0.04056451842188835
-2.623654365539551,-0.040564291179180145
-2.6231021881103516,-0.040560461580753326
-2.62296724319458,-0.04055951163172722
-2.622497320175171,-0.040556177496910095
-2.622248888015747,-0.04055440425872803
-2.6220409870147705,-0.040552906692028046
-2.621364116668701,-0.04054795950651169
-2.6213040351867676,-0.04054751247167587
-2.6212611198425293,-0.040547192096710205
-2.6212098598480225,-0.04054681211709976
-2.6210832595825195,-0.04054587334394455
-2.6208691596984863,-0.04054427891969681
-2.620553493499756,-0.04054189473390579
-2.6179168224334717,-0.04052117466926575
-2.617889404296875,-0.04052095115184784
-2.6174893379211426,-0.04051767662167549
-2.6173009872436523,-0.040516115725040436
-2.617260456085205,-0.040515776723623276
-2.6171538829803467,-0.04051489382982254
-2.6166858673095703,-0.04051097482442856
-2.6166696548461914,-0.04051083326339722
-2.6162099838256836,-0.04050694406032562
-2.616152286529541,-0.04050644859671593
-2.616025924682617,-0.04050537943840027
-2.616018772125244,-0.0405053086578846
-2.615978717803955,-0.04050496593117714
-2.615962028503418,-0.0405048206448555
-2.6159117221832275,-0.040504392236471176
-2.615687131881714,-0.040502455085515976
-2.615647315979004,-0.04050211235880852
-2.6154894828796387,-0.040500741451978683
-2.6153526306152344,-0.040499549359083176
-2.6153206825256348,-0.04049927741289139
-2.6152915954589844,-0.04049902409315109
-2.614919424057007,-0.04049576073884964
-2.6136696338653564,-0.040484584867954254
-2.61309552192688,-0.04047933220863342
-2.612624168395996,-0.040474969893693924
-2.612563133239746,-0.040474407374858856
-2.6120541095733643,-0.04046962410211563
-2.6119985580444336,-0.04046911001205444
-2.6117424964904785,-0.040466684848070145
-2.611354351043701,-0.04046297445893288
-2.6111207008361816,-0.0404607318341732
-2.610929012298584,-0.040458887815475464
-2.6095151901245117,-0.0404449962079525
-2.608874797821045,-0.040438562631607056
-2.6086020469665527,-0.0404357947409153
-2.608287811279297,-0.04043258726596832
-2.6081559658050537,-0.04043123126029968
-2.607882499694824,-0.040428414940834045
-2.6077795028686523,-0.04042735695838928
-2.607372760772705,-0.04042312875390053
-2.607368230819702,-0.04042307287454605
-2.6071786880493164,-0.040421098470687866
-2.6071743965148926,-0.040421053767204285
-2.607006549835205,-0.040419287979602814
-2.606778860092163,-0.040416888892650604
-2.6066529750823975,-0.04041555896401405
-2.6065895557403564,-0.04041489213705063
-2.606534004211426,-0.040414292365312576
-2.6061482429504395,-0.040410179644823074
-2.606126308441162,-0.04040995240211487
-2.6058144569396973,-0.04040660336613655
-2.6056904792785645,-0.0404052659869194
-2.6056838035583496,-0.040405191481113434
-2.605325222015381,-0.040401309728622437
-2.6048598289489746,-0.040396224707365036
-2.604849338531494,-0.04039611667394638
-2.603686571121216,-0.04038321226835251
-2.6026053428649902,-0.04037095606327057
-2.6024298667907715,-0.0403689444065094
-2.602189779281616,-0.04036618024110794
-2.602011203765869,-0.04036412015557289
-2.6016879081726074,-0.04036036878824234
-2.601388931274414,-0.04035688191652298
-2.601031541824341,-0.04035268351435661
-2.6007142066955566,-0.04034893587231636
-2.6002306938171387,-0.040343184024095535
-2.600205898284912,-0.04034288600087166
-2.5999152660369873,-0.040339402854442596
-2.5996994972229004,-0.04033680260181427
-2.599296808242798,-0.04033192992210388
-2.5991783142089844,-0.040330491960048676
-2.5989162921905518,-0.040327295660972595
-2.598696231842041,-0.0403246134519577
-2.598445415496826,-0.040321528911590576
-2.5981569290161133,-0.04031796753406525
-2.598142623901367,-0.04031778499484062
-2.5980167388916016,-0.040316224098205566
-2.5978972911834717,-0.04031474143266678
-2.5977864265441895,-0.04031336307525635
-2.597714900970459,-0.040312476456165314
-2.597393035888672,-0.040308453142642975
-2.595783233642578,-0.04028799757361412
-2.5952038764953613,-0.04028051346540451
-2.594459056854248,-0.04027078300714493
-2.5943992137908936,-0.040269993245601654
-2.594357967376709,-0.040269456803798676
-2.5940494537353516,-0.04026537761092186
-2.5937373638153076,-0.040261246263980865
-2.5936851501464844,-0.04026054963469505
-2.592761278152466,-0.04024817794561386
-2.592738628387451,-0.04024787247180939
-2.592665195465088,-0.040246881544589996
-2.592524528503418,-0.04024497792124748
-2.5922014713287354,-0.04024059325456619
-2.5920450687408447,-0.04023846238851547
-2.5918002128601074,-0.04023512452840805
-2.591747283935547,-0.04023440182209015
-2.5913748741149902,-0.04022928327322006
-2.5913143157958984,-0.04022844508290291
-2.591270923614502,-0.040227849036455154
-2.591132640838623,-0.04022594168782234
-2.5909852981567383,-0.04022391140460968
-2.590502977371216,-0.04021719843149185
-2.5903031826019287,-0.0402144119143486
-2.5896549224853516,-0.040205299854278564
-2.589568614959717,-0.04020407795906067
-2.5895180702209473,-0.04020337015390396
-2.5894932746887207,-0.04020300507545471
-2.5889596939086914,-0.040195439010858536
-2.588783025741577,-0.04019290953874588
-2.588407278060913,-0.0401875302195549
-2.588348150253296,-0.040186673402786255
-2.5880799293518066,-0.04018281027674675
-2.5874197483062744,-0.04017324000597
-2.5862839221954346,-0.040156565606594086
-2.585923194885254,-0.040151212364435196
-2.5853376388549805,-0.040142472833395004
-2.5847134590148926,-0.04013308137655258
-2.5846376419067383,-0.040131933987140656
-2.584348678588867,-0.040127549320459366
-2.584120035171509,-0.0401240773499012
-2.5840187072753906,-0.040122535079717636
-2.583527088165283,-0.04011501371860504
-2.583406448364258,-0.040113162249326706
-2.583312511444092,-0.0401117205619812
-2.5826773643493652,-0.040101900696754456
-2.5823028087615967,-0.04009607806801796
-2.5820136070251465,-0.040091563016176224
-2.582002639770508,-0.040091387927532196
-2.581946849822998,-0.040090516209602356
-2.581941843032837,-0.04009044170379639
-2.5819168090820312,-0.04009004682302475
-2.5817480087280273,-0.04008739814162254
-2.5816421508789062,-0.04008573293685913
-2.581235408782959,-0.040079329162836075
-2.58091139793396,-0.04007420316338539
-2.5806355476379395,-0.0400698184967041
-2.5806291103363037,-0.040069714188575745
-2.580625534057617,-0.04006965830922127
-2.579672336578369,-0.04005439579486847
-2.5792484283447266,-0.040047552436590195
-2.5784945487976074,-0.04003529250621796
-2.5784220695495605,-0.040034111589193344
-2.578153610229492,-0.04002971574664116
-2.5779056549072266,-0.04002564027905464
-2.5776989459991455,-0.040022239089012146
-2.577272653579712,-0.040015190839767456
-2.577023983001709,-0.04001105949282646
-2.576195240020752,-0.039997220039367676
-2.5760905742645264,-0.0399954691529274
-2.5756332874298096,-0.03998775780200958
-2.5755362510681152,-0.03998612239956856
-2.5752410888671875,-0.03998112305998802
-2.574580192565918,-0.03996986523270607
-2.57443904876709,-0.039967454969882965
-2.5743954181671143,-0.03996670991182327
-2.574317455291748,-0.039965368807315826
-2.573739528656006,-0.03995542973279953
-2.573718547821045,-0.03995506837964058
-2.5733723640441895,-0.03994908183813095
-2.573199510574341,-0.03994608297944069
-2.5730929374694824,-0.039944231510162354
-2.572666883468628,-0.039936818182468414
-2.5724782943725586,-0.03993351757526398
-2.572392225265503,-0.0399320051074028
-2.5720553398132324,-0.03992609679698944
-2.5717082023620605,-0.03991998732089996
-2.570143222808838,-0.03989214077591896
-2.569986343383789,-0.03988932445645332
-2.569572687149048,-0.0398818738758564
-2.569519519805908,-0.039880916476249695
-2.5695056915283203,-0.0398806631565094
-2.568857192993164,-0.03986891359090805
-2.568844795227051,-0.039868686348199844
-2.568126916885376,-0.039855584502220154
-2.568061351776123,-0.03985437750816345
-2.56805419921875,-0.03985424339771271
-2.5679078102111816,-0.03985156491398811
-2.5677108764648438,-0.03984794020652771
-2.5676112174987793,-0.039846111088991165
-2.5675551891326904,-0.03984508290886879
-2.5671181678771973,-0.039837006479501724
-2.5669965744018555,-0.039834752678871155
-2.566978931427002,-0.03983442857861519
-2.566793918609619,-0.039830997586250305
-2.56653094291687,-0.039826102554798126
-2.5658090114593506,-0.0398126095533371
-2.5650928020477295,-0.03979913145303726
-2.5649309158325195,-0.039796069264411926
-2.5648181438446045,-0.03979393094778061
-2.5644521713256836,-0.039786990731954575
-2.563950538635254,-0.03977742791175842
-2.563749313354492,-0.03977358341217041
-2.5637216567993164,-0.03977305442094803
-2.5632762908935547,-0.03976450487971306
-2.562943458557129,-0.039758097380399704
-2.5628867149353027,-0.039757002145051956
-2.5628442764282227,-0.039756182581186295
-2.5626490116119385,-0.03975240886211395
-2.561811923980713,-0.039736151695251465
-2.5610599517822266,-0.03972144052386284
-2.560922145843506,-0.03971873223781586
-2.560415744781494,-0.03970874845981598
-2.560176372528076,-0.03970401734113693
-2.5598530769348145,-0.03969760984182358
-2.559581756591797,-0.039692215621471405
-2.5595223903656006,-0.039691027253866196
-2.5586609840393066,-0.039673805236816406
-2.5582525730133057,-0.039665594696998596
-2.558058738708496,-0.03966167941689491
-2.5580530166625977,-0.03966156393289566
-2.557185173034668,-0.03964397683739662
-2.5571608543395996,-0.03964348882436752
-2.5569772720336914,-0.03963973745703697
-2.5569024085998535,-0.0396382175385952
-2.5567116737365723,-0.039634328335523605
-2.556446075439453,-0.03962889686226845
-2.556436538696289,-0.03962869197130203
-2.556403875350952,-0.039628028869628906
-2.555579662322998,-0.039611078798770905
-2.555558204650879,-0.039610642939805984
-2.5552103519439697,-0.039603449404239655
-2.5550031661987305,-0.03959915414452553
-2.554917097091675,-0.039597369730472565
-2.5547666549682617,-0.039594244211912155
-2.5542702674865723,-0.03958390653133392
-2.5542454719543457,-0.03958338871598244
-2.5536835193634033,-0.03957162797451019
-2.5530033111572266,-0.0395573228597641
-2.5527758598327637,-0.03955252096056938
-2.5522894859313965,-0.039542220532894135
-2.552164077758789,-0.039539553225040436
-2.5517807006835938,-0.039531391113996506
-2.551710844039917,-0.03952990472316742
-2.551398992538452,-0.03952324390411377
-2.550926446914673,-0.03951312601566315
-2.5508856773376465,-0.03951225057244301
-2.5508503913879395,-0.039511486887931824
-2.5507357120513916,-0.03950902074575424
-2.549852132797241,-0.039489954710006714
-2.549790143966675,-0.03948860988020897
-2.549320936203003,-0.03947842866182327
-2.5492236614227295,-0.039476312696933746
-2.5490894317626953,-0.039473388344049454
-2.548771381378174,-0.03946644440293312
-2.5478100776672363,-0.03944537043571472
-2.547757863998413,-0.0394442155957222
-2.547633647918701,-0.03944147378206253
-2.547579288482666,-0.039440277963876724
-2.546982765197754,-0.03942708671092987
-2.5462450981140137,-0.03941069170832634
-2.5459368228912354,-0.03940381482243538
-2.5448193550109863,-0.03937873989343643
-2.544654130935669,-0.03937501087784767
-2.544633388519287,-0.039374545216560364
-2.5444564819335938,-0.03937055170536041
-2.5436389446258545,-0.039352014660835266
-2.5435404777526855,-0.03934977576136589
-2.543344259262085,-0.039345305413007736
-2.543013572692871,-0.03933775797486305
-2.542968273162842,-0.03933672606945038
-2.542799472808838,-0.039332859218120575
-2.5427064895629883,-0.03933073207736015
-2.542562246322632,-0.03932742774486542
-2.542281150817871,-0.03932097926735878
-2.5422799587249756,-0.039320945739746094
-2.54215145111084,-0.03931799530982971
-2.541947841644287,-0.03931330889463425
-2.5419020652770996,-0.039312250912189484
-2.541477680206299,-0.03930245712399483
-2.5414509773254395,-0.03930184617638588
-2.5410075187683105,-0.03929157182574272
-2.5403738021850586,-0.039276838302612305
-2.5396718978881836,-0.039260443300008774
-2.539365291595459,-0.03925325348973274
-2.539295196533203,-0.03925160691142082
-2.539085626602173,-0.03924667835235596
-2.538234233856201,-0.03922658786177635
-2.5380489826202393,-0.03922220319509506
-2.537794589996338,-0.039216168224811554
-2.537684440612793,-0.03921355679631233
-2.5376393795013428,-0.039212487637996674
-2.536698341369629,-0.03919004648923874
-2.5365872383117676,-0.03918738663196564
-2.5365333557128906,-0.03918609768152237
-2.536473035812378,-0.039184652268886566
-2.536245584487915,-0.03917919471859932
-2.535836696624756,-0.03916936740279198
-2.5354509353637695,-0.039160069078207016
-2.5345234870910645,-0.039137620478868484
-2.5344276428222656,-0.03913528472185135
-2.534376859664917,-0.03913405165076256
-2.534025192260742,-0.03912549093365669
-2.534003734588623,-0.03912496939301491
-2.5335257053375244,-0.03911329060792923
-2.5331339836120605,-0.03910370171070099
-2.5330209732055664,-0.03910093009471893
-2.532660484313965,-0.03909207135438919
-2.5318074226379395,-0.03907102718949318
-2.53159499168396,-0.03906576707959175
-2.5315375328063965,-0.03906434774398804
-2.5314598083496094,-0.039062414318323135
-2.5304973125457764,-0.03903847187757492
-2.5304813385009766,-0.039038076996803284
-2.530330181121826,-0.039034295827150345
-2.5299229621887207,-0.03902411088347435
-2.529794454574585,-0.03902089223265648
-2.5296974182128906,-0.03901845961809158
-2.5295026302337646,-0.0390135683119297
-2.5289523601531982,-0.03899971395730972
-2.5285964012145996,-0.03899073973298073
-2.5283894538879395,-0.03898550570011139
-2.528203010559082,-0.03898078203201294
-2.527932643890381,-0.03897392749786377
-2.527912139892578,-0.03897341340780258
-2.5265870094299316,-0.03893963247537613
-2.526292085647583,-0.038932085037231445
-2.526280403137207,-0.03893177956342697
-2.5262451171875,-0.038930878043174744
-2.5261383056640625,-0.03892813250422478
-2.525496482849121,-0.03891162574291229
-2.5254392623901367,-0.0389101542532444
-2.5253748893737793,-0.038908496499061584
-2.5249075889587402,-0.03889642655849457
-2.5246188640594482,-0.03888895362615585
-2.5245022773742676,-0.0388859324157238
-2.5242862701416016,-0.03888032212853432
-2.524087429046631,-0.03887515515089035
-2.523937225341797,-0.038871247321367264
-2.5237081050872803,-0.038865283131599426
-2.523405075073242,-0.03885737806558609
-2.522974729537964,-0.038846127688884735
-2.5228586196899414,-0.03884309157729149
-2.522829055786133,-0.03884232044219971
-2.5218868255615234,-0.03881756216287613
-2.5211198329925537,-0.03879731148481369
-2.5208141803741455,-0.038789208978414536
-2.520347833633423,-0.03877682611346245
-2.5197699069976807,-0.038761429488658905
-2.518953561782837,-0.03873959556221962
-2.5189404487609863,-0.03873924911022186
-2.5187036991119385,-0.038732897490262985
-2.5183229446411133,-0.03872266039252281
-2.5180130004882812,-0.03871431201696396
-2.5175013542175293,-0.038700494915246964
-2.517402172088623,-0.03869782015681267
-2.51731538772583,-0.03869546949863434
-2.5173134803771973,-0.03869541734457016
-2.5172834396362305,-0.0386946015059948
-2.5170421600341797,-0.038688063621520996
-2.5161633491516113,-0.038664184510707855
-2.5161519050598145,-0.038663867861032486
-2.516012191772461,-0.038660064339637756
-2.5158557891845703,-0.038655802607536316
-2.5154945850372314,-0.03864593058824539
-2.5150675773620605,-0.03863423317670822
-2.5148730278015137,-0.03862890228629112
-2.5147323608398438,-0.03862503170967102
-2.514176368713379,-0.038609735667705536
-2.51406192779541,-0.038606587797403336
-2.514050006866455,-0.03860625624656677
-2.5140225887298584,-0.038605500012636185
-2.513869524002075,-0.03860127925872803
-2.5136473178863525,-0.03859513998031616
-2.5128512382507324,-0.03857309743762016
-2.5128414630889893,-0.038572825491428375
-2.5124666690826416,-0.038562409579753876
-2.51186466217041,-0.0385456383228302
-2.5117697715759277,-0.03854299336671829
-2.5110607147216797,-0.03852315619587898
-2.5109071731567383,-0.03851884603500366
-2.5101282596588135,-0.0384969562292099
-2.5096795558929443,-0.038484297692775726
-2.509443759918213,-0.03847763314843178
-2.5090155601501465,-0.03846551105380058
-2.509000301361084,-0.03846507892012596
-2.5089282989501953,-0.038463037461042404
-2.508563756942749,-0.038452696055173874
-2.5085573196411133,-0.03845251351594925
-2.508547067642212,-0.03845221921801567
-2.5081779956817627,-0.0384417288005352
-2.5079827308654785,-0.0384361632168293
-2.5076918601989746,-0.038427870720624924
-2.507148265838623,-0.03841233253479004
-2.5064659118652344,-0.038392774760723114
-2.506354808807373,-0.03838958591222763
-2.506152391433716,-0.038383759558200836
-2.506082057952881,-0.03838174045085907
-2.5050811767578125,-0.038352854549884796
-2.504812002182007,-0.03834506869316101
-2.5047640800476074,-0.03834368288516998
-2.503862142562866,-0.038317494094371796
-2.5037550926208496,-0.038314372301101685
-2.5036160945892334,-0.038310326635837555
-2.5030646324157715,-0.0382942333817482
-2.502621650695801,-0.03828127682209015
-2.5024924278259277,-0.03827748820185661
-2.5024895668029785,-0.03827740252017975
-2.5022120475769043,-0.03826926648616791
-2.501652956008911,-0.038252830505371094
-2.501537322998047,-0.0382494293153286
-2.5012261867523193,-0.03824026137590408
-2.500767707824707,-0.03822672367095947
-2.500291347503662,-0.038212623447179794
-2.5001306533813477,-0.03820786252617836
-2.499799966812134,-0.03819805011153221
-2.4996042251586914,-0.03819223865866661
-2.4994070529937744,-0.03818637132644653
-2.4992763996124268,-0.03818248212337494
-2.498936653137207,-0.03817236050963402
-2.4988181591033936,-0.03816882148385048
-2.4986495971679688,-0.038163792341947556
-2.498617649078369,-0.03816283866763115
-2.4984889030456543,-0.03815899416804314
-2.498277187347412,-0.03815265744924545
-2.49822735786438,-0.03815116733312607
-2.497772455215454,-0.03813754394650459
-2.496870517730713,-0.038110435009002686
-2.4963326454162598,-0.038094207644462585
-2.4961161613464355,-0.03808767348527908
-2.495997905731201,-0.03808409720659256
-2.495912551879883,-0.03808151185512543
-2.495849609375,-0.038079604506492615
-2.495379686355591,-0.03806537017226219
-2.495363235473633,-0.0380648709833622
-2.494363307952881,-0.03803446888923645
-2.49411678314209,-0.038026951253414154
-2.4936892986297607,-0.038013897836208344
-2.493536949157715,-0.038009241223335266
-2.4933876991271973,-0.03800467029213905
-2.492530345916748,-0.03797837346792221
-2.4914145469665527,-0.037943996489048004
-2.4913535118103027,-0.03794211521744728
-2.491273880004883,-0.0379396453499794
-2.4912705421447754,-0.037939541041851044
-2.491037368774414,-0.03793233260512352
-2.4908885955810547,-0.03792773187160492
-2.4904727935791016,-0.03791484236717224
-2.4901978969573975,-0.03790631145238876
-2.4896247386932373,-0.03788848966360092
-2.489590644836426,-0.03788742795586586
-2.4894747734069824,-0.03788381814956665
-2.4890263080596924,-0.037869829684495926
-2.4886624813079834,-0.03785846009850502
-2.4881277084350586,-0.037841714918613434
-2.488081455230713,-0.03784026578068733
-2.4870619773864746,-0.03780823573470116
-2.48702335357666,-0.037807028740644455
-2.4869260787963867,-0.037803955376148224
-2.486478567123413,-0.03778984397649765
-2.48576021194458,-0.03776713088154793
-2.485713005065918,-0.037765637040138245
-2.485703229904175,-0.03776532784104347
-2.4856295585632324,-0.03776299208402634
-2.4855475425720215,-0.03776039928197861
-2.4854230880737305,-0.03775644674897194
-2.4854207038879395,-0.03775637224316597
-2.484856605529785,-0.03773846477270126
-2.484800338745117,-0.0377366729080677
-2.484393358230591,-0.03772372379899025
-2.483548641204834,-0.03769676759839058
-2.483128547668457,-0.03768332675099373
-2.4830565452575684,-0.03768102079629898
-2.4829812049865723,-0.03767860680818558
-2.482968807220459,-0.03767821192741394
-2.4827778339385986,-0.037672095000743866
-2.4820661544799805,-0.037649232894182205
-2.4820151329040527,-0.03764759749174118
-2.481050968170166,-0.037616513669490814
-2.4810237884521484,-0.03761563450098038
-2.480225086212158,-0.037589795887470245
-2.4802026748657227,-0.03758906200528145
-2.480177640914917,-0.03758825734257698
-2.4800848960876465,-0.03758524730801582
-2.4798715114593506,-0.03757832944393158
-2.479823112487793,-0.03757676109671593
-2.479457378387451,-0.037564873695373535
-2.479268789291382,-0.03755874186754227
-2.478832960128784,-0.03754454851150513
-2.478250503540039,-0.03752554953098297
-2.4780502319335938,-0.03751899674534798
-2.4777650833129883,-0.037509672343730927
-2.4776506423950195,-0.037505924701690674
-2.4766197204589844,-0.03747209906578064
-2.47650146484375,-0.03746820613741875
-2.47554349899292,-0.03743663802742958
-2.475128173828125,-0.03742291033267975
-2.4746997356414795,-0.0374087318778038
-2.4745285511016846,-0.03740306198596954
-2.4741764068603516,-0.03739137947559357
-2.4738402366638184,-0.03738021105527878
-2.4736297130584717,-0.03737320750951767
-2.4733123779296875,-0.03736264631152153
-2.473252296447754,-0.03736064210534096
-2.4730100631713867,-0.03735257685184479
-2.472897529602051,-0.03734881803393364
-2.47271728515625,-0.037342801690101624
-2.4724225997924805,-0.03733295947313309
-2.4723806381225586,-0.037331558763980865
-2.4722962379455566,-0.03732874244451523
-2.4721732139587402,-0.03732462599873543
-2.471705913543701,-0.03730897605419159
-2.471557378768921,-0.037303999066352844
-2.470958948135376,-0.03728391230106354
-2.470776081085205,-0.037277765572071075
-2.470341920852661,-0.03726314753293991
-2.4702799320220947,-0.03726106509566307
-2.469895124435425,-0.03724808990955353
-2.4698667526245117,-0.03724713623523712
-2.469409942626953,-0.03723170608282089
-2.4689531326293945,-0.03721625730395317
-2.468827724456787,-0.037212006747722626
-2.468550682067871,-0.0372026152908802
-2.4672207832336426,-0.037157416343688965
-2.46687388420105,-0.03714558482170105
-2.46685791015625,-0.037145040929317474
-2.4666929244995117,-0.0371394120156765
-2.46612548828125,-0.037120021879673004
-2.465885639190674,-0.037111811339855194
-2.465773344039917,-0.03710796684026718
-2.4655075073242188,-0.03709886223077774
-2.4653735160827637,-0.03709426522254944
-2.4649930000305176,-0.03708120435476303
-2.4645752906799316,-0.03706683963537216
-2.464552879333496,-0.03706607595086098
-2.464247226715088,-0.03705555573105812
-2.4639902114868164,-0.03704670071601868
-2.463909149169922,-0.03704390302300453
-2.4634580612182617,-0.037028342485427856
-2.4629011154174805,-0.037009093910455704
-2.4627599716186523,-0.037004198879003525
-2.4623851776123047,-0.036991219967603683
-2.462247371673584,-0.036986444145441055
-2.4619698524475098,-0.03697681427001953
-2.4615676403045654,-0.0369628444314003
-2.4610767364501953,-0.03694576397538185
-2.4610767364501953,-0.03694576397538185
-2.4608359336853027,-0.036937374621629715
-2.460568904876709,-0.03692806512117386
-2.4593563079833984,-0.03688567876815796
-2.4592907428741455,-0.03688338026404381
-2.458487033843994,-0.03685518354177475
-2.457653045654297,-0.03682584688067436
-2.4571049213409424,-0.03680652379989624
-2.4570765495300293,-0.036805517971515656
-2.456962823867798,-0.03680150583386421
-2.4568305015563965,-0.03679683059453964
-2.4565749168395996,-0.03678780049085617
-2.4565072059631348,-0.03678540140390396
-2.456467390060425,-0.03678399324417114
-2.4562506675720215,-0.03677632659673691
-2.456055164337158,-0.036769405007362366
-2.4560251235961914,-0.0367683470249176
-2.4556050300598145,-0.03675345703959465
-2.4555907249450684,-0.03675295040011406
-2.455206871032715,-0.036739323288202286
-2.45503568649292,-0.036733243614435196
-2.454866886138916,-0.03672724589705467
-2.4546589851379395,-0.036719851195812225
-2.454378604888916,-0.03670986741781235
-2.4540517330169678,-0.036698222160339355
-2.4539406299591064,-0.03669426217675209
-2.4537558555603027,-0.03668767586350441
-2.4537172317504883,-0.036686286330223083
-2.4522128105163574,-0.0366324745118618
-2.4521265029907227,-0.03662937879562378
-2.45161771774292,-0.03661112114787102
-2.4515364170074463,-0.036608196794986725
-2.451486110687256,-0.03660638630390167
-2.4514851570129395,-0.036606356501579285
-2.450819969177246,-0.03658241778612137
-2.4503607749938965,-0.0365658663213253
-2.4503490924835205,-0.036565445363521576
-2.450112819671631,-0.036556925624608994
-2.4499778747558594,-0.03655204921960831
-2.449735164642334,-0.03654327988624573
-2.4493346214294434,-0.036528803408145905
-2.448667526245117,-0.036504633724689484
-2.447509288787842,-0.03646256402134895
-2.4469680786132812,-0.03644285351037979
-2.446767807006836,-0.03643554449081421
-2.4467384815216064,-0.03643447905778885
-2.4459095001220703,-0.03640420734882355
-2.4458847045898438,-0.03640329837799072
-2.4457578659057617,-0.03639866039156914
-2.4452271461486816,-0.03637922927737236
-2.4452102184295654,-0.036378610879182816
-2.445138454437256,-0.036375973373651505
-2.4450063705444336,-0.0363711342215538
-2.4449920654296875,-0.03637061268091202
-2.4447336196899414,-0.03636113554239273
-2.444365978240967,-0.036347635090351105
-2.443638801574707,-0.03632088750600815
-2.44356107711792,-0.036318033933639526
-2.4425480365753174,-0.03628066927194595
-2.44228196144104,-0.03627083823084831
-2.442265033721924,-0.03627021610736847
-2.4420371055603027,-0.03626178577542305
-2.442026138305664,-0.03626137971878052
-2.4417102336883545,-0.036249689757823944
-2.441610336303711,-0.03624599426984787
-2.4413955211639404,-0.036238037049770355
-2.4412760734558105,-0.036233603954315186
-2.440803050994873,-0.03621605783700943
-2.4404799938201904,-0.036204058676958084
-2.4404430389404297,-0.03620268777012825
-2.440319776535034,-0.03619810938835144
-2.4399142265319824,-0.03618301823735237
-2.439443349838257,-0.03616548702120781
-2.4383139610290527,-0.03612333536148071
-2.438030481338501,-0.03611272573471069
-2.4379236698150635,-0.03610873222351074
-2.4379091262817383,-0.03610818833112717
-2.4373950958251953,-0.036088936030864716
-2.4373724460601807,-0.03608809411525726
-2.4372472763061523,-0.036083392798900604
-2.437082052230835,-0.036077193915843964
-2.4362032413482666,-0.03604418784379959
-2.4355316162109375,-0.03601891174912453
-2.43530535697937,-0.03601038083434105
-2.435270071029663,-0.0360090546309948
-2.4351420402526855,-0.03600423038005829
-2.4349093437194824,-0.035995446145534515
-2.4347848892211914,-0.035990744829177856
-2.4341371059417725,-0.03596627339720726
-2.4341042041778564,-0.035965025424957275
-2.4338624477386475,-0.03595587983727455
-2.433473587036133,-0.03594115376472473
-2.433417797088623,-0.035939037799835205
-2.4333481788635254,-0.035936396569013596
-2.4329328536987305,-0.035920657217502594
-2.432776927947998,-0.03591473400592804
-2.432673692703247,-0.03591081500053406
-2.4324989318847656,-0.0359041765332222
-2.431920289993286,-0.03588218241930008
-2.4300246238708496,-0.03580987825989723
-2.430001735687256,-0.035809002816677094
-2.429036855697632,-0.035772062838077545
-2.4287431240081787,-0.035760797560214996
-2.4287357330322266,-0.03576051443815231
-2.4286746978759766,-0.03575816750526428
-2.428647041320801,-0.03575710579752922
-2.4282164573669434,-0.035740576684474945
-2.428145408630371,-0.03573784977197647
-2.4279346466064453,-0.035729747265577316
-2.4273488521575928,-0.03570720925927162
-2.4271631240844727,-0.035700052976608276
-2.4269487857818604,-0.035691797733306885
-2.4267830848693848,-0.03568541258573532
-2.425929546356201,-0.035652466118335724
-2.4252846240997314,-0.03562752157449722
-2.425260066986084,-0.035626575350761414
-2.4251480102539062,-0.035622235387563705
-2.4250078201293945,-0.035616807639598846
-2.4248440265655518,-0.03561045974493027
-2.424546718597412,-0.035598933696746826
-2.4243862628936768,-0.03559271618723869
-2.4241058826446533,-0.035581834614276886
-2.423672676086426,-0.03556501492857933
-2.4234704971313477,-0.03555714711546898
-2.423469066619873,-0.0355570912361145
-2.423463821411133,-0.03555688634514809
-2.423405647277832,-0.03555463254451752
-2.423196792602539,-0.03554650396108627
-2.422929525375366,-0.03553610295057297
-2.4226901531219482,-0.035526782274246216
-2.42250394821167,-0.03551952913403511
-2.4221372604370117,-0.03550523519515991
-2.4209070205688477,-0.035457171499729156
-2.4203717708587646,-0.03543622046709061
-2.4201645851135254,-0.03542809933423996
-2.419797897338867,-0.035413727164268494
-2.4196596145629883,-0.035408295691013336
-2.4193079471588135,-0.03539449721574783
-2.4191629886627197,-0.035388801246881485
-2.4190573692321777,-0.0353846475481987
-2.4189634323120117,-0.035380955785512924
-2.418800115585327,-0.035374537110328674
-2.418696403503418,-0.03537046164274216
-2.418132781982422,-0.035348281264305115
-2.4179611206054688,-0.03534151241183281
-2.416978359222412,-0.03530275821685791
-2.4166762828826904,-0.03529081866145134
-2.416510581970215,-0.035284269601106644
-2.4163193702697754,-0.035276710987091064
-2.4162635803222656,-0.03527450188994408
-2.4150137901306152,-0.035225000232458115
-2.4146065711975098,-0.035208843648433685
-2.4146063327789307,-0.03520882874727249
-2.414569616317749,-0.035207368433475494
-2.4142673015594482,-0.03519536554813385
-2.4138777256011963,-0.03517988324165344
-2.4138059616088867,-0.03517702594399452
-2.412855863571167,-0.035139188170433044
-2.412748336791992,-0.03513490408658981
-2.412247657775879,-0.03511493280529976
-2.4118824005126953,-0.03510034829378128
-2.411255359649658,-0.03507528454065323
-2.411160945892334,-0.03507150337100029
-2.4111275672912598,-0.03507017344236374
-2.410510540008545,-0.03504546731710434
-2.4103267192840576,-0.035038094967603683
-2.410322427749634,-0.03503793105483055
-2.4099645614624023,-0.03502357378602028
-2.409818649291992,-0.035017725080251694
-2.409579277038574,-0.03500811755657196
-2.408924102783203,-0.03498178720474243
-2.408921241760254,-0.03498167544603348
-2.4087955951690674,-0.034976620227098465
-2.408775806427002,-0.034975819289684296
-2.4087562561035156,-0.03497504070401192
-2.4083683490753174,-0.03495943173766136
-2.4079766273498535,-0.034943655133247375
-2.4078474044799805,-0.03493845462799072
-2.4065301418304443,-0.03488529101014137
-2.4063544273376465,-0.034878190606832504
-2.406342029571533,-0.03487768769264221
-2.4062108993530273,-0.0348723866045475
-2.4060325622558594,-0.03486517816781998
-2.4059720039367676,-0.03486272320151329
-2.4058213233947754,-0.03485662490129471
-2.405346393585205,-0.03483739495277405
-2.405144691467285,-0.03482922166585922
-2.4049324989318848,-0.034820619970560074
-2.4047207832336426,-0.03481203317642212
-2.404674530029297,-0.03481015935540199
-2.4035110473632812,-0.034762900322675705
-2.403391122817993,-0.03475802019238472
-2.4031615257263184,-0.034748684614896774
-2.402196168899536,-0.03470936417579651
-2.4013891220092773,-0.03467642515897751
-2.4011359214782715,-0.03466608375310898
-2.400824785232544,-0.03465336561203003
-2.4007210731506348,-0.03464912623167038
-2.400714874267578,-0.034648869186639786
-2.4004101753234863,-0.03463640436530113
-2.4003682136535645,-0.03463468700647354
-2.40036678314209,-0.034634631127119064
-2.3995821475982666,-0.03460249304771423
-2.3994767665863037,-0.034598175436258316
-2.3994412422180176,-0.03459671512246132
-2.3991127014160156,-0.03458324819803238
-2.398750066757202,-0.034568361937999725
-2.39831280708313,-0.03455039858818054
-2.398294448852539,-0.03454964607954025
-2.3980331420898438,-0.034538909792900085
-2.397942543029785,-0.034535184502601624
-2.3976991176605225,-0.03452517092227936
-2.39603328704834,-0.034456536173820496
-2.39581036567688,-0.034447330981492996
-2.3957901000976562,-0.03444649651646614
-2.3955209255218506,-0.03443538025021553
-2.3951292037963867,-0.034419190138578415
-2.394200563430786,-0.03438077121973038
-2.393603801727295,-0.03435604274272919
-2.393545627593994,-0.03435363247990608
-2.3934683799743652,-0.034350425004959106
-2.393376111984253,-0.03434659540653229
-2.393333911895752,-0.03434485197067261
-2.393310070037842,-0.03434386104345322
-2.392460584640503,-0.03430859372019768
-2.39239501953125,-0.0343058705329895
-2.3922958374023438,-0.0343017503619194
-2.3922863006591797,-0.03430134803056717
-2.392101764678955,-0.034293681383132935
-2.3919005393981934,-0.03428531438112259
-2.3917734622955322,-0.03428003191947937
-2.391265869140625,-0.03425890952348709
-2.3909921646118164,-0.0342475064098835
-2.3906915187835693,-0.03423498198390007
-2.390172243118286,-0.03421332687139511
-2.390129804611206,-0.03421155363321304
-2.3897128105163574,-0.03419414907693863
-2.389556884765625,-0.03418763726949692
-2.389345169067383,-0.03417879343032837
-2.389319896697998,-0.034177739173173904
-2.3886704444885254,-0.034150589257478714
-2.3875958919525146,-0.03410559892654419
-2.3875060081481934,-0.03410183638334274
-2.3872365951538086,-0.03409053385257721
-2.387119770050049,-0.03408563509583473
-2.3863816261291504,-0.03405465930700302
-2.3863754272460938,-0.03405440226197243
-2.3862905502319336,-0.0340508334338665
-2.3862342834472656,-0.034048471599817276
-2.386052131652832,-0.03404081612825394
-2.3859262466430664,-0.03403552621603012
-2.385648250579834,-0.034023843705654144
-2.3856396675109863,-0.034023478627204895
-2.384756565093994,-0.03398631885647774
-2.384596347808838,-0.03397957235574722
-2.3843343257904053,-0.03396853059530258
-2.3842313289642334,-0.03396419435739517
-2.3828635215759277,-0.0339064747095108
-2.382835865020752,-0.033905304968357086
-2.382415771484375,-0.03388755023479462
-2.3819572925567627,-0.033868156373500824
-2.381744623184204,-0.03385915607213974
-2.3816487789154053,-0.03385510295629501
-2.381556510925293,-0.03385119512677193
-2.3813257217407227,-0.033841416239738464
-2.380965232849121,-0.03382615000009537
-2.3800621032714844,-0.03378785029053688
-2.379997730255127,-0.03378511592745781
-2.379840612411499,-0.033778443932533264
-2.3795664310455322,-0.03376680612564087
-2.3789031505584717,-0.03373861312866211
-2.3775582313537598,-0.03368137404322624
-2.3770620822906494,-0.033660221844911575
-2.377030372619629,-0.03365887328982353
-2.3769595623016357,-0.03365585207939148
-2.376904249191284,-0.03365349397063255
-2.3767261505126953,-0.03364590182900429
-2.3766510486602783,-0.03364269435405731
-2.3766303062438965,-0.03364180773496628
-2.3764607906341553,-0.033634576946496964
-2.376434564590454,-0.033633455634117126
-2.3761849403381348,-0.03362279385328293
-2.3760805130004883,-0.03361833840608597
-2.375979423522949,-0.03361402079463005
-2.3754281997680664,-0.033590465784072876
-2.3753514289855957,-0.03358718380331993
-2.374690532684326,-0.033558912575244904
-2.374525547027588,-0.03355184942483902
-2.3740317821502686,-0.03353070467710495
-2.3736491203308105,-0.03351430594921112
-2.3735485076904297,-0.0335099995136261
-2.373107671737671,-0.033491093665361404
-2.373068332672119,-0.0334894023835659
-2.372734785079956,-0.03347508981823921
-2.372398853302002,-0.033460669219493866
-2.3722825050354004,-0.03345566615462303
-2.3718066215515137,-0.03343522548675537
-2.3715507984161377,-0.03342422470450401
-2.3713836669921875,-0.03341703861951828
-2.370760917663574,-0.03339024633169174
-2.370602607727051,-0.03338342905044556
-2.370419979095459,-0.033375564962625504
-2.3694844245910645,-0.03333524242043495
-2.368887424468994,-0.033309489488601685
-2.3688011169433594,-0.03330576419830322
-2.368488311767578,-0.033292256295681
-2.3679800033569336,-0.033270299434661865
-2.367863178253174,-0.03326524794101715
-2.3677175045013428,-0.03325895220041275
-2.367495536804199,-0.033249352127313614
-2.367257595062256,-0.033239059150218964
-2.367159843444824,-0.03323483094573021
-2.366619825363159,-0.03321145474910736
-2.3658814430236816,-0.03317946940660477
-2.3657846450805664,-0.0331752747297287
-2.3657679557800293,-0.0331745520234108
-2.3652706146240234,-0.0331529900431633
-2.3648557662963867,-0.033134981989860535
-2.3641700744628906,-0.03310520946979523
-2.3640832901000977,-0.033101439476013184
-2.3638625144958496,-0.033091843128204346
-2.363844633102417,-0.033091068267822266
-2.3633413314819336,-0.0330691821873188
-2.3629982471466064,-0.03305426239967346
-2.362949848175049,-0.03305215761065483
-2.3629403114318848,-0.0330517403781414
-2.362760543823242,-0.03304391726851463
-2.3620622158050537,-0.03301351144909859
-2.3618218898773193,-0.03300303965806961
-2.3616530895233154,-0.03299567848443985
-2.360771656036377,-0.03295724093914032
-2.360154628753662,-0.03293031081557274
-2.360084056854248,-0.03292722627520561
-2.3596763610839844,-0.032909415662288666
-2.3593897819519043,-0.03289688378572464
-2.359224319458008,-0.032889656722545624
-2.3588037490844727,-0.03287126123905182
-2.3587684631347656,-0.03286971524357796
-2.358531951904297,-0.03285936638712883
-2.358393430709839,-0.03285330533981323
-2.3582427501678467,-0.032846711575984955
-2.3580594062805176,-0.03283868730068207
-2.3579208850860596,-0.03283261880278587
-2.357914686203003,-0.032832346856594086
-2.3579039573669434,-0.03283187747001648
-2.357513904571533,-0.032814789563417435
-2.3571767807006836,-0.032800011336803436
-2.3571205139160156,-0.032797545194625854
-2.357118844985962,-0.032797474414110184
-2.3548827171325684,-0.03269932046532631
-2.3548531532287598,-0.032698020339012146
-2.35473895072937,-0.03269299864768982
-2.3543615341186523,-0.03267640620470047
-2.3540215492248535,-0.032661449164152145
-2.353729248046875,-0.032648585736751556
-2.3533267974853516,-0.03263086453080177
-2.3530097007751465,-0.03261689841747284
-2.352971315383911,-0.032615214586257935
-2.352689743041992,-0.032602809369564056
-2.352588653564453,-0.032598353922367096
-2.352478504180908,-0.0325934961438179
-2.352410078048706,-0.03259047865867615
-2.352080821990967,-0.03257596492767334
-2.3520126342773438,-0.032572947442531586
-2.3519649505615234,-0.03257085382938385
-2.350478410720825,-0.03250523656606674
-2.3501977920532227,-0.03249283879995346
-2.350116491317749,-0.032489243894815445
-2.350050926208496,-0.03248634561896324
-2.349989414215088,-0.032483626157045364
-2.3498384952545166,-0.03247695788741112
-2.3498196601867676,-0.032476119697093964
-2.349083185195923,-0.03244354948401451
-2.3489599227905273,-0.03243809565901756
-2.348700761795044,-0.0324266254901886
-2.347860336303711,-0.032389406114816666
-2.347764492034912,-0.03238515928387642
-2.3469886779785156,-0.03235077112913132
-2.346658706665039,-0.03233613073825836
-2.345637798309326,-0.03229082375764847
-2.345423698425293,-0.032281313091516495
-2.3451969623565674,-0.03227124363183975
-2.3451969623565674,-0.03227124363183975
-2.34470796585083,-0.032249510288238525
-2.344203472137451,-0.03222707659006119
-2.3440122604370117,-0.0322185717523098
-2.3438868522644043,-0.032212994992733
-2.3438048362731934,-0.03220934420824051
-2.343228816986084,-0.03218371048569679
-2.34309983253479,-0.032177962362766266
-2.342874050140381,-0.03216790780425072
-2.3428008556365967,-0.03216464817523956
-2.3422865867614746,-0.03214174136519432
-2.3419601917266846,-0.03212719410657883
-2.3417110443115234,-0.03211608901619911
-2.3415584564208984,-0.03210928291082382
-2.3414862155914307,-0.03210606426000595
-2.341465950012207,-0.032105159014463425
-2.34141206741333,-0.03210274875164032
-2.3411808013916016,-0.03209243714809418
-2.3402671813964844,-0.03205166757106781
-2.339836835861206,-0.03203244507312775
-2.339491844177246,-0.03201704099774361
-2.3393919467926025,-0.03201257437467575
-2.339118719100952,-0.032000359147787094
-2.338709831237793,-0.03198207914829254
-2.3387017250061035,-0.03198171406984329
-2.338628053665161,-0.03197842836380005
-2.3385472297668457,-0.031974807381629944
-2.338517427444458,-0.031973473727703094
-2.3384509086608887,-0.03197050094604492
-2.33662748336792,-0.03188887983560562
-2.3365397453308105,-0.031884949654340744
-2.3361363410949707,-0.03186687082052231
-2.3361048698425293,-0.03186546266078949
-2.3359968662261963,-0.03186061978340149
-2.3359949588775635,-0.031860534101724625
-2.335618495941162,-0.03184365853667259
-2.335566520690918,-0.03184132277965546
-2.3350636959075928,-0.03181877359747887
-2.3343698978424072,-0.03178763389587402
-2.333779811859131,-0.03176113963127136
-2.3337771892547607,-0.03176102042198181
-2.333343982696533,-0.03174156695604324
-2.3325588703155518,-0.031706277281045914
-2.332254648208618,-0.03169259801506996
-2.3319251537323,-0.03167778253555298
-2.33182954788208,-0.031673479825258255
-2.331605911254883,-0.03166341781616211
-2.3312628269195557,-0.03164798393845558
-2.331193447113037,-0.031644854694604874
-2.3308472633361816,-0.03162927180528641
-2.3308122158050537,-0.03162769600749016
-2.3304879665374756,-0.03161308914422989
-2.3302884101867676,-0.03160410374403
-2.3297948837280273,-0.03158187121152878
-2.3288893699645996,-0.03154104948043823
-2.328739643096924,-0.03153429925441742
-2.328585147857666,-0.0315273217856884
-2.328240394592285,-0.03151177614927292
-2.327848196029663,-0.03149408474564552
-2.3274054527282715,-0.031474098563194275
-2.3271279335021973,-0.03146156296133995
-2.3267312049865723,-0.03144364804029465
-2.3266289234161377,-0.031439028680324554
-2.32662034034729,-0.031438641250133514
-2.3264505863189697,-0.03143097087740898
-2.326298952102661,-0.03142412006855011
-2.3255906105041504,-0.03139210492372513
-2.325392007827759,-0.031383126974105835
-2.3253605365753174,-0.03138170391321182
-2.325343608856201,-0.03138093650341034
-2.3245368003845215,-0.031344447284936905
-2.3244340419769287,-0.03133980184793472
-2.324094295501709,-0.03132442384958267
-2.3239259719848633,-0.031316809356212616
-2.3238396644592285,-0.03131289780139923
-2.323164224624634,-0.03128231689333916
-2.3229293823242188,-0.03127168118953705
-2.322685956954956,-0.0312606543302536
-2.322486400604248,-0.03125161677598953
-2.322445869445801,-0.031249776482582092
-2.3221192359924316,-0.031234975904226303
-2.3214244842529297,-0.031203480437397957
-2.3213672637939453,-0.031200889497995377
-2.321268081665039,-0.031196389347314835
-2.321255922317505,-0.03119583986699581
-2.3211822509765625,-0.031192496418952942
-2.3205394744873047,-0.03116334229707718
-2.320422410964966,-0.031158030033111572
-2.3203701972961426,-0.03115566074848175
-2.3201565742492676,-0.031145967543125153
-2.318594455718994,-0.031075041741132736
-2.3182590007781982,-0.03105980157852173
-2.3178679943084717,-0.031042035669088364
-2.3177642822265625,-0.031037315726280212
-2.3174362182617188,-0.031022408977150917
-2.3173415660858154,-0.031018100678920746
-2.31732177734375,-0.031017206609249115
-2.3167550563812256,-0.030991438776254654
-2.316317319869995,-0.030971523374319077
-2.315876007080078,-0.030951444059610367
-2.3156800270080566,-0.030942527577280998
-2.315614938735962,-0.03093956783413887
-2.31498122215271,-0.03091072291135788
-2.3147871494293213,-0.03090188279747963
-2.314035415649414,-0.030867651104927063
-2.313655376434326,-0.030850332230329514
-2.3132593631744385,-0.03083229251205921
-2.3132362365722656,-0.030831240117549896
-2.313197135925293,-0.030829455703496933
-2.3131165504455566,-0.03082578256726265
-2.312904119491577,-0.030816102400422096
-2.3128504753112793,-0.030813656747341156
-2.3128209114074707,-0.030812306329607964
-2.3124451637268066,-0.030795175582170486
-2.312417507171631,-0.030793918296694756
-2.3120527267456055,-0.030777286738157272
-2.3120036125183105,-0.0307750403881073
-2.311619281768799,-0.030757514759898186
-2.3107757568359375,-0.030719030648469925
-2.3101348876953125,-0.030689777806401253
-2.3095717430114746,-0.030664071440696716
-2.3085551261901855,-0.03061763569712639
-2.308077335357666,-0.0305958054959774
-2.3078174591064453,-0.030583929270505905
-2.3077456951141357,-0.03058065101504326
-2.3076558113098145,-0.030576542019844055
-2.3075757026672363,-0.030572881922125816
-2.3073697090148926,-0.030563464388251305
-2.3073267936706543,-0.030561504885554314
-2.3071603775024414,-0.030553897842764854
-2.3067870140075684,-0.030536826699972153
-2.306596040725708,-0.030528094619512558
-2.3060479164123535,-0.03050302527844906
-2.305901288986206,-0.030496321618556976
-2.305844783782959,-0.030493736267089844
-2.30568790435791,-0.030486557632684708
-2.305243968963623,-0.030466243624687195
-2.304824113845825,-0.030447030439972878
-2.3045172691345215,-0.030432991683483124
-2.304415702819824,-0.030428338795900345
-2.3037874698638916,-0.03039957955479622
-2.3033509254455566,-0.03037959150969982
-2.303229331970215,-0.03037402033805847
-2.3031885623931885,-0.030372153967618942
-2.3031740188598633,-0.030371490865945816
-2.3031346797943115,-0.030369684100151062
-2.3024964332580566,-0.03034045174717903
-2.3020334243774414,-0.03031924180686474
-2.3017501831054688,-0.030306261032819748
-2.301701784133911,-0.030304046347737312
-2.3014910221099854,-0.030294382944703102
-2.3013176918029785,-0.030286438763141632
-2.301046848297119,-0.030274027958512306
-2.3010172843933105,-0.030272673815488815
-2.300891637802124,-0.030266910791397095
-2.2993555068969727,-0.030196476727724075
-2.2988970279693604,-0.03017544560134411
-2.298879384994507,-0.030174635350704193
-2.298530101776123,-0.03015861287713051
-2.297959089279175,-0.030132409185171127
-2.2976903915405273,-0.03012007474899292
-2.29752254486084,-0.030112382024526596
-2.296833038330078,-0.030080728232860565
-2.296793222427368,-0.03007889911532402
-2.296374797821045,-0.030059687793254852
-2.2963454723358154,-0.030058346688747406
-2.2962329387664795,-0.03005317598581314
-2.2955808639526367,-0.030023232102394104
-2.29518985748291,-0.03000527247786522
-2.2950358390808105,-0.02999819815158844
-2.295015335083008,-0.02999725751578808
-2.294924020767212,-0.02999306097626686
-2.2946438789367676,-0.029980193823575974
-2.294614791870117,-0.029978860169649124
-2.29451322555542,-0.029974190518260002
-2.294370174407959,-0.029967620968818665
-2.2940261363983154,-0.02995181456208229
-2.2938473224639893,-0.029943600296974182
-2.293776512145996,-0.029940346255898476
-2.291703701019287,-0.029845070093870163
-2.291015148162842,-0.029813414439558983
-2.2903671264648438,-0.029783613979816437
-2.290292263031006,-0.02978016808629036
-2.290114402770996,-0.029771985486149788
-2.2898130416870117,-0.02975812740623951
-2.2896409034729004,-0.02975020930171013
-2.28955078125,-0.02974606677889824
-2.2891011238098145,-0.02972538024187088
-2.2890799045562744,-0.029724404215812683
-2.2890214920043945,-0.029721714556217194
-2.288844347000122,-0.02971356362104416
-2.288601875305176,-0.029702410101890564
-2.288374662399292,-0.02969195693731308
-2.288271903991699,-0.029687225818634033
-2.288151741027832,-0.029681699350476265
-2.288033962249756,-0.029676280915737152
-2.2878475189208984,-0.029667699709534645
-2.287830352783203,-0.029666908085346222
-2.2876687049865723,-0.029659470543265343
-2.2874608039855957,-0.029649905860424042
-2.28708553314209,-0.029632635414600372
-2.286892890930176,-0.029623765498399734
-2.2862813472747803,-0.029595617204904556
-2.2857472896575928,-0.029571034014225006
-2.285719633102417,-0.029569759964942932
-2.2854442596435547,-0.029557086527347565
-2.2851619720458984,-0.029544085264205933
-2.28487491607666,-0.029530871659517288
-2.2847256660461426,-0.029523998498916626
-2.2845730781555176,-0.029516972601413727
-2.284334659576416,-0.02950599417090416
-2.283144950866699,-0.02945121005177498
-2.2831239700317383,-0.02945024147629738
-2.2827446460723877,-0.02943277731537819
-2.282470703125,-0.0294201597571373
-2.282453775405884,-0.02941937744617462
-2.2813880443573,-0.02937028929591179
-2.2809648513793945,-0.029350794851779938
-2.2808022499084473,-0.02934330329298973
-2.2804670333862305,-0.029327858239412308
-2.2802844047546387,-0.02931944653391838
-2.2797341346740723,-0.02929409220814705
-2.2792344093322754,-0.029271069914102554
-2.2792108058929443,-0.029269982129335403
-2.2787110805511475,-0.02924695611000061
-2.2786576747894287,-0.029244497418403625
-2.278139114379883,-0.02922060340642929
-2.2777724266052246,-0.029203705489635468
-2.277564287185669,-0.029194116592407227
-2.277524709701538,-0.02919229492545128
-2.2773773670196533,-0.029185503721237183
-2.2766599655151367,-0.02915244549512863
-2.276588201522827,-0.029149137437343597
-2.276508331298828,-0.029145456850528717
-2.2764673233032227,-0.029143568128347397
-2.2762410640716553,-0.029133137315511703
-2.2759780883789062,-0.029121022671461105
-2.2757182121276855,-0.0291090477257967
-2.2752199172973633,-0.02908608317375183
-2.274892807006836,-0.029071006923913956
-2.274303436279297,-0.02904384769499302
-2.2742562294006348,-0.029041673988103867
-2.273461103439331,-0.029005026444792747
-2.2733261585235596,-0.028998807072639465
-2.2731034755706787,-0.028988545760512352
-2.2730050086975098,-0.028984006494283676
-2.2726027965545654,-0.028965473175048828
-2.2722675800323486,-0.028950022533535957
-2.2720282077789307,-0.028938986361026764
-2.2713255882263184,-0.02890660986304283
-2.2713184356689453,-0.028906280174851418
-2.2705202102661133,-0.028869494795799255
-2.2703893184661865,-0.028863463550806046
-2.270333766937256,-0.028860900551080704
-2.270273208618164,-0.028858110308647156
-2.270138740539551,-0.028851911425590515
-2.2700483798980713,-0.028847750276327133
-2.269505500793457,-0.028822731226682663
-2.2692599296569824,-0.028811415657401085
-2.269179105758667,-0.02880769595503807
-2.268749952316284,-0.02878791280090809
-2.2682547569274902,-0.028765099123120308
-2.2681145668029785,-0.028758637607097626
-2.2680814266204834,-0.028757110238075256
-2.2679331302642822,-0.028750278055667877
-2.267664909362793,-0.02873792126774788
-2.2673768997192383,-0.02872464805841446
-2.267190456390381,-0.028716057538986206
-2.266789674758911,-0.02869759500026703
-2.2666995525360107,-0.028693441301584244
-2.266172409057617,-0.028669152408838272
-2.265199899673462,-0.02862435206770897
-2.2649316787719727,-0.02861199527978897
-2.264803886413574,-0.028606107458472252
-2.264732837677002,-0.028602834790945053
-2.2639498710632324,-0.028566770255565643
-2.2636003494262695,-0.02855067327618599
-2.26340913772583,-0.028541864827275276
-2.263209819793701,-0.028532687574625015
-2.2630648612976074,-0.028526008129119873
-2.2629222869873047,-0.028519444167613983
-2.2626190185546875,-0.02850547432899475
-2.2622647285461426,-0.028489165008068085
-2.2622313499450684,-0.02848762460052967
-2.262136459350586,-0.028483252972364426
-2.2616705894470215,-0.02846180647611618
-2.260985851287842,-0.028430281206965446
-2.260542154312134,-0.028409849852323532
-2.260308265686035,-0.028399085626006126
-2.260162353515625,-0.02839236706495285
-2.2601125240325928,-0.028390074148774147
-2.2599151134490967,-0.02838098257780075
-2.259007692337036,-0.028339216485619545
-2.258803129196167,-0.02832980453968048
-2.258729934692383,-0.028326435014605522
-2.2581593990325928,-0.028300181031227112
-2.2578835487365723,-0.028287485241889954
-2.257819414138794,-0.02828453853726387
-2.2577476501464844,-0.028281237930059433
-2.257373332977295,-0.028264012187719345
-2.2572317123413086,-0.02825750596821308
-2.256906747817993,-0.028242547065019608
-2.256807565689087,-0.02823798730969429
-2.25654935836792,-0.028226107358932495
-2.2562570571899414,-0.028212666511535645
-2.2555439472198486,-0.028179869055747986
-2.255310297012329,-0.028169123455882072
-2.254366874694824,-0.028125744313001633
-2.254034996032715,-0.028110485523939133
-2.2540035247802734,-0.02810903638601303
-2.2538375854492188,-0.02810141071677208
-2.2529094219207764,-0.028058748692274094
-2.2527353763580322,-0.028050752356648445
-2.2523415088653564,-0.02803265117108822
-2.25211238861084,-0.028022121638059616
-2.2520670890808105,-0.028020042926073074
-2.2516045570373535,-0.027998793870210648
-2.2515387535095215,-0.027995772659778595
-2.2512998580932617,-0.027984796091914177
-2.250972270965576,-0.02796974964439869
-2.2509121894836426,-0.02796698734164238
-2.2507166862487793,-0.027958009392023087
-2.250706672668457,-0.027957553043961525
-2.250678777694702,-0.027956269681453705
-2.250622272491455,-0.027953676879405975
-2.25046968460083,-0.02794666588306427
-2.2501511573791504,-0.02793204039335251
-2.2499537467956543,-0.0279229786247015
-2.249866008758545,-0.027918942272663116
-2.2492854595184326,-0.02789229527115822
-2.2492294311523438,-0.02788972109556198
-2.2487783432006836,-0.02786901593208313
-2.2484264373779297,-0.027852863073349
-2.247537612915039,-0.027812082320451736
-2.247506856918335,-0.02781066671013832
-2.247338056564331,-0.027802925556898117
-2.24696683883667,-0.027785899117588997
-2.2465949058532715,-0.02776883915066719
-2.2464969158172607,-0.027764342725276947
-2.2462310791015625,-0.02775215357542038
-2.246199131011963,-0.027750691398978233
-2.245145320892334,-0.02770237624645233
-2.24513840675354,-0.027702055871486664
-2.245034694671631,-0.027697306126356125
-2.2442047595977783,-0.02765926718711853
-2.2433900833129883,-0.02762194722890854
-2.243382453918457,-0.027621593326330185
-2.2433338165283203,-0.027619367465376854
-2.2423274517059326,-0.027573280036449432
-2.2423171997070312,-0.027572814375162125
-2.2422027587890625,-0.027567576617002487
-2.2420358657836914,-0.027559928596019745
-2.241985559463501,-0.027557626366615295
-2.241931200027466,-0.027555137872695923
-2.241513729095459,-0.02753603458404541
-2.2414634227752686,-0.02753373235464096
-2.2412919998168945,-0.0275258831679821
-2.241166591644287,-0.02752014249563217
-2.2408721446990967,-0.027506671845912933
-2.2405953407287598,-0.027494007721543312
-2.2405428886413574,-0.027491608634591103
-2.2385716438293457,-0.02740146964788437
-2.2384369373321533,-0.02739531174302101
-2.2381107807159424,-0.027380403131246567
-2.2375292778015137,-0.027353834360837936
-2.2372379302978516,-0.02734052762389183
-2.2367660999298096,-0.02731897681951523
-2.2365729808807373,-0.02731015905737877
-2.2363405227661133,-0.027299541980028152
-2.2361698150634766,-0.02729174867272377
-2.235788345336914,-0.02727433666586876
-2.2357709407806396,-0.02727353945374489
-2.235750675201416,-0.02727261558175087
-2.235626220703125,-0.027266930788755417
-2.2352075576782227,-0.027247831225395203
-2.234710693359375,-0.027225162833929062
-2.234356164932251,-0.02720899134874344
-2.2343273162841797,-0.02720767632126808
-2.2341699600219727,-0.027200497686862946
-2.2341489791870117,-0.02719954214990139
-2.233790874481201,-0.02718321420252323
-2.2333545684814453,-0.027163323014974594
-2.2330477237701416,-0.027149338275194168
-2.2329585552215576,-0.027145270258188248
-2.232727289199829,-0.027134735137224197
-2.232649564743042,-0.02713119238615036
-2.2326314449310303,-0.0271303653717041
-2.232536554336548,-0.027126044034957886
-2.2323663234710693,-0.027118287980556488
-2.2323176860809326,-0.027116071432828903
-2.232210159301758,-0.027111168950796127
-2.2320408821105957,-0.02710346132516861
-2.231523275375366,-0.027079887688159943
-2.2305424213409424,-0.027035236358642578
-2.230537176132202,-0.027035001665353775
-2.2299606800079346,-0.027008768171072006
-2.2289958000183105,-0.026964880526065826
-2.2289583683013916,-0.026963181793689728
-2.2287604808807373,-0.026954185217618942
-2.2286853790283203,-0.026950769126415253
-2.2284703254699707,-0.02694099396467209
-2.2278947830200195,-0.02691483497619629
-2.227376937866211,-0.0268913134932518
-2.2270870208740234,-0.026878152042627335
-2.2267403602600098,-0.026862408965826035
-2.2265572547912598,-0.02685409039258957
-2.226419687271118,-0.02684784308075905
-2.2263424396514893,-0.026844343170523643
-2.2262778282165527,-0.026841405779123306
-2.2260918617248535,-0.02683296799659729
-2.22481632232666,-0.02677510306239128
-2.224595308303833,-0.026765083894133568
-2.2245876789093018,-0.02676473557949066
-2.224411725997925,-0.026756759732961655
-2.2240757942199707,-0.02674153819680214
-2.2237603664398193,-0.02672724425792694
-2.2236618995666504,-0.026722777634859085
-2.2235732078552246,-0.026718758046627045
-2.2232766151428223,-0.02670532464981079
-2.2225232124328613,-0.02667120099067688
-2.2224981784820557,-0.026670075953006744
-2.2223594188690186,-0.02666379138827324
-2.2216873168945312,-0.026633374392986298
-2.2210237979888916,-0.02660335972905159
-2.2209136486053467,-0.026598379015922546
-2.2207999229431152,-0.02659323811531067
-2.2205452919006348,-0.02658172696828842
-2.2201898097991943,-0.02656565234065056
-2.219625473022461,-0.026540152728557587
-2.21958589553833,-0.026538368314504623
-2.219362497329712,-0.02652828022837639
-2.2191054821014404,-0.026516670361161232
-2.218644857406616,-0.02649586647748947
-2.218555450439453,-0.026491831988096237
-2.2173619270324707,-0.02643798477947712
-2.217345714569092,-0.02643725275993347
-2.217294692993164,-0.02643495425581932
-2.217148780822754,-0.026428373530507088
-2.2170729637145996,-0.026424959301948547
-2.2168161869049072,-0.02641337737441063
-2.2166366577148438,-0.02640528976917267
-2.216478109359741,-0.02639814093708992
-2.215975046157837,-0.02637547068297863
-2.2157421112060547,-0.02636498212814331
-2.215723752975464,-0.026364153251051903
-2.2156903743743896,-0.026362650096416473
-2.2150533199310303,-0.026333963498473167
-2.2148032188415527,-0.026322707533836365
-2.2146353721618652,-0.026315152645111084
-2.214341640472412,-0.02630193717777729
-2.2140746116638184,-0.0262899287045002
-2.2140052318573,-0.026286806911230087
-2.2139742374420166,-0.026285413652658463
-2.213963508605957,-0.026284929364919662
-2.2139313220977783,-0.02628348395228386
-2.213294506072998,-0.02625485137104988
-2.2125511169433594,-0.026221448555588722
-2.2125158309936523,-0.026219861581921577
-2.2118685245513916,-0.02619079500436783
-2.2109005451202393,-0.026147358119487762
-2.210783004760742,-0.02614208124577999
-2.2106852531433105,-0.026137700304389
-2.2103748321533203,-0.026123780757188797
-2.209965705871582,-0.02610543742775917
-2.209583044052124,-0.02608829364180565
-2.209196090698242,-0.026070963591337204
-2.2090742588043213,-0.02606550231575966
-2.2090015411376953,-0.026062246412038803
-2.2089085578918457,-0.02605808898806572
-2.208320140838623,-0.026031745597720146
-2.208308219909668,-0.026031211018562317
-2.2079455852508545,-0.026014987379312515
-2.2078540325164795,-0.026010889559984207
-2.2076001167297363,-0.025999531149864197
-2.2075939178466797,-0.02599925920367241
-2.2075371742248535,-0.025996718555688858
-2.2071497440338135,-0.02597939595580101
-2.206148624420166,-0.02593466266989708
-2.205803871154785,-0.025919271633028984
-2.2057838439941406,-0.025918375700712204
-2.205348014831543,-0.025898922234773636
-2.2053372859954834,-0.025898443534970284
-2.2044248580932617,-0.02585773915052414
-2.2043328285217285,-0.025853639468550682
-2.204305648803711,-0.025852426886558533
-2.2042763233184814,-0.02585112303495407
-2.2041845321655273,-0.025847025215625763
-2.2039413452148438,-0.025836188346147537
-2.2027602195739746,-0.025783583521842957
-2.2026076316833496,-0.02577679604291916
-2.202514410018921,-0.025772644206881523
-2.202165126800537,-0.02575710415840149
-2.2010443210601807,-0.025707274675369263
-2.20082950592041,-0.025697728618979454
-2.2007832527160645,-0.025695670396089554
-2.2006938457489014,-0.025691702961921692
-2.200525999069214,-0.02568424679338932
-2.200084686279297,-0.02566465362906456
-2.1995997428894043,-0.025643130764365196
-2.1995749473571777,-0.02564203180372715
-2.19925594329834,-0.025627879425883293
-2.1990816593170166,-0.025620147585868835
-2.1988162994384766,-0.025608384981751442
-2.1988086700439453,-0.02560804784297943
-2.1984071731567383,-0.02559025213122368
-2.1980690956115723,-0.025575274601578712
-2.197094678878784,-0.025532133877277374
-2.196944236755371,-0.02552548050880432
-2.196399688720703,-0.025501394644379616
-2.1963374614715576,-0.0254986435174942
-2.1961090564727783,-0.02548854798078537
-2.1959476470947266,-0.025481410324573517
-2.1958353519439697,-0.025476450100541115
-2.195774555206299,-0.025473762303590775
-2.195662498474121,-0.02546881139278412
-2.195183038711548,-0.025447633117437363
-2.1949331760406494,-0.025436609983444214
-2.194744348526001,-0.025428270921111107
-2.194730758666992,-0.025427674874663353
-2.1944997310638428,-0.025417475029826164
-2.194279193878174,-0.02540774829685688
-2.194207191467285,-0.025404570624232292
-2.1941111087799072,-0.025400333106517792
-2.1940104961395264,-0.025395894423127174
-2.1935932636260986,-0.025377504527568817
-2.193311929702759,-0.025365103036165237
-2.193174123764038,-0.025359036400914192
-2.192875862121582,-0.025345895439386368
-2.1927075386047363,-0.025338483974337578
-2.1917433738708496,-0.025296052917838097
-2.191692352294922,-0.025293812155723572
-2.191580057144165,-0.02528887242078781
-2.1911542415618896,-0.02527015283703804
-2.190788745880127,-0.02525409311056137
-2.190674066543579,-0.02524905651807785
-2.190507650375366,-0.025241747498512268
-2.190314769744873,-0.025233276188373566
-2.1901230812072754,-0.02522486075758934
-2.1889255046844482,-0.025172332301735878
-2.188648223876953,-0.025160178542137146
-2.188532590866089,-0.02515511028468609
-2.188363552093506,-0.025147709995508194
-2.1874356269836426,-0.025107085704803467
-2.1873106956481934,-0.025101616978645325
-2.187112331390381,-0.025092944502830505
-2.18698787689209,-0.025087499991059303
-2.186563014984131,-0.02506892755627632
-2.1865477561950684,-0.025068258866667747
-2.1859827041625977,-0.025043576955795288
-2.185683250427246,-0.025030501186847687
-2.1855292320251465,-0.025023777037858963
-2.1854825019836426,-0.025021735578775406
-2.185249090194702,-0.02501155063509941
-2.1847386360168457,-0.024989288300275803
-2.184687852859497,-0.024987073615193367
-2.1840171813964844,-0.024957843124866486
-2.1838278770446777,-0.02494959905743599
-2.182785987854004,-0.024904251098632812
-2.182716131210327,-0.024901216849684715
-2.182673931121826,-0.024899382144212723
-2.1825709342956543,-0.024894900619983673
-2.1821742057800293,-0.024877656251192093
-2.1821372509002686,-0.024876052513718605
-2.1820812225341797,-0.02487361617386341
-2.1810097694396973,-0.02482709288597107
-2.181001901626587,-0.02482675015926361
-2.180551528930664,-0.024807214736938477
-2.180382251739502,-0.024799875915050507
-2.180143117904663,-0.024789512157440186
-2.180004358291626,-0.024783499538898468
-2.1796607971191406,-0.024768617004156113
-2.179515838623047,-0.024762338027358055
-2.1786837577819824,-0.024726327508687973
-2.1784472465515137,-0.024716103449463844
-2.178373336791992,-0.024712903425097466
-2.178373098373413,-0.02471289411187172
-2.1781625747680664,-0.024703796952962875
-2.1781492233276367,-0.024703223258256912
-2.1777000427246094,-0.024683810770511627
-2.17742657661438,-0.0246720053255558
-2.1772196292877197,-0.02466306835412979
-2.1767544746398926,-0.024643000215291977
-2.17673397064209,-0.02464212104678154
-2.1765143871307373,-0.024632645770907402
-2.176234245300293,-0.02462056837975979
-2.175957679748535,-0.024608653038740158
-2.175935745239258,-0.02460770308971405
-2.1756882667541504,-0.024597043171525
-2.175497531890869,-0.024588830769062042
-2.1754846572875977,-0.02458827942609787
-2.1754512786865234,-0.024586841464042664
-2.1748995780944824,-0.024563096463680267
-2.1747663021087646,-0.024557366967201233
-2.1746432781219482,-0.024552077054977417
-2.174192190170288,-0.024532679468393326
-2.1741421222686768,-0.024530531838536263
-2.1740565299987793,-0.02452685311436653
-2.174031972885132,-0.024525798857212067
-2.1740121841430664,-0.024524949491024017
-2.1728835105895996,-0.024476494640111923
-2.172358274459839,-0.02445397526025772
-2.1713438034057617,-0.024410530924797058
-2.1706533432006836,-0.024380998685956
-2.1703686714172363,-0.024368835613131523
-2.170340061187744,-0.02436760999262333
-2.1703388690948486,-0.024367555975914
-2.169525623321533,-0.024332832545042038
-2.169085741043091,-0.024314068257808685
-2.169036865234375,-0.024311982095241547
-2.168855667114258,-0.024304259568452835
-2.1682395935058594,-0.024278005585074425
-2.168032646179199,-0.024269195273518562
-2.1679134368896484,-0.024264119565486908
-2.1676673889160156,-0.024253645911812782
-2.1672933101654053,-0.024237733334302902
-2.1671416759490967,-0.024231288582086563
-2.1669020652770996,-0.02422109991312027
-2.1666207313537598,-0.024209147319197655
-2.1663122177124023,-0.024196047335863113
-2.1662940979003906,-0.024195276200771332
-2.166031837463379,-0.02418414317071438
-2.165951728820801,-0.02418074756860733
-2.16580867767334,-0.024174675345420837
-2.1652774810791016,-0.024152150377631187
-2.165037155151367,-0.024141967296600342
-2.1647861003875732,-0.024131327867507935
-2.1642332077026367,-0.0241079181432724
-2.163724899291992,-0.024086419492959976
-2.1635680198669434,-0.024079788476228714
-2.163412570953369,-0.024073215201497078
-2.1628715991973877,-0.024050366133451462
-2.1626925468444824,-0.02404281124472618
-2.162085771560669,-0.02401721104979515
-2.1617512702941895,-0.024003108963370323
-2.1613967418670654,-0.02398817241191864
-2.1613099575042725,-0.02398451790213585
-2.1610488891601562,-0.023973524570465088
-2.1608660221099854,-0.023965833708643913
-2.1608502864837646,-0.023965172469615936
-2.160651445388794,-0.023956801742315292
-2.160588026046753,-0.023954134434461594
-2.160003185272217,-0.023929547518491745
-2.1598970890045166,-0.023925088346004486
-2.1596524715423584,-0.023914817720651627
-2.15939998626709,-0.023904217407107353
-2.1593377590179443,-0.023901604115962982
-2.159146785736084,-0.02389359287917614
-2.159031867980957,-0.02388877049088478
-2.1587014198303223,-0.023874912410974503
-2.1581242084503174,-0.023850727826356888
-2.1580467224121094,-0.02384747937321663
-2.1579840183258057,-0.023844853043556213
-2.1579577922821045,-0.023843754082918167
-2.1576664447784424,-0.0238315612077713
-2.157503366470337,-0.02382473833858967
-2.1568922996520996,-0.02379918470978737
-2.156691551208496,-0.023790795356035233
-2.156663656234741,-0.023789631202816963
-2.1565370559692383,-0.023784345015883446
-2.1563808917999268,-0.023777823895215988
-2.1562342643737793,-0.023771697655320168
-2.1555709838867188,-0.02374403178691864
-2.1552000045776367,-0.023728568106889725
-2.1550216674804688,-0.02372114360332489
-2.1536097526550293,-0.023662405088543892
-2.153280019760132,-0.023648710921406746
-2.152588367462158,-0.023620011284947395
-2.152106285095215,-0.023600030690431595
-2.152060031890869,-0.023598110303282738
-2.15201473236084,-0.02359623648226261
-2.151956558227539,-0.023593824356794357
-2.151820421218872,-0.023588187992572784
-2.1513006687164307,-0.023566676303744316
-2.151230812072754,-0.02356378734111786
-2.151106834411621,-0.023558661341667175
-2.150834083557129,-0.023547381162643433
-2.1507883071899414,-0.023545492440462112
-2.1502599716186523,-0.023523667827248573
-2.150057315826416,-0.023515304550528526
-2.1499316692352295,-0.02351011522114277
-2.1498241424560547,-0.0235056784003973
-2.1497132778167725,-0.023501109331846237
-2.1496663093566895,-0.023499175906181335
-2.149570941925049,-0.023495234549045563
-2.14932918548584,-0.023485271260142326
-2.1492667198181152,-0.02348269894719124
-2.148742198944092,-0.023461095988750458
-2.1486916542053223,-0.023459013551473618
-2.1475460529327393,-0.023411909118294716
-2.14737868309021,-0.023405034095048904
-2.146761417388916,-0.023379705846309662
-2.1465816497802734,-0.023372335359454155
-2.1461305618286133,-0.023353848606348038
-2.1457042694091797,-0.023336397483944893
-2.145488977432251,-0.02332758530974388
-2.1452131271362305,-0.023316308856010437
-2.1448557376861572,-0.023301701992750168
-2.1440768241882324,-0.023269904777407646
-2.1437723636627197,-0.023257484659552574
-2.143435001373291,-0.02324373461306095
-2.1434097290039062,-0.023242708295583725
-2.1430773735046387,-0.023229170590639114
-2.1430768966674805,-0.023229151964187622
-2.142611026763916,-0.023210197687149048
-2.14260196685791,-0.02320982702076435
-2.1423897743225098,-0.023201201111078262
-2.14221453666687,-0.023194078356027603
-2.142103910446167,-0.02318958193063736
-2.142054557800293,-0.023187577724456787
-2.141758680343628,-0.023175561800599098
-2.1416149139404297,-0.02316972240805626
-2.141571044921875,-0.023167941719293594
-2.1411995887756348,-0.023152874782681465
-2.140627861022949,-0.023129701614379883
-2.140615940093994,-0.02312922291457653
-2.1405417919158936,-0.02312621846795082
-2.140526294708252,-0.02312558889389038
-2.1404812335968018,-0.023123765364289284
-2.1401991844177246,-0.023112349212169647
-2.139545440673828,-0.023085907101631165
-2.139209270477295,-0.02307232841849327
-2.138637065887451,-0.023049231618642807
-2.138144016265869,-0.023029353469610214
-2.1379544734954834,-0.023021716624498367
-2.1377205848693848,-0.023012300953269005
-2.137681007385254,-0.023010704666376114
-2.137378454208374,-0.02299853041768074
-2.136401653289795,-0.022959280759096146
-2.1361072063446045,-0.022947462275624275
-2.1352128982543945,-0.022911619395017624
-2.135044574737549,-0.022904882207512856
-2.134941339492798,-0.02290075086057186
-2.134894609451294,-0.022898880764842033
-2.134798288345337,-0.022895030677318573
-2.134770631790161,-0.02289392054080963
-2.134464740753174,-0.02288169041275978
-2.1343765258789062,-0.022878160700201988
-2.133894443511963,-0.02285890281200409
-2.133881092071533,-0.02285837009549141
-2.133789539337158,-0.022854715585708618
-2.133720636367798,-0.022851966321468353
-2.133697509765625,-0.022851044312119484
-2.133570671081543,-0.022845981642603874
-2.133066177368164,-0.02282586693763733
-2.1326708793640137,-0.02281012013554573
-2.1324641704559326,-0.022801894694566727
-2.132418155670166,-0.022800063714385033
-2.1322576999664307,-0.022793680429458618
-2.1319656372070312,-0.022782068699598312
-2.131700038909912,-0.02277151122689247
-2.131481647491455,-0.022762835025787354
-2.131014108657837,-0.022744279354810715
-2.1309685707092285,-0.02274247445166111
-2.130606174468994,-0.022728104144334793
-2.130072832107544,-0.022706985473632812
-2.128751277923584,-0.022654755041003227
-2.1285288333892822,-0.0226459763944149
-2.127462387084961,-0.022603973746299744
-2.1274256706237793,-0.022602524608373642
-2.1272387504577637,-0.022595176473259926
-2.127058267593384,-0.022588079795241356
-2.126638889312744,-0.022571608424186707
-2.126509189605713,-0.02256651408970356
-2.126443386077881,-0.022563930600881577
-2.1264352798461914,-0.022563613951206207
-2.1260242462158203,-0.022547489032149315
-2.1258606910705566,-0.02254107967019081
-2.1257388591766357,-0.022536303848028183
-2.1256632804870605,-0.022533342242240906
-2.1244874000549316,-0.022487346082925797
-2.1241037845611572,-0.02247236669063568
-2.1237905025482178,-0.022460145875811577
-2.1236586570739746,-0.0224550012499094
-2.1234192848205566,-0.02244567684829235
-2.123417854309082,-0.022445619106292725
-2.1233091354370117,-0.022441379725933075
-2.123258590698242,-0.022439412772655487
-2.122872829437256,-0.022424399852752686
-2.12276291847229,-0.022420121356844902
-2.1227540969848633,-0.022419780492782593
-2.1224400997161865,-0.022407568991184235
-2.1221742630004883,-0.0223972387611866
-2.121947765350342,-0.02238844335079193
-2.121793508529663,-0.022382456809282303
-2.121734857559204,-0.022380182519555092
-2.121689796447754,-0.022378433495759964
-2.121309518814087,-0.022363686934113503
-2.120887279510498,-0.022347329184412956
-2.120851993560791,-0.02234596386551857
-2.1208419799804688,-0.02234557643532753
-2.119887351989746,-0.02230866253376007
-2.1194753646850586,-0.022292757406830788
-2.1190154552459717,-0.022275028750300407
-2.1183054447174072,-0.022247690707445145
-2.1182656288146973,-0.02224615588784218
-2.1182525157928467,-0.022245652973651886
-2.1180992126464844,-0.02223975956439972
-2.1179089546203613,-0.02223244495689869
-2.117872476577759,-0.022231046110391617
-2.1178083419799805,-0.022228579968214035
-2.1177988052368164,-0.022228209301829338
-2.117738723754883,-0.02222590520977974
-2.117619514465332,-0.02222132496535778
-2.1171789169311523,-0.02220442146062851
-2.1165733337402344,-0.022181209176778793
-2.116384506225586,-0.02217397838830948
-2.1163835525512695,-0.022173942998051643
-2.1162009239196777,-0.02216695062816143
-2.1157805919647217,-0.022150881588459015
-2.115694046020508,-0.02214757353067398
-2.1151442527770996,-0.022126579657197
-2.114633321762085,-0.02210710197687149
-2.1139705181121826,-0.022081870585680008
-2.1136693954467773,-0.022070426493883133
-2.1133904457092285,-0.02205982618033886
-2.1131973266601562,-0.022052491083741188
-2.1131269931793213,-0.02204982563853264
-2.112945556640625,-0.022042937576770782
-2.1126017570495605,-0.022029906511306763
-2.111868143081665,-0.02200213447213173
-2.1113133430480957,-0.021981168538331985
-2.111283302307129,-0.021980030462145805
-2.110294818878174,-0.021942757070064545
-2.1101632118225098,-0.02193780243396759
-2.1101491451263428,-0.02193727344274521
-2.1101198196411133,-0.021936168894171715
-2.110069751739502,-0.021934280171990395
-2.109928846359253,-0.02192898467183113
-2.1098670959472656,-0.02192666009068489
-2.1098310947418213,-0.0219253059476614
-2.109677314758301,-0.021919522434473038
-2.1089346408843994,-0.021891631186008453
-2.1083595752716064,-0.021870072931051254
-2.1082077026367188,-0.021864386275410652
-2.1080281734466553,-0.021857667714357376
-2.107654333114624,-0.02184368297457695
-2.1068873405456543,-0.021815041080117226
-2.1063523292541504,-0.02179509960114956
-2.1061148643493652,-0.02178625948727131
-2.1059043407440186,-0.021778425201773643
-2.1052064895629883,-0.0217524953186512
-2.104994535446167,-0.021744627505540848
-2.1048054695129395,-0.021737614646553993
-2.1045875549316406,-0.02172953449189663
-2.1045103073120117,-0.02172667346894741
-2.1044976711273193,-0.021726205945014954
-2.104262113571167,-0.021717483177781105
-2.1039419174194336,-0.0217056293040514
-2.103799819946289,-0.021700382232666016
-2.103755474090576,-0.021698735654354095
-2.103469133377075,-0.021688157692551613
-2.1033411026000977,-0.021683428436517715
-2.103282928466797,-0.0216812826693058
-2.1031248569488525,-0.02167544700205326
-2.103006362915039,-0.021671075373888016
-2.102979898452759,-0.021670103073120117
-2.102940082550049,-0.021668629720807076
-2.1025032997131348,-0.02165253460407257
-2.102163076400757,-0.021640006452798843
-2.102003574371338,-0.021634140983223915
-2.1019668579101562,-0.021632790565490723
-2.1018869876861572,-0.021629851311445236
-2.101757049560547,-0.021625079214572906
-2.1015543937683105,-0.021617630496621132
-2.1012303829193115,-0.021605737507343292
-2.1009185314178467,-0.021594297140836716
-2.100269079208374,-0.021570514887571335
-2.099647283554077,-0.02154778502881527
-2.0994272232055664,-0.021539749577641487
-2.099004030227661,-0.02152431383728981
-2.098824977874756,-0.021517787128686905
-2.098419427871704,-0.0215030238032341
-2.0979723930358887,-0.02148677036166191
-2.0979089736938477,-0.02148446813225746
-2.097656726837158,-0.021475307643413544
-2.096982955932617,-0.02145087718963623
-2.0968527793884277,-0.02144615910947323
-2.0967540740966797,-0.021442586556077003
-2.0966086387634277,-0.021437324583530426
-2.0964784622192383,-0.02143261581659317
-2.0963191986083984,-0.021426856517791748
-2.096231460571289,-0.02142368257045746
-2.095987319946289,-0.0214148610830307
-2.0948376655578613,-0.02137342467904091
-2.0943660736083984,-0.02135646529495716
-2.0942554473876953,-0.021352490410208702
-2.0940966606140137,-0.021346792578697205
-2.0939743518829346,-0.021342400461435318
-2.093501567840576,-0.021325446665287018
-2.093414783477783,-0.021322336047887802
-2.0931739807128906,-0.02131371572613716
-2.092292547225952,-0.02128220722079277
-2.0922112464904785,-0.021279308944940567
-2.0921664237976074,-0.021277710795402527
-2.0918290615081787,-0.021265681833028793
-2.091566562652588,-0.021256325766444206
-2.091391086578369,-0.021250084042549133
-2.090894937515259,-0.021232441067695618
-2.0901811122894287,-0.021207105368375778
-2.090059280395508,-0.02120278775691986
-2.089961528778076,-0.02119932323694229
-2.089960813522339,-0.021199295297265053
-2.0897960662841797,-0.021193470805883408
-2.089792490005493,-0.021193338558077812
-2.0890955924987793,-0.021168693900108337
-2.0886178016662598,-0.02115182764828205
-2.0885488986968994,-0.021149400621652603
-2.0881195068359375,-0.02113427221775055
-2.0878982543945312,-0.021126486361026764
-2.087696075439453,-0.021119374781847
-2.087592840194702,-0.021115746349096298
-2.0868375301361084,-0.021089231595396996
-2.0863912105560303,-0.0210735984146595
-2.086367607116699,-0.02107277326285839
-2.0863289833068848,-0.0210714228451252
-2.086280345916748,-0.0210697203874588
-2.0862460136413574,-0.021068518981337547
-2.0861716270446777,-0.02106591872870922
-2.0861246585845947,-0.02106427401304245
-2.085841655731201,-0.021054379642009735
-2.08579158782959,-0.021052632480859756
-2.0857017040252686,-0.021049492061138153
-2.0855329036712646,-0.021043600514531136
-2.0854978561401367,-0.02104237861931324
-2.084881544113159,-0.02102089300751686
-2.084864854812622,-0.02102030999958515
-2.0845682621002197,-0.021009989082813263
-2.084211587905884,-0.020997585728764534
-2.0841286182403564,-0.020994706079363823
-2.08300518989563,-0.020955765619874
-2.082961082458496,-0.02095424011349678
-2.0825061798095703,-0.020938511937856674
-2.082157611846924,-0.02092648111283779
-2.081949472427368,-0.020919304341077805
-2.0814743041992188,-0.020902937278151512
-2.0813870429992676,-0.0208999365568161
-2.081240177154541,-0.020894883200526237
-2.0809741020202637,-0.020885741338133812
-2.080397844314575,-0.020865967497229576
-2.079983949661255,-0.02085179090499878
-2.0798282623291016,-0.02084646187722683
-2.0797557830810547,-0.020843978971242905
-2.0797364711761475,-0.020843323320150375
-2.0796008110046387,-0.02083868347108364
-2.079026222229004,-0.02081906422972679
-2.078929901123047,-0.0208157766610384
-2.0785210132598877,-0.02080184407532215
-2.0784738063812256,-0.020800236612558365
-2.078375816345215,-0.02079690247774124
-2.078279972076416,-0.02079363912343979
-2.0781421661376953,-0.020788954570889473
-2.0777320861816406,-0.020775020122528076
-2.077406167984009,-0.020763957872986794
-2.0769565105438232,-0.020748727023601532
-2.0763394832611084,-0.02072785794734955
-2.0759270191192627,-0.020713934674859047
-2.075897455215454,-0.020712943747639656
-2.075873851776123,-0.020712146535515785
-2.075347423553467,-0.020694412291049957
-2.0753321647644043,-0.02069390006363392
-2.07521390914917,-0.020689915865659714
-2.0749499797821045,-0.020681044086813927
-2.074448347091675,-0.020664207637310028
-2.0743560791015625,-0.020661108195781708
-2.074031352996826,-0.02065022848546505
-2.073512315750122,-0.02063286490738392
-2.073319435119629,-0.02062642201781273
-2.0730535984039307,-0.020617548376321793
-2.0729010105133057,-0.020612455904483795
-2.072720527648926,-0.020606443285942078
-2.07258677482605,-0.020601987838745117
-2.0723960399627686,-0.02059563621878624
-2.0717556476593018,-0.020574349910020828
-2.071065664291382,-0.020551472902297974
-2.0709428787231445,-0.0205474104732275
-2.0705959796905518,-0.020535936579108238
-2.070094585418701,-0.020519379526376724
-2.0699591636657715,-0.020514916628599167
-2.0698230266571045,-0.02051042765378952
-2.0695414543151855,-0.02050115168094635
-2.0695037841796875,-0.02049991860985756
-2.0691988468170166,-0.0204898901283741
-2.0687694549560547,-0.020475788041949272
-2.068621873855591,-0.020470941439270973
-2.0681533813476562,-0.02045559324324131
-2.0679869651794434,-0.020450152456760406
-2.0678610801696777,-0.020446036010980606
-2.067671298980713,-0.02043982595205307
-2.067577600479126,-0.020436769351363182
-2.0672848224639893,-0.020427212119102478
-2.067159652709961,-0.020423125475645065
-2.0669796466827393,-0.020417265594005585
-2.066953182220459,-0.02041640318930149
-2.0667736530303955,-0.020410556346178055
-2.0666396617889404,-0.020406195893883705
-2.0661559104919434,-0.020390469580888748
-2.0661449432373047,-0.020390119403600693
-2.065380811691284,-0.020365338772535324
-2.0653326511383057,-0.020363781601190567
-2.064911365509033,-0.02035016007721424
-2.064856767654419,-0.02034839615225792
-2.064270496368408,-0.020329482853412628
-2.0638480186462402,-0.020315879955887794
-2.0635721683502197,-0.020307008177042007
-2.0631954669952393,-0.02029491774737835
-2.0631861686706543,-0.020294619724154472
-2.0631814002990723,-0.020294465124607086
-2.0627315044403076,-0.020280050113797188
-2.0626628398895264,-0.020277846604585648
-2.0625665187835693,-0.02027476765215397
-2.061717987060547,-0.02024766616523266
-2.0617098808288574,-0.020247405394911766
-2.0615739822387695,-0.020243076607584953
-2.061443328857422,-0.02023891732096672
-2.0609591007232666,-0.020223509520292282
-2.0606889724731445,-0.020214928314089775
-2.0604918003082275,-0.020208675414323807
-2.060112476348877,-0.02019665017724037
-2.059967041015625,-0.020192045718431473
-2.059885025024414,-0.020189452916383743
-2.0598316192626953,-0.02018776349723339
-2.05910325050354,-0.02016475982964039
-2.0589373111724854,-0.020159531384706497
-2.0585544109344482,-0.020147478207945824
-2.0585179328918457,-0.020146328955888748
-2.0584402084350586,-0.020143885165452957
-2.058429479598999,-0.020143551751971245
-2.0583267211914062,-0.02014032006263733
-2.0580241680145264,-0.020130818709731102
-2.0569539070129395,-0.020097309723496437
-2.056910991668701,-0.02009596861898899
-2.0568015575408936,-0.0200925562530756
-2.0561695098876953,-0.020072853192687035
-2.055983781814575,-0.02006707526743412
-2.0558905601501465,-0.020064175128936768
-2.055711269378662,-0.02005860023200512
-2.0556535720825195,-0.020056812092661858
-2.055544376373291,-0.020053420215845108
-2.0552704334259033,-0.020044920966029167
-2.054884910583496,-0.020032979547977448
-2.0543837547302246,-0.020017484202980995
-2.054154634475708,-0.020010415464639664
-2.0541000366210938,-0.02000872790813446
-2.0529370307922363,-0.01997295953333378
-2.0528488159179688,-0.019970249384641647
-2.0525567531585693,-0.01996130309998989
-2.052385091781616,-0.019956044852733612
-2.052183151245117,-0.019949866458773613
-2.052114963531494,-0.019947782158851624
-2.0518622398376465,-0.01994006521999836
-2.050900459289551,-0.019910765811800957
-2.0507705211639404,-0.019906822592020035
-2.050544261932373,-0.019899951294064522
-2.0503416061401367,-0.01989380270242691
-2.050297975540161,-0.019892485812306404
-2.0501580238342285,-0.019888242706656456
-2.049433469772339,-0.019866332411766052
-2.049020767211914,-0.019853893667459488
-2.0490036010742188,-0.019853373989462852
-2.048872470855713,-0.019849421456456184
-2.048313856124878,-0.019832629710435867
-2.0482847690582275,-0.019831757992506027
-2.0481138229370117,-0.019826624542474747
-2.047919988632202,-0.019820813089609146
-2.047905921936035,-0.01982039026916027
-2.0475516319274902,-0.0198097862303257
-2.047240972518921,-0.019800499081611633
-2.047102212905884,-0.019796352833509445
-2.046820640563965,-0.019787952303886414
-2.0467896461486816,-0.019787028431892395
-2.0467426776885986,-0.019785631448030472
-2.0466389656066895,-0.019782541319727898
-2.046584129333496,-0.019780907779932022
-2.046360731124878,-0.019774258136749268
-2.046255588531494,-0.01977113075554371
-2.046243906021118,-0.0197707861661911
-2.0459983348846436,-0.019763488322496414
-2.0450353622436523,-0.019734961912035942
-2.0448060035705566,-0.01972818747162819
-2.044431447982788,-0.0197171401232481
-2.0440516471862793,-0.019705962389707565
-2.043999433517456,-0.01970442198216915
-2.0439248085021973,-0.019702233374118805
-2.0438668727874756,-0.019700530916452408
-2.043790817260742,-0.01969829760491848
-2.042870283126831,-0.01967131346464157
-2.042664051055908,-0.019665289670228958
-2.0425944328308105,-0.019663259387016296
-2.042297840118408,-0.01965460367500782
-2.0416970252990723,-0.01963711343705654
-2.0414137840270996,-0.01962888427078724
-2.041382074356079,-0.019627965986728668
-2.0411391258239746,-0.019620919600129128
-2.041050434112549,-0.019618352875113487
-2.041043281555176,-0.019618142396211624
-2.040858507156372,-0.019612792879343033
-2.0404531955718994,-0.01960107311606407
-2.0401885509490967,-0.019593438133597374
-2.040125846862793,-0.01959162764251232
-2.0400609970092773,-0.019589757546782494
-2.0399351119995117,-0.01958612911403179
-2.0397796630859375,-0.01958165317773819
-2.039058208465576,-0.019560925662517548
-2.038501262664795,-0.01954498328268528
-2.0382156372070312,-0.01953681744635105
-2.038102626800537,-0.019533593207597733
-2.0379221439361572,-0.01952844113111496
-2.0376687049865723,-0.01952122524380684
-2.0373616218566895,-0.019512489438056946
-2.037151336669922,-0.019506514072418213
-2.03619122505188,-0.019479326903820038
-2.0359182357788086,-0.01947162114083767
-2.035909414291382,-0.01947137340903282
-2.0353598594665527,-0.019455894827842712
-2.035004138946533,-0.01944589987397194
-2.034712076187134,-0.01943770982325077
-2.034656524658203,-0.019436154514551163
-2.0343902111053467,-0.019428696483373642
-2.034198045730591,-0.01942332275211811
-2.0338447093963623,-0.019413458183407784
-2.0334532260894775,-0.01940254680812359
-2.033269166946411,-0.01939743012189865
-2.033212184906006,-0.019395845010876656
-2.0331950187683105,-0.019395366311073303
-2.0328330993652344,-0.019385315477848053
-2.0323729515075684,-0.019372571259737015
-2.0321593284606934,-0.019366664811968803
-2.0314269065856934,-0.019346462562680244
-2.0312581062316895,-0.01934182085096836
-2.0311291217803955,-0.019338274374604225
-2.0307252407073975,-0.019327187910676003
-2.030672788619995,-0.019325749948620796
-2.030636787414551,-0.019324766471982002
-2.030608654022217,-0.01932399533689022
-2.0302062034606934,-0.01931297965347767
-2.029893398284912,-0.019304435700178146
-2.0298821926116943,-0.019304130226373672
-2.0297279357910156,-0.01929992437362671
-2.029613494873047,-0.019296806305646896
-2.0295677185058594,-0.01929555833339691
-2.0285708904266357,-0.01926848664879799
-2.028458833694458,-0.01926545426249504
-2.02842378616333,-0.019264506176114082
-2.028320550918579,-0.019261712208390236
-2.0281624794006348,-0.01925743743777275
-2.0279479026794434,-0.019251646474003792
-2.0279157161712646,-0.01925077475607395
-2.027909278869629,-0.019250601530075073
-2.0278842449188232,-0.01924992725253105
-2.0265259742736816,-0.01921342872083187
-2.026413679122925,-0.01921042986214161
-2.0262503623962402,-0.019206060096621513
-2.025718927383423,-0.019191881641745567
-2.0255045890808105,-0.019186174497008324
-2.025343894958496,-0.019181907176971436
-2.0252840518951416,-0.019180312752723694
-2.025118350982666,-0.01917591691017151
-2.025026321411133,-0.019173473119735718
-2.0250165462493896,-0.019173214212059975
-2.024806499481201,-0.019167646765708923
-2.0244317054748535,-0.01915772259235382
-2.024259090423584,-0.019153166562318802
-2.0239763259887695,-0.01914570853114128
-2.023827075958252,-0.019141772761940956
-2.023603677749634,-0.019135888665914536
-2.022989511489868,-0.01911977119743824
-2.0229172706604004,-0.019117875024676323
-2.0227479934692383,-0.019113440066576004
-2.022036075592041,-0.019094856455922127
-2.0219178199768066,-0.01909177377820015
-2.021739959716797,-0.01908714696764946
-2.021329879760742,-0.01907648891210556
-2.0211384296417236,-0.019071530550718307
-2.0209877490997314,-0.01906762830913067
-2.0208630561828613,-0.0190644022077322
-2.020742654800415,-0.019061286002397537
-2.0206971168518066,-0.01906011253595352
-2.0200958251953125,-0.019044602289795876
-2.0200016498565674,-0.019042178988456726
-2.019843578338623,-0.019038118422031403
-2.019456386566162,-0.019028175622224808
-2.019136428833008,-0.01901997998356819
-2.0190839767456055,-0.019018640741705894
-2.018655776977539,-0.01900770142674446
-2.017439365386963,-0.018976788967847824
-2.0173146724700928,-0.018973633646965027
-2.017202615737915,-0.018970796838402748
-2.0165483951568604,-0.01895429566502571
-2.016244649887085,-0.018946658819913864
-2.015925884246826,-0.018938662484288216
-2.0155911445617676,-0.01893027499318123
-2.0152194499969482,-0.01892099343240261
-2.014899969100952,-0.0189130287617445
-2.014893054962158,-0.01891285367310047
-2.0144004821777344,-0.018900610506534576
-2.014348268508911,-0.01889931969344616
-2.0139074325561523,-0.018888399004936218
-2.013739824295044,-0.01888425089418888
-2.0132479667663574,-0.01887211576104164
-2.0130982398986816,-0.018868431448936462
-2.013058662414551,-0.018867459148168564
-2.0130157470703125,-0.0188664048910141
-2.012889862060547,-0.018863309174776077
-2.0126101970672607,-0.01885644532740116
-2.0123727321624756,-0.018850628286600113
-2.0121374130249023,-0.01884487271308899
-2.012110471725464,-0.01884421519935131
-2.0121090412139893,-0.018844179809093475
-2.012108325958252,-0.018844161182641983
-2.0118117332458496,-0.018836919218301773
-2.011692523956299,-0.018834009766578674
-2.011612892150879,-0.018832072615623474
-2.0115232467651367,-0.018829887732863426
-2.0113158226013184,-0.01882484182715416
-2.0109477043151855,-0.018815908581018448
-2.010772705078125,-0.01881166733801365
-2.010730743408203,-0.01881064847111702
-2.010509967803955,-0.018805306404829025
-2.010251998901367,-0.018799077719449997
-2.009450674057007,-0.01877979375422001
-2.0093588829040527,-0.018777593970298767
-2.009197235107422,-0.018773715943098068
-2.009131669998169,-0.018772147595882416
-2.0089211463928223,-0.018767109140753746
-2.008601188659668,-0.01875947043299675
-2.0085089206695557,-0.018757274374365807
-2.00791072845459,-0.018743040040135384
-2.0077834129333496,-0.01874002255499363
-2.0074915885925293,-0.018733104690909386
-2.0069541931152344,-0.018720408901572227
-2.006931781768799,-0.018719878047704697
-2.0069010257720947,-0.018719155341386795
-2.0066826343536377,-0.018714016303420067
-2.0064499378204346,-0.018708540126681328
-2.0060226917266846,-0.018698520958423615
-2.0058321952819824,-0.018694065511226654
-2.005640745162964,-0.018689589574933052
-2.0055363178253174,-0.018687153235077858
-2.004932403564453,-0.018673088401556015
-2.0042672157287598,-0.01865766942501068
-2.004263401031494,-0.018657581880688667
-2.0041005611419678,-0.01865382120013237
-2.0040018558502197,-0.018651539459824562
-2.0038108825683594,-0.01864713616669178
-2.0035009384155273,-0.018640004098415375
-2.0032029151916504,-0.0186331607401371
-2.0027382373809814,-0.018622523173689842
-2.0027012825012207,-0.01862167753279209
-2.0025815963745117,-0.01861894316971302
-2.0021767616271973,-0.01860971190035343
-2.002164125442505,-0.0186094269156456
-2.001666784286499,-0.018598129972815514
-2.001049041748047,-0.018584154546260834
-2.0010266304016113,-0.018583649769425392
-2.0008370876312256,-0.01857937127351761
-2.000746488571167,-0.01857732981443405
-2.000574827194214,-0.018573470413684845
-1.9997832775115967,-0.01855572499334812
-1.9993174076080322,-0.018545333296060562
-1.9992469549179077,-0.01854376494884491
-1.9985700845718384,-0.018528738990426064
-1.9980164766311646,-0.018516510725021362
-1.9979679584503174,-0.018515445291996002
-1.9977524280548096,-0.01851070113480091
-1.9972736835479736,-0.01850018836557865
-1.99715256690979,-0.018497535958886147
-1.9970911741256714,-0.01849619299173355
-1.996962547302246,-0.018493380397558212
-1.996779203414917,-0.018489375710487366
-1.9963420629501343,-0.018479853868484497
-1.9963034391403198,-0.018479011952877045
-1.9962819814682007,-0.018478544428944588
-1.9962341785430908,-0.018477505072951317
-1.9961156845092773,-0.01847492903470993
-1.994936466217041,-0.018449457362294197
-1.9948251247406006,-0.018447065725922585
-1.9945974349975586,-0.018442178145051003
-1.9945316314697266,-0.018440764397382736
-1.9945183992385864,-0.018440483137965202
-1.9943461418151855,-0.018436798825860023
-1.9941251277923584,-0.018432071432471275
-1.9940344095230103,-0.018430136144161224
-1.9939351081848145,-0.018428020179271698
-1.9937721490859985,-0.018424542620778084
-1.9937313795089722,-0.01842367649078369
-1.9937068223953247,-0.018423154950141907
-1.9932887554168701,-0.018414270132780075
-1.9930888414382935,-0.018410032615065575
-1.9930799007415771,-0.018409844487905502
-1.9924746751785278,-0.01839706487953663
-1.9922714233398438,-0.018392786383628845
-1.9922239780426025,-0.018391791731119156
-1.9921848773956299,-0.018390968441963196
-1.9921095371246338,-0.0183893870562315
-1.9919612407684326,-0.018386276438832283
-1.9918757677078247,-0.018384480848908424
-1.9909954071044922,-0.018366102129220963
-1.990946650505066,-0.01836508885025978
-1.9905548095703125,-0.01835695654153824
-1.990259051322937,-0.018350834026932716
-1.9900977611541748,-0.01834750548005104
-1.9890706539154053,-0.018326401710510254
-1.9887291193008423,-0.018319427967071533
-1.9886879920959473,-0.01831858605146408
-1.9886291027069092,-0.018317388370633125
-1.9883885383605957,-0.018312491476535797
-1.9883127212524414,-0.018310947343707085
-1.9878931045532227,-0.018302442505955696
-1.987887978553772,-0.01830233819782734
-1.9877351522445679,-0.018299246206879616
-1.9875152111053467,-0.01829480566084385
-1.9874694347381592,-0.01829388178884983
-1.9870705604553223,-0.018285855650901794
-1.9869786500930786,-0.018284007906913757
-1.986133098602295,-0.01826709881424904
-1.9860341548919678,-0.01826513186097145
-1.9856667518615723,-0.018257828429341316
-1.9852876663208008,-0.018250321969389915
-1.985206961631775,-0.018248727545142174
-1.9851781129837036,-0.01824815757572651
-1.9847415685653687,-0.01823955588042736
-1.984428882598877,-0.018233418464660645
-1.9841153621673584,-0.01822727732360363
-1.9840114116668701,-0.01822524517774582
-1.9839918613433838,-0.018224861472845078
-1.9839129447937012,-0.018223322927951813
-1.983610987663269,-0.018217438831925392
-1.9831719398498535,-0.018208911642432213
-1.9825608730316162,-0.018197104334831238
-1.9821727275848389,-0.01818964071571827
-1.9815007448196411,-0.018176784738898277
-1.9813203811645508,-0.018173346295952797
-1.9809110164642334,-0.018165569752454758
-1.9806225299835205,-0.018160106614232063
-1.9804868698120117,-0.01815754361450672
-1.9802703857421875,-0.018153458833694458
-1.9801298379898071,-0.0181508157402277
-1.9798105955123901,-0.018144816160202026
-1.9790433645248413,-0.018130483105778694
-1.9790239334106445,-0.018130119889974594
-1.9790040254592896,-0.018129747360944748
-1.978764295578003,-0.018125295639038086
-1.9785616397857666,-0.018121538683772087
-1.9781266450881958,-0.018113497644662857
-1.9778964519500732,-0.018109261989593506
-1.9777263402938843,-0.01810613088309765
-1.977706789970398,-0.018105771392583847
-1.9776490926742554,-0.018104709684848785
-1.977513313293457,-0.018102223053574562
-1.9774962663650513,-0.01810191012918949
-1.9774880409240723,-0.018101759254932404
-1.9773809909820557,-0.018099797889590263
-1.9773139953613281,-0.01809857226908207
-1.9772619009017944,-0.018097620457410812
-1.9770121574401855,-0.018093062564730644
-1.9768054485321045,-0.018089300021529198
-1.9765610694885254,-0.018084857612848282
-1.976141333580017,-0.01807725615799427
-1.9757540225982666,-0.018070271238684654
-1.975629448890686,-0.01806803233921528
-1.9752775430679321,-0.018061717972159386
-1.9751789569854736,-0.018059954047203064
-1.975053310394287,-0.01805770769715309
-1.974912166595459,-0.018055187538266182
-1.97439444065094,-0.018045980483293533
-1.9741432666778564,-0.01804153248667717
-1.9738935232162476,-0.018037118017673492
-1.9738845825195312,-0.018036961555480957
-1.9738683700561523,-0.018036674708127975
-1.9733624458312988,-0.0180277731269598
-1.9732105731964111,-0.018025115132331848
-1.9731652736663818,-0.018024319782853127
-1.9727108478546143,-0.018016383051872253
-1.9724866151809692,-0.018012482672929764
-1.9717445373535156,-0.017999641597270966
-1.9717059135437012,-0.01799897477030754
-1.971639633178711,-0.01799783669412136
-1.971319556236267,-0.017992334440350533
-1.9705877304077148,-0.017979832366108894
-1.9704976081848145,-0.017978301271796227
-1.9704500436782837,-0.01797749102115631
-1.9702622890472412,-0.017974305897951126
-1.969702124595642,-0.017964843660593033
-1.9695228338241577,-0.01796182617545128
-1.9694808721542358,-0.01796112023293972
-1.9689100980758667,-0.017951564863324165
-1.9689093828201294,-0.01795155368745327
-1.9688036441802979,-0.017949789762496948
-1.9685585498809814,-0.017945708706974983
-1.968290090560913,-0.017941255122423172
-1.9682161808013916,-0.017940031364560127
-1.9671353101730347,-0.01792225055396557
-1.9669455289840698,-0.017919151112437248
-1.9668195247650146,-0.017917098477482796
-1.9666056632995605,-0.017913619056344032
-1.966395378112793,-0.01791020855307579
-1.9663231372833252,-0.017909036949276924
-1.9660481214523315,-0.01790459267795086
-1.9659605026245117,-0.017903180792927742
-1.9657447338104248,-0.017899706959724426
-1.96573007106781,-0.017899472266435623
-1.9653561115264893,-0.01789347641170025
-1.965022087097168,-0.017888138070702553
-1.9645791053771973,-0.017881100997328758
-1.9645116329193115,-0.017880035564303398
-1.9641988277435303,-0.01787509210407734
-1.9637038707733154,-0.017867304384708405
-1.9633948802947998,-0.017862478271126747
-1.9633417129516602,-0.01786164380609989
-1.963308334350586,-0.017861125990748405
-1.963107705116272,-0.017857998609542847
-1.9623922109603882,-0.017846914008259773
-1.9621877670288086,-0.01784377172589302
-1.9621165990829468,-0.017842676490545273
-1.9621163606643677,-0.017842674627900124
-1.961674690246582,-0.017835907638072968
-1.9608724117279053,-0.0178237147629261
-1.9608396291732788,-0.017823221161961555
-1.9604551792144775,-0.01781742461025715
-1.9603354930877686,-0.01781562902033329
-1.9602128267288208,-0.01781378872692585
-1.9601868391036987,-0.01781339757144451
-1.9601634740829468,-0.017813049256801605
-1.9600976705551147,-0.017812063917517662
-1.9596655368804932,-0.017805617302656174
-1.9592711925506592,-0.01779976487159729
-1.9592639207839966,-0.017799660563468933
-1.9591535329818726,-0.01779802516102791
-1.9591350555419922,-0.01779775135219097
-1.959049940109253,-0.01779649592936039
-1.9586986303329468,-0.017791325226426125
-1.9586931467056274,-0.017791245132684708
-1.9582805633544922,-0.017785198986530304
-1.9577980041503906,-0.017778180539608
-1.9575750827789307,-0.017774950712919235
-1.9574742317199707,-0.017773492261767387
-1.957268238067627,-0.017770523205399513
-1.9572086334228516,-0.017769664525985718
-1.9568767547607422,-0.017764901742339134
-1.9567147493362427,-0.01776258647441864
-1.956536054611206,-0.017760038375854492
-1.9562190771102905,-0.017755530774593353
-1.9558390378952026,-0.017750149592757225
-1.9558074474334717,-0.01774970442056656
-1.9557899236679077,-0.01774945668876171
-1.9557075500488281,-0.01774829812347889
-1.9551857709884644,-0.017740974202752113
-1.9546842575073242,-0.017733991146087646
-1.9544670581817627,-0.01773097924888134
-1.9544169902801514,-0.017730288207530975
-1.9541699886322021,-0.017726879566907883
-1.9540655612945557,-0.017725439742207527
-1.9539743661880493,-0.017724189907312393
-1.953333854675293,-0.017715435475111008
-1.953263521194458,-0.017714479938149452
-1.9532523155212402,-0.017714329063892365
-1.9521751403808594,-0.01769980415701866
-1.9520039558410645,-0.017697520554065704
-1.9516609907150269,-0.017692960798740387
-1.9512450695037842,-0.017687460407614708
-1.9512275457382202,-0.017687229439616203
-1.9510657787322998,-0.017685098573565483
-1.9505445957183838,-0.017678277567029
-1.9504191875457764,-0.017676645889878273
-1.9500575065612793,-0.01767195202410221
-1.9495854377746582,-0.017665868625044823
-1.9494954347610474,-0.01766471192240715
-1.949349045753479,-0.01766284368932247
-1.9491407871246338,-0.017660178244113922
-1.9489383697509766,-0.017657602205872536
-1.9488446712493896,-0.017656413838267326
-1.9485366344451904,-0.017652515321969986
-1.9480029344558716,-0.017645807936787605
-1.9479506015777588,-0.017645150423049927
-1.9476609230041504,-0.017641542479395866
-1.9475994110107422,-0.017640773206949234
-1.947533369064331,-0.01763995550572872
-1.947105884552002,-0.017634665593504906
-1.9469438791275024,-0.01763266883790493
-1.9464377164840698,-0.017626473680138588
-1.9462475776672363,-0.017624162137508392
-1.9461848735809326,-0.017623398452997208
-1.9459741115570068,-0.017620842903852463
-1.9452381134033203,-0.017611999064683914
-1.9450666904449463,-0.017609955742955208
-1.9449385404586792,-0.01760842837393284
-1.9448826313018799,-0.01760777086019516
-1.9446784257888794,-0.01760535128414631
-1.9439170360565186,-0.017596406862139702
-1.9438130855560303,-0.017595194280147552
-1.9437979459762573,-0.017595017328858376
-1.943618655204773,-0.017592934891581535
-1.9435529708862305,-0.0175921730697155
-1.9434359073638916,-0.01759081892669201
-1.9433631896972656,-0.017589978873729706
-1.943171739578247,-0.017587771639227867
-1.9431684017181396,-0.017587732523679733
-1.9429152011871338,-0.017584826797246933
-1.9424278736114502,-0.017579268664121628
-1.9419658184051514,-0.017574045807123184
-1.941852331161499,-0.01757276989519596
-1.9418336153030396,-0.01757255382835865
-1.9417786598205566,-0.017571942880749702
-1.9417104721069336,-0.01757117360830307
-1.9409985542297363,-0.01756325364112854
-1.9409195184707642,-0.0175623819231987
-1.94063138961792,-0.01755921170115471
-1.9404878616333008,-0.01755763776600361
-1.9402318000793457,-0.017554838210344315
-1.9401804208755493,-0.017554281279444695
-1.9400005340576172,-0.017552325502038002
-1.9398815631866455,-0.017551034688949585
-1.9397571086883545,-0.01754969358444214
-1.9396891593933105,-0.01754895970225334
-1.9396166801452637,-0.017548179253935814
-1.9394521713256836,-0.017546413466334343
-1.9393199682235718,-0.017544997856020927
-1.9382834434509277,-0.017534025013446808
-1.9382548332214355,-0.017533723264932632
-1.9380666017532349,-0.017531756311655045
-1.9380083084106445,-0.017531147226691246
-1.937044382095337,-0.017521198838949203
-1.9369531869888306,-0.017520271241664886
-1.936899185180664,-0.017519721761345863
-1.9363449811935425,-0.01751410961151123
-1.9363199472427368,-0.017513858154416084
-1.9357483386993408,-0.017508143559098244
-1.9354931116104126,-0.01750561222434044
-1.9353374242782593,-0.01750408113002777
-1.935196876525879,-0.017502697184681892
-1.9349818229675293,-0.017500586807727814
-1.9343829154968262,-0.017494773492217064
-1.9339615106582642,-0.017490727826952934
-1.9336020946502686,-0.017487306147813797
-1.933584213256836,-0.017487136647105217
-1.9332680702209473,-0.017484154552221298
-1.9332184791564941,-0.01748368889093399
-1.9329982995986938,-0.017481623217463493
-1.9328901767730713,-0.01748061366379261
-1.932871699333191,-0.01748044416308403
-1.9322612285614014,-0.017474794760346413
-1.932057499885559,-0.017472926527261734
-1.9315500259399414,-0.01746831275522709
-1.9314759969711304,-0.017467645928263664
-1.931427001953125,-0.017467202618718147
-1.9314099550247192,-0.01746704988181591
-1.9312626123428345,-0.017465723678469658
-1.9311275482177734,-0.017464516684412956
-1.930713176727295,-0.01746082678437233
-1.9302022457122803,-0.017456332221627235
-1.929983377456665,-0.017454426735639572
-1.929869532585144,-0.01745343953371048
-1.9297186136245728,-0.017452135682106018
-1.9292826652526855,-0.017448388040065765
-1.9288511276245117,-0.01744472235441208
-1.9288346767425537,-0.017444586381316185
-1.928822636604309,-0.017444485798478127
-1.9287080764770508,-0.017443517223000526
-1.9286713600158691,-0.017443208023905754
-1.928202748298645,-0.01743929460644722
-1.9281803369522095,-0.017439106479287148
-1.9277024269104004,-0.017435163259506226
-1.927567958831787,-0.01743406429886818
-1.9274475574493408,-0.017433086410164833
-1.9273362159729004,-0.01743217743933201
-1.9269475936889648,-0.017429042607545853
-1.9268742799758911,-0.017428455874323845
-1.9265297651290894,-0.01742570474743843
-1.9263901710510254,-0.017424598336219788
-1.9260441064834595,-0.01742187701165676
-1.925987720489502,-0.017421433702111244
-1.9254138469696045,-0.01741698384284973
-1.9250907897949219,-0.017414512112736702
-1.9250636100769043,-0.017414305359125137
-1.9249337911605835,-0.017413316294550896
-1.9249076843261719,-0.017413120716810226
-1.9249062538146973,-0.017413105815649033
-1.9247583150863647,-0.017411990091204643
-1.924707293510437,-0.017411604523658752
-1.924403190612793,-0.017409322783350945
-1.924351692199707,-0.017408939078450203
-1.9239442348480225,-0.01740591786801815
-1.9237240552902222,-0.017404302954673767
-1.9233664274215698,-0.01740170083940029
-1.922926425933838,-0.0173985343426466
-1.9225407838821411,-0.017395799979567528
-1.9223321676254272,-0.017394330352544785
-1.9218355417251587,-0.01739087887108326
-1.9217414855957031,-0.017390230670571327
-1.9212327003479004,-0.01738676056265831
-1.9210855960845947,-0.01738576777279377
-1.921027421951294,-0.01738537661731243
-1.9204928874969482,-0.01738181710243225
-1.9202979803085327,-0.017380530014634132
-1.9202024936676025,-0.01737990975379944
-1.9201020002365112,-0.01737925410270691
-1.9196064472198486,-0.01737605221569538
-1.9195537567138672,-0.01737571693956852
-1.9195386171340942,-0.017375625669956207
-1.9194926023483276,-0.01737532950937748
-1.9194567203521729,-0.017375100404024124
-1.9193880558013916,-0.017374662682414055
-1.9188945293426514,-0.017371555790305138
-1.9185442924499512,-0.017369383946061134
-1.9184163808822632,-0.01736859604716301
-1.9181445837020874,-0.017366936430335045
-1.9176479578018188,-0.017363954335451126
-1.9172264337539673,-0.017361458390951157
-1.917191743850708,-0.01736125536262989
-1.9167567491531372,-0.017358731478452682
-1.9163219928741455,-0.017356248572468758
-1.9158942699432373,-0.0173538476228714
-1.915722370147705,-0.017352895811200142
-1.9155818223953247,-0.017352119088172913
-1.915433406829834,-0.017351308837532997
-1.915041208267212,-0.017349181696772575
-1.9148523807525635,-0.01734817400574684
-1.9144340753555298,-0.017345964908599854
-1.9144070148468018,-0.017345819622278214
-1.9140377044677734,-0.017343908548355103
-1.9139174222946167,-0.017343292012810707
-1.913649082183838,-0.01734192855656147
-1.9133496284484863,-0.01734042540192604
-1.9129149913787842,-0.017338283360004425
-1.9126323461532593,-0.017336908727884293
-1.9124510288238525,-0.017336038872599602
-1.9122949838638306,-0.01733529567718506
-1.9122949838638306,-0.01733529567718506
-1.9118702411651611,-0.017333300784230232
-1.9117605686187744,-0.017332790419459343
-1.91135573387146,-0.017330940812826157
-1.9113520383834839,-0.017330927774310112
-1.9113175868988037,-0.017330771312117577
-1.9112730026245117,-0.01733057014644146
-1.911064624786377,-0.017329633235931396
-1.9108941555023193,-0.01732887513935566
-1.910886526107788,-0.017328841611742973
-1.91068696975708,-0.017327964305877686
-1.9106814861297607,-0.017327938228845596
-1.9102106094360352,-0.017325906082987785
-1.9101824760437012,-0.017325788736343384
-1.9101642370224,-0.017325710505247116
-1.9098761081695557,-0.017324496060609818
-1.909865140914917,-0.01732444576919079
-1.9098244905471802,-0.01732427440583706
-1.9093563556671143,-0.017322346568107605
-1.9085074663162231,-0.017318975180387497
-1.9082657098770142,-0.01731804944574833
-1.9081711769104004,-0.017317689955234528
-1.9080817699432373,-0.01731734536588192
-1.9076851606369019,-0.01731587015092373
-1.9076372385025024,-0.0173156950622797
-1.9075815677642822,-0.017315492033958435
-1.9075219631195068,-0.017315274104475975
-1.9073203802108765,-0.017314543947577477
-1.9070709943771362,-0.017313651740550995
-1.9063776731491089,-0.017311252653598785
-1.9061706066131592,-0.01731056161224842
-1.9059137105941772,-0.01730971410870552
-1.9058794975280762,-0.01730959862470627
-1.9056148529052734,-0.01730874553322792
-1.9055922031402588,-0.0173086766153574
-1.9052764177322388,-0.01730767823755741
-1.9051306247711182,-0.017307223752141
-1.9047695398330688,-0.017306124791502953
-1.904430627822876,-0.017305118963122368
-1.9037683010101318,-0.017303233966231346
-1.9032593965530396,-0.017301857471466064
-1.9031307697296143,-0.017301516607403755
-1.9030076265335083,-0.017301194369792938
-1.9029704332351685,-0.017301099374890327
-1.9029467105865479,-0.017301037907600403
-1.9024245738983154,-0.017299722880125046
-1.9023373126983643,-0.017299512401223183
-1.9021717309951782,-0.017299115657806396
-1.9021059274673462,-0.017298955470323563
-1.9019731283187866,-0.017298640683293343
-1.9014312028884888,-0.017297403886914253
-1.9009606838226318,-0.017296385020017624
-1.9006619453430176,-0.01729576662182808
-1.9002647399902344,-0.017294978722929955
-1.8999910354614258,-0.017294451594352722
-1.8996740579605103,-0.017293868586421013
-1.8989869356155396,-0.01729268580675125
-1.8987793922424316,-0.01729234866797924
-1.898747444152832,-0.01729229837656021
-1.8981947898864746,-0.017291462048888206
-1.8981658220291138,-0.017291413620114326
-1.8980457782745361,-0.017291242256760597
-1.8979268074035645,-0.017291076481342316
-1.8979222774505615,-0.01729106903076172
-1.8979215621948242,-0.01729106903076172
-1.8971501588821411,-0.01729007251560688
-1.8969377279281616,-0.017289821058511734
-1.8966668844223022,-0.01728951744735241
-1.896560549736023,-0.017289401963353157
-1.896435022354126,-0.017289267852902412
-1.8964039087295532,-0.017289238050580025
-1.8963725566864014,-0.01728920452296734
-1.8962945938110352,-0.01728912442922592
-1.8962793350219727,-0.017289111390709877
-1.896066427230835,-0.01728890649974346
-1.8959828615188599,-0.017288828268647194
-1.89596426486969,-0.0172888096421957
-1.8955198526382446,-0.01728842221200466
-1.8954713344573975,-0.017288383096456528
-1.8954670429229736,-0.01728838123381138
-1.895194411277771,-0.017288170754909515
-1.8951305150985718,-0.017288120463490486
-1.8949799537658691,-0.01728801615536213
-1.8947972059249878,-0.01728789694607258
-1.8943336009979248,-0.01728762313723564
-1.894068717956543,-0.017287492752075195
-1.8936550617218018,-0.017287321388721466
-1.8934684991836548,-0.017287256196141243
-1.893401861190796,-0.017287231981754303
-1.8933218717575073,-0.01728721149265766
-1.8928964138031006,-0.017287110909819603
-1.8928617238998413,-0.017287105321884155
-1.8925714492797852,-0.01728706620633602
-1.8919001817703247,-0.01728704571723938
-1.8918097019195557,-0.01728704944252968
-1.8917980194091797,-0.017287053167819977
-1.8916258811950684,-0.01728706993162632
-1.8915666341781616,-0.017287079244852066
-1.8915116786956787,-0.017287088558077812
-1.8914909362792969,-0.01728709228336811
-1.890844702720642,-0.0172872394323349
-1.8905667066574097,-0.01728733815252781
-1.8899788856506348,-0.017287602648139
-1.889809489250183,-0.01728769578039646
-1.8894600868225098,-0.017287902534008026
-1.8890900611877441,-0.01728816330432892
-1.8889728784561157,-0.017288250848650932
-1.8888425827026367,-0.01728835515677929
-1.8886353969573975,-0.01728852279484272
-1.8885492086410522,-0.01728859543800354
-1.8884997367858887,-0.017288638278841972
-1.8879132270812988,-0.01728919893503189
-1.8877617120742798,-0.017289355397224426
-1.8872230052947998,-0.017289964482188225
-1.8871040344238281,-0.017290106043219566
-1.886860966682434,-0.01729040965437889
-1.886635661125183,-0.017290707677602768
-1.8866212368011475,-0.01729072630405426
-1.8863728046417236,-0.01729106716811657
-1.886308193206787,-0.01729116030037403
-1.885395884513855,-0.017292553558945656
-1.8852458000183105,-0.017292803153395653
-1.8852189779281616,-0.017292845994234085
-1.8844335079193115,-0.017294246703386307
-1.884359359741211,-0.0172943864017725
-1.8841352462768555,-0.01729482039809227
-1.8839396238327026,-0.01729520596563816
-1.8836686611175537,-0.017295757308602333
-1.8832240104675293,-0.017296699807047844
-1.8832066059112549,-0.017296738922595978
-1.8831886053085327,-0.017296776175498962
-1.8830068111419678,-0.017297180369496346
-1.8828444480895996,-0.017297547310590744
-1.8818377256393433,-0.01729995757341385
-1.8815715312957764,-0.01730063371360302
-1.8814181089401245,-0.017301037907600403
-1.8814181089401245,-0.017301037907600403
-1.8813532590866089,-0.017301205545663834
-1.8813252449035645,-0.017301280051469803
-1.8811726570129395,-0.017301687970757484
-1.8811383247375488,-0.017301782965660095
-1.8809690475463867,-0.017302243039011955
-1.880955696105957,-0.01730227656662464
-1.8807059526443481,-0.017302967607975006
-1.8806060552597046,-0.01730325073003769
-1.8805434703826904,-0.017303429543972015
-1.880366563796997,-0.017303934320807457
-1.8799785375595093,-0.017305072396993637
-1.8799443244934082,-0.017305174842476845
-1.8797860145568848,-0.0173056498169899
-1.8797743320465088,-0.017305688932538033
-1.8797461986541748,-0.017305772751569748
-1.8793586492538452,-0.017306972295045853
-1.8792883157730103,-0.017307192087173462
-1.8790799379348755,-0.017307855188846588
-1.8787187337875366,-0.017309028655290604
-1.8786189556121826,-0.017309360206127167
-1.8782365322113037,-0.017310649156570435
-1.877321481704712,-0.0173138827085495
-1.8771696090698242,-0.01731443963944912
-1.87713623046875,-0.01731456071138382
-1.8768336772918701,-0.017315691336989403
-1.876326322555542,-0.0173176359385252
-1.8761085271835327,-0.017318490892648697
-1.8760194778442383,-0.0173188429325819
-1.8760144710540771,-0.017318863421678543
-1.8758397102355957,-0.017319560050964355
-1.8758046627044678,-0.017319703474640846
-1.8753852844238281,-0.01732141710817814
-1.8752751350402832,-0.0173218734562397
-1.8751335144042969,-0.017322462052106857
-1.8749369382858276,-0.017323298379778862
-1.8749067783355713,-0.01732342503964901
-1.8748905658721924,-0.017323492094874382
-1.8748421669006348,-0.017323698848485947
-1.8746291399002075,-0.01732461340725422
-1.8737765550613403,-0.017328396439552307
-1.873213529586792,-0.017330989241600037
-1.8730406761169434,-0.0173318050801754
-1.8726073503494263,-0.017333878204226494
-1.8725688457489014,-0.017334062606096268
-1.8725590705871582,-0.017334109172225
-1.8724944591522217,-0.017334427684545517
-1.8724231719970703,-0.017334774136543274
-1.8722349405288696,-0.017335696145892143
-1.8714885711669922,-0.017339447513222694
-1.871477723121643,-0.01733950711786747
-1.8714046478271484,-0.017339879646897316
-1.8708484172821045,-0.01734277978539467
-1.8707184791564941,-0.017343470826745033
-1.8696410655975342,-0.017349349334836006
-1.8694796562194824,-0.017350254580378532
-1.8694474697113037,-0.01735043339431286
-1.8693599700927734,-0.017350932583212852
-1.869318962097168,-0.017351165413856506
-1.8692084550857544,-0.0173517893999815
-1.8686038255691528,-0.017355289310216904
-1.8683810234069824,-0.01735660247504711
-1.8683055639266968,-0.017357047647237778
-1.8681968450546265,-0.01735769771039486
-1.8679851293563843,-0.017358966171741486
-1.8678761720657349,-0.017359621822834015
-1.867072582244873,-0.017364563420414925
-1.866748332977295,-0.017366603016853333
-1.8665249347686768,-0.017368027940392494
-1.8665087223052979,-0.017368130385875702
-1.8664227724075317,-0.017368683591485023
-1.8659780025482178,-0.017371561378240585
-1.8658872842788696,-0.01737215742468834
-1.8656389713287354,-0.017373792827129364
-1.8653392791748047,-0.01737578958272934
-1.865112066268921,-0.017377318814396858
-1.8651015758514404,-0.01737738773226738
-1.86491060256958,-0.017378684133291245
-1.8646187782287598,-0.01738068275153637
-1.8645427227020264,-0.0173812098801136
-1.8640378713607788,-0.0173847284168005
-1.8638986349105835,-0.017385710030794144
-1.8637800216674805,-0.017386548221111298
-1.8637075424194336,-0.017387066036462784
-1.8636752367019653,-0.01738729700446129
-1.8635634183883667,-0.01738809607923031
-1.863449215888977,-0.01738891750574112
-1.8634421825408936,-0.017388965934515
-1.8633650541305542,-0.01738951914012432
-1.8632445335388184,-0.01739039085805416
-1.8630712032318115,-0.01739165559411049
-1.8629475831985474,-0.017392553389072418
-1.8628109693527222,-0.017393557354807854
-1.8626608848571777,-0.017394669353961945
-1.862579107284546,-0.017395269125699997
-1.86251699924469,-0.017395731061697006
-1.8617814779281616,-0.01740127056837082
-1.861384391784668,-0.01740431599318981
-1.8606197834014893,-0.01741030253469944
-1.8605942726135254,-0.017410509288311005
-1.8602547645568848,-0.017413213849067688
-1.8601278066635132,-0.017414234578609467
-1.8599724769592285,-0.017415490001440048
-1.85980224609375,-0.017416872084140778
-1.859731674194336,-0.01741744764149189
-1.8592591285705566,-0.017421331256628036
-1.85923433303833,-0.0174215380102396
-1.85920250415802,-0.017421802505850792
-1.8590497970581055,-0.017423070967197418
-1.8590372800827026,-0.017423175275325775
-1.8590115308761597,-0.017423391342163086
-1.858748197555542,-0.017425598576664925
-1.8585923910140991,-0.01742691360414028
-1.8585631847381592,-0.01742716133594513
-1.8581689596176147,-0.017430519685149193
-1.8567748069763184,-0.017442723736166954
-1.8565118312835693,-0.01744508184492588
-1.8563988208770752,-0.01744610071182251
-1.8562895059585571,-0.01744709350168705
-1.8562381267547607,-0.01744755730032921
-1.8562202453613281,-0.01744772121310234
-1.8555340766906738,-0.017454015091061592
-1.8554010391235352,-0.017455250024795532
-1.8551571369171143,-0.01745752803981304
-1.8549776077270508,-0.017459211871027946
-1.8549649715423584,-0.017459332942962646
-1.8549466133117676,-0.017459506168961525
-1.854928970336914,-0.017459673807024956
-1.8542460203170776,-0.017466168850660324
-1.8537956476211548,-0.017470523715019226
-1.8534921407699585,-0.01747349090874195
-1.8532618284225464,-0.017475754022598267
-1.8526558876037598,-0.017481787130236626
-1.8522382974624634,-0.017485996708273888
-1.8521900177001953,-0.017486488446593285
-1.8521363735198975,-0.01748703047633171
-1.8518953323364258,-0.017489487305283546
-1.8518085479736328,-0.017490379512310028
-1.8518078327178955,-0.017490388825535774
-1.8516042232513428,-0.01749248057603836
-1.8514169454574585,-0.01749441586434841
-1.851398229598999,-0.01749461330473423
-1.8512773513793945,-0.017495866864919662
-1.8510427474975586,-0.017498312518000603
-1.8509540557861328,-0.01749924197793007
-1.8508405685424805,-0.017500432208180428
-1.8506519794464111,-0.017502417787909508
-1.8505427837371826,-0.01750357449054718
-1.8499717712402344,-0.017509669065475464
-1.8498620986938477,-0.017510848119854927
-1.8496159315109253,-0.017513513565063477
-1.8495368957519531,-0.017514370381832123
-1.8495148420333862,-0.017514606937766075
-1.8489052057266235,-0.017521284520626068
-1.84856116771698,-0.017525099217891693
-1.848201036453247,-0.017529122531414032
-1.8479253053665161,-0.0175322275608778
-1.8478368520736694,-0.017533227801322937
-1.8473511934280396,-0.017538759857416153
-1.8473353385925293,-0.017538942396640778
-1.8473325967788696,-0.017538972198963165
-1.8471665382385254,-0.01754087768495083
-1.8471380472183228,-0.017541201785206795
-1.8470765352249146,-0.01754191517829895
-1.847068190574646,-0.01754201203584671
-1.8469287157058716,-0.017543621361255646
-1.8466997146606445,-0.01754627749323845
-1.8465908765792847,-0.017547545954585075
-1.8464633226394653,-0.01754903607070446
-1.8458836078643799,-0.017555858939886093
-1.8456599712371826,-0.017558516934514046
-1.8456573486328125,-0.017558548599481583
-1.8453819751739502,-0.017561841756105423
-1.84493887424469,-0.017567172646522522
-1.8447319269180298,-0.017569687217473984
-1.8443968296051025,-0.017573775723576546
-1.8438555002212524,-0.01758044958114624
-1.843784213066101,-0.017581336200237274
-1.8437632322311401,-0.017581596970558167
-1.8432559967041016,-0.017587935552001
-1.8432480096817017,-0.01758803240954876
-1.8431285619735718,-0.01758953556418419
-1.843019723892212,-0.017590908333659172
-1.842986822128296,-0.01759132370352745
-1.8429763317108154,-0.017591455951333046
-1.8427801132202148,-0.01759394071996212
-1.842392921447754,-0.017598876729607582
-1.8423616886138916,-0.017599279060959816
-1.841243028640747,-0.01761377416551113
-1.8410605192184448,-0.01761617511510849
-1.8410589694976807,-0.01761619746685028
-1.84067964553833,-0.01762120984494686
-1.8404301404953003,-0.01762452907860279
-1.8402860164642334,-0.017626455053687096
-1.8398675918579102,-0.017632072791457176
-1.8396481275558472,-0.017635038122534752
-1.839151382446289,-0.017641805112361908
-1.8390617370605469,-0.01764303259551525
-1.8390212059020996,-0.01764359138906002
-1.838965892791748,-0.017644347622990608
-1.8386967182159424,-0.017648056149482727
-1.8386101722717285,-0.017649251967668533
-1.8379669189453125,-0.017658213153481483
-1.837852120399475,-0.01765982061624527
-1.837681531906128,-0.017662225291132927
-1.8376669883728027,-0.017662426456809044
-1.8375067710876465,-0.01766468957066536
-1.837204933166504,-0.017668968066573143
-1.837175965309143,-0.01766938343644142
-1.8369511365890503,-0.017672589048743248
-1.8368767499923706,-0.01767365075647831
-1.8368080854415894,-0.017674636095762253
-1.8364293575286865,-0.017680088058114052
-1.8361690044403076,-0.017683856189250946
-1.8361427783966064,-0.01768423058092594
-1.8361347913742065,-0.017684349790215492
-1.8360683917999268,-0.017685314640402794
-1.835255742073059,-0.017697220668196678
-1.8351061344146729,-0.017699433490633965
-1.8350651264190674,-0.017700038850307465
-1.8346922397613525,-0.017705587670207024
-1.8345915079116821,-0.017707088962197304
-1.8344852924346924,-0.017708679661154747
-1.8344199657440186,-0.017709657549858093
-1.8341227769851685,-0.017714127898216248
-1.833842396736145,-0.017718365415930748
-1.8334213495254517,-0.017724771052598953
-1.833132266998291,-0.017729196697473526
-1.8327906131744385,-0.017734460532665253
-1.8325841426849365,-0.017737658694386482
-1.8324990272521973,-0.017738979309797287
-1.8322535753250122,-0.01774279959499836
-1.8318573236465454,-0.01774900034070015
-1.831796407699585,-0.017749961465597153
-1.8317253589630127,-0.017751077190041542
-1.831156849861145,-0.017760079354047775
-1.8311220407485962,-0.017760630697011948
-1.8310580253601074,-0.017761647701263428
-1.8310490846633911,-0.017761792987585068
-1.8307725191116333,-0.017766211181879044
-1.8303290605545044,-0.0177733413875103
-1.8302910327911377,-0.017773950472474098
-1.8301527500152588,-0.017776187509298325
-1.8300566673278809,-0.01777774654328823
-1.8298190832138062,-0.017781605944037437
-1.8298016786575317,-0.01778188720345497
-1.829071283340454,-0.01779385842382908
-1.8288280963897705,-0.01779787987470627
-1.828766107559204,-0.017798906192183495
-1.8284746408462524,-0.017803752794861794
-1.8284637928009033,-0.017803935334086418
-1.8279223442077637,-0.01781299337744713
-1.8276326656341553,-0.01781787909567356
-1.827490210533142,-0.017820291221141815
-1.8273855447769165,-0.017822062596678734
-1.827348232269287,-0.01782269775867462
-1.8272209167480469,-0.01782486028969288
-1.827181100845337,-0.017825540155172348
-1.8266798257827759,-0.01783411204814911
-1.8255488872528076,-0.01785370521247387
-1.825500249862671,-0.017854558303952217
-1.8252102136611938,-0.017859645187854767
-1.8251700401306152,-0.017860352993011475
-1.825103998184204,-0.017861513420939445
-1.8250203132629395,-0.017862986773252487
-1.8249726295471191,-0.01786383055150509
-1.8246010541915894,-0.017870407551527023
-1.8245550394058228,-0.017871225252747536
-1.8241029977798462,-0.017879284918308258
-1.8240104913711548,-0.017880944535136223
-1.8239527940750122,-0.017881978303194046
-1.8237249851226807,-0.017886074259877205
-1.8236937522888184,-0.017886633053421974
-1.8236573934555054,-0.017887292429804802
-1.8233373165130615,-0.017893077805638313
-1.823286771774292,-0.017893990501761436
-1.822993278503418,-0.017899323254823685
-1.822939157485962,-0.017900312319397926
-1.8229317665100098,-0.01790044829249382
-1.8227168321609497,-0.0179043710231781
-1.8221418857574463,-0.01791493408381939
-1.8220407962799072,-0.017916802316904068
-1.8213913440704346,-0.017928872257471085
-1.821333646774292,-0.01792994700372219
-1.821324348449707,-0.01793012209236622
-1.8208534717559814,-0.017938952893018723
-1.820488691329956,-0.017945842817425728
-1.820332407951355,-0.017948806285858154
-1.8203105926513672,-0.017949217930436134
-1.820293664932251,-0.017949536442756653
-1.8201940059661865,-0.01795143634080887
-1.82007896900177,-0.017953624948859215
-1.8195232152938843,-0.017964253202080727
-1.8194838762283325,-0.017965009436011314
-1.8192691802978516,-0.017969142645597458
-1.8192185163497925,-0.017970120534300804
-1.8191745281219482,-0.017970973625779152
-1.8191660642623901,-0.017971133813261986
-1.8191516399383545,-0.01797141134738922
-1.8190011978149414,-0.01797431707382202
-1.8180429935455322,-0.01799299754202366
-1.817711591720581,-0.017999522387981415
-1.8176655769348145,-0.01800043135881424
-1.8174207210540771,-0.01800527423620224
-1.8174090385437012,-0.018005507066845894
-1.8173569440841675,-0.01800653710961342
-1.8172154426574707,-0.01800934597849846
-1.8158175945281982,-0.01803741231560707
-1.8157211542129517,-0.018039366230368614
-1.8153616189956665,-0.018046686425805092
-1.815093755722046,-0.01805216446518898
-1.8149398565292358,-0.018055321648716927
-1.8148692846298218,-0.018056772649288177
-1.8146770000457764,-0.018060730770230293
-1.8145538568496704,-0.018063265830278397
-1.8144193887710571,-0.0180660467594862
-1.8142814636230469,-0.01806889846920967
-1.813989520072937,-0.018074965104460716
-1.8130810260772705,-0.018093988299369812
-1.8130016326904297,-0.01809566281735897
-1.8123321533203125,-0.01810985431075096
-1.812319278717041,-0.018110128119587898
-1.8121039867401123,-0.018114719539880753
-1.8120341300964355,-0.018116211518645287
-1.811989426612854,-0.018117165192961693
-1.8116137981414795,-0.018125222995877266
-1.8110299110412598,-0.018137827515602112
-1.8109688758850098,-0.018139153718948364
-1.8109211921691895,-0.01814018376171589
-1.8108307123184204,-0.018142152577638626
-1.8108277320861816,-0.01814221404492855
-1.8106341361999512,-0.01814642734825611
-1.8105554580688477,-0.018148140981793404
-1.8104373216629028,-0.018150722607970238
-1.8103058338165283,-0.01815359853208065
-1.8102613687515259,-0.01815457083284855
-1.8101627826690674,-0.018156729638576508
-1.810004472732544,-0.018160205334424973
-1.8099713325500488,-0.018160933628678322
-1.8097784519195557,-0.01816518045961857
-1.8095558881759644,-0.01817009039223194
-1.8095293045043945,-0.018170678988099098
-1.8094000816345215,-0.018173538148403168
-1.8093808889389038,-0.01817396469414234
-1.8093655109405518,-0.0181743074208498
-1.8091052770614624,-0.018180081620812416
-1.8090732097625732,-0.01818079687654972
-1.808348536491394,-0.018196990713477135
-1.8082355260849,-0.018199531361460686
-1.808167576789856,-0.018201062455773354
-1.807953119277954,-0.018205899745225906
-1.8078713417053223,-0.018207747489213943
-1.8073322772979736,-0.018219970166683197
-1.806727409362793,-0.01823379099369049
-1.8061766624450684,-0.018246471881866455
-1.8060859441757202,-0.01824856549501419
-1.8059170246124268,-0.018252478912472725
-1.8057810068130493,-0.018255632370710373
-1.8056904077529907,-0.018257740885019302
-1.8053995370864868,-0.018264511600136757
-1.8053648471832275,-0.01826532371342182
-1.805069923400879,-0.018272221088409424
-1.8047360181808472,-0.01828005537390709
-1.8047349452972412,-0.018280085176229477
-1.8044915199279785,-0.01828582212328911
-1.8044246435165405,-0.018287397921085358
-1.8043324947357178,-0.01828957349061966
-1.803688645362854,-0.018304862082004547
-1.8034155368804932,-0.018311386927962303
-1.802795648574829,-0.018326271325349808
-1.8025834560394287,-0.018331389874219894
-1.8024182319641113,-0.018335388973355293
-1.8021183013916016,-0.01834266446530819
-1.8016550540924072,-0.018353955820202827
-1.801107406616211,-0.01836739107966423
-1.8010729551315308,-0.01836823858320713
-1.8010332584381104,-0.018369216471910477
-1.8010236024856567,-0.018369454890489578
-1.800980567932129,-0.01837051473557949
-1.8006633520126343,-0.018378347158432007
-1.8005356788635254,-0.0183815099298954
-1.8002550601959229,-0.018388474360108376
-1.8000831604003906,-0.01839275285601616
-1.7998179197311401,-0.018399372696876526
-1.7992393970489502,-0.018413886427879333
-1.7991493940353394,-0.01841614954173565
-1.799144983291626,-0.018416263163089752
-1.798844814300537,-0.018423834815621376
-1.7987520694732666,-0.018426181748509407
-1.798189640045166,-0.01844046823680401
-1.7979437112808228,-0.018446747213602066
-1.7972038984298706,-0.018465736880898476
-1.797144889831543,-0.018467258661985397
-1.7969872951507568,-0.018471326678991318
-1.796979308128357,-0.01847153715789318
-1.7967138290405273,-0.018478408455848694
-1.7965800762176514,-0.018481874838471413
-1.796560287475586,-0.01848239079117775
-1.796021580696106,-0.018496425822377205
-1.7956593036651611,-0.018505915999412537
-1.795631766319275,-0.018506638705730438
-1.795567512512207,-0.01850832812488079
-1.7955527305603027,-0.01850871369242668
-1.7954437732696533,-0.0185115784406662
-1.7952613830566406,-0.018516378477215767
-1.7950820922851562,-0.01852111518383026
-1.795057773590088,-0.018521755933761597
-1.7946966886520386,-0.01853131875395775
-1.7941901683807373,-0.018544798716902733
-1.7941064834594727,-0.01854703202843666
-1.7940094470977783,-0.01854962855577469
-1.7939467430114746,-0.018551301211118698
-1.7939149141311646,-0.018552152439951897
-1.7938497066497803,-0.018553899601101875
-1.7934184074401855,-0.018565481528639793
-1.7933419942855835,-0.018567539751529694
-1.7931654453277588,-0.01857229880988598
-1.7930786609649658,-0.01857464201748371
-1.7926522493362427,-0.018586188554763794
-1.7925333976745605,-0.01858941838145256
-1.7923619747161865,-0.018594078719615936
-1.7922849655151367,-0.01859617978334427
-1.7921578884124756,-0.018599648028612137
-1.792140007019043,-0.018600132316350937
-1.7915210723876953,-0.018617086112499237
-1.7914032936096191,-0.01862032152712345
-1.7909910678863525,-0.01863168738782406
-1.790953278541565,-0.018632732331752777
-1.7907640933990479,-0.018637968227267265
-1.7901321649551392,-0.01865553669631481
-1.7899434566497803,-0.018660804256796837
-1.7894093990325928,-0.01867576874792576
-1.7893110513687134,-0.018678534775972366
-1.789271593093872,-0.01867964304983616
-1.788690209388733,-0.018696054816246033
-1.7884070873260498,-0.018704082816839218
-1.7876919507980347,-0.0187244676053524
-1.7874764204025269,-0.018730638548731804
-1.787428379058838,-0.018732016906142235
-1.7869398593902588,-0.018746066838502884
-1.7868130207061768,-0.018749723210930824
-1.7867982387542725,-0.018750151619315147
-1.7867716550827026,-0.01875091902911663
-1.786733865737915,-0.01875201053917408
-1.7860796451568604,-0.018770970404148102
-1.7853010892868042,-0.018793698400259018
-1.7852157354354858,-0.018796201795339584
-1.7850089073181152,-0.018802272155880928
-1.7848188877105713,-0.01880786195397377
-1.7846580743789673,-0.018812604248523712
-1.784531593322754,-0.018816333264112473
-1.7844386100769043,-0.018819086253643036
-1.7841999530792236,-0.018826143816113472
-1.78416907787323,-0.018827060237526894
-1.7841286659240723,-0.01882825791835785
-1.7840429544448853,-0.0188307985663414
-1.78378427028656,-0.018838483840227127
-1.7833622694015503,-0.018851062282919884
-1.7832691669464111,-0.018853845074772835
-1.7832591533660889,-0.01885414496064186
-1.7830067873001099,-0.018861697986721992
-1.7829318046569824,-0.018863946199417114
-1.7827844619750977,-0.01886836811900139
-1.7821272611618042,-0.018888169899582863
-1.7820903062820435,-0.01888928934931755
-1.7820842266082764,-0.018889468163251877
-1.7820359468460083,-0.018890930339694023
-1.7816554307937622,-0.01890246570110321
-1.7815067768096924,-0.018906980752944946
-1.781460165977478,-0.018908396363258362
-1.7811346054077148,-0.018918314948678017
-1.7807650566101074,-0.018929608166217804
-1.7801954746246338,-0.018947094678878784
-1.7801657915115356,-0.018948009237647057
-1.7799988985061646,-0.018953152000904083
-1.7798521518707275,-0.018957681953907013
-1.7790911197662354,-0.018981263041496277
-1.7789396047592163,-0.01898597739636898
-1.778770923614502,-0.01899123191833496
-1.7782337665557861,-0.019008025527000427
-1.7780061960220337,-0.01901516690850258
-1.7777825593948364,-0.019022196531295776
-1.777564525604248,-0.01902906410396099
-1.7774310111999512,-0.019033275544643402
-1.777322769165039,-0.01903669908642769
-1.7769097089767456,-0.01904977299273014
-1.7768653631210327,-0.01905117928981781
-1.7765653133392334,-0.019060712307691574
-1.7764365673065186,-0.019064810127019882
-1.7764065265655518,-0.019065767526626587
-1.7763078212738037,-0.01906891167163849
-1.7760577201843262,-0.019076896831393242
-1.7759456634521484,-0.019080480560660362
-1.7757768630981445,-0.01908588409423828
-1.775721549987793,-0.01908765733242035
-1.7753942012786865,-0.01909816637635231
-1.7751412391662598,-0.019106309860944748
-1.7743276357650757,-0.01913261041045189
-1.7742376327514648,-0.01913553476333618
-1.7741715908050537,-0.019137680530548096
-1.7737386226654053,-0.019151771441102028
-1.7737069129943848,-0.019152807071805
-1.7735906839370728,-0.019156601279973984
-1.7731895446777344,-0.019169721752405167
-1.7727357149124146,-0.019184622913599014
-1.7727174758911133,-0.019185222685337067
-1.7724378108978271,-0.019194435328245163
-1.7724323272705078,-0.01919461600482464
-1.7718868255615234,-0.019212648272514343
-1.7717623710632324,-0.01921677216887474
-1.7714755535125732,-0.019226297736167908
-1.7713732719421387,-0.019229698926210403
-1.7711633443832397,-0.019236687570810318
-1.7710671424865723,-0.019239896908402443
-1.7710320949554443,-0.01924106478691101
-1.770480751991272,-0.019259506836533546
-1.7704542875289917,-0.01926039531826973
-1.770201325416565,-0.019268885254859924
-1.7701430320739746,-0.019270844757556915
-1.7700930833816528,-0.01927252672612667
-1.7695058584213257,-0.019292321056127548
-1.76936936378479,-0.019296934828162193
-1.7687597274780273,-0.019317613914608955
-1.7687326669692993,-0.019318532198667526
-1.7685625553131104,-0.019324323162436485
-1.7680575847625732,-0.01934155449271202
-1.7680574655532837,-0.019341561943292618
-1.7679874897003174,-0.01934395730495453
-1.7679436206817627,-0.01934545487165451
-1.767872929573059,-0.019347872585058212
-1.7675604820251465,-0.019358593970537186
-1.7675127983093262,-0.019360225647687912
-1.7673826217651367,-0.019364699721336365
-1.767353892326355,-0.019365688785910606
-1.7666776180267334,-0.019389009103178978
-1.766618251800537,-0.01939106360077858
-1.7663015127182007,-0.01940203085541725
-1.766035795211792,-0.019411254674196243
-1.7653918266296387,-0.01943369209766388
-1.7652387619018555,-0.01943904347717762
-1.7652217149734497,-0.019439637660980225
-1.7645528316497803,-0.01946309581398964
-1.763902187347412,-0.01948602870106697
-1.7638154029846191,-0.019489094614982605
-1.7631677389144897,-0.019512051716446877
-1.7629592418670654,-0.019519470632076263
-1.7629060745239258,-0.019521359354257584
-1.762648582458496,-0.019530542194843292
-1.7621372938156128,-0.019548816606402397
-1.7619762420654297,-0.019554587081074715
-1.7619163990020752,-0.01955673284828663
-1.7617831230163574,-0.019561517983675003
-1.7615165710449219,-0.019571099430322647
-1.7614765167236328,-0.0195725429803133
-1.7607321739196777,-0.01959940791130066
-1.7607202529907227,-0.01959984190762043
-1.7602812051773071,-0.01961575821042061
-1.7601499557495117,-0.019620530307292938
-1.760091781616211,-0.019622644409537315
-1.760071039199829,-0.019623398780822754
-1.7600343227386475,-0.019624732434749603
-1.7597577571868896,-0.019634807482361794
-1.7594830989837646,-0.019644828513264656
-1.7592487335205078,-0.019653402268886566
-1.7589235305786133,-0.019665315747261047
-1.7587523460388184,-0.019671598449349403
-1.7587122917175293,-0.019673069939017296
-1.7583763599395752,-0.019685426726937294
-1.758271336555481,-0.019689297303557396
-1.7581946849822998,-0.01969212293624878
-1.7579247951507568,-0.019702086225152016
-1.7575452327728271,-0.019716128706932068
-1.7574799060821533,-0.019718552008271217
-1.7573679685592651,-0.019722701981663704
-1.7573344707489014,-0.01972394436597824
-1.7572433948516846,-0.019727326929569244
-1.757225513458252,-0.019727986305952072
-1.7566593885421753,-0.019749056547880173
-1.7566457986831665,-0.019749563187360764
-1.7561675310134888,-0.019767429679632187
-1.7559735774993896,-0.019774693995714188
-1.7559025287628174,-0.01977735571563244
-1.755571722984314,-0.01978977397084236
-1.7552976608276367,-0.019800081849098206
-1.7552675008773804,-0.019801216199994087
-1.7546908855438232,-0.019822977483272552
-1.7546908855438232,-0.019822977483272552
-1.7542164325714111,-0.019840942695736885
-1.7537721395492554,-0.019857827574014664
-1.7534210681915283,-0.019871201366186142
-1.7532936334609985,-0.019876068457961082
-1.75326669216156,-0.01987709477543831
-1.7528618574142456,-0.019892573356628418
-1.7528375387191772,-0.019893506541848183
-1.752730369567871,-0.019897611811757088
-1.752716064453125,-0.01989815942943096
-1.7522857189178467,-0.01991467922925949
-1.7522292137145996,-0.019916849210858345
-1.7509126663208008,-0.019967714324593544
-1.750870704650879,-0.01996934413909912
-1.7508502006530762,-0.019970137625932693
-1.7503470182418823,-0.019989708438515663
-1.7502678632736206,-0.01999279297888279
-1.7502031326293945,-0.019995316863059998
-1.749985933303833,-0.02000379003584385
-1.7494754791259766,-0.020023755729198456
-1.749192714691162,-0.020034845918416977
-1.748084545135498,-0.020078500732779503
-1.7478723526000977,-0.020086899399757385
-1.7477107048034668,-0.02009330503642559
-1.7475306987762451,-0.020100444555282593
-1.7473725080490112,-0.0201067253947258
-1.7471412420272827,-0.020115919411182404
-1.7471028566360474,-0.020117444917559624
-1.7469205856323242,-0.020124705508351326
-1.7465320825576782,-0.02014020085334778
-1.7464262247085571,-0.02014443278312683
-1.746301293373108,-0.020149430260062218
-1.7460687160491943,-0.020158739760518074
-1.7458889484405518,-0.02016594260931015
-1.7456504106521606,-0.020175520330667496
-1.7454066276550293,-0.02018531784415245
-1.7452731132507324,-0.02019069343805313
-1.744908332824707,-0.02020539715886116
-1.7448697090148926,-0.020206959918141365
-1.7448607683181763,-0.020207319408655167
-1.7444297075271606,-0.02022474631667137
-1.744415521621704,-0.020225320011377335
-1.7440831661224365,-0.020238788798451424
-1.7439755201339722,-0.02024315670132637
-1.7438526153564453,-0.02024815045297146
-1.7435472011566162,-0.02026057429611683
-1.7434031963348389,-0.020266437903046608
-1.7429354190826416,-0.02028552256524563
-1.7428241968154907,-0.02029007114470005
-1.742595911026001,-0.020299414172768593
-1.7425661087036133,-0.02030063420534134
-1.7425434589385986,-0.020301563665270805
-1.742164134979248,-0.020317116752266884
-1.742017149925232,-0.02032315731048584
-1.741793155670166,-0.020332368090748787
-1.7415251731872559,-0.02034340798854828
-1.7409989833831787,-0.02036513201892376
-1.7409710884094238,-0.020366283133625984
-1.7406985759735107,-0.020377568900585175
-1.7401057481765747,-0.020402172580361366
-1.7396118640899658,-0.020422743633389473
-1.7393431663513184,-0.020433956757187843
-1.7388147115707397,-0.020456066355109215
-1.738635540008545,-0.020463578402996063
-1.7385929822921753,-0.020465366542339325
-1.7384908199310303,-0.020469654351472855
-1.7384669780731201,-0.02047065459191799
-1.7380173206329346,-0.020489560440182686
-1.7379772663116455,-0.02049124613404274
-1.7374658584594727,-0.020512821152806282
-1.737156629562378,-0.020525896921753883
-1.7371547222137451,-0.020525973290205002
-1.7369163036346436,-0.020536072552204132
-1.736905813217163,-0.020536519587039948
-1.7366807460784912,-0.020546063780784607
-1.7364904880523682,-0.02055414579808712
-1.7364158630371094,-0.02055731602013111
-1.7362715005874634,-0.020563453435897827
-1.7359908819198608,-0.020575398579239845
-1.7350258827209473,-0.02061663754284382
-1.7345051765441895,-0.02063898555934429
-1.7343002557754517,-0.020647797733545303
-1.7340984344482422,-0.020656490698456764
-1.7340152263641357,-0.020660070702433586
-1.7337788343429565,-0.020670268684625626
-1.7337450981140137,-0.020671725273132324
-1.733453631401062,-0.020684318616986275
-1.7331993579864502,-0.020695321261882782
-1.7329845428466797,-0.02070462889969349
-1.7327280044555664,-0.020715761929750443
-1.7325348854064941,-0.02072415128350258
-1.7324209213256836,-0.020729104056954384
-1.732410192489624,-0.020729567855596542
-1.7318087816238403,-0.020755775272846222
-1.7317907810211182,-0.020756563171744347
-1.7316946983337402,-0.020760754123330116
-1.7311620712280273,-0.020784050226211548
-1.731160283088684,-0.020784128457307816
-1.7310128211975098,-0.020790591835975647
-1.7304942607879639,-0.0208133552223444
-1.7304811477661133,-0.02081393636763096
-1.7303812503814697,-0.020818328484892845
-1.7303248643875122,-0.02082081139087677
-1.7298001050949097,-0.02084393799304962
-1.729305624961853,-0.020865794271230698
-1.7292793989181519,-0.02086695283651352
-1.7286953926086426,-0.02089284360408783
-1.7284610271453857,-0.02090325579047203
-1.728268027305603,-0.020911840721964836
-1.728143334388733,-0.020917389541864395
-1.7277369499206543,-0.02093551680445671
-1.7273337841033936,-0.020953530445694923
-1.7271299362182617,-0.020962649956345558
-1.7262327671051025,-0.02100292220711708
-1.7255207300186157,-0.021035024896264076
-1.7253106832504272,-0.021044516935944557
-1.725142002105713,-0.021052153781056404
-1.7251043319702148,-0.021053854376077652
-1.7249106168746948,-0.021062633022665977
-1.7245076894760132,-0.02108091115951538
-1.7243568897247314,-0.0210877638310194
-1.7242003679275513,-0.021094871684908867
-1.7240955829620361,-0.021099643781781197
-1.7237553596496582,-0.021115140989422798
-1.7236177921295166,-0.021121414378285408
-1.7234501838684082,-0.0211290642619133
-1.7234039306640625,-0.021131176501512527
-1.723116397857666,-0.02114432118833065
-1.7230353355407715,-0.02114802971482277
-1.7227749824523926,-0.021159948781132698
-1.722769021987915,-0.021160226315259933
-1.7227243185043335,-0.02116227336227894
-1.72232985496521,-0.021180372685194016
-1.7222789525985718,-0.0211827103048563
-1.7218892574310303,-0.02120063081383705
-1.7218291759490967,-0.02120339684188366
-1.7217806577682495,-0.021205633878707886
-1.721045732498169,-0.021239545196294785
-1.720913290977478,-0.021245671436190605
-1.7208795547485352,-0.02124723792076111
-1.720278263092041,-0.021275101229548454
-1.720149040222168,-0.021281102672219276
-1.7200899124145508,-0.021283848211169243
-1.7196329832077026,-0.021305102854967117
-1.719619870185852,-0.021305711939930916
-1.719470739364624,-0.021312659606337547
-1.7194204330444336,-0.02131500095129013
-1.7193946838378906,-0.021316200494766235
-1.7193577289581299,-0.021317925304174423
-1.7184096574783325,-0.021362239494919777
-1.7183935642242432,-0.021362993866205215
-1.7180464267730713,-0.021379275247454643
-1.7179722785949707,-0.021382754668593407
-1.7171791791915894,-0.02142006903886795
-1.7168691158294678,-0.02143469639122486
-1.7163116931915283,-0.02146105095744133
-1.716231107711792,-0.021464861929416656
-1.716204285621643,-0.02146613597869873
-1.715942144393921,-0.02147856168448925
-1.7154803276062012,-0.0215004850178957
-1.7153494358062744,-0.021506715565919876
-1.7147204875946045,-0.02153667062520981
-1.7143341302871704,-0.02155512385070324
-1.7142622470855713,-0.021558554843068123
-1.714138150215149,-0.02156449481844902
-1.713775396347046,-0.0215818639844656
-1.7135684490203857,-0.021591782569885254
-1.713554859161377,-0.021592438220977783
-1.7125678062438965,-0.021639907732605934
-1.7122254371643066,-0.021656421944499016
-1.71189284324646,-0.02167249284684658
-1.711759328842163,-0.021678948774933815
-1.711585283279419,-0.021687375381588936
-1.7107795476913452,-0.021726470440626144
-1.7106059789657593,-0.02173491194844246
-1.710510492324829,-0.02173955738544464
-1.710249900817871,-0.0217522494494915
-1.7099189758300781,-0.02176838368177414
-1.7094866037368774,-0.021789509803056717
-1.7091436386108398,-0.021806295961141586
-1.7090283632278442,-0.021811943501234055
-1.7090153694152832,-0.02181258052587509
-1.7089751958847046,-0.02181454747915268
-1.7087873220443726,-0.021823765709996223
-1.7087428569793701,-0.021825943142175674
-1.7087132930755615,-0.021827397868037224
-1.7085661888122559,-0.021834617480635643
-1.7083606719970703,-0.021844714879989624
-1.707991361618042,-0.021862884983420372
-1.7077356576919556,-0.021875480189919472
-1.7075791358947754,-0.021883200854063034
-1.7075257301330566,-0.021885834634304047
-1.7070716619491577,-0.021908264607191086
-1.7069169282913208,-0.021915918216109276
-1.706885576248169,-0.021917471662163734
-1.7067474126815796,-0.02192431129515171
-1.706678032875061,-0.021927744150161743
-1.7064720392227173,-0.021937955170869827
-1.7064356803894043,-0.021939756348729134
-1.7061736583709717,-0.021952757611870766
-1.705200433731079,-0.022001180797815323
-1.704728126525879,-0.022024760022759438
-1.7045631408691406,-0.022033007815480232
-1.704537034034729,-0.022034307941794395
-1.7044622898101807,-0.0220380499958992
-1.7034070491790771,-0.022090964019298553
-1.7032561302185059,-0.02209855243563652
-1.7025774717330933,-0.022132737562060356
-1.7023552656173706,-0.022143950685858727
-1.7023050785064697,-0.02214648574590683
-1.7021783590316772,-0.022152885794639587
-1.70171320438385,-0.022176414728164673
-1.7014026641845703,-0.022192154079675674
-1.7013689279556274,-0.02219386026263237
-1.7010082006454468,-0.02221216820180416
-1.700866937637329,-0.022219344973564148
-1.700270414352417,-0.022249700501561165
-1.700261116027832,-0.02225017175078392
-1.7000924348831177,-0.022258765995502472
-1.699779748916626,-0.022274717688560486
-1.6996948719024658,-0.022279052063822746
-1.6990752220153809,-0.02231074869632721
-1.698857069015503,-0.022321926429867744
-1.6988375186920166,-0.02232292667031288
-1.698699712753296,-0.022329993546009064
-1.6983067989349365,-0.022350162267684937
-1.6982274055480957,-0.022354237735271454
-1.6980994939804077,-0.022360816597938538
-1.697983741760254,-0.02236677147448063
-1.6979163885116577,-0.0223702359944582
-1.69741952419281,-0.02239583246409893
-1.697242259979248,-0.022404976189136505
-1.6972311735153198,-0.022405549883842468
-1.6969263553619385,-0.02242129109799862
-1.6968169212341309,-0.022426944226026535
-1.6959130764007568,-0.022473758086562157
-1.6955283880233765,-0.022493740543723106
-1.695427656173706,-0.022498972713947296
-1.6949456930160522,-0.022524060681462288
-1.6948459148406982,-0.022529257461428642
-1.6948044300079346,-0.0225314199924469
-1.6943182945251465,-0.022556791082024574
-1.6938390731811523,-0.02258184179663658
-1.6934962272644043,-0.022599801421165466
-1.6933865547180176,-0.022605549544095993
-1.693375825881958,-0.02260611206293106
-1.693007469177246,-0.02262543886899948
-1.6929328441619873,-0.022629357874393463
-1.692836880683899,-0.022634396329522133
-1.6924420595169067,-0.02265516296029091
-1.6919028759002686,-0.02268357388675213
-1.691895842552185,-0.022683942690491676
-1.6908810138702393,-0.02273758128285408
-1.6902246475219727,-0.02277238480746746
-1.6897547245025635,-0.0227973610162735
-1.6895010471343994,-0.022810861468315125
-1.6893720626831055,-0.02281773090362549
-1.6892621517181396,-0.02282358892261982
-1.6886061429977417,-0.022858593612909317
-1.6885778903961182,-0.022860107943415642
-1.6882691383361816,-0.022876614704728127
-1.688207983970642,-0.022879887372255325
-1.6878790855407715,-0.022897500544786453
-1.6876823902130127,-0.02290804497897625
-1.6876616477966309,-0.02290916070342064
-1.6875978708267212,-0.022912582382559776
-1.6873068809509277,-0.022928200662136078
-1.6870979070663452,-0.022939424961805344
-1.6870019435882568,-0.022944582626223564
-1.6868913173675537,-0.022950531914830208
-1.6864783763885498,-0.02297276258468628
-1.6864265203475952,-0.022975556552410126
-1.6862273216247559,-0.02298630215227604
-1.6861258745193481,-0.022991765290498734
-1.6858973503112793,-0.02300410345196724
-1.6858205795288086,-0.02300824597477913
-1.6853628158569336,-0.02303299680352211
-1.6852524280548096,-0.023038970306515694
-1.6850528717041016,-0.023049771785736084
-1.6850309371948242,-0.023050960153341293
-1.68499755859375,-0.023052770644426346
-1.68450927734375,-0.023079250007867813
-1.6841503381729126,-0.023098744451999664
-1.6841297149658203,-0.0230998694896698
-1.6838765144348145,-0.023113636299967766
-1.6829752922058105,-0.023162756115198135
-1.6827723979949951,-0.02317383885383606
-1.682607889175415,-0.02318282425403595
-1.6821603775024414,-0.02320731058716774
-1.682076096534729,-0.023211926221847534
-1.6810723543167114,-0.02326701022684574
-1.6808894872665405,-0.02327706664800644
-1.680748462677002,-0.023284828290343285
-1.680700421333313,-0.023287469521164894
-1.680560827255249,-0.02329516038298607
-1.6803160905838013,-0.0233086459338665
-1.6792347431182861,-0.02336837723851204
-1.6790313720703125,-0.02337963879108429
-1.6786235570907593,-0.023402241989970207
-1.678619146347046,-0.023402487859129906
-1.6781818866729736,-0.023426763713359833
-1.6777433156967163,-0.023451147601008415
-1.6772894859313965,-0.02347641810774803
-1.6769760847091675,-0.023493895307183266
-1.6764683723449707,-0.023522252216935158
-1.676423192024231,-0.023524774238467216
-1.6760940551757812,-0.023543192073702812
-1.6760636568069458,-0.02354489266872406
-1.67591392993927,-0.0235532708466053
-1.6758613586425781,-0.023556219413876534
-1.6753451824188232,-0.023585163056850433
-1.675232172012329,-0.023591501638293266
-1.6750586032867432,-0.023601248860359192
-1.6749207973480225,-0.023608993738889694
-1.6748957633972168,-0.023610400035977364
-1.6746163368225098,-0.023626115173101425
-1.674168348312378,-0.02365133911371231
-1.67368483543396,-0.023678608238697052
-1.6733245849609375,-0.023698952049016953
-1.6732847690582275,-0.023701205849647522
-1.6730082035064697,-0.023716844618320465
-1.6729117631912231,-0.023722302168607712
-1.6723089218139648,-0.023756451904773712
-1.6716763973236084,-0.023792363703250885
-1.6715872287750244,-0.02379743382334709
-1.6712684631347656,-0.023815561085939407
-1.6711559295654297,-0.02382197417318821
-1.6708500385284424,-0.023839395493268967
-1.6706299781799316,-0.023851942270994186
-1.6704515218734741,-0.02386212907731533
-1.670055627822876,-0.023884736001491547
-1.6699848175048828,-0.023888783529400826
-1.6697158813476562,-0.023904159665107727
-1.6694667339324951,-0.02391842007637024
-1.6693718433380127,-0.023923853412270546
-1.6689151525497437,-0.023950036615133286
-1.6686104536056519,-0.023967523127794266
-1.6683456897735596,-0.023982733488082886
-1.668091058731079,-0.02399737387895584
-1.6680794954299927,-0.023998040705919266
-1.6676416397094727,-0.02402324788272381
-1.6673157215118408,-0.024042030796408653
-1.6672327518463135,-0.024046815931797028
-1.6671510934829712,-0.024051528424024582
-1.6671403646469116,-0.024052148684859276
-1.6654645204544067,-0.024149112403392792
-1.6653034687042236,-0.02415846288204193
-1.6652936935424805,-0.024159032851457596
-1.6652119159698486,-0.02416377328336239
-1.664850115776062,-0.024184798821806908
-1.664745807647705,-0.024190861731767654
-1.6646547317504883,-0.024196162819862366
-1.664465308189392,-0.024207185953855515
-1.6640655994415283,-0.024230465292930603
-1.6637964248657227,-0.024246159940958023
-1.6635029315948486,-0.02426329255104065
-1.6629383563995361,-0.024296283721923828
-1.6629009246826172,-0.024298472329974174
-1.6627066135406494,-0.02430984377861023
-1.6624363660812378,-0.024325668811798096
-1.6617939472198486,-0.02436334453523159
-1.6617070436477661,-0.024368448182940483
-1.661405324935913,-0.024386173114180565
-1.6608390808105469,-0.02441948652267456
-1.6607823371887207,-0.02442282997071743
-1.660625696182251,-0.024432051926851273
-1.6606252193450928,-0.02443208359181881
-1.6605358123779297,-0.024437349289655685
-1.6604881286621094,-0.024440160021185875
-1.6602323055267334,-0.024455245584249496
-1.6598751544952393,-0.024476327002048492
-1.6595180034637451,-0.024497434496879578
-1.6594829559326172,-0.024499503895640373
-1.6589653491973877,-0.024530135095119476
-1.6583524942398071,-0.024566467851400375
-1.6565945148468018,-0.02467106096446514
-1.6565263271331787,-0.02467513084411621
-1.6561230421066284,-0.02469920739531517
-1.6560823917388916,-0.024701636284589767
-1.6559393405914307,-0.024710185825824738
-1.6556453704833984,-0.02472776547074318
-1.6556284427642822,-0.02472877874970436
-1.655611515045166,-0.024729792028665543
-1.6545825004577637,-0.024791454896330833
-1.6542898416519165,-0.024809028953313828
-1.654066801071167,-0.024822428822517395
-1.6540343761444092,-0.02482437901198864
-1.6538984775543213,-0.024832552298903465
-1.653592824935913,-0.024850940331816673
-1.6535624265670776,-0.024852771311998367
-1.6535252332687378,-0.024855008348822594
-1.6533342599868774,-0.024866508319973946
-1.6529380083084106,-0.024890393018722534
-1.6528797149658203,-0.024893905967473984
-1.6528595685958862,-0.02489512600004673
-1.6527024507522583,-0.024904608726501465
-1.6522449254989624,-0.024932237342000008
-1.652243733406067,-0.024932313710451126
-1.6521937847137451,-0.02493533119559288
-1.651230812072754,-0.024993613362312317
-1.651050090789795,-0.025004573166370392
-1.650766134262085,-0.02502179890871048
-1.6505956649780273,-0.025032149627804756
-1.650400996208191,-0.025043971836566925
-1.6498154401779175,-0.025079581886529922
-1.6492364406585693,-0.025114847347140312
-1.6487314701080322,-0.025145655497908592
-1.6486331224441528,-0.025151660665869713
-1.6485460996627808,-0.02515697479248047
-1.6484997272491455,-0.0251598060131073
-1.6483561992645264,-0.02516857720911503
-1.6479523181915283,-0.02519327402114868
-1.6477274894714355,-0.02520703338086605
-1.6474032402038574,-0.02522689662873745
-1.6469783782958984,-0.025252947583794594
-1.646960735321045,-0.025254029780626297
-1.6468796730041504,-0.025258999317884445
-1.6468274593353271,-0.02526220679283142
-1.645350456237793,-0.025353047996759415
-1.645162582397461,-0.02536463364958763
-1.6450004577636719,-0.02537463791668415
-1.6448533535003662,-0.025383710861206055
-1.6446033716201782,-0.02539915218949318
-1.6445350646972656,-0.02540336549282074
-1.64453125,-0.025403600186109543
-1.6434078216552734,-0.025473102927207947
-1.64334237575531,-0.025477159768342972
-1.6431435346603394,-0.02548948861658573
-1.6430158615112305,-0.025497406721115112
-1.6425213813781738,-0.02552809938788414
-1.6423852443695068,-0.0255365539342165
-1.6417498588562012,-0.025576068088412285
-1.6412603855133057,-0.025606554001569748
-1.6412066221237183,-0.025609904900193214
-1.6411142349243164,-0.025615667924284935
-1.6410603523254395,-0.0256190225481987
-1.640903115272522,-0.02562883496284485
-1.640241265296936,-0.025670157745480537
-1.6398932933807373,-0.025691915303468704
-1.6398725509643555,-0.02569321170449257
-1.6394402980804443,-0.02572026662528515
-1.6392412185668945,-0.0257327388972044
-1.6391417980194092,-0.025738971307873726
-1.638313889503479,-0.02579091675579548
-1.637364387512207,-0.025850633159279823
-1.6371992826461792,-0.02586102858185768
-1.6365593671798706,-0.025901377201080322
-1.6365294456481934,-0.02590326778590679
-1.6362627744674683,-0.025920096784830093
-1.6361494064331055,-0.025927262380719185
-1.6355702877044678,-0.02596387267112732
-1.6354327201843262,-0.025972574949264526
-1.6353298425674438,-0.025979086756706238
-1.6352864503860474,-0.025981836020946503
-1.635274887084961,-0.025982566177845
-1.63515305519104,-0.025990279391407967
-1.6347750425338745,-0.026014231145381927
-1.6343063116073608,-0.026043960824608803
-1.6341257095336914,-0.026055429130792618
-1.6335561275482178,-0.026091624051332474
-1.6333227157592773,-0.026106471195816994
-1.6332043409347534,-0.026114001870155334
-1.6330575942993164,-0.02612334117293358
-1.6327755451202393,-0.02614130638539791
-1.6323039531707764,-0.026171375066041946
-1.6319427490234375,-0.02619442343711853
-1.6316392421722412,-0.026213809847831726
-1.6312164068222046,-0.026240834966301918
-1.6311149597167969,-0.026247333735227585
-1.6310558319091797,-0.026251114904880524
-1.630643367767334,-0.02627752162516117
-1.630522608757019,-0.026285257190465927
-1.6303186416625977,-0.02629833109676838
-1.6301103830337524,-0.026311684399843216
-1.6300806999206543,-0.02631358429789543
-1.6298837661743164,-0.026326220482587814
-1.629544734954834,-0.026347985491156578
-1.6294496059417725,-0.026354096829891205
-1.629387378692627,-0.026358097791671753
-1.6284925937652588,-0.02641565166413784
-1.6280739307403564,-0.026442624628543854
-1.6280122995376587,-0.026446595788002014
-1.6271365880966187,-0.02650311216711998
-1.6270803213119507,-0.02650674246251583
-1.6262520551681519,-0.026560313999652863
-1.6260900497436523,-0.02657080441713333
-1.6259620189666748,-0.026579102501273155
-1.6253001689910889,-0.02662200853228569
-1.6252222061157227,-0.02662706933915615
-1.6250783205032349,-0.026636410504579544
-1.624709963798523,-0.026660334318876266
-1.624577522277832,-0.026668941602110863
-1.6241445541381836,-0.026697097346186638
-1.6230747699737549,-0.026766788214445114
-1.6230337619781494,-0.026769466698169708
-1.6227744817733765,-0.026786383241415024
-1.622649908065796,-0.026794515550136566
-1.6224644184112549,-0.026806633919477463
-1.6222268342971802,-0.026822149753570557
-1.6219297647476196,-0.026841575279831886
-1.6216800212860107,-0.026857908815145493
-1.6211943626403809,-0.026889709755778313
-1.6211838722229004,-0.026890398934483528
-1.6210259199142456,-0.026900749653577805
-1.620830774307251,-0.026913540437817574
-1.6203172206878662,-0.02694723568856716
-1.6194772720336914,-0.027002424001693726
-1.619246006011963,-0.027017634361982346
-1.6192283630371094,-0.027018796652555466
-1.6189634799957275,-0.027036231011152267
-1.6180715560913086,-0.027095019817352295
-1.6180485486984253,-0.02709653601050377
-1.617856740951538,-0.027109194546937943
-1.617732048034668,-0.027117423713207245
-1.6177042722702026,-0.027119262143969536
-1.6171283721923828,-0.027157310396432877
-1.6170084476470947,-0.0271652452647686
-1.6169209480285645,-0.027171030640602112
-1.6163039207458496,-0.027211869135499
-1.6160426139831543,-0.027229180559515953
-1.615640640258789,-0.027255838736891747
-1.6154192686080933,-0.027270521968603134
-1.6152360439300537,-0.02728268690407276
-1.6149077415466309,-0.02730448916554451
-1.614546298980713,-0.027328509837388992
-1.6142998933792114,-0.027344893664121628
-1.6141706705093384,-0.027353495359420776
-1.6141045093536377,-0.027357900515198708
-1.613661527633667,-0.02738739550113678
-1.6135090589523315,-0.027397554367780685
-1.6134432554244995,-0.027401939034461975
-1.613253116607666,-0.02741461992263794
-1.6130369901657104,-0.02742902934551239
-1.6129523515701294,-0.027434680610895157
-1.6127480268478394,-0.027448313310742378
-1.612233281135559,-0.027482692152261734
-1.6112542152404785,-0.027548184618353844
-1.6107487678527832,-0.027582045644521713
-1.610670566558838,-0.0275872889906168
-1.6101880073547363,-0.027619656175374985
-1.6101535558700562,-0.02762196958065033
-1.609748363494873,-0.027649175375699997
-1.609447956085205,-0.027669358998537064
-1.6091113090515137,-0.027691993862390518
-1.6090402603149414,-0.027696777135133743
-1.6085799932479858,-0.02772776037454605
-1.607804775238037,-0.027780000120401382
-1.6077208518981934,-0.027785662561655045
-1.6075835227966309,-0.02779492363333702
-1.607478380203247,-0.02780202031135559
-1.607426643371582,-0.027805514633655548
-1.606979250907898,-0.027835723012685776
-1.6064637899398804,-0.02787056937813759
-1.606126308441162,-0.027893399819731712
-1.6060090065002441,-0.027901336550712585
-1.6057854890823364,-0.027916476130485535
-1.6050469875335693,-0.02796652540564537
-1.6048583984375,-0.02797931805253029
-1.6047415733337402,-0.027987245470285416
-1.6045433282852173,-0.02800070308148861
-1.6042375564575195,-0.028021469712257385
-1.6034443378448486,-0.02807539515197277
-1.6031668186187744,-0.028094284236431122
-1.6028286218643188,-0.028117317706346512
-1.6026501655578613,-0.02812947705388069
-1.6016618013381958,-0.028196897357702255
-1.601506233215332,-0.02820752188563347
-1.6013087034225464,-0.028221018612384796
-1.6009819507598877,-0.028243349865078926
-1.6009368896484375,-0.028246430680155754
-1.6006227731704712,-0.028267916291952133
-1.6005311012268066,-0.028274189680814743
-1.600405216217041,-0.02828279882669449
-1.6000821590423584,-0.028304923325777054
-1.5995410680770874,-0.028342004865407944
-1.598895788192749,-0.028386268764734268
-1.598578691482544,-0.028408043086528778
-1.598367691040039,-0.02842254564166069
-1.5982576608657837,-0.02843010425567627
-1.5979082584381104,-0.02845412865281105
-1.5977025032043457,-0.028468281030654907
-1.5968942642211914,-0.02852392941713333
-1.5965993404388428,-0.028544262051582336
-1.5965900421142578,-0.028544899076223373
-1.5964388847351074,-0.02855532616376877
-1.5962331295013428,-0.02856951579451561
-1.5958341360092163,-0.02859705500304699
-1.5957868099212646,-0.02860032394528389
-1.5957536697387695,-0.028602607548236847
-1.5953073501586914,-0.028633441776037216
-1.5952045917510986,-0.028640545904636383
-1.5947842597961426,-0.02866961434483528
-1.5946974754333496,-0.028675615787506104
-1.5943771600723267,-0.02869778499007225
-1.59412682056427,-0.02871512621641159
-1.593659520149231,-0.028747498989105225
-1.5930824279785156,-0.028787530958652496
-1.5930020809173584,-0.028793103992938995
-1.5926026105880737,-0.028820835053920746
-1.5922846794128418,-0.028842926025390625
-1.5920004844665527,-0.02886268123984337
-1.5919559001922607,-0.02886577695608139
-1.5915675163269043,-0.028892796486616135
-1.5911552906036377,-0.028921492397785187
-1.5911470651626587,-0.028922064229846
-1.590285301208496,-0.028982117772102356
-1.5901134014129639,-0.028994109481573105
-1.5894160270690918,-0.029042793437838554
-1.5891625881195068,-0.029060497879981995
-1.589026689529419,-0.02907000295817852
-1.5888197422027588,-0.0290844663977623
-1.5887324810028076,-0.02909056656062603
-1.588687777519226,-0.029093697667121887
-1.5885372161865234,-0.02910422720015049
-1.5878055095672607,-0.029155448079109192
-1.5871477127075195,-0.02920154482126236
-1.5864739418029785,-0.029248826205730438
-1.586234211921692,-0.029265660792589188
-1.5860017538070679,-0.029281990602612495
-1.5854164361953735,-0.029323142021894455
-1.5849790573120117,-0.02935391664505005
-1.5846221446990967,-0.029379043728113174
-1.5842230319976807,-0.029407162219285965
-1.5840750932693481,-0.02941759303212166
-1.5835397243499756,-0.02945534512400627
-1.5833230018615723,-0.029470641165971756
-1.5833055973052979,-0.02947187051177025
-1.5831518173217773,-0.029482727870345116
-1.5828913450241089,-0.02950112149119377
-1.582338571548462,-0.029540184885263443
-1.5818901062011719,-0.029571902006864548
-1.5817062854766846,-0.029584908857941628
-1.5816891193389893,-0.02958611771464348
-1.5815110206604004,-0.02959873154759407
-1.5809658765792847,-0.02963734045624733
-1.5806918144226074,-0.02965676598250866
-1.5804868936538696,-0.02967129647731781
-1.580232858657837,-0.029689311981201172
-1.579878807067871,-0.029714435338974
-1.5797019004821777,-0.029726995155215263
-1.5796501636505127,-0.029730670154094696
-1.5788542032241821,-0.029787227511405945
-1.578771710395813,-0.029793087393045425
-1.5787196159362793,-0.029796792194247246
-1.5786653757095337,-0.029800651594996452
-1.5780994892120361,-0.029840921983122826
-1.5776550769805908,-0.02987256646156311
-1.5774896144866943,-0.029884353280067444
-1.5769869089126587,-0.029920192435383797
-1.5768158435821533,-0.02993239089846611
-1.5762367248535156,-0.029973717406392097
-1.5759015083312988,-0.029997654259204865
-1.5757272243499756,-0.030010104179382324
-1.5755715370178223,-0.03002123348414898
-1.575566291809082,-0.030021607875823975
-1.5749478340148926,-0.030065827071666718
-1.574627161026001,-0.030088774859905243
-1.5743342638015747,-0.030109740793704987
-1.5740940570831299,-0.030126947909593582
-1.5739506483078003,-0.03013721853494644
-1.5733318328857422,-0.030181583017110825
-1.573290467262268,-0.03018454648554325
-1.5731922388076782,-0.030191592872142792
-1.5730712413787842,-0.03020027093589306
-1.572830080986023,-0.030217576771974564
-1.5720648765563965,-0.030272526666522026
-1.5717661380767822,-0.03029400110244751
-1.5710368156433105,-0.030346455052495003
-1.5708730220794678,-0.030358241870999336
-1.5706144571304321,-0.030376853421330452
-1.5701498985290527,-0.030410323292016983
-1.5700995922088623,-0.030413944274187088
-1.5698928833007812,-0.030428843572735786
-1.5698697566986084,-0.030430518090724945
-1.5695397853851318,-0.030454305931925774
-1.5683794021606445,-0.03053806722164154
-1.568131923675537,-0.030555948615074158
-1.5679900646209717,-0.030566204339265823
-1.5679752826690674,-0.030567271634936333
-1.5677247047424316,-0.030585385859012604
-1.5665209293365479,-0.03067251294851303
-1.5661507844924927,-0.030699335038661957
-1.5659589767456055,-0.030713235959410667
-1.5656406879425049,-0.030736317858099937
-1.5654484033584595,-0.030750269070267677
-1.5651476383209229,-0.030772089958190918
-1.5644302368164062,-0.03082418441772461
-1.5642855167388916,-0.030834700912237167
-1.5639506578445435,-0.03085904009640217
-1.5637660026550293,-0.030872464179992676
-1.5622998476028442,-0.03097919374704361
-1.5621891021728516,-0.030987262725830078
-1.5620002746582031,-0.031001025810837746
-1.5619890689849854,-0.03100183978676796
-1.5619336366653442,-0.03100588545203209
-1.5615708827972412,-0.03103233128786087
-1.5613200664520264,-0.031050629913806915
-1.5611547231674194,-0.031062697991728783
-1.5610430240631104,-0.03107084333896637
-1.5609557628631592,-0.031077217310667038
-1.5609347820281982,-0.031078748404979706
-1.5608066320419312,-0.031088102608919144
-1.5607407093048096,-0.031092921271920204
-1.5602459907531738,-0.031129058450460434
-1.5594897270202637,-0.031184343621134758
-1.5592880249023438,-0.031199097633361816
-1.558803677558899,-0.03123454749584198
-1.5585170984268188,-0.031255532056093216
-1.558196783065796,-0.03127899020910263
-1.5581083297729492,-0.03128547966480255
-1.5576584339141846,-0.03131845220923424
-1.5573254823684692,-0.031342871487140656
-1.5571532249450684,-0.03135550767183304
-1.5568791627883911,-0.031375616788864136
-1.5567208528518677,-0.03138723969459534
-1.5563788414001465,-0.03141235187649727
-1.5561883449554443,-0.03142634034156799
-1.5561614036560059,-0.031428322196006775
-1.555690050125122,-0.031462959945201874
-1.5552961826324463,-0.03149191290140152
-1.5551942586898804,-0.03149941563606262
-1.5547751188278198,-0.03153024986386299
-1.5545660257339478,-0.03154563903808594
-1.5545281171798706,-0.031548433005809784
-1.5538430213928223,-0.031598884612321854
-1.5536997318267822,-0.031609438359737396
-1.552614450454712,-0.03168947622179985
-1.5523786544799805,-0.03170686960220337
-1.551824688911438,-0.03174777328968048
-1.5515567064285278,-0.031767573207616806
-1.550612449645996,-0.031837381422519684
-1.5504413843154907,-0.03185003995895386
-1.5501902103424072,-0.031868621706962585
-1.5495007038116455,-0.03191967308521271
-1.5492444038391113,-0.03193865716457367
-1.5491089820861816,-0.03194870054721832
-1.548749327659607,-0.03197535499930382
-1.5484243631362915,-0.03199945017695427
-1.547123908996582,-0.032095976173877716
-1.5468753576278687,-0.032114434987306595
-1.546666145324707,-0.03212998807430267
-1.5462043285369873,-0.032164316624403
-1.5458388328552246,-0.032191500067710876
-1.545579195022583,-0.0322108119726181
-1.5453062057495117,-0.032231129705905914
-1.5451641082763672,-0.03224170580506325
-1.5448763370513916,-0.0322631411254406
-1.5446343421936035,-0.03228116035461426
-1.5445988178253174,-0.032283809036016464
-1.5443592071533203,-0.032301660627126694
-1.5439739227294922,-0.03233037143945694
-1.543964147567749,-0.032331109046936035
-1.5436111688613892,-0.03235742077231407
-1.5435914993286133,-0.032358892261981964
-1.5434030294418335,-0.03237294405698776
-1.543306827545166,-0.0323801264166832
-1.5432679653167725,-0.0323830209672451
-1.542910099029541,-0.03240972384810448
-1.5428504943847656,-0.03241417557001114
-1.5427310466766357,-0.03242309391498566
-1.54257333278656,-0.032434865832328796
-1.5421608686447144,-0.03246567025780678
-1.5421078205108643,-0.03246963024139404
-1.5418002605438232,-0.032492611557245255
-1.54141366481781,-0.032521504908800125
-1.5410035848617554,-0.032552171498537064
-1.5409629344940186,-0.03255521506071091
-1.540492057800293,-0.03259044140577316
-1.540205955505371,-0.03261185809969902
-1.5398542881011963,-0.03263818100094795
-1.5394375324249268,-0.03266939893364906
-1.5384845733642578,-0.03274083137512207
-1.537827730178833,-0.032790105789899826
-1.5376527309417725,-0.032803237438201904
-1.537217378616333,-0.03283592313528061
-1.536362886428833,-0.032900117337703705
-1.5360782146453857,-0.03292151913046837
-1.5352749824523926,-0.03298192843794823
-1.5352731943130493,-0.03298206627368927
-1.5349162817001343,-0.03300892561674118
-1.534752607345581,-0.03302124887704849
-1.5343520641326904,-0.03305140882730484
-1.5342388153076172,-0.03305993229150772
-1.5326790809631348,-0.033177509903907776
-1.5326385498046875,-0.03318056836724281
-1.5321773290634155,-0.03321537375450134
-1.532167673110962,-0.03321610018610954
-1.5314984321594238,-0.03326662629842758
-1.530951976776123,-0.03330790996551514
-1.5309405326843262,-0.03330877423286438
-1.5308129787445068,-0.0333184152841568
-1.5308116674423218,-0.03331851214170456
-1.5307583808898926,-0.033322542905807495
-1.5306777954101562,-0.03332863003015518
-1.5306072235107422,-0.03333396464586258
-1.5304877758026123,-0.03334299847483635
-1.5304770469665527,-0.033343806862831116
-1.530372142791748,-0.03335173800587654
-1.5303194522857666,-0.033355724066495895
-1.5302536487579346,-0.03336069732904434
-1.5301222801208496,-0.03337063640356064
-1.5292876958847046,-0.03343376889824867
-1.5288913249969482,-0.03346377611160278
-1.5285553932189941,-0.03348921611905098
-1.52842116355896,-0.033499378710985184
-1.5280349254608154,-0.0335286408662796
-1.526922345161438,-0.03361298888921738
-1.5262970924377441,-0.03366042673587799
-1.525775671005249,-0.03370001167058945
-1.525743007659912,-0.03370249271392822
-1.5254358053207397,-0.03372582048177719
-1.525038242340088,-0.03375602513551712
-1.5249440670013428,-0.033763181418180466
-1.5246775150299072,-0.0337834358215332
-1.5245215892791748,-0.03379528969526291
-1.5240139961242676,-0.033833883702754974
-1.5233492851257324,-0.033884450793266296
-1.5232186317443848,-0.03389438986778259
-1.5222781896591187,-0.033965982496738434
-1.521743655204773,-0.03400670364499092
-1.5214444398880005,-0.03402950242161751
-1.5212526321411133,-0.03404412791132927
-1.5211734771728516,-0.03405015915632248
-1.5211338996887207,-0.03405318409204483
-1.5204426050186157,-0.034105900675058365
-1.519927978515625,-0.034145161509513855
-1.5184996128082275,-0.03425423428416252
-1.5181269645690918,-0.034282706677913666
-1.5179862976074219,-0.03429345414042473
-1.5178371667861938,-0.03430485725402832
-1.5178362131118774,-0.03430493175983429
-1.5174601078033447,-0.03433368355035782
-1.517317295074463,-0.03434460610151291
-1.517167329788208,-0.034356072545051575
-1.5169286727905273,-0.03437433019280434
-1.5167491436004639,-0.034388065338134766
-1.5165669918060303,-0.03440200537443161
-1.5165154933929443,-0.034405943006277084
-1.5164505243301392,-0.03441091626882553
-1.516361951828003,-0.03441769629716873
-1.5163183212280273,-0.034421034157276154
-1.516129732131958,-0.034435469657182693
-1.515706181526184,-0.034467894583940506
-1.515697717666626,-0.03446854278445244
-1.5154626369476318,-0.034486547112464905
-1.515171766281128,-0.034508828073740005
-1.5149041414260864,-0.03452933207154274
-1.5148564577102661,-0.03453298285603523
-1.514796495437622,-0.034537576138973236
-1.5146628618240356,-0.03454781323671341
-1.5145015716552734,-0.034560177475214005
-1.5131263732910156,-0.034665632992982864
-1.512884497642517,-0.0346841923892498
-1.5118839740753174,-0.03476099669933319
-1.510901689529419,-0.03483646363019943
-1.510291337966919,-0.034883368760347366
-1.5100622177124023,-0.03490098565816879
-1.5096458196640015,-0.03493301197886467
-1.5093971490859985,-0.03495214134454727
-1.5072026252746582,-0.035121090710163116
-1.5063724517822266,-0.0351850762963295
-1.5062685012817383,-0.03519309312105179
-1.5057268142700195,-0.03523486107587814
-1.505710244178772,-0.03523613512516022
-1.5055954456329346,-0.03524499014019966
-1.5055352449417114,-0.03524963557720184
-1.505497932434082,-0.035252515226602554
-1.5054399967193604,-0.03525698184967041
-1.5051939487457275,-0.03527596592903137
-1.5050413608551025,-0.03528773784637451
-1.504831314086914,-0.03530394285917282
-1.5045533180236816,-0.03532540053129196
-1.5044760704040527,-0.0353313609957695
-1.5042991638183594,-0.03534501791000366
-1.5039350986480713,-0.03537312150001526
-1.5036449432373047,-0.03539552912116051
-1.503389596939087,-0.035415247082710266
-1.5033811330795288,-0.0354158990085125
-1.5032520294189453,-0.035425879061222076
-1.503075122833252,-0.035439543426036835
-1.5029290914535522,-0.03545082360506058
-1.5024349689483643,-0.03548900783061981
-1.5023618936538696,-0.03549465537071228
-1.5020884275436401,-0.03551579266786575
-1.5020222663879395,-0.03552090749144554
-1.5018806457519531,-0.03553185611963272
-1.5015156269073486,-0.03556008264422417
-1.5013176202774048,-0.035575397312641144
-1.500495195388794,-0.03563901409506798
-1.5003271102905273,-0.03565201908349991
-1.5001003742218018,-0.035669565200805664
-1.4994709491729736,-0.035718291997909546
-1.4992542266845703,-0.035735078155994415
-1.4990558624267578,-0.035750433802604675
-1.4988306760787964,-0.035767875611782074
-1.4985368251800537,-0.035790637135505676
-1.4984909296035767,-0.03579419478774071
-1.497544527053833,-0.03586752712726593
-1.4964797496795654,-0.03595008701086044
-1.4955642223358154,-0.03602110594511032
-1.4952645301818848,-0.03604436665773392
-1.4952044486999512,-0.03604902699589729
-1.4945626258850098,-0.03609885275363922
-1.4939513206481934,-0.03614632040262222
-1.4938249588012695,-0.03615613281726837
-1.4937398433685303,-0.03616274520754814
-1.4934383630752563,-0.03618616610765457
-1.4932491779327393,-0.036200858652591705
-1.4925154447555542,-0.036257874220609665
-1.492494821548462,-0.0362594798207283
-1.4924204349517822,-0.036265261471271515
-1.491793155670166,-0.036314018070697784
-1.4915990829467773,-0.036329105496406555
-1.4913233518600464,-0.0363505482673645
-1.4909985065460205,-0.03637581318616867
-1.4907662868499756,-0.03639388084411621
-1.4900295734405518,-0.036451198160648346
-1.4892927408218384,-0.03650854527950287
-1.4887093305587769,-0.036553964018821716
-1.4886127710342407,-0.03656148910522461
-1.487715244293213,-0.03663139045238495
-1.4876261949539185,-0.036638326942920685
-1.4872496128082275,-0.03666766732931137
-1.4871482849121094,-0.03667556494474411
-1.4869613647460938,-0.0366901233792305
-1.4869153499603271,-0.03669371455907822
-1.486802339553833,-0.03670252114534378
-1.4860647916793823,-0.03676000237464905
-1.4858050346374512,-0.036780260503292084
-1.4857597351074219,-0.036783792078495026
-1.4857138395309448,-0.03678736835718155
-1.4854559898376465,-0.036807481199502945
-1.4851441383361816,-0.036831796169281006
-1.48451828956604,-0.03688060864806175
-1.4843891859054565,-0.036890678107738495
-1.4832797050476074,-0.03697726130485535
-1.48325514793396,-0.036979176104068756
-1.4825663566589355,-0.03703293949365616
-1.4823954105377197,-0.03704627975821495
-1.4823153018951416,-0.037052541971206665
-1.4822943210601807,-0.03705417737364769
-1.4821791648864746,-0.037063173949718475
-1.4820442199707031,-0.037073709070682526
-1.4819204807281494,-0.037083372473716736
-1.4818947315216064,-0.03708537667989731
-1.4818395376205444,-0.03708969056606293
-1.48177170753479,-0.03709498792886734
-1.481654167175293,-0.03710416704416275
-1.4815115928649902,-0.03711530566215515
-1.481423020362854,-0.0371222198009491
-1.4811232089996338,-0.03714563697576523
-1.4799693822860718,-0.03723578900098801
-1.4791581630706787,-0.03729919344186783
-1.478527545928955,-0.03734850138425827
-1.4775903224945068,-0.03742179274559021
-1.4774911403656006,-0.037429552525281906
-1.4774425029754639,-0.03743335232138634
-1.4768686294555664,-0.0374782457947731
-1.4768047332763672,-0.03748324513435364
-1.476738691329956,-0.037488408386707306
-1.476024866104126,-0.037544265389442444
-1.4750652313232422,-0.03761937469244003
-1.4750134944915771,-0.03762342780828476
-1.4735279083251953,-0.037739746272563934
-1.473191738128662,-0.03776607662439346
-1.4721730947494507,-0.03784587234258652
-1.4713252782821655,-0.03791230171918869
-1.4711898565292358,-0.03792291134595871
-1.4711213111877441,-0.03792828321456909
-1.4710496664047241,-0.037933897227048874
-1.470901370048523,-0.037945520132780075
-1.4706294536590576,-0.03796683996915817
-1.470247507095337,-0.037996768951416016
-1.469973087310791,-0.03801828250288963
-1.4697210788726807,-0.038038041442632675
-1.4695446491241455,-0.038051873445510864
-1.4691529273986816,-0.03808259218931198
-1.4690495729446411,-0.03809069097042084
-1.4688313007354736,-0.038107797503471375
-1.4685524702072144,-0.03812967240810394
-1.4681193828582764,-0.03816363960504532
-1.4679296016693115,-0.038178518414497375
-1.4676833152770996,-0.0381978340446949
-1.4674917459487915,-0.0382128581404686
-1.4671363830566406,-0.038240738213062286
-1.4671194553375244,-0.03824206814169884
-1.4665632247924805,-0.03828570991754532
-1.4661060571670532,-0.03832157701253891
-1.4660985469818115,-0.03832216560840607
-1.4659066200256348,-0.03833722323179245
-1.4658836126327515,-0.038339029997587204
-1.465529203414917,-0.03836683928966522
-1.465253233909607,-0.03838849440217018
-1.4649136066436768,-0.03841515630483627
-1.4648774862289429,-0.038417987525463104
-1.4648042917251587,-0.038423724472522736
-1.4645307064056396,-0.03844520449638367
-1.4643313884735107,-0.03846085071563721
-1.4639015197753906,-0.038494594395160675
-1.4638928174972534,-0.038495272397994995
-1.4635791778564453,-0.03851989656686783
-1.4628632068634033,-0.03857611119747162
-1.462724208831787,-0.038587018847465515
-1.4624123573303223,-0.038611508905887604
-1.4617136716842651,-0.038666367530822754
-1.4607833623886108,-0.038739435374736786
-1.4605671167373657,-0.03875642269849777
-1.4600458145141602,-0.03879736363887787
-1.4596421718597412,-0.038829073309898376
-1.4594426155090332,-0.038844749331474304
-1.458716869354248,-0.038901764899492264
-1.4578337669372559,-0.03897114843130112
-1.4573334455490112,-0.039010465145111084
-1.4571559429168701,-0.039024412631988525
-1.4568068981170654,-0.0390518419444561
-1.4558523893356323,-0.03912685438990593
-1.4556660652160645,-0.03914149850606918
-1.4555573463439941,-0.039150040596723557
-1.4555282592773438,-0.03915233165025711
-1.4550105333328247,-0.03919301927089691
-1.4549590349197388,-0.03919706493616104
-1.4549312591552734,-0.03919924795627594
-1.4534555673599243,-0.03931524604558945
-1.4528477191925049,-0.03936302289366722
-1.4527840614318848,-0.03936803340911865
-1.4524517059326172,-0.039394158869981766
-1.452111005783081,-0.03942093998193741
-1.451097011566162,-0.03950066119432449
-1.4510544538497925,-0.03950400650501251
-1.4509875774383545,-0.03950926661491394
-1.450303316116333,-0.03956306353211403
-1.4500198364257812,-0.03958535194396973
-1.449999213218689,-0.03958696871995926
-1.449620008468628,-0.03961678221821785
-1.4494338035583496,-0.039631422609090805
-1.4493709802627563,-0.039636366069316864
-1.4491636753082275,-0.03965266793966293
-1.449033260345459,-0.0396629199385643
-1.4488868713378906,-0.03967442736029625
-1.4485797882080078,-0.03969857096672058
-1.4485527276992798,-0.0397007018327713
-1.4485126733779907,-0.0397038459777832
-1.448271632194519,-0.039722803980112076
-1.4478702545166016,-0.03975436091423035
-1.4476432800292969,-0.03977220878005028
-1.4475879669189453,-0.03977655619382858
-1.4475387334823608,-0.03978043049573898
-1.4474681615829468,-0.03978597745299339
-1.4473239183425903,-0.03979732096195221
-1.4467458724975586,-0.039842769503593445
-1.4463529586791992,-0.03987366333603859
-1.4461560249328613,-0.039889149367809296
-1.4458950757980347,-0.039909668266773224
-1.4458574056625366,-0.0399126261472702
-1.4456604719161987,-0.03992811590433121
-1.443587064743042,-0.0400911383330822
-1.443356990814209,-0.04010922834277153
-1.4431993961334229,-0.040121614933013916
-1.4428901672363281,-0.04014592617750168
-1.4420608282089233,-0.040211133658885956
-1.441981315612793,-0.040217384696006775
-1.441711187362671,-0.040238626301288605
-1.4411695003509521,-0.04028121009469032
-1.4405426979064941,-0.04033048450946808
-1.4396700859069824,-0.040399082005023956
-1.4385018348693848,-0.040490906685590744
-1.4384760856628418,-0.04049292951822281
-1.438248872756958,-0.040510792285203934
-1.4380030632019043,-0.040530115365982056
-1.4378875494003296,-0.04053919389843941
-1.4375088214874268,-0.04056895524263382
-1.437092900276184,-0.04060164466500282
-1.4370625019073486,-0.04060403257608414
-1.4363141059875488,-0.040662847459316254
-1.4360647201538086,-0.04068244621157646
-1.435662031173706,-0.0407140851020813
-1.4355769157409668,-0.040720775723457336
-1.4354150295257568,-0.040733493864536285
-1.4341297149658203,-0.04083447903394699
-1.4338550567626953,-0.040856052190065384
-1.4336016178131104,-0.04087596386671066
-1.4325435161590576,-0.04095907881855965
-1.4324612617492676,-0.04096554219722748
-1.431962490081787,-0.04100470989942551
-1.4319061040878296,-0.041009142994880676
-1.4317675828933716,-0.041020020842552185
-1.431513786315918,-0.041039951145648956
-1.4315085411071777,-0.04104036092758179
-1.4313335418701172,-0.04105410724878311
-1.4312238693237305,-0.04106271639466286
-1.4307024478912354,-0.041103657335042953
-1.4306620359420776,-0.04110683500766754
-1.4304779767990112,-0.041121285408735275
-1.4302622079849243,-0.04113822802901268
-1.4301674365997314,-0.04114567115902901
-1.4301173686981201,-0.041149601340293884
-1.4299571514129639,-0.04116217792034149
-1.4298436641693115,-0.04117109254002571
-1.429450273513794,-0.04120197147130966
-1.4290435314178467,-0.04123390465974808
-1.4287210702896118,-0.04125921428203583
-1.4277799129486084,-0.04133307561278343
-1.4266266822814941,-0.04142356663942337
-1.4266104698181152,-0.04142483323812485
-1.4263732433319092,-0.04144344478845596
-1.4262075424194336,-0.041456446051597595
-1.4260250329971313,-0.04147076606750488
-1.4258434772491455,-0.041485004127025604
-1.4252047538757324,-0.04153510183095932
-1.424935221672058,-0.04155624657869339
-1.424837589263916,-0.04156390577554703
-1.4243030548095703,-0.04160581901669502
-1.4238684177398682,-0.04163990169763565
-1.4235217571258545,-0.04166708141565323
-1.4233897924423218,-0.041677430272102356
-1.423012375831604,-0.04170701652765274
-1.4228086471557617,-0.04172297939658165
-1.4227811098098755,-0.04172514006495476
-1.4227368831634521,-0.041728608310222626
-1.421626329421997,-0.04181564226746559
-1.421107292175293,-0.0418563112616539
-1.420580267906189,-0.041897598654031754
-1.420094609260559,-0.04193563759326935
-1.4193825721740723,-0.04199141263961792
-1.4181219339370728,-0.04209011048078537
-1.4180259704589844,-0.04209762066602707
-1.4170961380004883,-0.042170390486717224
-1.4170732498168945,-0.042172182351350784
-1.4161763191223145,-0.04224235936999321
-1.4159932136535645,-0.04225669056177139
-1.4159246683120728,-0.04226204380393028
-1.4159027338027954,-0.042263761162757874
-1.4158515930175781,-0.04226776212453842
-1.4158105850219727,-0.0422709658741951
-1.415465235710144,-0.042297981679439545
-1.4140199422836304,-0.042410992085933685
-1.4139313697814941,-0.04241791367530823
-1.4137389659881592,-0.04243295639753342
-1.4130722284317017,-0.042485062032938004
-1.412963628768921,-0.0424935445189476
-1.412740707397461,-0.04251096397638321
-1.4126969575881958,-0.0425143837928772
-1.4125871658325195,-0.042522966861724854
-1.4125125408172607,-0.04252879321575165
-1.4124755859375,-0.042531684041023254
-1.4124168157577515,-0.04253626987338066
-1.4121456146240234,-0.042557455599308014
-1.4120585918426514,-0.042564257979393005
-1.4119315147399902,-0.04257418215274811
-1.4119247198104858,-0.04257471114397049
-1.4114776849746704,-0.04260962828993797
-1.4113783836364746,-0.04261738434433937
-1.410488486289978,-0.04268687218427658
-1.4101601839065552,-0.0427124947309494
-1.4099091291427612,-0.04273208603262901
-1.4094295501708984,-0.042769525200128555
-1.4090012311935425,-0.04280293732881546
-1.4085638523101807,-0.04283705726265907
-1.408301830291748,-0.04285749793052673
-1.4080586433410645,-0.0428764633834362
-1.4078269004821777,-0.04289453849196434
-1.4066767692565918,-0.04298420250415802
-1.4066622257232666,-0.04298533499240875
-1.4064067602157593,-0.04300524294376373
-1.4061846733093262,-0.043022554367780685
-1.405735731124878,-0.043057527393102646
-1.4052537679672241,-0.043095074594020844
-1.4044163227081299,-0.043160296976566315
-1.4032865762710571,-0.04324823617935181
-1.4030492305755615,-0.04326670616865158
-1.402700424194336,-0.043293848633766174
-1.4025511741638184,-0.04330545663833618
-1.4023489952087402,-0.04332117736339569
-1.4022705554962158,-0.04332727938890457
-1.4020349979400635,-0.043345607817173004
-1.4016129970550537,-0.04337842017412186
-1.40034818649292,-0.04347674548625946
-1.4000715017318726,-0.04349823296070099
-1.3999783992767334,-0.0435054674744606
-1.3993427753448486,-0.043554842472076416
-1.3987607955932617,-0.04360003396868706
-1.3986676931381226,-0.04360726475715637
-1.3983937501907349,-0.04362853243947029
-1.3977091312408447,-0.04368166625499725
-1.397654414176941,-0.0436859130859375
-1.3974589109420776,-0.04370108246803284
-1.3974168300628662,-0.04370434582233429
-1.3971710205078125,-0.043723415583372116
-1.3966022729873657,-0.0437675341963768
-1.3958148956298828,-0.043828584253787994
-1.3957421779632568,-0.04383421689271927
-1.394831895828247,-0.043904758989810944
-1.394547462463379,-0.04392679035663605
-1.3941442966461182,-0.04395802319049835
-1.3939050436019897,-0.043976545333862305
-1.393900990486145,-0.043976861983537674
-1.3938069343566895,-0.04398414492607117
-1.3937923908233643,-0.0439852699637413
-1.3937333822250366,-0.04398983716964722
-1.393610954284668,-0.043999314308166504
-1.3935807943344116,-0.04400165379047394
-1.393259048461914,-0.04402655363082886
-1.3927850723266602,-0.04406324401497841
-1.3926210403442383,-0.04407593607902527
-1.3920795917510986,-0.044117823243141174
-1.3919100761413574,-0.04413093626499176
-1.3911223411560059,-0.044191837310791016
-1.3906235694885254,-0.0442303866147995
-1.3905503749847412,-0.04423604905605316
-1.3900339603424072,-0.04427594318985939
-1.3896427154541016,-0.04430616647005081
-1.389390230178833,-0.04432566463947296
-1.389344334602356,-0.0443292036652565
-1.388103723526001,-0.04442496597766876
-1.3876185417175293,-0.04446239769458771
-1.3870118856430054,-0.044509172439575195
-1.3869028091430664,-0.04451758414506912
-1.386603832244873,-0.04454062879085541
-1.3859118223190308,-0.04459396004676819
-1.3854938745498657,-0.0446261465549469
-1.3854907751083374,-0.044626384973526
-1.3854230642318726,-0.04463159665465355
-1.385120153427124,-0.04465493559837341
-1.3846302032470703,-0.04469265043735504
-1.3844027519226074,-0.04471015930175781
-1.384156584739685,-0.04472910240292549
-1.3840336799621582,-0.04473855346441269
-1.3833363056182861,-0.04479220509529114
-1.383314847946167,-0.04479385167360306
-1.3824673891067505,-0.04485900700092316
-1.3820500373840332,-0.04489107429981232
-1.381558895111084,-0.04492880403995514
-1.3815035820007324,-0.044933050870895386
-1.3809900283813477,-0.0449724905192852
-1.3808753490447998,-0.04498129338026047
-1.3791728019714355,-0.04511191323399544
-1.378462314605713,-0.045166365802288055
-1.3784458637237549,-0.04516763240098953
-1.3778232336044312,-0.04521533101797104
-1.3773843050003052,-0.04524894058704376
-1.3773311376571655,-0.04525301232933998
-1.3767337799072266,-0.0452987402677536
-1.376572608947754,-0.04531106725335121
-1.3765101432800293,-0.04531584680080414
-1.376430869102478,-0.04532191529870033
-1.37641441822052,-0.04532317444682121
-1.3762824535369873,-0.04533325880765915
-1.3761199712753296,-0.045345693826675415
-1.3761184215545654,-0.04534580558538437
-1.375497579574585,-0.045393288135528564
-1.375250220298767,-0.04541219770908356
-1.375152587890625,-0.045419659465551376
-1.3749809265136719,-0.04543278366327286
-1.3747823238372803,-0.045447953045368195
-1.3745126724243164,-0.04546855390071869
-1.3735263347625732,-0.045543868094682693
-1.3733961582183838,-0.04555381089448929
-1.373365044593811,-0.04555618017911911
-1.373297095298767,-0.04556136578321457
-1.3728396892547607,-0.04559626802802086
-1.3727740049362183,-0.04560127481818199
-1.3718013763427734,-0.04567543789744377
-1.371774673461914,-0.04567746818065643
-1.371768593788147,-0.04567793756723404
-1.370657205581665,-0.04576260596513748
-1.3701972961425781,-0.04579761624336243
-1.3699357509613037,-0.04581752419471741
-1.3691178560256958,-0.04587973654270172
-1.369077205657959,-0.04588283225893974
-1.3688137531280518,-0.045902855694293976
-1.3685389757156372,-0.04592374712228775
-1.3681507110595703,-0.04595324397087097
-1.367315411567688,-0.04601668566465378
-1.367126226425171,-0.04603105038404465
-1.3670731782913208,-0.046035073697566986
-1.3664737939834595,-0.046080559492111206
-1.3661502599716187,-0.04610509052872658
-1.3657267093658447,-0.046137213706970215
-1.3652572631835938,-0.046172793954610825
-1.3637927770614624,-0.046283699572086334
-1.3637784719467163,-0.04628477990627289
-1.3636186122894287,-0.046296872198581696
-1.362807273864746,-0.04635824263095856
-1.3626728057861328,-0.04636840149760246
-1.3625643253326416,-0.04637660086154938
-1.3625587224960327,-0.0463770292699337
-1.3624314069747925,-0.04638664796948433
-1.3613266944885254,-0.046470098197460175
-1.3604052066802979,-0.04653962701559067
-1.360398769378662,-0.046540115028619766
-1.3600013256072998,-0.04657009243965149
-1.3593980073928833,-0.046615567058324814
-1.3591622114181519,-0.04663332551717758
-1.3590469360351562,-0.04664201661944389
-1.3586089611053467,-0.04667499661445618
-1.3586076498031616,-0.046675097197294235
-1.3581607341766357,-0.04670873284339905
-1.357965111732483,-0.04672345519065857
-1.3578131198883057,-0.046734895557165146
-1.357470989227295,-0.04676062613725662
-1.3569262027740479,-0.04680158942937851
-1.3568379878997803,-0.04680822044610977
-1.356484055519104,-0.046834807842969894
-1.356252908706665,-0.04685217887163162
-1.356184959411621,-0.046857282519340515
-1.3560314178466797,-0.046868808567523956
-1.3557178974151611,-0.046892352402210236
-1.354860544204712,-0.046956680715084076
-1.3546195030212402,-0.04697475954890251
-1.354432463645935,-0.04698878154158592
-1.353995442390442,-0.047021541744470596
-1.3535786867141724,-0.04705275595188141
-1.3533923625946045,-0.04706671088933945
-1.3531814813613892,-0.047082506120204926
-1.353132963180542,-0.04708613455295563
-1.3528964519500732,-0.047103844583034515
-1.3524162769317627,-0.04713977128267288
-1.3512767553329468,-0.04722496122121811
-1.351093053817749,-0.04723868519067764
-1.3509976863861084,-0.0472458079457283
-1.3508741855621338,-0.047255031764507294
-1.3501511812210083,-0.04730900377035141
-1.3495073318481445,-0.04735703766345978
-1.3486078977584839,-0.047424063086509705
-1.34850013256073,-0.04743208736181259
-1.3482685089111328,-0.04744934290647507
-1.3477437496185303,-0.04748840630054474
-1.347339153289795,-0.04751851037144661
-1.3471100330352783,-0.047535546123981476
-1.3467117547988892,-0.04756515845656395
-1.3463281393051147,-0.04759366810321808
-1.3457820415496826,-0.047634225338697433
-1.3456318378448486,-0.04764537885785103
-1.3449194431304932,-0.0476982407271862
-1.3444805145263672,-0.04773079603910446
-1.344435214996338,-0.04773414134979248
-1.3441269397735596,-0.04775698855519295
-1.3439680337905884,-0.04776877164840698
-1.3437721729278564,-0.04778328165411949
-1.3437632322311401,-0.04778393357992172
-1.3437325954437256,-0.04778621345758438
-1.343226671218872,-0.04782366752624512
-1.3431259393692017,-0.047831129282712936
-1.3420097827911377,-0.047913677990436554
-1.3413925170898438,-0.04795929044485092
-1.3402271270751953,-0.04804530739784241
-1.3396859169006348,-0.048085205256938934
-1.3391509056091309,-0.04812463000416756
-1.3388421535491943,-0.04814736545085907
-1.338602066040039,-0.04816503822803497
-1.338546633720398,-0.04816911369562149
-1.3379273414611816,-0.04821467399597168
-1.337834358215332,-0.048221513628959656
-1.3377082347869873,-0.048230789601802826
-1.337436556816101,-0.04825075715780258
-1.3372646570205688,-0.048263389617204666
-1.3370840549468994,-0.048276662826538086
-1.3370788097381592,-0.048277050256729126
-1.337022066116333,-0.048281215131282806
-1.3369557857513428,-0.0482860803604126
-1.3369064331054688,-0.0482897087931633
-1.3365706205368042,-0.04831436276435852
-1.3361144065856934,-0.048347849398851395
-1.334858775138855,-0.04843989014625549
-1.334839105606079,-0.048441331833601
-1.3348256349563599,-0.04844231903553009
-1.3337924480438232,-0.048517949879169464
-1.3336923122406006,-0.04852527007460594
-1.3331289291381836,-0.04856645315885544
-1.3328604698181152,-0.04858607053756714
-1.3328360319137573,-0.0485878549516201
-1.3322808742523193,-0.04862840101122856
-1.3321566581726074,-0.04863746464252472
-1.3319674730300903,-0.04865127056837082
-1.33087956905365,-0.04873058572411537
-1.330588936805725,-0.04875176027417183
-1.3305211067199707,-0.04875670373439789
-1.3299589157104492,-0.04879762604832649
-1.3296027183532715,-0.04882354289293289
-1.3292152881622314,-0.04885171353816986
-1.3285471200942993,-0.048900261521339417
-1.3281527757644653,-0.0489288866519928
-1.327579379081726,-0.04897048696875572
-1.3273977041244507,-0.04898366332054138
-1.32706618309021,-0.04900769144296646
-1.3267619609832764,-0.04902973771095276
-1.3263826370239258,-0.04905720055103302
-1.3263037204742432,-0.04906292259693146
-1.3262605667114258,-0.04906604439020157
-1.325915813446045,-0.04909099265933037
-1.3245375156402588,-0.049190621823072433
-1.3244667053222656,-0.049195729196071625
-1.3244459629058838,-0.049197226762771606
-1.3230692148208618,-0.049296531826257706
-1.3229376077651978,-0.04930600896477699
-1.3228826522827148,-0.04930996894836426
-1.3221747875213623,-0.049360938370227814
-1.3213112354278564,-0.04942302405834198
-1.3208379745483398,-0.04945702850818634
-1.3206878900527954,-0.04946780204772949
-1.320575475692749,-0.04947587847709656
-1.3205132484436035,-0.04948034510016441
-1.320337176322937,-0.0494929775595665
-1.320215106010437,-0.04950173571705818
-1.3198843002319336,-0.049525462090969086
-1.3197438716888428,-0.04953553155064583
-1.3195149898529053,-0.04955194145441055
-1.3194894790649414,-0.0495537705719471
-1.31876802444458,-0.04960544407367706
-1.3186182975769043,-0.04961615800857544
-1.318319320678711,-0.049637552350759506
-1.318110466003418,-0.04965249449014664
-1.3173224925994873,-0.04970880597829819
-1.3173195123672485,-0.0497090183198452
-1.3163195848464966,-0.049780383706092834
-1.3161734342575073,-0.04979081451892853
-1.3156461715698242,-0.049828384071588516
-1.3153040409088135,-0.049852754920721054
-1.3149107694625854,-0.0498807430267334
-1.3147563934326172,-0.049891725182533264
-1.3144516944885254,-0.049913398921489716
-1.3141345977783203,-0.04993593692779541
-1.314090371131897,-0.04993908107280731
-1.3136876821517944,-0.049967680126428604
-1.3135343790054321,-0.04997856914997101
-1.313069462776184,-0.05001157149672508
-1.3121141195297241,-0.05007929354906082
-1.311934232711792,-0.05009203404188156
-1.3113021850585938,-0.050136763602495193
-1.3112705945968628,-0.05013900250196457
-1.3101489543914795,-0.05021826922893524
-1.3098341226577759,-0.050240494310855865
-1.3090063333511353,-0.050298869609832764
-1.3086642026901245,-0.05032297223806381
-1.3084022998809814,-0.0503414124250412
-1.3079596757888794,-0.05037255585193634
-1.3078246116638184,-0.05038205534219742
-1.3077640533447266,-0.05038632079958916
-1.3077632188796997,-0.050386376678943634
-1.3076282739639282,-0.050395864993333817
-1.3073877096176147,-0.05041277036070824
-1.3061058521270752,-0.050502754747867584
-1.30520761013031,-0.0505656972527504
-1.304958462715149,-0.0505831316113472
-1.3048992156982422,-0.050587281584739685
-1.3048768043518066,-0.05058884620666504
-1.3048053979873657,-0.050593845546245575
-1.304762363433838,-0.05059686303138733
-1.3042387962341309,-0.050633471459150314
-1.3036515712738037,-0.05067449063062668
-1.3036378622055054,-0.050675444304943085
-1.3027904033660889,-0.05073457956314087
-1.302662968635559,-0.050743453204631805
-1.3021643161773682,-0.05077819526195526
-1.3018970489501953,-0.05079680681228638
-1.3012945652008057,-0.050838716328144073
-1.3012791872024536,-0.05083978921175003
-1.3002111911773682,-0.0509139709174633
-1.299978494644165,-0.05093011632561684
-1.299362063407898,-0.05097285285592079
-1.2993483543395996,-0.0509738028049469
-1.2989521026611328,-0.05100124701857567
-1.2985079288482666,-0.05103198438882828
-1.2981045246124268,-0.05105987936258316
-1.2980153560638428,-0.051066040992736816
-1.2979214191436768,-0.051072537899017334
-1.2977319955825806,-0.05108562111854553
-1.2974271774291992,-0.05110667273402214
-1.2974236011505127,-0.05110691487789154
-1.297133445739746,-0.05112694203853607
-1.2968945503234863,-0.05114342272281647
-1.2959794998168945,-0.05120648443698883
-1.2958984375,-0.05121205747127533
-1.2954779863357544,-0.05124099552631378
-1.2954699993133545,-0.051241546869277954
-1.294798731803894,-0.051287684589624405
-1.2942986488342285,-0.051322028040885925
-1.2939814329147339,-0.05134379118680954
-1.2937016487121582,-0.05136298015713692
-1.2934170961380005,-0.05138247460126877
-1.2929340600967407,-0.05141555890440941
-1.2925220727920532,-0.05144374817609787
-1.291459083557129,-0.05151637643575668
-1.2914263010025024,-0.05151861160993576
-1.2909175157546997,-0.05155332013964653
-1.2906174659729004,-0.051573775708675385
-1.2903448343276978,-0.051592350006103516
-1.2902858257293701,-0.05159636586904526
-1.2895424365997314,-0.05164695531129837
-1.2892123460769653,-0.051669392734766006
-1.2890533208847046,-0.051680199801921844
-1.2886736392974854,-0.0517059825360775
-1.2883495092391968,-0.05172797292470932
-1.2882325649261475,-0.051735907793045044
-1.2880325317382812,-0.051749467849731445
-1.287085771560669,-0.05181359127163887
-1.2864277362823486,-0.051858089864254
-1.285740613937378,-0.051904477179050446
-1.2852833271026611,-0.05193532258272171
-1.285279393196106,-0.0519355870783329
-1.2848966121673584,-0.05196138098835945
-1.2835907936096191,-0.052049219608306885
-1.283575415611267,-0.05205025523900986
-1.283352017402649,-0.052065253257751465
-1.2832789421081543,-0.05207016319036484
-1.2832527160644531,-0.05207192152738571
-1.2820230722427368,-0.052154362201690674
-1.281822919845581,-0.05216776207089424
-1.2817989587783813,-0.05216936394572258
-1.2815182209014893,-0.052188146859407425
-1.2809760570526123,-0.05222439020872116
-1.2809438705444336,-0.052226535975933075
-1.2809147834777832,-0.05222848057746887
-1.280693531036377,-0.05224326252937317
-1.2798943519592285,-0.05229656398296356
-1.2797785997390747,-0.052304282784461975
-1.2797119617462158,-0.05230872333049774
-1.2794556617736816,-0.052325792610645294
-1.2789725065231323,-0.05235794931650162
-1.2786718606948853,-0.052377939224243164
-1.278632402420044,-0.05238056182861328
-1.2778286933898926,-0.052433937788009644
-1.2772326469421387,-0.052473463118076324
-1.2766435146331787,-0.05251247435808182
-1.276222586631775,-0.05254031717777252
-1.2758973836898804,-0.05256181210279465
-1.275363564491272,-0.052597060799598694
-1.2752926349639893,-0.05260173976421356
-1.2751526832580566,-0.05261097475886345
-1.2749979496002197,-0.052621178328990936
-1.2744814157485962,-0.05265522003173828
-1.2743408679962158,-0.05266447365283966
-1.2739068269729614,-0.05269303917884827
-1.2738616466522217,-0.05269600450992584
-1.2731736898422241,-0.052741214632987976
-1.2725927829742432,-0.052779339253902435
-1.271776795387268,-0.052832797169685364
-1.2713905572891235,-0.05285806953907013
-1.2713816165924072,-0.05285865068435669
-1.2706360816955566,-0.05290737375617027
-1.2700519561767578,-0.05294547230005264
-1.2696595191955566,-0.05297105014324188
-1.2690271139144897,-0.05301220715045929
-1.2689142227172852,-0.05301954969763756
-1.2687182426452637,-0.053032286465168
-1.268600583076477,-0.05303993076086044
-1.268273949623108,-0.053061146289110184
-1.2680630683898926,-0.05307483673095703
-1.2679164409637451,-0.053084347397089005
-1.2671411037445068,-0.05313459783792496
-1.2665022611618042,-0.053175926208496094
-1.2658649682998657,-0.053217098116874695
-1.2655315399169922,-0.05323861166834831
-1.265467643737793,-0.05324272811412811
-1.265383005142212,-0.053248193114995956
-1.2650516033172607,-0.05326954275369644
-1.2648919820785522,-0.053279828280210495
-1.26456880569458,-0.053300634026527405
-1.2640392780303955,-0.05333467945456505
-1.2639365196228027,-0.05334128439426422
-1.2635631561279297,-0.05336526036262512
-1.2635003328323364,-0.053369294852018356
-1.2633519172668457,-0.05337882041931152
-1.262136697769165,-0.053456664085388184
-1.2618370056152344,-0.05347582697868347
-1.2617279291152954,-0.053482793271541595
-1.2609636783599854,-0.053531575947999954
-1.260001540184021,-0.05359287187457085
-1.259820818901062,-0.0536043643951416
-1.2595622539520264,-0.053620800375938416
-1.2595313787460327,-0.053622767329216
-1.2593458890914917,-0.05363455042243004
-1.2589809894561768,-0.053657710552215576
-1.258610725402832,-0.05368120223283768
-1.258569359779358,-0.053683824837207794
-1.2584863901138306,-0.053689077496528625
-1.2577507495880127,-0.05373565852642059
-1.2572908401489258,-0.05376473069190979
-1.2567393779754639,-0.053799550980329514
-1.2564061880111694,-0.05382055789232254
-1.2557482719421387,-0.05386199802160263
-1.2554386854171753,-0.05388147383928299
-1.255025029182434,-0.05390746891498566
-1.25495183467865,-0.05391206592321396
-1.2547264099121094,-0.05392621457576752
-1.2543601989746094,-0.05394919216632843
-1.2542695999145508,-0.05395487695932388
-1.253771424293518,-0.0539860725402832
-1.2537410259246826,-0.05398798733949661
-1.2524858713150024,-0.05406641215085983
-1.2523480653762817,-0.05407501384615898
-1.2518105506896973,-0.05410851165652275
-1.251423716545105,-0.05413259193301201
-1.251137137413025,-0.054150406271219254
-1.251129388809204,-0.05415089428424835
-1.2505428791046143,-0.05418732017278671
-1.2498316764831543,-0.05423141270875931
-1.249706506729126,-0.054239168763160706
-1.249487042427063,-0.0542527474462986
-1.2490699291229248,-0.05427853763103485
-1.248861312866211,-0.054291434586048126
-1.2479565143585205,-0.054347261786460876
-1.2478892803192139,-0.054351404309272766
-1.2477715015411377,-0.05435865744948387
-1.247482180595398,-0.054376475512981415
-1.2468292713165283,-0.05441661179065704
-1.2463428974151611,-0.05444646626710892
-1.2455365657806396,-0.05449587106704712
-1.244489073753357,-0.05455988645553589
-1.2444281578063965,-0.054563604295253754
-1.2442286014556885,-0.05457577481865883
-1.2439558506011963,-0.054592400789260864
-1.243955135345459,-0.05459244176745415
-1.2437851428985596,-0.05460280179977417
-1.2437244653701782,-0.054606497287750244
-1.2422950267791748,-0.05469334498047829
-1.2422744035720825,-0.05469460412859917
-1.2414660453796387,-0.054743554443120956
-1.2413748502731323,-0.05474907159805298
-1.2412998676300049,-0.054753609001636505
-1.2412419319152832,-0.05475711077451706
-1.241050124168396,-0.05476870387792587
-1.2410248517990112,-0.054770223796367645
-1.2405152320861816,-0.054800987243652344
-1.2400667667388916,-0.05482802540063858
-1.2398402690887451,-0.05484165996313095
-1.2398098707199097,-0.054843492805957794
-1.2396914958953857,-0.05485061928629875
-1.2389295101165771,-0.05489642173051834
-1.238481879234314,-0.054923273622989655
-1.238073706626892,-0.05494774132966995
-1.2370398044586182,-0.05500955134630203
-1.236358642578125,-0.05505017936229706
-1.2360655069351196,-0.055067624896764755
-1.2359511852264404,-0.05507443845272064
-1.235658884048462,-0.055091820657253265
-1.2351782321929932,-0.055120378732681274
-1.2349663972854614,-0.055132947862148285
-1.234642505645752,-0.05515214800834656
-1.234504222869873,-0.055160343647003174
-1.2344950437545776,-0.05516088008880615
-1.234150767326355,-0.055181268602609634
-1.2340223789215088,-0.0551888570189476
-1.2333595752716064,-0.05522801727056503
-1.2331047058105469,-0.05524306371808052
-1.2324299812316895,-0.055282823741436005
-1.2316690683364868,-0.05532754212617874
-1.2307400703430176,-0.05538202077150345
-1.230496883392334,-0.055396243929862976
-1.230386734008789,-0.055402688682079315
-1.229660153388977,-0.05544512718915939
-1.2293157577514648,-0.0554652102291584
-1.2286303043365479,-0.05550510808825493
-1.2282402515411377,-0.05552777647972107
-1.228213906288147,-0.055529311299324036
-1.2280207872390747,-0.05554051324725151
-1.2277514934539795,-0.05555613338947296
-1.2271955013275146,-0.05558834224939346
-1.2270084619522095,-0.05559917539358139
-1.2268807888031006,-0.055606551468372345
-1.2260361909866333,-0.05565531551837921
-1.2259278297424316,-0.05566156655550003
-1.2257293462753296,-0.05567299574613571
-1.2254886627197266,-0.05568686127662659
-1.2253397703170776,-0.05569542944431305
-1.2249656915664673,-0.055716924369335175
-1.2245599031448364,-0.05574023351073265
-1.224366545677185,-0.055751316249370575
-1.223738431930542,-0.05578729882836342
-1.2234444618225098,-0.05580411106348038
-1.223097324371338,-0.05582394450902939
-1.2223557233810425,-0.05586623027920723
-1.2222764492034912,-0.055870749056339264
-1.2210144996643066,-0.055942438542842865
-1.2208800315856934,-0.05595006048679352
-1.2208389043807983,-0.05595238879323006
-1.2204747200012207,-0.05597301572561264
-1.2203115224838257,-0.05598223954439163
-1.2200291156768799,-0.05599820613861084
-1.219628930091858,-0.05602080374956131
-1.2195430994033813,-0.05602564662694931
-1.219327449798584,-0.05603779852390289
-1.2192639112472534,-0.05604138970375061
-1.2181295156478882,-0.05610518157482147
-1.2180399894714355,-0.0561102032661438
-1.217797040939331,-0.05612383037805557
-1.217397928237915,-0.05614618957042694
-1.2163478136062622,-0.056204862892627716
-1.2157891988754272,-0.056235991418361664
-1.215238094329834,-0.05626663565635681
-1.214872121810913,-0.05628695338964462
-1.214830994606018,-0.05628923326730728
-1.2145934104919434,-0.05630240961909294
-1.214137315750122,-0.05632766708731651
-1.2138164043426514,-0.056345414370298386
-1.2138142585754395,-0.056345537304878235
-1.2137064933776855,-0.05635149031877518
-1.2135484218597412,-0.05636022239923477
-1.2129242420196533,-0.05639464408159256
-1.2122113704681396,-0.05643386393785477
-1.2120769023895264,-0.05644124746322632
-1.2115309238433838,-0.05647120624780655
-1.2114737033843994,-0.056474339216947556
-1.2109934091567993,-0.0565006360411644
-1.2105438709259033,-0.056525200605392456
-1.210240364074707,-0.05654176324605942
-1.2101294994354248,-0.05654781311750412
-1.2101198434829712,-0.0565483421087265
-1.2079883813858032,-0.056664083153009415
-1.20767343044281,-0.05668110400438309
-1.2075726985931396,-0.05668654292821884
-1.207521677017212,-0.0566892996430397
-1.2074620723724365,-0.056692518293857574
-1.2071564197540283,-0.05670900642871857
-1.2071232795715332,-0.05671078711748123
-1.2056405544281006,-0.056790489703416824
-1.2054877281188965,-0.05679868161678314
-1.2053260803222656,-0.05680733546614647
-1.2050659656524658,-0.05682125315070152
-1.2048170566558838,-0.05683455616235733
-1.204438328742981,-0.05685477331280708
-1.2039430141448975,-0.05688117817044258
-1.2036079168319702,-0.05689900740981102
-1.202576994895935,-0.05695371329784393
-1.2024422883987427,-0.05696083977818489
-1.2020840644836426,-0.056979790329933167
-1.2020339965820312,-0.05698244273662567
-1.2018457651138306,-0.05699238181114197
-1.2016962766647339,-0.05700027942657471
-1.201531171798706,-0.05700898915529251
-1.2008694410324097,-0.057043835520744324
-1.2005326747894287,-0.057061534374952316
-1.2003905773162842,-0.05706899240612984
-1.1993192434310913,-0.057125113904476166
-1.1991751194000244,-0.05713263899087906
-1.1987322568893433,-0.05715575069189072
-1.1987073421478271,-0.05715705454349518
-1.1987037658691406,-0.0571572482585907
-1.1975460052490234,-0.05721746385097504
-1.1971721649169922,-0.05723683908581734
-1.1964631080627441,-0.05727352201938629
-1.1963120698928833,-0.05728132277727127
-1.1962969303131104,-0.05728209763765335
-1.1962378025054932,-0.05728514865040779
-1.1961727142333984,-0.0572885125875473
-1.1957533359527588,-0.05731013044714928
-1.1944389343261719,-0.05737762898206711
-1.1939623355865479,-0.05740201473236084
-1.193506121635437,-0.05742531269788742
-1.1934242248535156,-0.057429492473602295
-1.1932673454284668,-0.057437486946582794
-1.1930240392684937,-0.05744987353682518
-1.1924619674682617,-0.057478465139865875
-1.1921961307525635,-0.05749195069074631
-1.191573143005371,-0.05752351135015488
-1.191556453704834,-0.05752434581518173
-1.1914710998535156,-0.057528674602508545
-1.190990686416626,-0.057552941143512726
-1.1898213624954224,-0.05761179327964783
-1.1896770000457764,-0.05761903524398804
-1.1896429061889648,-0.05762074887752533
-1.18886399269104,-0.057659752666950226
-1.1886366605758667,-0.057671114802360535
-1.1876616477966309,-0.057719700038433075
-1.1870901584625244,-0.05774807929992676
-1.1868735551834106,-0.057758815586566925
-1.1867889165878296,-0.057763002812862396
-1.1865813732147217,-0.057773277163505554
-1.186434030532837,-0.057780567556619644
-1.186201810836792,-0.057792045176029205
-1.1858904361724854,-0.05780740827322006
-1.1856637001037598,-0.057818591594696045
-1.1856275796890259,-0.05782036855816841
-1.1850512027740479,-0.0578487366437912
-1.184655785560608,-0.057868145406246185
-1.184090495109558,-0.057895831763744354
-1.1840803623199463,-0.05789632350206375
-1.183335781097412,-0.05793268233537674
-1.1830897331237793,-0.05794467031955719
-1.1821650266647339,-0.05798959359526634
-1.1819801330566406,-0.05799856036901474
-1.1818984746932983,-0.05800251662731171
-1.1817210912704468,-0.058011095970869064
-1.1809864044189453,-0.058046579360961914
-1.1809594631195068,-0.05804787576198578
-1.1808066368103027,-0.058055244386196136
-1.1806910037994385,-0.058060817420482635
-1.1801012754440308,-0.05808917433023453
-1.1799860000610352,-0.058094702661037445
-1.1784502267837524,-0.058168113231658936
-1.1783281564712524,-0.05817393213510513
-1.1779098510742188,-0.058193810284137726
-1.177514672279358,-0.05821257829666138
-1.177370309829712,-0.058219414204359055
-1.1771143674850464,-0.05823152884840965
-1.1768487691879272,-0.058244094252586365
-1.176161527633667,-0.05827651172876358
-1.176098108291626,-0.05827949941158295
-1.1754848957061768,-0.05830831825733185
-1.1752735376358032,-0.05831823870539665
-1.1749898195266724,-0.05833153426647186
-1.1746435165405273,-0.058347731828689575
-1.1746110916137695,-0.05834924802184105
-1.1742866039276123,-0.05836440622806549
-1.1729142665863037,-0.05842820554971695
-1.1725497245788574,-0.05844508856534958
-1.1722760200500488,-0.05845773220062256
-1.172165870666504,-0.058462824672460556
-1.1718580722808838,-0.0584770143032074
-1.1716034412384033,-0.058488741517066956
-1.1714600324630737,-0.05849533528089523
-1.1710355281829834,-0.05851483345031738
-1.1706262826919556,-0.058533597737550735
-1.1704437732696533,-0.058541953563690186
-1.1697019338607788,-0.0585758239030838
-1.169342041015625,-0.05859220772981644
-1.169063687324524,-0.05860486626625061
-1.1686415672302246,-0.058624010533094406
-1.1681907176971436,-0.05864441767334938
-1.1674456596374512,-0.058678038418293
-1.1668182611465454,-0.058706238865852356
-1.1666388511657715,-0.058714285492897034
-1.1661255359649658,-0.05873727425932884
-1.1660182476043701,-0.05874206870794296
-1.1652756929397583,-0.05877517908811569
-1.1650842428207397,-0.058783695101737976
-1.1647112369537354,-0.058800265192985535
-1.1646671295166016,-0.05880221724510193
-1.163765549659729,-0.05884210020303726
-1.1635143756866455,-0.058853186666965485
-1.162925124168396,-0.05887911841273308
-1.1627916097640991,-0.05888497829437256
-1.1622698307037354,-0.058907851576805115
-1.1622024774551392,-0.058910805732011795
-1.1621999740600586,-0.05891091004014015
-1.161819338798523,-0.05892755091190338
-1.1611912250518799,-0.05895492434501648
-1.1611567735671997,-0.05895642936229706
-1.1607869863510132,-0.05897248536348343
-1.1603788137435913,-0.05899018794298172
-1.1600316762924194,-0.05900520831346512
-1.1594561338424683,-0.05903004854917526
-1.159244179725647,-0.0590391643345356
-1.1591150760650635,-0.059044718742370605
-1.158247947692871,-0.059081900864839554
-1.1581991910934448,-0.059083983302116394
-1.1579654216766357,-0.05909397825598717
-1.157568335533142,-0.059110917150974274
-1.1571494340896606,-0.05912874639034271
-1.1568646430969238,-0.05914084240794182
-1.1555696725845337,-0.05919557809829712
-1.1555325984954834,-0.05919714272022247
-1.1553007364273071,-0.059206899255514145
-1.1550124883651733,-0.05921900272369385
-1.1549495458602905,-0.059221647679805756
-1.1547627449035645,-0.05922947824001312
-1.1543269157409668,-0.05924771726131439
-1.1538333892822266,-0.05926831439137459
-1.1529582738876343,-0.05930468440055847
-1.152886986732483,-0.05930764228105545
-1.1526591777801514,-0.059317074716091156
-1.1512786149978638,-0.05937395244836807
-1.1511187553405762,-0.05938050150871277
-1.1509392261505127,-0.05938785895705223
-1.1502180099487305,-0.05941731482744217
-1.1499321460723877,-0.059428952634334564
-1.149897575378418,-0.05943036079406738
-1.1491496562957764,-0.059460703283548355
-1.149142861366272,-0.05946098268032074
-1.148879051208496,-0.059471651911735535
-1.1484990119934082,-0.0594869926571846
-1.1484030485153198,-0.059490859508514404
-1.1481194496154785,-0.05950227007269859
-1.1479331254959106,-0.0595097616314888
-1.1476564407348633,-0.05952086299657822
-1.1475589275360107,-0.0595247745513916
-1.1470872163772583,-0.05954363942146301
-1.1461392641067505,-0.05958139896392822
-1.1461104154586792,-0.05958254635334015
-1.1460599899291992,-0.059584543108940125
-1.1456401348114014,-0.059601180255413055
-1.1449439525604248,-0.05962866544723511
-1.144176721572876,-0.05965881422162056
-1.1440553665161133,-0.0596635639667511
-1.1432290077209473,-0.05969583988189697
-1.1431186199188232,-0.0597001388669014
-1.1430906057357788,-0.05970121920108795
-1.1426279544830322,-0.059719204902648926
-1.142379641532898,-0.059728819876909256
-1.1415760517120361,-0.05975986272096634
-1.1411608457565308,-0.05977581441402435
-1.1409878730773926,-0.05978245288133621
-1.1404979228973389,-0.05980122089385986
-1.14021897315979,-0.05981186777353287
-1.1395879983901978,-0.05983588844537735
-1.1392875909805298,-0.05984729155898094
-1.1387680768966675,-0.059866949915885925
-1.138651967048645,-0.059871330857276917
-1.1383113861083984,-0.059884168207645416
-1.1381793022155762,-0.05988914519548416
-1.1380236148834229,-0.05989499017596245
-1.1378300189971924,-0.05990225821733475
-1.1375601291656494,-0.05991237610578537
-1.1368664503097534,-0.059938281774520874
-1.136837124824524,-0.05993937700986862
-1.1356008052825928,-0.05998522788286209
-1.1354960203170776,-0.05998909845948219
-1.1352967023849487,-0.05999644845724106
-1.1339738368988037,-0.060044944286346436
-1.1337676048278809,-0.06005246192216873
-1.1333434581756592,-0.06006789579987526
-1.1333034038543701,-0.06006934121251106
-1.133267879486084,-0.060070641338825226
-1.1331286430358887,-0.06007568538188934
-1.1329339742660522,-0.06008273735642433
-1.1321473121643066,-0.06011113524436951
-1.1314172744750977,-0.06013733893632889
-1.1308400630950928,-0.060157954692840576
-1.130832552909851,-0.060158222913742065
-1.1303765773773193,-0.06017443537712097
-1.129478931427002,-0.06020621210336685
-1.1291685104370117,-0.06021714210510254
-1.1285686492919922,-0.06023818999528885
-1.1284868717193604,-0.06024105101823807
-1.1281951665878296,-0.060251250863075256
-1.1278269290924072,-0.06026408448815346
-1.1277642250061035,-0.060266271233558655
-1.127733826637268,-0.06026732921600342
-1.1276981830596924,-0.06026856601238251
-1.1274560689926147,-0.060276973992586136
-1.1269950866699219,-0.06029294431209564
-1.1263352632522583,-0.060315705835819244
-1.1255896091461182,-0.06034127622842789
-1.125508189201355,-0.060344062745571136
-1.1253743171691895,-0.06034863367676735
-1.123868465423584,-0.06039971113204956
-1.123705506324768,-0.06040521338582039
-1.1235836744308472,-0.060409314930438995
-1.1228556632995605,-0.06043372303247452
-1.122143268585205,-0.060457468032836914
-1.1217093467712402,-0.06047185882925987
-1.1217031478881836,-0.06047206372022629
-1.1213816404342651,-0.0604826956987381
-1.1212931871414185,-0.060485612601041794
-1.1207984685897827,-0.06050189957022667
-1.1207225322723389,-0.06050439924001694
-1.1200406551361084,-0.06052672863006592
-1.119645595550537,-0.060539599508047104
-1.119236946105957,-0.060552872717380524
-1.119098424911499,-0.060557350516319275
-1.1190365552902222,-0.060559358447790146
-1.1187067031860352,-0.06057000905275345
-1.1182090044021606,-0.06058604642748833
-1.1181069612503052,-0.060589320957660675
-1.1179778575897217,-0.060593459755182266
-1.1174955368041992,-0.0606088861823082
-1.1171917915344238,-0.060618557035923004
-1.1169359683990479,-0.06062670052051544
-1.116882085800171,-0.06062842160463333
-1.116551160812378,-0.0606389082968235
-1.1156574487686157,-0.06066708639264107
-1.1151591539382935,-0.060682691633701324
-1.114734411239624,-0.060695938766002655
-1.1145555973052979,-0.06070150434970856
-1.1142793893814087,-0.060710079967975616
-1.1141225099563599,-0.06071493774652481
-1.1134897470474243,-0.060734473168849945
-1.1125915050506592,-0.06076200306415558
-1.1111629009246826,-0.0608053132891655
-1.1107609272003174,-0.06081739068031311
-1.110729694366455,-0.060818322002887726
-1.1102203130722046,-0.060833558440208435
-1.1097960472106934,-0.06084618717432022
-1.109787940979004,-0.06084643304347992
-1.1096341609954834,-0.06085099279880524
-1.1095585823059082,-0.06085324287414551
-1.1094622611999512,-0.06085608899593353
-1.1092636585235596,-0.060861967504024506
-1.1087346076965332,-0.060877569019794464
-1.1082714796066284,-0.060891151428222656
-1.1079245805740356,-0.06090128421783447
-1.1069514751434326,-0.06092952936887741
-1.1067363023757935,-0.06093573570251465
-1.1066057682037354,-0.0609394907951355
-1.1065661907196045,-0.06094063073396683
-1.1059648990631104,-0.060957878828048706
-1.1058064699172974,-0.06096239760518074
-1.1052677631378174,-0.06097773462533951
-1.1051419973373413,-0.060981303453445435
-1.1050161123275757,-0.06098487228155136
-1.1048974990844727,-0.06098822504281998
-1.1048352718353271,-0.06098998337984085
-1.1047031879425049,-0.06099371239542961
-1.102895975112915,-0.061044223606586456
-1.1028915643692017,-0.061044350266456604
-1.1024913787841797,-0.06105539947748184
-1.1009278297424316,-0.0610981322824955
-1.1008994579315186,-0.06109890341758728
-1.1003471612930298,-0.06111381947994232
-1.100110650062561,-0.061120182275772095
-1.0999315977096558,-0.06112499535083771
-1.099905252456665,-0.06112569198012352
-1.0998477935791016,-0.061127230525016785
-1.0996253490447998,-0.06113317608833313
-1.099048376083374,-0.06114853918552399
-1.0986385345458984,-0.061159390956163406
-1.0979338884353638,-0.06117793172597885
-1.0963724851608276,-0.06121847778558731
-1.096149206161499,-0.061224211007356644
-1.096134066581726,-0.061224594712257385
-1.0959854125976562,-0.06122840195894241
-1.095889925956726,-0.0612308531999588
-1.0955872535705566,-0.06123858690261841
-1.0953043699264526,-0.061245791614055634
-1.0952038764953613,-0.061248332262039185
-1.0950803756713867,-0.06125147268176079
-1.094916820526123,-0.06125561147928238
-1.0948024988174438,-0.06125849857926369
-1.0946025848388672,-0.061263542622327805
-1.0945719480514526,-0.06126431003212929
-1.0939676761627197,-0.06127948686480522
-1.0924354791641235,-0.061317428946495056
-1.091663122177124,-0.06133628636598587
-1.0914356708526611,-0.061341799795627594
-1.0913928747177124,-0.06134284660220146
-1.091346263885498,-0.0613439716398716
-1.090562105178833,-0.0613628514111042
-1.090538501739502,-0.06136342138051987
-1.0891246795654297,-0.061396971344947815
-1.0889205932617188,-0.06140177324414253
-1.0885391235351562,-0.06141069531440735
-1.0881400108337402,-0.061419978737831116
-1.0880577564239502,-0.061421893537044525
-1.088051438331604,-0.061422042548656464
-1.0877668857574463,-0.06142862141132355
-1.0876657962799072,-0.06143096089363098
-1.0861667394638062,-0.06146518886089325
-1.0859436988830566,-0.06147021800279617
-1.0853129625320435,-0.06148437038064003
-1.0840955972671509,-0.0615113340318203
-1.0839204788208008,-0.061515167355537415
-1.0838929414749146,-0.061515770852565765
-1.0838594436645508,-0.06151650473475456
-1.083693027496338,-0.06152014061808586
-1.0833778381347656,-0.061527010053396225
-1.083312749862671,-0.06152842193841934
-1.0832439661026,-0.061529919505119324
-1.0829832553863525,-0.061535563319921494
-1.08259117603302,-0.06154400110244751
-1.0825395584106445,-0.06154512241482735
-1.0822030305862427,-0.06155233085155487
-1.0821045637130737,-0.06155441701412201
-1.0819463729858398,-0.061557792127132416
-1.0818135738372803,-0.06156061589717865
-1.0813121795654297,-0.061571232974529266
-1.0802617073059082,-0.0615931898355484
-1.0800961256027222,-0.06159662827849388
-1.0799728631973267,-0.06159917265176773
-1.0795395374298096,-0.06160809472203255
-1.0778639316558838,-0.06164204329252243
-1.0778453350067139,-0.06164241209626198
-1.0774810314178467,-0.06164967268705368
-1.0773260593414307,-0.06165274977684021
-1.0772849321365356,-0.06165356561541557
-1.0766308307647705,-0.061666443943977356
-1.0765842199325562,-0.061667364090681076
-1.0756653547286987,-0.061685219407081604
-1.0747910737991333,-0.06170195713639259
-1.0744106769561768,-0.061709173023700714
-1.073650598526001,-0.061723433434963226
-1.0734381675720215,-0.0617273785173893
-1.0730884075164795,-0.06173385679721832
-1.072861909866333,-0.0617380291223526
-1.0724413394927979,-0.06174573674798012
-1.072184681892395,-0.06175040453672409
-1.0721832513809204,-0.06175043433904648
-1.0718891620635986,-0.06175576150417328
-1.0718631744384766,-0.061756234616041183
-1.0717132091522217,-0.06175893917679787
-1.070932149887085,-0.061772916465997696
-1.0708891153335571,-0.06177367642521858
-1.0706334114074707,-0.06177820265293121
-1.0705442428588867,-0.061779774725437164
-1.0703033208847046,-0.06178401783108711
-1.0697002410888672,-0.061794549226760864
-1.0689841508865356,-0.061806902289390564
-1.068246603012085,-0.06181944161653519
-1.0676100254058838,-0.061830125749111176
-1.0672537088394165,-0.06183604896068573
-1.0672193765640259,-0.061836615204811096
-1.0669727325439453,-0.061840690672397614
-1.066617727279663,-0.06184651702642441
-1.0656640529632568,-0.06186196208000183
-1.0653471946716309,-0.061867035925388336
-1.0651799440383911,-0.06186969578266144
-1.0644937753677368,-0.06188051030039787
-1.064159870147705,-0.06188572570681572
-1.0636382102966309,-0.06189379096031189
-1.0632929801940918,-0.061899080872535706
-1.0632051229476929,-0.06190042197704315
-1.0624557733535767,-0.06191174313426018
-1.061995267868042,-0.061918601393699646
-1.0619230270385742,-0.0619196742773056
-1.0616776943206787,-0.06192329525947571
-1.0612266063690186,-0.061929911375045776
-1.0611793994903564,-0.06193059682846069
-1.0609381198883057,-0.061934106051921844
-1.0605758428573608,-0.06193932890892029
-1.0603203773498535,-0.06194297969341278
-1.0600696802139282,-0.06194654852151871
-1.0595545768737793,-0.061953816562891006
-1.0590496063232422,-0.061960842460393906
-1.0589277744293213,-0.06196253001689911
-1.0577542781829834,-0.06197850778698921
-1.0575127601623535,-0.06198173761367798
-1.057193636894226,-0.06198597699403763
-1.0570621490478516,-0.061987705528736115
-1.0569865703582764,-0.0619887039065361
-1.0569729804992676,-0.06198888644576073
-1.0566778182983398,-0.06199275702238083
-1.056178092956543,-0.06199923902750015
-1.056139588356018,-0.06199973076581955
-1.0553698539733887,-0.0620095357298851
-1.054497480392456,-0.06202041357755661
-1.053112506866455,-0.062037140130996704
-1.0527592897415161,-0.06204131245613098
-1.052276849746704,-0.06204693019390106
-1.0519994497299194,-0.06205012649297714
-1.0518690347671509,-0.062051620334386826
-1.0513328313827515,-0.06205769628286362
-1.051234483718872,-0.06205880269408226
-1.0511999130249023,-0.062059178948402405
-1.0505222082138062,-0.0620666965842247
-1.05033540725708,-0.06206873804330826
-1.0502972602844238,-0.06206915155053139
-1.0493743419647217,-0.0620790533721447
-1.0493342876434326,-0.06207948550581932
-1.0491976737976074,-0.06208091974258423
-1.0490611791610718,-0.06208234652876854
-1.0484942197799683,-0.06208822876214981
-1.0484540462493896,-0.06208863854408264
-1.0484498739242554,-0.06208868697285652
-1.0483967065811157,-0.0620892271399498
-1.0475995540618896,-0.06209728121757507
-1.0466786623001099,-0.062106311321258545
-1.046201229095459,-0.06211087852716446
-1.0456856489181519,-0.06211571395397186
-1.0454530715942383,-0.062117867171764374
-1.0448801517486572,-0.06212310492992401
-1.044752597808838,-0.06212424859404564
-1.044497013092041,-0.062126524746418
-1.0442960262298584,-0.062128305435180664
-1.0438625812530518,-0.0621321015059948
-1.0430457592010498,-0.062139056622982025
-1.0427837371826172,-0.06214124336838722
-1.0424318313598633,-0.062144145369529724
-1.042187213897705,-0.062146127223968506
-1.041426658630371,-0.062152180820703506
-1.041208028793335,-0.0621538907289505
-1.040949821472168,-0.06215587258338928
-1.0403794050216675,-0.0621601864695549
-1.0402908325195312,-0.06216084212064743
-1.0402621030807495,-0.06216105818748474
-1.0394012928009033,-0.06216730922460556
-1.0391812324523926,-0.06216886267066002
-1.0389232635498047,-0.062170665711164474
-1.0383570194244385,-0.062174536287784576
-1.0379316806793213,-0.062177374958992004
-1.0377691984176636,-0.06217844411730766
-1.0369232892990112,-0.062183842062950134
-1.0368659496307373,-0.06218419969081879
-1.0368287563323975,-0.06218443438410759
-1.0364794731140137,-0.062186576426029205
-1.0363185405731201,-0.0621875524520874
-1.035722017288208,-0.06219108775258064
-1.0352791547775269,-0.062193624675273895
-1.0347344875335693,-0.06219664216041565
-1.034690022468567,-0.062196891754865646
-1.034491777420044,-0.0621979683637619
-1.0344136953353882,-0.06219837814569473
-1.0334069728851318,-0.06220358610153198
-1.0330073833465576,-0.06220554932951927
-1.032557725906372,-0.06220769137144089
-1.0316929817199707,-0.06221160292625427
-1.0309618711471558,-0.06221470981836319
-1.0309405326843262,-0.06221480295062065
-1.03092360496521,-0.062214866280555725
-1.0303481817245483,-0.06221717223525047
-1.0303146839141846,-0.06221729516983032
-1.029523253440857,-0.062220264226198196
-1.0281219482421875,-0.062224939465522766
-1.0280567407608032,-0.06222514808177948
-1.0280258655548096,-0.06222524121403694
-1.027930498123169,-0.062225524336099625
-1.0275983810424805,-0.062226515263319016
-1.027105450630188,-0.06222790479660034
-1.0269277095794678,-0.062228381633758545
-1.026911735534668,-0.06222841888666153
-1.0262351036071777,-0.06223013997077942
-1.026170253753662,-0.06223028898239136
-1.0257487297058105,-0.062231265008449554
-1.0255612134933472,-0.06223167106509209
-1.0255502462387085,-0.06223168969154358
-1.0254731178283691,-0.06223186105489731
-1.0246601104736328,-0.06223347410559654
-1.024637222290039,-0.06223352253437042
-1.0244735479354858,-0.062233809381723404
-1.0236202478408813,-0.06223519146442413
-1.023346185684204,-0.062235571444034576
-1.021997332572937,-0.06223706156015396
-1.0215158462524414,-0.0622374452650547
-1.0213334560394287,-0.06223756819963455
-1.0208487510681152,-0.06223782151937485
-1.0207688808441162,-0.062237851321697235
-1.0202077627182007,-0.062238022685050964
-1.0197572708129883,-0.06223808601498604
-1.019228219985962,-0.06223805621266365
-1.0192159414291382,-0.06223805248737335
-1.0191144943237305,-0.06223803013563156
-1.0190482139587402,-0.062238022685050964
-1.018524169921875,-0.062237855046987534
-1.0180461406707764,-0.062237612903118134
-1.017174482345581,-0.062236957252025604
-1.0169806480407715,-0.06223677098751068
-1.0165019035339355,-0.06223626062273979
-1.016206979751587,-0.06223589926958084
-1.0160456895828247,-0.06223568320274353
-1.0149412155151367,-0.06223398447036743
-1.0144374370574951,-0.06223306432366371
-1.0142139196395874,-0.06223262473940849
-1.0137503147125244,-0.06223164498806
-1.0135376453399658,-0.06223117560148239
-1.0131556987762451,-0.06223027780652046
-1.0129871368408203,-0.06222987174987793
-1.0129402875900269,-0.06222975254058838
-1.0129354000091553,-0.06222974509000778
-1.0128368139266968,-0.06222949177026749
-1.0125112533569336,-0.06222864240407944
-1.012260913848877,-0.062227971851825714
-1.0119872093200684,-0.06222720444202423
-1.0118350982666016,-0.06222676485776901
-1.0115886926651,-0.06222604215145111
-1.0114095211029053,-0.062225498259067535
-1.0113381147384644,-0.06222527474164963
-1.0097095966339111,-0.06221973896026611
-1.009392261505127,-0.062218546867370605
-1.008960247039795,-0.0622168630361557
-1.00800359249115,-0.06221286952495575
-1.0071640014648438,-0.06220908463001251
-1.007080078125,-0.062208689749240875
-1.0069570541381836,-0.06220811605453491
-1.0060831308364868,-0.06220381706953049
-1.0053552389144897,-0.06220002472400665
-1.0048242807388306,-0.062197111546993256
-1.00467848777771,-0.06219630688428879
-1.0040860176086426,-0.06219291687011719
-1.0038433074951172,-0.06219147890806198
-1.003788948059082,-0.062191158533096313
-1.0036989450454712,-0.06219062581658363
-1.0036269426345825,-0.06219018995761871
-1.0032832622528076,-0.062188100069761276
-1.0030951499938965,-0.062186937779188156
-1.003084421157837,-0.06218687444925308
-1.0027209520339966,-0.06218458712100983
-1.0022757053375244,-0.062181711196899414
-1.0019657611846924,-0.06217966973781586
-1.0019516944885254,-0.062179580330848694
-1.0014615058898926,-0.06217627227306366
-1.0014564990997314,-0.06217622756958008
-1.0005502700805664,-0.062169868499040604
-1.0005409717559814,-0.06216980889439583
-1.0004892349243164,-0.062169432640075684
-0.9997642636299133,-0.062164101749658585
-0.9989858269691467,-0.06215813755989075
-0.9980930685997009,-0.062151022255420685
-0.9977944493293762,-0.062148578464984894
-0.9976475238800049,-0.062147356569767
-0.99750816822052,-0.06214619427919388
-0.9971559047698975,-0.062143221497535706
-0.9960028529167175,-0.06213315576314926
-0.9955579042434692,-0.06212913990020752
-0.9951502680778503,-0.06212538108229637
-0.9951308965682983,-0.06212519854307175
-0.9946328997612,-0.062120527029037476
-0.9940548539161682,-0.06211496889591217
-0.993207573890686,-0.062106601893901825
-0.9931627511978149,-0.06210615113377571
-0.9930235147476196,-0.062104739248752594
-0.9926177263259888,-0.062100600451231
-0.9920805096626282,-0.062095023691654205
-0.9919832348823547,-0.06209400296211243
-0.9914737939834595,-0.06208858639001846
-0.9914467334747314,-0.06208830326795578
-0.9912993311882019,-0.062086716294288635
-0.9902754426002502,-0.062075454741716385
-0.9900635480880737,-0.06207306683063507
-0.9892569184303284,-0.062063850462436676
-0.9891163110733032,-0.06206221133470535
-0.9889897108078003,-0.06206073611974716
-0.9887856245040894,-0.062058333307504654
-0.9887214303016663,-0.062057577073574066
-0.9887070655822754,-0.062057413160800934
-0.9886658191680908,-0.06205692142248154
-0.9885234236717224,-0.062055233865976334
-0.9882031083106995,-0.06205139681696892
-0.9875680208206177,-0.062043696641922
-0.986823558807373,-0.062034450471401215
-0.9860759377479553,-0.06202494353055954
-0.9854214787483215,-0.06201644241809845
-0.9851563572883606,-0.062012940645217896
-0.9848942756652832,-0.06200946867465973
-0.9845554232597351,-0.0620049387216568
-0.9839094877243042,-0.061996154487133026
-0.9832589626312256,-0.06198713928461075
-0.9828383922576904,-0.06198122724890709
-0.9823226928710938,-0.061973877251148224
-0.9818040132522583,-0.06196637451648712
-0.9815986156463623,-0.06196337193250656
-0.9811984896659851,-0.061957478523254395
-0.981045126914978,-0.06195520609617233
-0.9804272651672363,-0.06194593757390976
-0.9801927208900452,-0.06194237619638443
-0.9799136519432068,-0.06193812936544418
-0.9795398116111755,-0.061932362616062164
-0.9794584512710571,-0.061931099742650986
-0.9793766736984253,-0.06192982941865921
-0.9793286919593811,-0.061929091811180115
-0.978804349899292,-0.06192087382078171
-0.9776391983032227,-0.06190221756696701
-0.9772924780845642,-0.06189655885100365
-0.9771240949630737,-0.06189379841089249
-0.9771144986152649,-0.06189364567399025
-0.9770485162734985,-0.0618925541639328
-0.9768983125686646,-0.06189007684588432
-0.9768447875976562,-0.06188918650150299
-0.9760771989822388,-0.06187635660171509
-0.9760448336601257,-0.061875805258750916
-0.9756128191947937,-0.061868466436862946
-0.97529536485672,-0.06186303496360779
-0.9739600419998169,-0.06183970719575882
-0.9738963842391968,-0.061838582158088684
-0.9738624691963196,-0.06183797866106033
-0.9737798571586609,-0.06183650717139244
-0.9736618399620056,-0.06183439865708351
-0.9734472632408142,-0.0618305578827858
-0.9728942513465881,-0.06182057037949562
-0.9710980653762817,-0.06178726255893707
-0.9706637263298035,-0.06177900731563568
-0.9701111316680908,-0.06176839768886566
-0.9698153734207153,-0.06176266819238663
-0.9696134328842163,-0.06175874173641205
-0.9690895676612854,-0.06174846366047859
-0.9684736132621765,-0.06173621863126755
-0.9679201245307922,-0.06172508746385574
-0.967751681804657,-0.06172168254852295
-0.9676748514175415,-0.061720117926597595
-0.9674073457717896,-0.061714671552181244
-0.9661962985992432,-0.06168960779905319
-0.9659823775291443,-0.061685144901275635
-0.9659109115600586,-0.06168362870812416
-0.9658337831497192,-0.06168200075626373
-0.9655178189277649,-0.06167532131075859
-0.9651738405227661,-0.06166800111532211
-0.9651704430580139,-0.06166793406009674
-0.9651135206222534,-0.06166671961545944
-0.9651017189025879,-0.06166646257042885
-0.9650461673736572,-0.061665259301662445
-0.9645363092422485,-0.06165429577231407
-0.9641386866569519,-0.061645664274692535
-0.9641068577766418,-0.06164497882127762
-0.9635937213897705,-0.06163372844457626
-0.9633733630180359,-0.061628878116607666
-0.9630091190338135,-0.061620794236660004
-0.9629313945770264,-0.06161906197667122
-0.9612148404121399,-0.06158018112182617
-0.960874080657959,-0.06157231703400612
-0.9604228138923645,-0.06156183034181595
-0.9592491388320923,-0.06153414398431778
-0.9591171145439148,-0.06153099983930588
-0.9586523771286011,-0.06151985377073288
-0.9584894180297852,-0.0615159273147583
-0.9584423899650574,-0.06151479482650757
-0.9582154750823975,-0.06150929629802704
-0.9571833610534668,-0.06148403882980347
-0.9570620656013489,-0.0614810436964035
-0.9566709399223328,-0.061471328139305115
-0.956436276435852,-0.061465464532375336
-0.9563243985176086,-0.061462678015232086
-0.955662190914154,-0.06144600361585617
-0.9556370973587036,-0.061445362865924835
-0.9551330804824829,-0.061432547867298126
-0.9546920657157898,-0.061421237885951996
-0.954124927520752,-0.06140658259391785
-0.9540584683418274,-0.06140485778450966
-0.9536444544792175,-0.06139405071735382
-0.9525593519210815,-0.06136542558670044
-0.9522873759269714,-0.06135817617177963
-0.9520999193191528,-0.061353154480457306
-0.9518800973892212,-0.06134725362062454
-0.9518752694129944,-0.061347126960754395
-0.9513429403305054,-0.06133274734020233
-0.9513076543807983,-0.06133178994059563
-0.9512746930122375,-0.0613308921456337
-0.9508486390113831,-0.06131928786635399
-0.9504468441009521,-0.061308279633522034
-0.9502933025360107,-0.061304058879613876
-0.950019896030426,-0.06129651144146919
-0.9498307704925537,-0.06129126250743866
-0.9489429593086243,-0.061266474425792694
-0.9488506317138672,-0.06126386672258377
-0.9479719400405884,-0.06123897805809975
-0.9476609230041504,-0.061230093240737915
-0.9463651180267334,-0.061192624270915985
-0.9460293650627136,-0.06118280440568924
-0.9457889199256897,-0.061175741255283356
-0.944860577583313,-0.061148256063461304
-0.9446930885314941,-0.061143264174461365
-0.9444656372070312,-0.06113645061850548
-0.944301187992096,-0.061131514608860016
-0.9441976547241211,-0.0611284077167511
-0.944132387638092,-0.06112644076347351
-0.9434969425201416,-0.06110724061727524
-0.9430784583091736,-0.061094485223293304
-0.9428657293319702,-0.06108797714114189
-0.9422679543495178,-0.06106960028409958
-0.9421278238296509,-0.06106526404619217
-0.9421045780181885,-0.061064548790454865
-0.9414864778518677,-0.06104535236954689
-0.941383957862854,-0.06104213744401932
-0.9410452246665955,-0.06103154271841049
-0.9406144618988037,-0.06101799011230469
-0.9405514597892761,-0.06101599708199501
-0.9399361610412598,-0.060996487736701965
-0.9396829009056091,-0.0609884075820446
-0.9393984079360962,-0.06097930669784546
-0.9391817450523376,-0.06097235530614853
-0.938916802406311,-0.060963816940784454
-0.9387219548225403,-0.060957521200180054
-0.9381632804870605,-0.060939401388168335
-0.9381511211395264,-0.0609390027821064
-0.9374045133590698,-0.06091456860303879
-0.9370545148849487,-0.06090303510427475
-0.9357697367668152,-0.06086026132106781
-0.9352269172668457,-0.06084199994802475
-0.9351752996444702,-0.06084025651216507
-0.9350512623786926,-0.060836054384708405
-0.9348047375679016,-0.06082770228385925
-0.9347600340843201,-0.060826174914836884
-0.9343150854110718,-0.06081102043390274
-0.9338487386703491,-0.06079505383968353
-0.9337353110313416,-0.06079116091132164
-0.9336105585098267,-0.060786858201026917
-0.9317362308502197,-0.060721591114997864
-0.9306911826133728,-0.06068456918001175
-0.9304507970809937,-0.06067599356174469
-0.9304383397102356,-0.060675542801618576
-0.9303699135780334,-0.06067311018705368
-0.9298269152641296,-0.06065361201763153
-0.9290837645530701,-0.06062675267457962
-0.9289282560348511,-0.060621097683906555
-0.9288857579231262,-0.06061955913901329
-0.9287528395652771,-0.06061471998691559
-0.928510308265686,-0.060605861246585846
-0.9278364181518555,-0.06058116257190704
-0.9277209043502808,-0.0605769045650959
-0.9276965856552124,-0.06057600677013397
-0.9272114038467407,-0.060558076947927475
-0.9268548488616943,-0.060544826090335846
-0.9268423914909363,-0.06054436415433884
-0.9264225959777832,-0.0605287104845047
-0.9262708425521851,-0.06052302569150925
-0.9261609315872192,-0.060518912971019745
-0.9259570240974426,-0.060511264950037
-0.925602376461029,-0.06049790233373642
-0.9255958795547485,-0.06049765646457672
-0.9254016876220703,-0.060490332543849945
-0.9235793352127075,-0.06042075157165527
-0.9233329892158508,-0.0604112446308136
-0.9223906397819519,-0.060374632477760315
-0.922359049320221,-0.06037340313196182
-0.9212704300880432,-0.060330651700496674
-0.9209347367286682,-0.06031737104058266
-0.920732319355011,-0.06030934303998947
-0.9207119345664978,-0.06030853092670441
-0.9205619692802429,-0.060302574187517166
-0.9202778339385986,-0.06029126048088074
-0.9195460081100464,-0.06026194244623184
-0.9189956188201904,-0.0602397620677948
-0.9187813997268677,-0.06023109331727028
-0.9179031252861023,-0.060195356607437134
-0.9176908731460571,-0.06018666923046112
-0.9176885485649109,-0.06018657982349396
-0.9167672991752625,-0.060148682445287704
-0.9167346954345703,-0.06014733016490936
-0.9166089296340942,-0.06014212965965271
-0.916290283203125,-0.06012892350554466
-0.9162476658821106,-0.060127146542072296
-0.916063666343689,-0.06011950224637985
-0.9156622290611267,-0.060102760791778564
-0.9155867695808411,-0.06009961664676666
-0.9153919219970703,-0.060091450810432434
-0.9144848585128784,-0.06005329638719559
-0.9140799045562744,-0.060036152601242065
-0.9139847755432129,-0.060032106935977936
-0.9136267900466919,-0.06001688539981842
-0.9129372835159302,-0.05998741835355759
-0.9122024774551392,-0.059955794364213943
-0.9121153950691223,-0.0599520280957222
-0.9119257926940918,-0.059943825006484985
-0.9110791087150574,-0.05990702658891678
-0.9110664129257202,-0.059906475245952606
-0.9104893207550049,-0.05988120660185814
-0.9104200005531311,-0.05987817049026489
-0.9104169011116028,-0.05987803637981415
-0.9099183678627014,-0.05985609441995621
-0.9098502993583679,-0.05985309183597565
-0.9094381332397461,-0.05983487144112587
-0.90913987159729,-0.05982163920998573
-0.9087203741073608,-0.059802960604429245
-0.908399760723114,-0.059788644313812256
-0.9066532850265503,-0.059709906578063965
-0.9064316749572754,-0.05969983711838722
-0.9061734676361084,-0.05968806892633438
-0.9049389958381653,-0.05963143706321716
-0.9048711657524109,-0.05962831526994705
-0.9048198461532593,-0.059625931084156036
-0.9048184156417847,-0.05962587893009186
-0.9045214653015137,-0.05961214378476143
-0.9040088653564453,-0.05958836153149605
-0.9037190675735474,-0.05957486480474472
-0.9034351706504822,-0.05956161767244339
-0.9031204581260681,-0.05954689159989357
-0.9029855728149414,-0.05954057350754738
-0.902609646320343,-0.05952289700508118
-0.9025534391403198,-0.059520259499549866
-0.9025241732597351,-0.059518881142139435
-0.9023275375366211,-0.059509605169296265
-0.9018588662147522,-0.05948744714260101
-0.9013239145278931,-0.059462059289216995
-0.9012577533721924,-0.059458907693624496
-0.9010058641433716,-0.05944690480828285
-0.9007611870765686,-0.05943521112203598
-0.900442361831665,-0.05941995233297348
-0.9001882076263428,-0.05940774828195572
-0.8995649218559265,-0.059377722442150116
-0.8991922736167908,-0.059359703212976456
-0.8985525965690613,-0.05932863801717758
-0.8980576992034912,-0.05930447578430176
-0.8968954682350159,-0.059247374534606934
-0.8962345123291016,-0.05921466276049614
-0.895725667476654,-0.059189341962337494
-0.8955068588256836,-0.059178438037633896
-0.8953021764755249,-0.05916820466518402
-0.8951524496078491,-0.05916071683168411
-0.8944646716117859,-0.05912618339061737
-0.8943938612937927,-0.059122614562511444
-0.8941759467124939,-0.05911162868142128
-0.8937504291534424,-0.05909012630581856
-0.8931403756141663,-0.059059157967567444
-0.892634928226471,-0.05903339013457298
-0.8923773765563965,-0.05902021750807762
-0.892188310623169,-0.05901053920388222
-0.8920040130615234,-0.05900108441710472
-0.8915103673934937,-0.0589756965637207
-0.8908153772354126,-0.05893978476524353
-0.8907393217086792,-0.05893584340810776
-0.8907275199890137,-0.05893523246049881
-0.8898885250091553,-0.05889158323407173
-0.8895336985588074,-0.05887305364012718
-0.8894380331039429,-0.05886803939938545
-0.8892305493354797,-0.05885717272758484
-0.8889176249504089,-0.05884074047207832
-0.8885548114776611,-0.05882164463400841
-0.8883481025695801,-0.05881073325872421
-0.8879847526550293,-0.05879152566194534
-0.887366771697998,-0.05875873193144798
-0.8870019912719727,-0.058739300817251205
-0.8869264125823975,-0.05873527377843857
-0.8867465853691101,-0.05872566998004913
-0.885848879814148,-0.05867753177881241
-0.8857254981994629,-0.058670878410339355
-0.8854819536209106,-0.05865775793790817
-0.8847357630729675,-0.05861739069223404
-0.8842982649803162,-0.05859363079071045
-0.8839845061302185,-0.05857653543353081
-0.8837293386459351,-0.05856260657310486
-0.8830875754356384,-0.05852745473384857
-0.8817766308784485,-0.058455124497413635
-0.8816211819648743,-0.05844651162624359
-0.8813362121582031,-0.058430686593055725
-0.8812145590782166,-0.05842391774058342
-0.8807991743087769,-0.058400772511959076
-0.880795419216156,-0.058400556445121765
-0.8807402849197388,-0.058397479355335236
-0.8800342679023743,-0.058357954025268555
-0.8799743056297302,-0.05835459381341934
-0.8797034025192261,-0.05833937227725983
-0.8796488046646118,-0.058336298912763596
-0.8793177604675293,-0.058317653834819794
-0.8785616755485535,-0.05827489122748375
-0.8780690431594849,-0.058246910572052
-0.878047525882721,-0.05824568122625351
-0.8777117729187012,-0.05822654813528061
-0.8772599101066589,-0.05820073187351227
-0.8771276473999023,-0.05819316208362579
-0.8763908743858337,-0.05815085768699646
-0.8762686848640442,-0.05814381688833237
-0.8760864734649658,-0.058133311569690704
-0.8755538463592529,-0.05810253694653511
-0.8755522966384888,-0.05810243636369705
-0.875392496585846,-0.05809318274259567
-0.8747730851173401,-0.05805720388889313
-0.874190628528595,-0.05802322179079056
-0.8739968538284302,-0.05801190808415413
-0.8734162449836731,-0.05797785520553589
-0.8727872967720032,-0.05794082581996918
-0.872491717338562,-0.05792337283492088
-0.8719201683998108,-0.05788951367139816
-0.8717110753059387,-0.05787709355354309
-0.8713679313659668,-0.05785667896270752
-0.8710012435913086,-0.05783481150865555
-0.8707742094993591,-0.057821255177259445
-0.8704030513763428,-0.05779902637004852
-0.8700759410858154,-0.057779401540756226
-0.8700509667396545,-0.05777789279818535
-0.8695362210273743,-0.05774691328406334
-0.8694280385971069,-0.05774039775133133
-0.8679128885269165,-0.05764853581786156
-0.8672326803207397,-0.05760699138045311
-0.8669771552085876,-0.05759134516119957
-0.8664048314094543,-0.05755619704723358
-0.8663961887359619,-0.0575556643307209
-0.8661425709724426,-0.05754004791378975
-0.865670919418335,-0.05751093477010727
-0.8651487231254578,-0.05747860670089722
-0.8651037216186523,-0.05747580528259277
-0.8649644255638123,-0.05746716260910034
-0.8649178147315979,-0.05746426060795784
-0.8644103407859802,-0.05743269622325897
-0.8643292188644409,-0.05742763727903366
-0.864298403263092,-0.05742570757865906
-0.8641427755355835,-0.05741600692272186
-0.8635190725326538,-0.05737700313329697
-0.8630303740501404,-0.057346321642398834
-0.8629860877990723,-0.05734354257583618
-0.8629313707351685,-0.0573401041328907
-0.8629255294799805,-0.05733972787857056
-0.8625649213790894,-0.05731702595949173
-0.8614612221717834,-0.057247210294008255
-0.8613045811653137,-0.057237252593040466
-0.8610955476760864,-0.05722396820783615
-0.8589707016944885,-0.05708789825439453
-0.8588950634002686,-0.05708301067352295
-0.858879804611206,-0.05708203464746475
-0.8584067225456238,-0.05705147981643677
-0.8582773208618164,-0.057043105363845825
-0.857075572013855,-0.05696503072977066
-0.8570239543914795,-0.05696166306734085
-0.8570224642753601,-0.05696156993508339
-0.856693685054779,-0.05694010108709335
-0.8563736081123352,-0.056919164955616
-0.8562119007110596,-0.05690857768058777
-0.8554718494415283,-0.05685996264219284
-0.8549057841300964,-0.05682263523340225
-0.8548654317855835,-0.05681996792554855
-0.8545220494270325,-0.05679725483059883
-0.854465126991272,-0.05679348111152649
-0.8542964458465576,-0.0567823089659214
-0.8530632257461548,-0.05670025572180748
-0.8528409004211426,-0.056685399264097214
-0.8521724343299866,-0.056640610098838806
-0.8518835306167603,-0.05662120506167412
-0.8518032431602478,-0.05661579966545105
-0.8515756726264954,-0.05660048499703407
-0.8514680862426758,-0.056593239307403564
-0.8510156869888306,-0.05656270310282707
-0.8508809804916382,-0.05655359476804733
-0.8507508039474487,-0.05654478818178177
-0.8506433963775635,-0.05653751641511917
-0.850480318069458,-0.05652647465467453
-0.8499497175216675,-0.056490443646907806
-0.8485949635505676,-0.05639796331524849
-0.8483720421791077,-0.0563826784491539
-0.8483085632324219,-0.0563783273100853
-0.8477683067321777,-0.05634118244051933
-0.8476605415344238,-0.0563337579369545
-0.847402811050415,-0.05631599202752113
-0.8468741774559021,-0.056279461830854416
-0.8467535376548767,-0.05627111345529556
-0.8465262651443481,-0.05625537037849426
-0.8461218476295471,-0.05622728914022446
-0.8451112508773804,-0.056156858801841736
-0.8450533151626587,-0.056152816861867905
-0.8442355394363403,-0.056095514446496964
-0.8434725403785706,-0.056041814386844635
-0.843410074710846,-0.05603741109371185
-0.8432897925376892,-0.05602892115712166
-0.8424622416496277,-0.05597035959362984
-0.8424298763275146,-0.05596806854009628
-0.8424122333526611,-0.0559668093919754
-0.8422324061393738,-0.05595405399799347
-0.8416634202003479,-0.05591358244419098
-0.8415082097053528,-0.055902525782585144
-0.8412710428237915,-0.05588560551404953
-0.8404861688613892,-0.05582945793867111
-0.8403529524803162,-0.055819906294345856
-0.8395044803619385,-0.055758893489837646
-0.8392175436019897,-0.05573819577693939
-0.8391606211662292,-0.05573409050703049
-0.8391067385673523,-0.05573020130395889
-0.8390735983848572,-0.05572780966758728
-0.8381941914558411,-0.05566412955522537
-0.8381872177124023,-0.05566362291574478
-0.8379242420196533,-0.05564451962709427
-0.837614119052887,-0.055621955543756485
-0.8373993039131165,-0.05560630187392235
-0.8371539115905762,-0.055588409304618835
-0.8367410898208618,-0.05555824562907219
-0.8366800546646118,-0.05555378273129463
-0.836520791053772,-0.055542126297950745
-0.8360303044319153,-0.055506154894828796
-0.8353273868560791,-0.055454447865486145
-0.8341982364654541,-0.055370986461639404
-0.8329824805259705,-0.05528058111667633
-0.8327798843383789,-0.055265456438064575
-0.832578718662262,-0.05525042116641998
-0.8324680328369141,-0.0552421510219574
-0.8323335647583008,-0.05523208528757095
-0.8322133421897888,-0.05522308498620987
-0.8317195177078247,-0.05518605187535286
-0.8316195607185364,-0.05517854541540146
-0.8314027786254883,-0.055162250995635986
-0.8302856683731079,-0.05507798492908478
-0.8302835822105408,-0.055077821016311646
-0.8297518491744995,-0.05503755062818527
-0.8293519616127014,-0.05500718206167221
-0.8290979862213135,-0.054987870156764984
-0.8287653923034668,-0.054962530732154846
-0.8286800384521484,-0.054956018924713135
-0.8283011317253113,-0.054927095770835876
-0.8280737400054932,-0.054909709841012955
-0.8273735046386719,-0.05485605448484421
-0.827178955078125,-0.05484110116958618
-0.8260682821273804,-0.05475551262497902
-0.8258384466171265,-0.05473773926496506
-0.8254240155220032,-0.05470564216375351
-0.8253576159477234,-0.054700497537851334
-0.824737548828125,-0.054652344435453415
-0.8245329856872559,-0.05463642627000809
-0.8242383599281311,-0.05461345985531807
-0.8242316842079163,-0.05461294203996658
-0.8241995573043823,-0.05461043864488602
-0.824167013168335,-0.054607897996902466
-0.8236836194992065,-0.054570138454437256
-0.8235335946083069,-0.0545584037899971
-0.823498010635376,-0.05455562472343445
-0.8221594095230103,-0.05445051193237305
-0.8219329118728638,-0.05443265661597252
-0.821702241897583,-0.054414451122283936
-0.8215211629867554,-0.05440014600753784
-0.8210838437080383,-0.054365549236536026
-0.8199546337127686,-0.054275885224342346
-0.8196954727172852,-0.05425523594021797
-0.8193690776824951,-0.05422918498516083
-0.8191785216331482,-0.05421396344900131
-0.8191690444946289,-0.054213203489780426
-0.8189095854759216,-0.05419245362281799
-0.8186431527137756,-0.0541711188852787
-0.8178378939628601,-0.054106466472148895
-0.8177341222763062,-0.054098110646009445
-0.8175424933433533,-0.054082680493593216
-0.8171493411064148,-0.054050981998443604
-0.8164293766021729,-0.053992778062820435
-0.8153072595596313,-0.05390166491270065
-0.8147532939910889,-0.0538565069437027
-0.8146675825119019,-0.053849514573812485
-0.8145625591278076,-0.05384092777967453
-0.8145094513893127,-0.05383659154176712
-0.8140979409217834,-0.05380292981863022
-0.8139042854309082,-0.053787074983119965
-0.8138678073883057,-0.05378407984972
-0.8135934472084045,-0.05376157909631729
-0.8135089874267578,-0.053754642605781555
-0.812329888343811,-0.053657568991184235
-0.8120819330215454,-0.05363709107041359
-0.8118100166320801,-0.05361460521817207
-0.8113395571708679,-0.053575631231069565
-0.8112625479698181,-0.0535692423582077
-0.8110656142234802,-0.05355289950966835
-0.8106701970100403,-0.05352003127336502
-0.8100799322128296,-0.05347087234258652
-0.8100258111953735,-0.05346635356545448
-0.8091206550598145,-0.05339067429304123
-0.8087049126625061,-0.05335581302642822
-0.8083481192588806,-0.0533258393406868
-0.8083189725875854,-0.05332338809967041
-0.8081724643707275,-0.0533110648393631
-0.8080954551696777,-0.05330458655953407
-0.8077976107597351,-0.05327950790524483
-0.8066280484199524,-0.05318066105246544
-0.806118905544281,-0.05313748121261597
-0.805840253829956,-0.05311378836631775
-0.8057564496994019,-0.05310667306184769
-0.8054075241088867,-0.05307696759700775
-0.8048887252807617,-0.053032711148262024
-0.8042975664138794,-0.052982162684202194
-0.8038786053657532,-0.05294626206159592
-0.8035268783569336,-0.05291606858372688
-0.803267240524292,-0.0528937503695488
-0.8031207919120789,-0.0528811439871788
-0.8030127286911011,-0.05287184566259384
-0.8028702139854431,-0.052859582006931305
-0.802278459072113,-0.05280851572751999
-0.8022366762161255,-0.052804917097091675
-0.801952600479126,-0.05278034508228302
-0.8015457391738892,-0.05274512991309166
-0.8007758855819702,-0.052678290754556656
-0.7999477982521057,-0.05260615795850754
-0.7998355627059937,-0.05259636044502258
-0.7997958064079285,-0.052592888474464417
-0.7995177507400513,-0.05256858840584755
-0.7994750738143921,-0.05256485566496849
-0.7991979122161865,-0.052540604025125504
-0.7984668016433716,-0.05247649550437927
-0.7984585165977478,-0.052475765347480774
-0.7979124784469604,-0.052427738904953
-0.7971234917640686,-0.05235815793275833
-0.7969959378242493,-0.05234689265489578
-0.7969682216644287,-0.052344441413879395
-0.7962400317192078,-0.052279967814683914
-0.796094536781311,-0.05226706340909004
-0.7960070967674255,-0.052259307354688644
-0.7957415580749512,-0.052235715091228485
-0.7952584028244019,-0.05219273269176483
-0.7944972515106201,-0.05212485045194626
-0.7944889068603516,-0.05212410166859627
-0.7939836382865906,-0.05207891762256622
-0.7937947511672974,-0.05206199735403061
-0.7931036949157715,-0.05199998617172241
-0.7930906414985657,-0.051998816430568695
-0.7929815053939819,-0.051989007741212845
-0.7924720644950867,-0.05194315314292908
-0.7917299270629883,-0.05187618359923363
-0.7913269996643066,-0.05183973163366318
-0.7910715937614441,-0.05181659758090973
-0.7906055450439453,-0.051774319261312485
-0.7901481986045837,-0.05173274874687195
-0.7897293567657471,-0.051694609224796295
-0.7895985841751099,-0.05168268829584122
-0.7887322902679443,-0.05160355567932129
-0.7881835699081421,-0.05155327543616295
-0.7881137728691101,-0.05154687911272049
-0.7878797054290771,-0.05152539163827896
-0.7876698970794678,-0.05150612071156502
-0.7874882221221924,-0.051489416509866714
-0.7864365577697754,-0.05139247328042984
-0.7861986756324768,-0.05137048661708832
-0.7860772609710693,-0.051359258592128754
-0.7858458161354065,-0.051337830722332
-0.7852975726127625,-0.051287006586790085
-0.7850267887115479,-0.051261864602565765
-0.7846778035163879,-0.05122941732406616
-0.7846156358718872,-0.05122363567352295
-0.7846112847328186,-0.05122322589159012
-0.7845209836959839,-0.05121482163667679
-0.7840465307235718,-0.05117061734199524
-0.7838994860649109,-0.051156893372535706
-0.7837709188461304,-0.05114489421248436
-0.7835660576820374,-0.05112574249505997
-0.7834820747375488,-0.0511179119348526
-0.7833677530288696,-0.05110721290111542
-0.7829924821853638,-0.05107208713889122
-0.7813868522644043,-0.050921205431222916
-0.7812851667404175,-0.05091160908341408
-0.780179500579834,-0.05080709978938103
-0.7794633507728577,-0.05073916167020798
-0.7794572114944458,-0.05073858052492142
-0.7792110443115234,-0.050715185701847076
-0.7790748476982117,-0.050702229142189026
-0.7788403034210205,-0.050679899752140045
-0.7782692313194275,-0.05062545835971832
-0.7782460451126099,-0.05062325298786163
-0.7782220840454102,-0.05062095820903778
-0.7779055237770081,-0.05059071630239487
-0.7765846848487854,-0.050464145839214325
-0.7761415243148804,-0.05042153596878052
-0.7758082747459412,-0.05038944259285927
-0.7756995558738708,-0.05037896707653999
-0.7756344676017761,-0.05037269741296768
-0.7750771641731262,-0.0503188855946064
-0.7745628356933594,-0.05026913434267044
-0.7742220163345337,-0.05023612082004547
-0.7733947038650513,-0.050155770033597946
-0.773295521736145,-0.05014612525701523
-0.7732206583023071,-0.05013883486390114
-0.7729345560073853,-0.05011097714304924
-0.7729158401489258,-0.0501091443002224
-0.7726510763168335,-0.05008333548903465
-0.7723638415336609,-0.05005530267953873
-0.7723217606544495,-0.050051189959049225
-0.7717359066009521,-0.049993906170129776
-0.770718514919281,-0.04989413172006607
-0.7706636190414429,-0.0498887374997139
-0.7705064415931702,-0.04987327754497528
-0.7702519297599792,-0.04984823614358902
-0.7695903778076172,-0.04978303611278534
-0.7692111134529114,-0.049745578318834305
-0.7689347267150879,-0.04971825331449509
-0.7685739398002625,-0.04968253895640373
-0.7683846950531006,-0.04966378211975098
-0.7678155899047852,-0.049607302993535995
-0.7676819562911987,-0.04959402233362198
-0.7675541639328003,-0.04958132281899452
-0.7675397992134094,-0.049579888582229614
-0.7672812938690186,-0.04955416917800903
-0.7668004035949707,-0.04950626194477081
-0.7657260894775391,-0.049398910254240036
-0.7649168968200684,-0.04931776970624924
-0.764909029006958,-0.04931697994470596
-0.7643266916275024,-0.049258433282375336
-0.7638800740242004,-0.04921344295144081
-0.7636327147483826,-0.04918849468231201
-0.7635422348976135,-0.04917936399579048
-0.7630799412727356,-0.049132660031318665
-0.7628846168518066,-0.04911290854215622
-0.7628762722015381,-0.049112074077129364
-0.7622407674789429,-0.049047693610191345
-0.7614818215370178,-0.04897061735391617
-0.7611863017082214,-0.04894055053591728
-0.7611440420150757,-0.04893624410033226
-0.7611086368560791,-0.04893263429403305
-0.7606574296951294,-0.04888664931058884
-0.7606063485145569,-0.04888143762946129
-0.7604432702064514,-0.04886479675769806
-0.7601414918899536,-0.048833973705768585
-0.7598022818565369,-0.048799291253089905
-0.7597696185112,-0.048795949667692184
-0.7595260143280029,-0.04877100884914398
-0.7592995762825012,-0.04874780401587486
-0.7590711712837219,-0.04872438311576843
-0.7588649988174438,-0.04870322719216347
-0.7581818103790283,-0.04863299801945686
-0.7580866813659668,-0.04862320423126221
-0.7572920918464661,-0.04854127764701843
-0.7568596005439758,-0.048496589064598083
-0.756422758102417,-0.048451390117406845
-0.7563451528549194,-0.048443347215652466
-0.7552510499954224,-0.048329778015613556
-0.7549536824226379,-0.04829883202910423
-0.7548297643661499,-0.04828593134880066
-0.7535000443458557,-0.04814710468053818
-0.7534921169281006,-0.04814627021551132
-0.7533851861953735,-0.04813507944345474
-0.7528238296508789,-0.04807625710964203
-0.7524712085723877,-0.04803925007581711
-0.7524608969688416,-0.048038166016340256
-0.7522071599960327,-0.048011504113674164
-0.7520191669464111,-0.04799173027276993
-0.750654399394989,-0.047847818583250046
-0.7502013444900513,-0.04779989272356033
-0.7500008940696716,-0.047778669744729996
-0.7493788003921509,-0.047712698578834534
-0.7492809295654297,-0.04770231246948242
-0.749244213104248,-0.047698404639959335
-0.7489827275276184,-0.04767061769962311
-0.7487434148788452,-0.047645166516304016
-0.7487030029296875,-0.04764086753129959
-0.7485328912734985,-0.047622762620449066
-0.7483223080635071,-0.04760033264756203
-0.7469146251678467,-0.04744996875524521
-0.7469050288200378,-0.04744894802570343
-0.746857225894928,-0.047443825751543045
-0.7463032603263855,-0.04738444834947586
-0.7461386322975159,-0.047366783022880554
-0.7456989288330078,-0.04731953516602516
-0.7455804347991943,-0.047306790947914124
-0.7455769181251526,-0.04730641096830368
-0.7453149557113647,-0.04727822542190552
-0.7452932596206665,-0.047275885939598083
-0.7449560165405273,-0.04723956435918808
-0.7443230152130127,-0.04717126116156578
-0.7442266941070557,-0.04716084897518158
-0.7441251277923584,-0.047149866819381714
-0.7439746856689453,-0.04713359847664833
-0.7429537177085876,-0.047022998332977295
-0.7426567673683167,-0.04699075222015381
-0.7424799799919128,-0.04697154462337494
-0.7412862777709961,-0.04684153199195862
-0.7411103248596191,-0.04682232439517975
-0.7406764626502991,-0.046774912625551224
-0.7397810220718384,-0.046676844358444214
-0.7394934892654419,-0.04664529114961624
-0.7394781112670898,-0.046643611043691635
-0.7391351461410522,-0.04660592973232269
-0.7390817999839783,-0.046600066125392914
-0.7388889193534851,-0.04657885432243347
-0.7388744354248047,-0.04657725989818573
-0.7386475205421448,-0.04655228555202484
-0.7385119199752808,-0.046537354588508606
-0.7370918393135071,-0.04638056457042694
-0.7370123863220215,-0.04637178033590317
-0.736315131187439,-0.046294502913951874
-0.7359236478805542,-0.04625104367733002
-0.7356433868408203,-0.04621988907456398
-0.7354735136032104,-0.04620100185275078
-0.7350747585296631,-0.04615660756826401
-0.7348121404647827,-0.04612734168767929
-0.7344539165496826,-0.04608738049864769
-0.7342893481254578,-0.04606899991631508
-0.7339434623718262,-0.046030350029468536
-0.7337313890457153,-0.04600662738084793
-0.7333401441574097,-0.045962825417518616
-0.7333096265792847,-0.04595940560102463
-0.7331628203392029,-0.04594295099377632
-0.7331076264381409,-0.045936763286590576
-0.732938826084137,-0.045917823910713196
-0.7326413989067078,-0.04588446021080017
-0.7322421073913574,-0.0458395816385746
-0.7308733463287354,-0.045685358345508575
-0.7300446033477783,-0.04559163749217987
-0.7298643589019775,-0.045571219176054
-0.7292835712432861,-0.04550536349415779
-0.7291455268859863,-0.04548969119787216
-0.7289011478424072,-0.045461930334568024
-0.7286728620529175,-0.04543597251176834
-0.7281186580657959,-0.04537288844585419
-0.7279297709465027,-0.045351363718509674
-0.7276794910430908,-0.045322827994823456
-0.7272831797599792,-0.04527758061885834
-0.7271111607551575,-0.04525792598724365
-0.7270984053611755,-0.04525647312402725
-0.7267856597900391,-0.04522070288658142
-0.7260314226150513,-0.04513430595397949
-0.7256572842597961,-0.04509137198328972
-0.7251929044723511,-0.04503801092505455
-0.7251541614532471,-0.04503355175256729
-0.7245448231697083,-0.04496341198682785
-0.7244440317153931,-0.044951796531677246
-0.7243046164512634,-0.04493572190403938
-0.7240341901779175,-0.04490453004837036
-0.7234073281288147,-0.04483210667967796
-0.7232615351676941,-0.04481525346636772
-0.7227470874786377,-0.044755689799785614
-0.7225646376609802,-0.044734541326761246
-0.7221678495407104,-0.04468851536512375
-0.721996545791626,-0.04466861113905907
-0.7216216325759888,-0.04462505131959915
-0.7215623259544373,-0.0446181520819664
-0.7212857007980347,-0.04458596557378769
-0.7211182713508606,-0.04456646740436554
-0.7203670740127563,-0.0444788783788681
-0.720104455947876,-0.044448211789131165
-0.7200914621353149,-0.044446688145399094
-0.7199581265449524,-0.04443112015724182
-0.7198022603988647,-0.044412896037101746
-0.7194396257400513,-0.044370464980602264
-0.7191474437713623,-0.04433624818921089
-0.718826949596405,-0.044298674911260605
-0.7180243730545044,-0.04420442134141922
-0.7176884412765503,-0.044164907187223434
-0.7168408036231995,-0.04406500607728958
-0.7165305614471436,-0.044028379023075104
-0.7162560820579529,-0.043995946645736694
-0.7160361409187317,-0.04396994411945343
-0.7151839733123779,-0.04386899620294571
-0.714859127998352,-0.043830450624227524
-0.7146573662757874,-0.043806493282318115
-0.7145134210586548,-0.043789394199848175
-0.7140966653823853,-0.04373982548713684
-0.714006245136261,-0.043729063123464584
-0.7138193249702454,-0.04370681196451187
-0.7135200500488281,-0.04367116093635559
-0.7127098441123962,-0.04357447102665901
-0.712652325630188,-0.04356759786605835
-0.712307333946228,-0.04352634400129318
-0.7113076448440552,-0.043406568467617035
-0.7111558318138123,-0.04338834807276726
-0.7105523347854614,-0.0433158352971077
-0.7100419402122498,-0.04325439780950546
-0.7096456289291382,-0.04320664703845978
-0.7094545960426331,-0.043183598667383194
-0.7093812227249146,-0.04317474365234375
-0.7093702554702759,-0.0431734174489975
-0.7082659602165222,-0.04303992539644241
-0.7079740762710571,-0.04300456866621971
-0.7077937126159668,-0.042982712388038635
-0.7077460885047913,-0.04297693073749542
-0.7073691487312317,-0.04293119162321091
-0.7073264122009277,-0.04292600601911545
-0.706911027431488,-0.042875535786151886
-0.7068948745727539,-0.042873576283454895
-0.706797182559967,-0.0428616888821125
-0.7065093517303467,-0.042826682329177856
-0.7062248587608337,-0.042792048305273056
-0.7059915661811829,-0.0427636057138443
-0.7058709859848022,-0.04274890571832657
-0.7057288289070129,-0.042731575667858124
-0.7056387662887573,-0.04272058978676796
-0.7050289511680603,-0.04264611005783081
-0.7048852443695068,-0.04262853413820267
-0.7045159339904785,-0.042583346366882324
-0.7038366794586182,-0.04250011220574379
-0.70363450050354,-0.04247530549764633
-0.7022296190261841,-0.04230251908302307
-0.7019892930984497,-0.04227288439869881
-0.7015977501869202,-0.042224567383527756
-0.7014269232749939,-0.04220347851514816
-0.7011034488677979,-0.04216350242495537
-0.7009572386741638,-0.04214542359113693
-0.7006816864013672,-0.04211132228374481
-0.7006515860557556,-0.04210759699344635
-0.7001773715019226,-0.04204884544014931
-0.7000218033790588,-0.04202955216169357
-0.6996878385543823,-0.04198811203241348
-0.6989747285842896,-0.04189949855208397
-0.6980715990066528,-0.041787005960941315
-0.6975826025009155,-0.041725970804691315
-0.6970289349555969,-0.04165675863623619
-0.6967254281044006,-0.04161878302693367
-0.6966603994369507,-0.04161064326763153
-0.6962130069732666,-0.041554585099220276
-0.6962118148803711,-0.04155443608760834
-0.6959797143936157,-0.041525326669216156
-0.6958909630775452,-0.041514184325933456
-0.695476233959198,-0.041462115943431854
-0.695294976234436,-0.04143933206796646
-0.695132851600647,-0.04141894727945328
-0.695076584815979,-0.0414118692278862
-0.6940732598304749,-0.04128548875451088
-0.6939383149147034,-0.04126846045255661
-0.6938215494155884,-0.041253723204135895
-0.693821370601654,-0.0412537083029747
-0.6930667161941528,-0.04115834832191467
-0.6928952932357788,-0.04113665223121643
-0.6923831105232239,-0.04107178747653961
-0.6920836567878723,-0.04103381186723709
-0.6915615797042847,-0.04096755012869835
-0.6911888122558594,-0.04092016816139221
-0.6911633014678955,-0.04091692715883255
-0.6907017230987549,-0.0408581905066967
-0.6905964016914368,-0.04084477573633194
-0.6898266077041626,-0.04074662923812866
-0.6891903877258301,-0.040665339678525925
-0.6891781091690063,-0.040663763880729675
-0.6889966726303101,-0.040640562772750854
-0.688116192817688,-0.04052778333425522
-0.6879509091377258,-0.04050657898187637
-0.6875781416893005,-0.04045872390270233
-0.6874653697013855,-0.04044423624873161
-0.6873258352279663,-0.040426310151815414
-0.6872880458831787,-0.040421441197395325
-0.6866200566291809,-0.04033550247550011
-0.6862521171569824,-0.04028809815645218
-0.6859179735183716,-0.04024500772356987
-0.6858119964599609,-0.04023132845759392
-0.6850089430809021,-0.040127575397491455
-0.684726357460022,-0.04009100794792175
-0.6847161054611206,-0.0400896817445755
-0.6846342086791992,-0.040079083293676376
-0.6846129298210144,-0.040076322853565216
-0.6844165325164795,-0.04005088657140732
-0.6843613982200623,-0.04004374146461487
-0.6831463575363159,-0.039886049926280975
-0.6830089092254639,-0.03986816853284836
-0.6829609870910645,-0.03986193984746933
-0.6829111576080322,-0.039855457842350006
-0.682833731174469,-0.039845384657382965
-0.6815197467803955,-0.03967411816120148
-0.6814972758293152,-0.03967118635773659
-0.6814351677894592,-0.03966307267546654
-0.6810256242752075,-0.03960955888032913
-0.6809180974960327,-0.03959549218416214
-0.6804700493812561,-0.039536867290735245
-0.6804400682449341,-0.03953293710947037
-0.6803796291351318,-0.03952501714229584
-0.6797953844070435,-0.039448440074920654
-0.679337203502655,-0.039388298988342285
-0.6784850358963013,-0.03927624970674515
-0.6781946420669556,-0.03923800587654114
-0.6781523823738098,-0.039232440292835236
-0.6778467893600464,-0.03919215500354767
-0.677304208278656,-0.03912056237459183
-0.6772295236587524,-0.0391106978058815
-0.676045298576355,-0.03895403444766998
-0.6756075024604797,-0.038895994424819946
-0.6749974489212036,-0.038815006613731384
-0.6746933460235596,-0.03877458721399307
-0.6746594905853271,-0.03877008706331253
-0.6745792627334595,-0.038759417831897736
-0.6741085052490234,-0.038696762174367905
-0.6737480759620667,-0.038648735731840134
-0.6736997365951538,-0.03864229470491409
-0.6735222339630127,-0.038618624210357666
-0.6733848452568054,-0.03860030323266983
-0.6726311445236206,-0.03849963843822479
-0.6721450090408325,-0.038434602320194244
-0.6708829998970032,-0.03826538473367691
-0.6704298257827759,-0.03820449858903885
-0.670420229434967,-0.038203202188014984
-0.6702959537506104,-0.038186490535736084
-0.6702165603637695,-0.038175810128450394
-0.6700586676597595,-0.038154564797878265
-0.6699728965759277,-0.03814302012324333
-0.669590950012207,-0.03809157758951187
-0.6693046689033508,-0.038052983582019806
-0.6686414480209351,-0.03796347230672836
-0.6685795783996582,-0.037955112755298615
-0.6684944033622742,-0.03794360160827637
-0.668437659740448,-0.03793593496084213
-0.6684046387672424,-0.037931472063064575
-0.6682077050209045,-0.03790484741330147
-0.6680667996406555,-0.03788578882813454
-0.6677706241607666,-0.037845708429813385
-0.6675794124603271,-0.037819813936948776
-0.6673091053962708,-0.0377831906080246
-0.66693115234375,-0.03773193061351776
-0.666672945022583,-0.03769689053297043
-0.6660351157188416,-0.037610214203596115
-0.665936291217804,-0.037596773356199265
-0.665654182434082,-0.03755838796496391
-0.6648041009902954,-0.03744254261255264
-0.6647524237632751,-0.03743549436330795
-0.664409339427948,-0.03738866001367569
-0.6639251112937927,-0.037322502583265305
-0.663891077041626,-0.037317849695682526
-0.6634446978569031,-0.03725677728652954
-0.663048505783081,-0.037202510982751846
-0.6624463796615601,-0.03711993992328644
-0.6622476577758789,-0.0370926633477211
-0.6621658802032471,-0.037081435322761536
-0.6617317199707031,-0.03702177479863167
-0.6614646911621094,-0.03698505461215973
-0.6610358953475952,-0.0369260236620903
-0.6606835722923279,-0.03687748312950134
-0.6596521735191345,-0.03673511743545532
-0.6592639684677124,-0.03668143227696419
-0.6590210795402527,-0.036647822707891464
-0.6589126586914062,-0.03663280978798866
-0.6581993699073792,-0.03653395175933838
-0.6578699350357056,-0.03648824244737625
-0.6577821373939514,-0.036476053297519684
-0.6572037935256958,-0.03639569133520126
-0.657045841217041,-0.036373723298311234
-0.6566329002380371,-0.036316245794296265
-0.6565356850624084,-0.036302704364061356
-0.6564042568206787,-0.03628440573811531
-0.6559535264968872,-0.03622156381607056
-0.6558034420013428,-0.0362006276845932
-0.655475378036499,-0.03615482896566391
-0.6551376581192017,-0.036107636988162994
-0.6547908186912537,-0.036059148609638214
-0.654721200466156,-0.03604940325021744
-0.6543332934379578,-0.035995110869407654
-0.6542230844497681,-0.03597966954112053
-0.6537326574325562,-0.03591092675924301
-0.6534487009048462,-0.03587108850479126
-0.6528142690658569,-0.035781968384981155
-0.6527214646339417,-0.03576891869306564
-0.6519544720649719,-0.03566098213195801
-0.6517611742019653,-0.03563375025987625
-0.6517229080200195,-0.03562835603952408
-0.6516556143760681,-0.035618871450424194
-0.6505087018013,-0.035456959158182144
-0.6499232649803162,-0.03537414222955704
-0.6497847437858582,-0.03535452485084534
-0.6496014595031738,-0.035328567028045654
-0.649478554725647,-0.035311147570610046
-0.649401068687439,-0.03530016541481018
-0.6493930816650391,-0.03529903665184975
-0.6492906808853149,-0.03528451547026634
-0.6491705179214478,-0.035267479717731476
-0.6489064693450928,-0.035230014473199844
-0.6484227776527405,-0.035161323845386505
-0.648288369178772,-0.03514223173260689
-0.6482536792755127,-0.03513730317354202
-0.647673487663269,-0.0350547730922699
-0.6475338935852051,-0.0350349023938179
-0.6470931768417358,-0.034972112625837326
-0.6469747424125671,-0.0349552258849144
-0.6469553709030151,-0.03495246544480324
-0.6464056372642517,-0.03487403318285942
-0.6463217735290527,-0.034862056374549866
-0.6460551023483276,-0.03482396528124809
-0.6452217698097229,-0.03470475971698761
-0.6446505784988403,-0.0346229150891304
-0.6438011527061462,-0.034501008689403534
-0.643667459487915,-0.03448179364204407
-0.6436028480529785,-0.0344725027680397
-0.6434671878814697,-0.034453000873327255
-0.6423367261886597,-0.034290239214897156
-0.6420649290084839,-0.03425104543566704
-0.6418469548225403,-0.03421958535909653
-0.6418312788009644,-0.03421732783317566
-0.6417585611343384,-0.034206826239824295
-0.6415375471115112,-0.03417491912841797
-0.6410993933677673,-0.03411159664392471
-0.6409228444099426,-0.03408605605363846
-0.640871524810791,-0.034078627824783325
-0.6407034993171692,-0.03405431658029556
-0.6406497955322266,-0.03404654562473297
-0.6405879855155945,-0.034037601202726364
-0.6405799984931946,-0.03403644263744354
-0.6403964161872864,-0.03400985896587372
-0.6397265195846558,-0.03391275927424431
-0.6388704776763916,-0.03378845006227493
-0.638847827911377,-0.03378515690565109
-0.6370152235031128,-0.03351818025112152
-0.6362310647964478,-0.033403605222702026
-0.6359991431236267,-0.033369675278663635
-0.6359617114067078,-0.0333641953766346
-0.6356155872344971,-0.03331352397799492
-0.6354968547821045,-0.0332961268723011
-0.6354203224182129,-0.03328491002321243
-0.6345290541648865,-0.03315417468547821
-0.634522557258606,-0.033153221011161804
-0.6343966722488403,-0.033134736120700836
-0.6337941884994507,-0.0330461785197258
-0.633204460144043,-0.03295937180519104
-0.6330275535583496,-0.032933309674263
-0.6325235366821289,-0.03285900503396988
-0.6317698955535889,-0.03274772688746452
-0.6317603588104248,-0.032746318727731705
-0.6315415501594543,-0.03271397203207016
-0.6313300728797913,-0.03268269822001457
-0.6310681700706482,-0.03264394775032997
-0.630973219871521,-0.032629892230033875
-0.630673885345459,-0.03258556127548218
-0.6306548118591309,-0.03258273005485535
-0.6306378841400146,-0.03258022293448448
-0.6306172609329224,-0.03257716819643974
-0.6306020021438599,-0.032574910670518875
-0.6305462121963501,-0.03256663680076599
-0.6303541660308838,-0.03253818303346634
-0.6303238272666931,-0.0325336828827858
-0.6302620768547058,-0.03252452239394188
-0.6297879219055176,-0.032454170286655426
-0.6295462846755981,-0.03241829574108124
-0.6292669177055359,-0.03237678483128548
-0.6289165616035461,-0.03232467919588089
-0.6281202435493469,-0.032206133008003235
-0.6280978322029114,-0.032202787697315216
-0.6277567744255066,-0.03215194121003151
-0.6277105808258057,-0.03214505687355995
-0.627638578414917,-0.03213431313633919
-0.6266487240791321,-0.03198647499084473
-0.6265413165092468,-0.031970418989658356
-0.6262919902801514,-0.031933125108480453
-0.6262702345848083,-0.031929872930049896
-0.6258609890937805,-0.031868599355220795
-0.625127911567688,-0.031758710741996765
-0.6242390871047974,-0.03162521868944168
-0.6241504549980164,-0.03161189705133438
-0.6238895654678345,-0.03157265856862068
-0.6238731145858765,-0.0315701887011528
-0.6233518123626709,-0.031491708010435104
-0.6228318214416504,-0.03141333535313606
-0.6225842237472534,-0.031375981867313385
-0.6218811869621277,-0.03126981854438782
-0.6215687394142151,-0.03122258186340332
-0.6215511560440063,-0.031219923868775368
-0.621336817741394,-0.031187500804662704
-0.6211434602737427,-0.031158238649368286
-0.6205697655677795,-0.031071335077285767
-0.6205452680587769,-0.0310676246881485
-0.6195712089538574,-0.030919818207621574
-0.6195521354675293,-0.03091692551970482
-0.618932843208313,-0.03082277439534664
-0.6182630062103271,-0.03072080761194229
-0.6181051731109619,-0.03069675900042057
-0.6174702644348145,-0.0305999293923378
-0.6169907450675964,-0.03052671253681183
-0.6169320344924927,-0.030517742037773132
-0.6169269680976868,-0.030516963452100754
-0.6164654493331909,-0.030446412041783333
-0.6160926818847656,-0.03038937598466873
-0.615523099899292,-0.030302131548523903
-0.6150004863739014,-0.030221983790397644
-0.6147922277450562,-0.03019002079963684
-0.6147781014442444,-0.030187850818037987
-0.6147347688674927,-0.030181197449564934
-0.614661693572998,-0.030169976875185966
-0.6145502328872681,-0.030152857303619385
-0.6144933700561523,-0.03014412894845009
-0.6138325929641724,-0.03004254773259163
-0.6132826805114746,-0.029957901686429977
-0.613091766834259,-0.029928483068943024
-0.6129311919212341,-0.029903743416070938
-0.6128103137016296,-0.02988511323928833
-0.6126708984375,-0.029863610863685608
-0.6126131415367126,-0.029854703694581985
-0.6124966740608215,-0.029836736619472504
-0.6123086810112,-0.02980772592127323
-0.6122649908065796,-0.029800981283187866
-0.6122398376464844,-0.029797101393342018
-0.6121772527694702,-0.02978743612766266
-0.6120094060897827,-0.02976151555776596
-0.611951470375061,-0.029752563685178757
-0.6119410395622253,-0.029750961810350418
-0.6118599772453308,-0.02973843552172184
-0.6106410622596741,-0.029549866914749146
-0.6103808879852295,-0.02950955554842949
-0.6098992824554443,-0.029434867203235626
-0.6098023653030396,-0.029419828206300735
-0.6091728210449219,-0.029322071000933647
-0.6089016199111938,-0.029279913753271103
-0.608639121055603,-0.02923908457159996
-0.6083813905715942,-0.02919897809624672
-0.6080995798110962,-0.029155094176530838
-0.607751727104187,-0.029100898653268814
-0.6076770424842834,-0.029089249670505524
-0.6073809862136841,-0.029043078422546387
-0.6066957116127014,-0.028936102986335754
-0.6059750914573669,-0.02882344089448452
-0.6055124998092651,-0.02875102311372757
-0.6050455570220947,-0.02867785468697548
-0.6049387454986572,-0.028661105781793594
-0.6048530340194702,-0.028647664934396744
-0.6048049330711365,-0.02864012122154236
-0.6041793823242188,-0.02854193188250065
-0.6041203737258911,-0.028532659634947777
-0.604103684425354,-0.02853003703057766
-0.6036239862442017,-0.028454646468162537
-0.6029956936836243,-0.028355780988931656
-0.6021440029144287,-0.028221553191542625
-0.6021361351013184,-0.028220312669873238
-0.6019389629364014,-0.02818920463323593
-0.6013273000717163,-0.02809261530637741
-0.6012374758720398,-0.02807842381298542
-0.6012178063392639,-0.028075309470295906
-0.6011987328529358,-0.02807229571044445
-0.6010998487472534,-0.028056669980287552
-0.6010085344314575,-0.028042227029800415
-0.6004493236541748,-0.027953751385211945
-0.5996851921081543,-0.02783268876373768
-0.5994021892547607,-0.02778780087828636
-0.5984802842140198,-0.02764139696955681
-0.5983177423477173,-0.02761555276811123
-0.5982281565666199,-0.02760130912065506
-0.5982037782669067,-0.02759743295609951
-0.5977066159248352,-0.02751830965280533
-0.5965563058853149,-0.027334947139024734
-0.596154510974884,-0.027270786464214325
-0.5960788726806641,-0.027258705347776413
-0.5960010290145874,-0.027246270328760147
-0.595500648021698,-0.027166280895471573
-0.5954710841178894,-0.027161546051502228
-0.5954607725143433,-0.027159899473190308
-0.5950254201889038,-0.027090229094028473
-0.5949601531028748,-0.02707977592945099
-0.5947604179382324,-0.027047783136367798
-0.5947205424308777,-0.027041399851441383
-0.5945350527763367,-0.027011681348085403
-0.5944106578826904,-0.02699173614382744
-0.5943805575370789,-0.02698691375553608
-0.5941402912139893,-0.02694838121533394
-0.5937117338180542,-0.026879608631134033
-0.5936543941497803,-0.026870401576161385
-0.5935337543487549,-0.02685103379189968
-0.593428909778595,-0.026834193617105484
-0.5933377146720886,-0.026819545775651932
-0.5932174921035767,-0.02680022269487381
-0.5932052135467529,-0.026798250153660774
-0.5930484533309937,-0.026773052290081978
-0.5922055244445801,-0.026637431234121323
-0.5920534729957581,-0.026612933725118637
-0.5913987159729004,-0.026507392525672913
-0.5913197994232178,-0.026494663208723068
-0.5905502438545227,-0.02637040615081787
-0.5901733636856079,-0.026309486478567123
-0.5901421308517456,-0.02630443684756756
-0.5901079773902893,-0.02629891037940979
-0.5899364352226257,-0.026271164417266846
-0.5894191861152649,-0.026187431067228317
-0.589318037033081,-0.026171047240495682
-0.5891079306602478,-0.026137009263038635
-0.5885103940963745,-0.026040108874440193
-0.5883870124816895,-0.02602008543908596
-0.5882880091667175,-0.026004020124673843
-0.5882865190505981,-0.026003774255514145
-0.5880377888679504,-0.02596338465809822
-0.5880082845687866,-0.025958599522709846
-0.587194561958313,-0.02582632005214691
-0.5869430899620056,-0.025785397738218307
-0.5865017175674438,-0.025713518261909485
-0.5855242609977722,-0.0255541130900383
-0.5855104923248291,-0.02555186301469803
-0.5848246812820435,-0.025439828634262085
-0.5846245288848877,-0.025407109409570694
-0.5845481157302856,-0.025394609197974205
-0.5839370489120483,-0.025294598191976547
-0.5834885835647583,-0.025221120566129684
-0.5832986831665039,-0.025189990177750587
-0.5830426812171936,-0.025148000568151474
-0.5830253958702087,-0.025145165622234344
-0.5826277136802673,-0.025079894810914993
-0.5821741819381714,-0.025005392730236053
-0.5808291435241699,-0.024784047156572342
-0.5805327296257019,-0.024735189974308014
-0.5803049206733704,-0.024697618559002876
-0.5800831317901611,-0.024661023169755936
-0.5798759460449219,-0.024626828730106354
-0.5793182849884033,-0.024534709751605988
-0.5791380405426025,-0.02450491487979889
-0.5791040658950806,-0.02449929155409336
-0.5788493156433105,-0.024457160383462906
-0.578787088394165,-0.024446865543723106
-0.5786817073822021,-0.024429429322481155
-0.5786252021789551,-0.024420075118541718
-0.5785298347473145,-0.024404289200901985
-0.5784344673156738,-0.024388501420617104
-0.5783754587173462,-0.024378729984164238
-0.5779472589492798,-0.024307798594236374
-0.5775647759437561,-0.02424437925219536
-0.577438235282898,-0.024223394691944122
-0.5771958827972412,-0.024183180183172226
-0.5771344304084778,-0.024172978475689888
-0.5770006775856018,-0.024150773882865906
-0.5768669843673706,-0.02412857487797737
-0.5763808488845825,-0.024047795683145523
-0.5762531161308289,-0.02402656339108944
-0.5761668682098389,-0.02401222288608551
-0.5761227607727051,-0.02400488220155239
-0.5760616064071655,-0.02399471029639244
-0.5759716629981995,-0.02397974394261837
-0.5757437348365784,-0.02394181489944458
-0.5750619769096375,-0.02382826805114746
-0.5750459432601929,-0.023825597018003464
-0.5749486684799194,-0.023809384554624557
-0.5748394727706909,-0.023791175335645676
-0.5747603178024292,-0.023777969181537628
-0.5746081471443176,-0.023752586916089058
-0.5744104385375977,-0.023719605058431625
-0.5742524862289429,-0.02369324117898941
-0.5742180347442627,-0.023687489330768585
-0.5741453170776367,-0.023675348609685898
-0.5731552243232727,-0.02350986748933792
-0.5728540420532227,-0.02345947176218033
-0.5720364451408386,-0.023322509601712227
-0.5718180537223816,-0.0232858806848526
-0.5715081691741943,-0.023233886808156967
-0.5711711645126343,-0.023177310824394226
-0.5711603760719299,-0.023175496608018875
-0.5705524682998657,-0.02307334542274475
-0.5703350305557251,-0.02303677797317505
-0.5701987147331238,-0.023013845086097717
-0.5697250366210938,-0.022934110835194588
-0.5695270299911499,-0.02290075644850731
-0.5692870616912842,-0.022860318422317505
-0.569248616695404,-0.022853843867778778
-0.5690661072731018,-0.022823065519332886
-0.5688581466674805,-0.022787993773818016
-0.5682636499404907,-0.022687647491693497
-0.5682220458984375,-0.022680621594190598
-0.5673052072525024,-0.02252563275396824
-0.566692054271698,-0.022421831265091896
-0.5661214590072632,-0.022325124591588974
-0.5657661557197571,-0.02226484939455986
-0.5652626156806946,-0.022179357707500458
-0.5652357935905457,-0.022174807265400887
-0.5649577379226685,-0.022127559408545494
-0.5648953914642334,-0.022116966545581818
-0.5645808577537537,-0.022063488140702248
-0.5644891262054443,-0.022047873586416245
-0.5642662644386292,-0.0220099575817585
-0.5631056427955627,-0.02181222476065159
-0.5627535581588745,-0.02175215259194374
-0.5624688863754272,-0.021703559905290604
-0.5624243021011353,-0.021695943549275398
-0.5623573660850525,-0.021684516221284866
-0.5623405575752258,-0.021681640297174454
-0.5622662305831909,-0.021668951958417892
-0.5620665550231934,-0.021634826436638832
-0.5619989633560181,-0.02162327617406845
-0.5619741678237915,-0.0216190405189991
-0.561896026134491,-0.021605683490633965
-0.5616060495376587,-0.021556099876761436
-0.5614879131317139,-0.02153588831424713
-0.5614275336265564,-0.021525563672184944
-0.5614151358604431,-0.02152344398200512
-0.5613018274307251,-0.021504048258066177
-0.5608761310577393,-0.02143116481602192
-0.5607447624206543,-0.02140866219997406
-0.5605136156082153,-0.021369054913520813
-0.5602140426635742,-0.02131769247353077
-0.5601624250411987,-0.021308843046426773
-0.5597876310348511,-0.021244537085294724
-0.5593723654747009,-0.02117324247956276
-0.5590671300888062,-0.021120799705386162
-0.558768093585968,-0.02106938697397709
-0.5578868985176086,-0.020917732268571854
-0.5574184060096741,-0.020837003365159035
-0.5572779774665833,-0.02081279270350933
-0.5569575428962708,-0.02075752057135105
-0.5568987131118774,-0.020747369155287743
-0.5565907955169678,-0.020694218575954437
-0.5564327836036682,-0.020666932687163353
-0.5562996864318848,-0.020643943920731544
-0.5562036037445068,-0.020627344027161598
-0.5555988550186157,-0.020522795617580414
-0.5555800795555115,-0.020519547164440155
-0.5555041432380676,-0.02050640806555748
-0.5554790496826172,-0.020502066239714622
-0.5554465055465698,-0.020496439188718796
-0.5553982257843018,-0.020488081499934196
-0.5551458597183228,-0.02044440060853958
-0.5551168918609619,-0.02043938636779785
-0.5542963743209839,-0.020297223702073097
-0.5541869401931763,-0.020278241485357285
-0.5540888905525208,-0.020261235535144806
-0.5533012747764587,-0.020124517381191254
-0.552600085735321,-0.02000262774527073
-0.552454948425293,-0.019977375864982605
-0.5519677400588989,-0.01989256590604782
-0.551729142665863,-0.01985101029276848
-0.5508741140365601,-0.019701926037669182
-0.5507665276527405,-0.019683150574564934
-0.5507049560546875,-0.01967240497469902
-0.5505560636520386,-0.019646409898996353
-0.5505275726318359,-0.019641436636447906
-0.5500735640525818,-0.01956212893128395
-0.5496515035629272,-0.019488343968987465
-0.5496452450752258,-0.019487250596284866
-0.5493360757827759,-0.019433166831731796
-0.5486751794815063,-0.019317444413900375
-0.5483269691467285,-0.01925642043352127
-0.5481643080711365,-0.019227901473641396
-0.5480319261550903,-0.019204679876565933
-0.5472489595413208,-0.019067242741584778
-0.5471698045730591,-0.01905333809554577
-0.5470989942550659,-0.019040893763303757
-0.5469876527786255,-0.019021332263946533
-0.5466427206993103,-0.01896069385111332
-0.5464228987693787,-0.018922030925750732
-0.5463187098503113,-0.0189037024974823
-0.5460304617881775,-0.018852967768907547
-0.546007513999939,-0.018848922103643417
-0.5458959341049194,-0.018829282373189926
-0.5455063581466675,-0.01876065507531166
-0.5454651117324829,-0.01875338703393936
-0.545413076877594,-0.01874421536922455
-0.5450600385665894,-0.018681973218917847
-0.5446508526802063,-0.0186097864061594
-0.5439016222953796,-0.01847747340798378
-0.5437895655632019,-0.01845766417682171
-0.5435996055603027,-0.018424082547426224
-0.5435784459114075,-0.01842033490538597
-0.5435084104537964,-0.018407953903079033
-0.5432336330413818,-0.018359342589974403
-0.5424683094024658,-0.01822383515536785
-0.542137622833252,-0.018165230751037598
-0.541322648525238,-0.018020639196038246
-0.5412145853042603,-0.01800144463777542
-0.540484607219696,-0.017871731892228127
-0.540394127368927,-0.017855636775493622
-0.5403591990470886,-0.017849430441856384
-0.5402722954750061,-0.017833972349762917
-0.5402625799179077,-0.01783224195241928
-0.5402610301971436,-0.017831962555646896
-0.5401036739349365,-0.017803972586989403
-0.5398603677749634,-0.017760664224624634
-0.5397626161575317,-0.017743265256285667
-0.5390099883079529,-0.01760917715728283
-0.5387526750564575,-0.017563292756676674
-0.5380914211273193,-0.01744527369737625
-0.5379595756530762,-0.017421726137399673
-0.5378265380859375,-0.017397962510585785
-0.5377913117408752,-0.017391664907336235
-0.5377745032310486,-0.017388667911291122
-0.5375049114227295,-0.017340483143925667
-0.5374354720115662,-0.017328068614006042
-0.5372058153152466,-0.0172870010137558
-0.5371941328048706,-0.01728491112589836
-0.5368355512619019,-0.0172207560390234
-0.5368028879165649,-0.017214909195899963
-0.5367046594619751,-0.017197325825691223
-0.5364470481872559,-0.01715119741857052
-0.5363916754722595,-0.01714128442108631
-0.5354394316673279,-0.016970576718449593
-0.5353511571884155,-0.016954736784100533
-0.5351276397705078,-0.016914624720811844
-0.534783124923706,-0.016852756962180138
-0.5336671471595764,-0.016652096062898636
-0.5336085557937622,-0.01664155349135399
-0.5332082509994507,-0.0165694747120142
-0.5330854058265686,-0.016547340899705887
-0.5326533317565918,-0.016469469293951988
-0.532371997833252,-0.016418734565377235
-0.5323606729507446,-0.01641668938100338
-0.5321260094642639,-0.01637434959411621
-0.5316078066825867,-0.01628078892827034
-0.5315937399864197,-0.016278253868222237
-0.5315680503845215,-0.016273610293865204
-0.5315566062927246,-0.016271540895104408
-0.5313898324966431,-0.0162414088845253
-0.5313485264778137,-0.01623394899070263
-0.530704915523529,-0.016117572784423828
-0.5304335355758667,-0.016068462282419205
-0.5301339626312256,-0.016014229506254196
-0.5296482443809509,-0.01592623069882393
-0.5291506052017212,-0.015835989266633987
-0.5290364027023315,-0.01581527478992939
-0.5288805961608887,-0.015787001699209213
-0.5286651253700256,-0.015747886151075363
-0.5285766124725342,-0.01573181338608265
-0.528255045413971,-0.015673404559493065
-0.5275530815124512,-0.015545790083706379
-0.5274655818939209,-0.015529870986938477
-0.5268922448158264,-0.015425503253936768
-0.5265069007873535,-0.015355303883552551
-0.5262014269828796,-0.015299626626074314
-0.5261167287826538,-0.015284182503819466
-0.5260589718818665,-0.015273640863597393
-0.5260173082351685,-0.01526604127138853
-0.5256589651107788,-0.015200667083263397
-0.5256308913230896,-0.015195544809103012
-0.5256307721138,-0.015195517800748348
-0.5249080657958984,-0.015063531696796417
-0.5239050388336182,-0.014880076982080936
-0.523895263671875,-0.014878288842737675
-0.5232465267181396,-0.01475946232676506
-0.522984504699707,-0.014711434952914715
-0.5227481722831726,-0.014668095856904984
-0.5226221084594727,-0.014644970186054707
-0.522555410861969,-0.014632731676101685
-0.5224079489707947,-0.01460567582398653
-0.5222592353820801,-0.014578375034034252
-0.5222504734992981,-0.014576767571270466
-0.5220752954483032,-0.01454460620880127
-0.5218059420585632,-0.014495136216282845
-0.5217760801315308,-0.014489646069705486
-0.5216379165649414,-0.014464259147644043
-0.5212615728378296,-0.014395074918866158
-0.5209978222846985,-0.014346562325954437
-0.5207527279853821,-0.014301463030278683
-0.5200064182281494,-0.014164023101329803
-0.5197063088417053,-0.014108696021139622
-0.5195554494857788,-0.014080886729061604
-0.5194879174232483,-0.014068420976400375
-0.5191277265548706,-0.01400197483599186
-0.5186933279037476,-0.013921775855123997
-0.5182889103889465,-0.013847053982317448
-0.5182788372039795,-0.013845195062458515
-0.5181578397750854,-0.0138228265568614
-0.5180546045303345,-0.01380374189466238
-0.5178241729736328,-0.0137611273676157
-0.5176321864128113,-0.013725613243877888
-0.5173600912094116,-0.013675257563591003
-0.5171520709991455,-0.013636745512485504
-0.5169922113418579,-0.013607139699161053
-0.5165907144546509,-0.013532744720578194
-0.5160890817642212,-0.013439732603728771
-0.5157836675643921,-0.013383058831095695
-0.5156524777412415,-0.01335870660841465
-0.5156230926513672,-0.013353252783417702
-0.5156079530715942,-0.013350439257919788
-0.515457272529602,-0.013322465121746063
-0.5151883959770203,-0.013272522017359734
-0.5150243043899536,-0.013242032378911972
-0.5142372846603394,-0.01309567503631115
-0.5136602520942688,-0.012988245114684105
-0.513563334941864,-0.012970196083188057
-0.5132585167884827,-0.012913388200104237
-0.5131226778030396,-0.012888067401945591
-0.5130005478858948,-0.01286529190838337
-0.5127821564674377,-0.01282456424087286
-0.5117864012718201,-0.01263867225497961
-0.5112784504890442,-0.012543714605271816
-0.5112704038619995,-0.01254221610724926
-0.5107828378677368,-0.012450994923710823
-0.5107415318489075,-0.01244326215237379
-0.5107215046882629,-0.012439519166946411
-0.5100369453430176,-0.01231131050735712
-0.5099344253540039,-0.012292093597352505
-0.509818434715271,-0.01227035466581583
-0.5091875791549683,-0.012152034789323807
-0.5090913772583008,-0.012133979238569736
-0.5089990496635437,-0.012116651982069016
-0.5086151361465454,-0.01204456016421318
-0.5084809064865112,-0.01201934739947319
-0.5083191990852356,-0.011988955549895763
-0.5081114172935486,-0.011949903331696987
-0.5080919861793518,-0.011946246027946472
-0.5077356696128845,-0.011879250407218933
-0.5074816942214966,-0.01183145772665739
-0.5066837072372437,-0.011681195348501205
-0.5059235692024231,-0.011537868529558182
-0.5056825876235962,-0.011492393910884857
-0.5054961442947388,-0.01145719550549984
-0.5054615139961243,-0.011450661346316338
-0.5049190521240234,-0.01134819071739912
-0.5046420693397522,-0.011295834556221962
-0.5045642256736755,-0.011281119659543037
-0.5040764212608337,-0.011188840493559837
-0.5039850473403931,-0.011171548627316952
-0.5039422512054443,-0.011163448914885521
-0.5038626194000244,-0.011148374527692795
-0.5035516619682312,-0.011089494451880455
-0.5034308433532715,-0.011066609993577003
-0.5031402111053467,-0.011011535301804543
-0.5028051733970642,-0.010948016308248043
-0.502631425857544,-0.010915066115558147
-0.5021868348121643,-0.010830700397491455
-0.5019777417182922,-0.010791001841425896
-0.5015289187431335,-0.010705746710300446
-0.5014711618423462,-0.010694770142436028
-0.5012220740318298,-0.010647422634065151
-0.5012115836143494,-0.0106454286724329
-0.5008118152618408,-0.010569395497441292
-0.5007784962654114,-0.010563056915998459
-0.5007516145706177,-0.010557943023741245
-0.5002745389938354,-0.010467135347425938
-0.49989739060401917,-0.010395295917987823
-0.4998665452003479,-0.010389419272542
-0.4993859827518463,-0.010297812521457672
-0.4992309808731079,-0.010268259793519974
-0.49894848465919495,-0.010214359499514103
-0.49892881512641907,-0.010210609063506126
-0.49883127212524414,-0.010191990062594414
-0.49866122007369995,-0.010159534402191639
-0.49846434593200684,-0.010121938772499561
-0.4977049231529236,-0.009976821020245552
-0.4975912570953369,-0.009955081157386303
-0.49748337268829346,-0.009934447705745697
-0.4971010088920593,-0.009861295111477375
-0.49688059091567993,-0.009819095954298973
-0.4965803027153015,-0.00976159330457449
-0.4960484504699707,-0.009659670293331146
-0.49595367908477783,-0.009641493670642376
-0.4956393539905548,-0.00958121009171009
-0.4954514801502228,-0.0095451595261693
-0.49499285221099854,-0.009457118809223175
-0.49454963207244873,-0.00937197357416153
-0.49406862258911133,-0.009279495105147362
-0.49361151456832886,-0.00919155403971672
-0.49295663833618164,-0.009065445512533188
-0.49277395009994507,-0.009030241519212723
-0.4927176237106323,-0.009019384160637856
-0.4924493432044983,-0.008967666886746883
-0.49228590726852417,-0.008936149999499321
-0.4919620156288147,-0.008873656392097473
-0.49185943603515625,-0.008853863924741745
-0.4917803406715393,-0.008838597685098648
-0.49153536558151245,-0.008791299536824226
-0.4913581311702728,-0.008757073432207108
-0.49125218391418457,-0.008736604824662209
-0.49081897735595703,-0.008652886375784874
-0.490439236164093,-0.008579451590776443
-0.489859402179718,-0.008467236533761024
-0.48978209495544434,-0.008452266454696655
-0.4896198511123657,-0.008420845493674278
-0.4893925189971924,-0.00837680883705616
-0.4889923334121704,-0.008299242705106735
-0.48836618661880493,-0.008177783340215683
-0.48821088671684265,-0.008147642947733402
-0.4879760146141052,-0.008102042600512505
-0.4873478412628174,-0.007979994639754295
-0.4873303771018982,-0.007976600900292397
-0.48694291710853577,-0.00790125411003828
-0.4868665933609009,-0.007886411622166634
-0.4868493676185608,-0.00788305513560772
-0.4866657257080078,-0.007847333326935768
-0.48661041259765625,-0.007836563512682915
-0.4861651659011841,-0.007749887648969889
-0.48536035418510437,-0.007593054324388504
-0.4851973056793213,-0.007561253849416971
-0.4848916530609131,-0.007501629181206226
-0.4843939542770386,-0.007404472678899765
-0.4837438464164734,-0.0072774565778672695
-0.48363196849823,-0.007255582604557276
-0.48327451944351196,-0.007185671012848616
-0.48314452171325684,-0.007160237990319729
-0.4830966293811798,-0.0071508679538965225
-0.48288828134536743,-0.00711009232327342
-0.4828435778617859,-0.007101345807313919
-0.4828094244003296,-0.007094655651599169
-0.482649028301239,-0.007063254248350859
-0.4824000597000122,-0.007014487870037556
-0.4820999503135681,-0.006955691147595644
-0.482073038816452,-0.006950411479920149
-0.48205143213272095,-0.006946171633899212
-0.48199212551116943,-0.0069345515221357346
-0.48163068294525146,-0.006863683927804232
-0.4811490476131439,-0.006769184954464436
-0.48082926869392395,-0.006706410087645054
-0.4804233908653259,-0.006626682355999947
-0.48027193546295166,-0.006596917752176523
-0.479844868183136,-0.006512950174510479
-0.479841947555542,-0.006512377876788378
-0.4798111915588379,-0.006506332196295261
-0.47863274812698364,-0.006274346727877855
-0.4785349369049072,-0.006255071610212326
-0.47821617126464844,-0.006192238535732031
-0.4782125949859619,-0.0061915358528494835
-0.4778814911842346,-0.006126232910901308
-0.47736048698425293,-0.0060234153643250465
-0.4773499369621277,-0.006021335255354643
-0.4773194491863251,-0.00601531844586134
-0.4771415591239929,-0.005980188492685556
-0.47627630829811096,-0.005809193477034569
-0.47608381509780884,-0.005771126132458448
-0.47599339485168457,-0.005753237754106522
-0.47571223974227905,-0.005697605200111866
-0.47493189573287964,-0.005543066188693047
-0.47459661960601807,-0.005476607941091061
-0.4740144610404968,-0.005361140705645084
-0.4734996557235718,-0.005258945748209953
-0.4730713665485382,-0.005173858720809221
-0.47299104928970337,-0.005157896317541599
-0.47270816564559937,-0.005101670511066914
-0.47267913818359375,-0.005095894448459148
-0.47252997756004333,-0.005066234618425369
-0.4717766344547272,-0.004916314035654068
-0.4716799259185791,-0.004897061735391617
-0.4714505076408386,-0.004851369187235832
-0.4710896611213684,-0.004779466427862644
-0.4704219698905945,-0.004646316170692444
-0.4702225923538208,-0.004606526345014572
-0.46939539909362793,-0.004441334865987301
-0.4693828225135803,-0.004438815638422966
-0.4693688154220581,-0.004436020739376545
-0.46911871433258057,-0.0043860310688614845
-0.46900475025177,-0.004363245330750942
-0.46893900632858276,-0.004350103437900543
-0.46885159611701965,-0.004332621581852436
-0.46863287687301636,-0.0042888689786195755
-0.4682771861553192,-0.004217694513499737
-0.46808987855911255,-0.004180192947387695
-0.4679413437843323,-0.004150452092289925
-0.46791160106658936,-0.004144495353102684
-0.4678671360015869,-0.004135590046644211
-0.4675210416316986,-0.0040662577375769615
-0.4667852520942688,-0.003918723203241825
-0.4663126468658447,-0.003823881968855858
-0.4662327766418457,-0.0038078492507338524
-0.46578872203826904,-0.003718656487762928
-0.4655991196632385,-0.0036805542185902596
-0.46486297249794006,-0.003532533533871174
-0.46470147371292114,-0.0035000378265976906
-0.46469587087631226,-0.0034989118576049805
-0.46400976181030273,-0.0033607641234993935
-0.4636041522026062,-0.003279035910964012
-0.4636040925979614,-0.0032790228724479675
-0.46345824003219604,-0.0032496191561222076
-0.46337199211120605,-0.003232228569686413
-0.4630211591720581,-0.0031614629551768303
-0.46269601583480835,-0.0030958596616983414
-0.46248045563697815,-0.003052337095141411
-0.46241697669029236,-0.003039528615772724
-0.46143171191215515,-0.0028404351323843002
-0.4611010253429413,-0.0027735456824302673
-0.4607500433921814,-0.0027025192975997925
-0.46067601442337036,-0.0026875268667936325
-0.4604923129081726,-0.002650335431098938
-0.4599883258342743,-0.0025482401251792908
-0.45993393659591675,-0.0025372179225087166
-0.4592167139053345,-0.002391783520579338
-0.4591960906982422,-0.002387598156929016
-0.45877689123153687,-0.002302521839737892
-0.4586740732192993,-0.002281644381582737
-0.4582568407058716,-0.0021969024091959
-0.457971453666687,-0.0021389098837971687
-0.4579235911369324,-0.002129180356860161
-0.45777153968811035,-0.0020982706919312477
-0.4576072096824646,-0.002064858563244343
-0.45732009410858154,-0.0020064562559127808
-0.45721811056137085,-0.0019857045263051987
-0.45669931173324585,-0.001880100928246975
-0.4564191401004791,-0.001823030412197113
-0.4561918377876282,-0.0017767231911420822
-0.4559631943702698,-0.0017301226034760475
-0.455847829580307,-0.0017066029831767082
-0.4550434947013855,-0.001542516052722931
-0.4543958306312561,-0.0014102449640631676
-0.45400935411453247,-0.001331261359155178
-0.4537799060344696,-0.0012843487784266472
-0.45313841104507446,-0.0011530909687280655
-0.45289725065231323,-0.0011037280783057213
-0.4527261257171631,-0.0010686786845326424
-0.45219549536705017,-0.0009599644690752029
-0.45197615027427673,-0.0009149955585598946
-0.45147138833999634,-0.0008114557713270187
-0.4509263038635254,-0.000699569471180439
-0.4507365822792053,-0.0006606020033359528
-0.45054781436920166,-0.0006218235939741135
-0.45000529289245605,-0.0005103126168251038
-0.4499937891960144,-0.0005079498514533043
-0.4497939944267273,-0.000466860830783844
-0.4495309293270111,-0.0004127444699406624
-0.44928276538848877,-0.0003616632893681526
-0.44928157329559326,-0.0003614211454987526
-0.4491189122200012,-0.00032793357968330383
-0.44901639223098755,-0.0003068232908844948
-0.4487537145614624,-0.00025273021310567856
-0.4473494589328766,3.6833807826042175e-05
-0.4472482204437256,5.772709846496582e-05
-0.44681838154792786,0.00014649517834186554
-0.44678759574890137,0.0001528523862361908
-0.446466326713562,0.0002192361280322075
-0.44581907987594604,0.0003530588001012802
-0.4454854726791382,0.00042209215462207794
-0.4454194903373718,0.0004357434809207916
-0.4448557496070862,0.0005524773150682449
-0.4448114037513733,0.0005616592243313789
-0.4447484612464905,0.0005747023969888687
-0.4441811144351959,0.0006922967731952667
-0.44415614008903503,0.0006974628195166588
-0.4441540241241455,0.0006979061290621758
-0.4440692067146301,0.0007154978811740875
-0.4439237415790558,0.0007456718012690544
-0.4436507225036621,0.000802304595708847
-0.44316741824150085,0.0009026220068335533
-0.44313663244247437,0.000909019261598587
-0.443132221698761,0.0009099375456571579
-0.4430980086326599,0.0009170407429337502
-0.4427253007888794,0.0009944578632712364
-0.44249629974365234,0.001042044721543789
-0.4418973922729492,0.0011665811762213707
-0.4415014982223511,0.001248953863978386
-0.4401966333389282,0.0015207892283797264
-0.4399103820323944,0.0015804888680577278
-0.439270555973053,0.0017140274867415428
-0.4390257000923157,0.0017651533707976341
-0.4389355778694153,0.0017839828506112099
-0.4388238787651062,0.0018073087558150291
-0.43829041719436646,0.0019188132137060165
-0.4376417398452759,0.002054492011666298
-0.43760865926742554,0.0020614182576537132
-0.43741437792778015,0.0021020807325839996
-0.4371136724948883,0.0021650493144989014
-0.43696701526641846,0.0021957578137516975
-0.43544960021972656,0.0025139469653367996
-0.43497174978256226,0.0026142848655581474
-0.43476608395576477,0.0026574982330203056
-0.4342315196990967,0.0027698539197444916
-0.4340628385543823,0.002805327996611595
-0.43402528762817383,0.00281322468072176
-0.43352383375167847,0.0029187295585870743
-0.4333595335483551,0.0029533226042985916
-0.4333459734916687,0.0029561715200543404
-0.4326859712600708,0.003095184452831745
-0.43242985010147095,0.0031491676345467567
-0.4322534203529358,0.0031863655894994736
-0.43209052085876465,0.003220709040760994
-0.4320071339607239,0.0032383007928729057
-0.43073609471321106,0.003506620414555073
-0.43054646253585815,0.0035466905683279037
-0.4299015998840332,0.003683040849864483
-0.42975425720214844,0.003714214079082012
-0.42956456542015076,0.0037543484941124916
-0.42948538064956665,0.003771113231778145
-0.429335355758667,0.0038028694689273834
-0.42932844161987305,0.003804335370659828
-0.4290558099746704,0.003862057812511921
-0.4287005662918091,0.003937313333153725
-0.42858055233955383,0.003962746821343899
-0.42830801010131836,0.004020510241389275
-0.4279916286468506,0.004087598994374275
-0.4275992512702942,0.004170841537415981
-0.42747193574905396,0.004197858273983002
-0.4263213276863098,0.004442257806658745
-0.4261871576309204,0.004470778629183769
-0.42615458369255066,0.004477698355913162
-0.4260779321193695,0.0044939955696463585
-0.4258512258529663,0.004542221315205097
-0.4255114495754242,0.004614506848156452
-0.42506641149520874,0.004709250293672085
-0.4244927167892456,0.004831460304558277
-0.4242085814476013,0.004892024211585522
-0.4230349361896515,0.005142436362802982
-0.42287731170654297,0.00517609715461731
-0.4222835302352905,0.005302963778376579
-0.4222690761089325,0.005306044593453407
-0.4215473532676697,0.005460391752421856
-0.4213891923427582,0.005494238808751106
-0.4213188886642456,0.005509288981556892
-0.4212021827697754,0.005534270778298378
-0.4210781455039978,0.005560819059610367
-0.42100322246551514,0.0055768657475709915
-0.42096567153930664,0.005584908649325371
-0.41973716020584106,0.00584818422794342
-0.4186422824859619,0.006083190441131592
-0.418381929397583,0.0061391303315758705
-0.4182604253292084,0.006165234372019768
-0.4180953800678253,0.0062007177621126175
-0.41742783784866333,0.006344272755086422
-0.4172525703907013,0.006381985731422901
-0.4171099066734314,0.0064126867800951
-0.416359543800354,0.006574281491339207
-0.4163540303707123,0.006575463339686394
-0.4154852628707886,0.006762762553989887
-0.41544845700263977,0.006770710460841656
-0.41528254747390747,0.006806498393416405
-0.4151535630226135,0.0068343328312039375
-0.4150965213775635,0.00684664212167263
-0.41468507051467896,0.006935471668839455
-0.4143058657646179,0.007017374038696289
-0.4134101867675781,0.007211004383862019
-0.4132550060749054,0.007244577631354332
-0.41255176067352295,0.007396792992949486
-0.4124349355697632,0.0074220988899469376
-0.41219180822372437,0.007474764250218868
-0.4119245707988739,0.007532667368650436
-0.41153982281684875,0.007616088725626469
-0.4110916256904602,0.007713304832577705
-0.41012120246887207,0.007923997938632965
-0.40956974029541016,0.008043847978115082
-0.4093015789985657,0.008102166466414928
-0.40924328565597534,0.008114837110042572
-0.4089886546134949,0.008170226588845253
-0.40838128328323364,0.008302437141537666
-0.4083695113658905,0.008304995484650135
-0.4076557457447052,0.008460504934191704
-0.40763044357299805,0.008466013707220554
-0.40745794773101807,0.008503617718815804
-0.4073188304901123,0.008533945307135582
-0.40730124711990356,0.008537784218788147
-0.40727558732032776,0.00854338239878416
-0.40711885690689087,0.008577563799917698
-0.40685176849365234,0.008635825477540493
-0.4060838222503662,0.00880347192287445
-0.4058248698711395,0.008860033005475998
-0.40580928325653076,0.008863442577421665
-0.40548670291900635,0.008933941833674908
-0.4043039381504059,0.009192677214741707
-0.4035637676715851,0.009354788810014725
-0.4034258723258972,0.009384996257722378
-0.40334033966064453,0.009403751231729984
-0.4030025005340576,0.009477820247411728
-0.4022710919380188,0.009638282470405102
-0.40132296085357666,0.009846530854701996
-0.4011942744255066,0.00987480953335762
-0.4010714292526245,0.009901821613311768
-0.40065115690231323,0.00999423023313284
-0.4005555510520935,0.010015265084803104
-0.40035057067871094,0.010060361586511135
-0.39948028326034546,0.010251968167722225
-0.39946767687797546,0.010254747234284878
-0.3993316888809204,0.010284708812832832
-0.3990829288959503,0.010339535772800446
-0.39817318320274353,0.01054015476256609
-0.39789682626724243,0.010601150803267956
-0.3968588709831238,0.010830426588654518
-0.3966904282569885,0.010867665521800518
-0.39531636238098145,0.011171717196702957
-0.39441072940826416,0.011372406035661697
-0.3941657543182373,0.011426731012761593
-0.39368337392807007,0.011533756740391254
-0.3935557007789612,0.011562097817659378
-0.3935316801071167,0.011567424982786179
-0.39330774545669556,0.011617139913141727
-0.39330723881721497,0.011617260053753853
-0.3932672142982483,0.01162614207714796
-0.3931286036968231,0.011656918562948704
-0.3931159973144531,0.01165972650051117
-0.39229637384414673,0.011841855011880398
-0.3914397358894348,0.01203241292387247
-0.3913540244102478,0.012051491066813469
-0.3909428119659424,0.012143055908381939
-0.3908584415912628,0.01216184627264738
-0.39068126678466797,0.01220130454748869
-0.39057469367980957,0.01222505234181881
-0.390554815530777,0.01222948543727398
-0.38991111516952515,0.01237296499311924
-0.38984155654907227,0.012388483621180058
-0.3895324468612671,0.012457435019314289
-0.3892490565776825,0.012520662508904934
-0.38921815156936646,0.012527569197118282
-0.38831135630607605,0.012730072252452374
-0.3875305652618408,0.012904632836580276
-0.3867037296295166,0.013089667074382305
-0.3863660991191864,0.013165278360247612
-0.3857623338699341,0.013300578109920025
-0.38574689626693726,0.013304032385349274
-0.3854294419288635,0.013375218026340008
-0.38533562421798706,0.01339625846594572
-0.3833285868167877,0.013846981339156628
-0.3830893039703369,0.013900789432227612
-0.38298743963241577,0.013923702761530876
-0.38270360231399536,0.013987566344439983
-0.3823251724243164,0.014072741381824017
-0.38171303272247314,0.014210606925189495
-0.381631076335907,0.01422907318919897
-0.38146984577178955,0.014265403151512146
-0.38144293427467346,0.014271472580730915
-0.381351113319397,0.014292165637016296
-0.381292462348938,0.01430538296699524
-0.3790977895259857,0.014800780452787876
-0.37849172949790955,0.014937825500965118
-0.37838900089263916,0.014961069449782372
-0.3781062960624695,0.01502502802759409
-0.37787890434265137,0.015076501294970512
-0.3775236904621124,0.015156940557062626
-0.37719690799713135,0.015230954624712467
-0.3770914077758789,0.015254859812557697
-0.37700724601745605,0.015273936092853546
-0.3768657445907593,0.015306002460420132
-0.3767790198326111,0.01532565988600254
-0.37497323751449585,0.015735458582639694
-0.37489834427833557,0.015752483159303665
-0.3745855689048767,0.015823550522327423
-0.3743802607059479,0.015870224684476852
-0.3739563822746277,0.015966614708304405
-0.37364205718040466,0.01603812351822853
-0.37349218130111694,0.016072236001491547
-0.3725008964538574,0.016297990456223488
-0.3720179796218872,0.01640806719660759
-0.3719773292541504,0.016417331993579865
-0.3716611862182617,0.016489429399371147
-0.37146398425102234,0.016534414142370224
-0.3711887001991272,0.016597239300608635
-0.37098228931427,0.01664436236023903
-0.3705264627933502,0.016748450696468353
-0.37041041254997253,0.01677495241165161
-0.36989355087280273,0.01689307391643524
-0.36965471506118774,0.016947675496339798
-0.36888688802719116,0.017123332247138023
-0.36886483430862427,0.01712838187813759
-0.3687152564525604,0.017162609845399857
-0.36770427227020264,0.01739419996738434
-0.36756759881973267,0.017425525933504105
-0.3671552538871765,0.017520077526569366
-0.366205632686615,0.017737995833158493
-0.3651413023471832,0.017982549965381622
-0.36406996846199036,0.01822901889681816
-0.3640317916870117,0.018237803131341934
-0.3637140393257141,0.018310967832803726
-0.3636835217475891,0.018317993730306625
-0.3636557161808014,0.01832440122961998
-0.36353033781051636,0.018353275954723358
-0.3632103502750397,0.018427008762955666
-0.3631690740585327,0.01843651384115219
-0.3615153431892395,0.018817992880940437
-0.36121881008148193,0.01888648420572281
-0.361158162355423,0.01890050247311592
-0.36068814992904663,0.019009102135896683
-0.360592782497406,0.019031140953302383
-0.3601868152618408,0.019125010818243027
-0.3600767254829407,0.019150469452142715
-0.35950374603271484,0.019283052533864975
-0.3590829372406006,0.019380472600460052
-0.3582206666469574,0.019580252468585968
-0.35777390003204346,0.019683856517076492
-0.35775893926620483,0.01968732476234436
-0.35671618580818176,0.01992933079600334
-0.3563450872898102,0.020015530288219452
-0.3557116687297821,0.020162736997008324
-0.3543267250061035,0.020485002547502518
-0.3540797233581543,0.020542535930871964
-0.35395291447639465,0.020572079345583916
-0.3536056876182556,0.02065299265086651
-0.35354387760162354,0.02066739648580551
-0.35350143909454346,0.020677287131547928
-0.3532411456108093,0.020737970247864723
-0.35295575857162476,0.020804528146982193
-0.3525845408439636,0.020891135558485985
-0.3525017201900482,0.020910460501909256
-0.3516768217086792,0.02110307477414608
-0.3515796661376953,0.02112576737999916
-0.35144901275634766,0.021156292408704758
-0.3513921797275543,0.021169587969779968
-0.35049477219581604,0.021379394456744194
-0.3503849506378174,0.021405084058642387
-0.35011857748031616,0.021467406302690506
-0.3501068353652954,0.02147015370428562
-0.3484557271003723,0.021856937557458878
-0.3482862114906311,0.021896691992878914
-0.34774577617645264,0.022023478522896767
-0.3474881649017334,0.022083941847085953
-0.34731656312942505,0.02212422713637352
-0.34668993949890137,0.022271405905485153
-0.3450626730918884,0.022654110565781593
-0.3448014557361603,0.022715605795383453
-0.3447188138961792,0.02273506671190262
-0.34465914964675903,0.02274911105632782
-0.3438127040863037,0.022948559373617172
-0.3428078889846802,0.023185567930340767
-0.342553973197937,0.02324550226330757
-0.3421291708946228,0.023345820605754852
-0.3421093821525574,0.023350488394498825
-0.3415806293487549,0.023475419729948044
-0.34033459424972534,0.02377011999487877
-0.34015730023384094,0.02381209284067154
-0.3400741219520569,0.02383177913725376
-0.3389979302883148,0.024086713790893555
-0.3387744426727295,0.024139702320098877
-0.33831632137298584,0.024248354136943817
-0.3378446102142334,0.024360282346606255
-0.33767935633659363,0.02439950779080391
-0.33751896023750305,0.024437598884105682
-0.33715495467185974,0.02452402561903
-0.3370351195335388,0.02455250546336174
-0.3367365300655365,0.0246234443038702
-0.3362541198730469,0.024738125503063202
-0.3362045884132385,0.024749908596277237
-0.3361821174621582,0.024755246937274933
-0.3358451724052429,0.024835387244820595
-0.3353698253631592,0.024948496371507645
-0.3352970480918884,0.024965818971395493
-0.3351706862449646,0.024995896965265274
-0.334808886051178,0.0250820554792881
-0.33468616008758545,0.025111284106969833
-0.33426913619041443,0.025210633873939514
-0.3341633081436157,0.025235863402485847
-0.3313773274421692,0.025900913402438164
-0.3313237428665161,0.025913726538419724
-0.33069857954978943,0.02606324851512909
-0.33033865690231323,0.026149388402700424
-0.33028990030288696,0.026161059737205505
-0.33004581928253174,0.02621949277818203
-0.32923048734664917,0.02641480788588524
-0.3268730640411377,0.026980534195899963
-0.32671183347702026,0.027019275352358818
-0.32660263776779175,0.027045518159866333
-0.3262481987476349,0.02713073417544365
-0.32620081305503845,0.027142126113176346
-0.3259228467941284,0.027208978310227394
-0.32587528228759766,0.02722041867673397
-0.3247831463813782,0.027483299374580383
-0.32472318410873413,0.02749773859977722
-0.32449308037757874,0.027553174644708633
-0.32441407442092896,0.027572207152843475
-0.3240378499031067,0.02766287326812744
-0.32370859384536743,0.027742253616452217
-0.32355451583862305,0.02777940407395363
-0.32278555631637573,0.027964938431978226
-0.32166600227355957,0.028235338628292084
-0.32145512104034424,0.028286311775445938
-0.321172297000885,0.028354691341519356
-0.3210393190383911,0.02838684618473053
-0.3206060528755188,0.028491651639342308
-0.3201596736907959,0.028599683195352554
-0.3198106586933136,0.028684191405773163
-0.3189330995082855,0.028896797448396683
-0.31874266266822815,0.028942972421646118
-0.3186170160770416,0.02897343970835209
-0.31789761781692505,0.02914794534444809
-0.3176596164703369,0.029205698519945145
-0.3173432946205139,0.029282506555318832
-0.3163784146308899,0.02951691299676895
-0.31586024165153503,0.029642898589372635
-0.31565728783607483,0.02969227358698845
-0.3148685693740845,0.02988421730697155
-0.31458592414855957,0.029953043907880783
-0.31365489959716797,0.030179908499121666
-0.3129083514213562,0.030361982062458992
-0.31281566619873047,0.030384596437215805
-0.31251221895217896,0.030458657070994377
-0.31245169043540955,0.03047342225909233
-0.31210219860076904,0.0305587537586689
-0.31197303533554077,0.030590303242206573
-0.3113321363925934,0.03074689209461212
-0.3107622265815735,0.030886210501194
-0.3091387152671814,0.03128359466791153
-0.30908912420272827,0.03129574656486511
-0.30787360668182373,0.031593725085258484
-0.3076131045818329,0.031657636165618896
-0.30758246779441833,0.03166515380144119
-0.3071745038032532,0.03176528960466385
-0.3070862889289856,0.031786948442459106
-0.30683648586273193,0.03184828162193298
-0.3065505623817444,0.031918514519929886
-0.3063277006149292,0.03197326511144638
-0.3062351942062378,0.03199600428342819
-0.30587905645370483,0.032083529978990555
-0.30483800172805786,0.03233960270881653
-0.3031685948371887,0.03275080397725105
-0.3031092882156372,0.03276543319225311
-0.30294960737228394,0.032804809510707855
-0.30261558294296265,0.032887186855077744
-0.30190443992614746,0.033062681555747986
-0.30148786306381226,0.033165544271469116
-0.3005068004131317,0.03340796008706093
-0.30044323205947876,0.033423684537410736
-0.3001382648944855,0.033499106764793396
-0.2996511459350586,0.033619608730077744
-0.29955822229385376,0.03364260494709015
-0.29916882514953613,0.03373899310827255
-0.2989134192466736,0.033802229911088943
-0.2989041209220886,0.03380453214049339
-0.2983563244342804,0.03394024446606636
-0.2983536720275879,0.033940888941287994
-0.29832935333251953,0.033946920186281204
-0.29799312353134155,0.0340302474796772
-0.29730698466300964,0.034200385212898254
-0.29569339752197266,0.03460100665688515
-0.2949358820915222,0.034789301455020905
-0.29425346851348877,0.03495906665921211
-0.2937162518501282,0.035092793405056
-0.29210948944091797,0.03549319505691528
-0.29178091883659363,0.035575155168771744
-0.2917627692222595,0.03557968884706497
-0.2917143702507019,0.03559176251292229
-0.29130423069000244,0.03569411858916283
-0.2911911606788635,0.03572234511375427
-0.2910224199295044,0.03576447442173958
-0.29079610109329224,0.035820990800857544
-0.2906591296195984,0.03585520014166832
-0.2905542850494385,0.03588138520717621
-0.28883621096611023,0.03631095215678215
-0.2885059118270874,0.036393627524375916
-0.288141667842865,0.03648483753204346
-0.28753137588500977,0.03663771599531174
-0.2873650789260864,0.03667938709259033
-0.28680306673049927,0.03682028502225876
-0.2855605483055115,0.03713206946849823
-0.28555259108543396,0.037134069949388504
-0.28543609380722046,0.037163324654102325
-0.28526657819747925,0.03720590099692345
-0.28496599197387695,0.03728140890598297
-0.2846969962120056,0.037349000573158264
-0.2844341993331909,0.03741505742073059
-0.28351736068725586,0.037645645439624786
-0.28324753046035767,0.03771354258060455
-0.28248026967048645,0.03790672868490219
-0.2820471525192261,0.03801584988832474
-0.2813267409801483,0.038197439163923264
-0.2807830572128296,0.03833458572626114
-0.28020888566970825,0.038479503244161606
-0.2801210880279541,0.03850167244672775
-0.2791232168674469,0.03875374421477318
-0.2786412537097931,0.03887559100985527
-0.27737802267074585,0.03919520974159241
-0.277325838804245,0.039208415895700455
-0.27698832750320435,0.039293888956308365
-0.2768895626068115,0.039318911731243134
-0.2762053310871124,0.039492301642894745
-0.2752540111541748,0.039733536541461945
-0.27523913979530334,0.03973732143640518
-0.2749782204627991,0.03980352729558945
-0.27496790885925293,0.03980614244937897
-0.27444344758987427,0.039939284324645996
-0.27378225326538086,0.040107231587171555
-0.27330470085144043,0.040228601545095444
-0.27327948808670044,0.040235020220279694
-0.2729395627975464,0.04032145068049431
-0.2723916471004486,0.040460824966430664
-0.27106374502182007,0.04079892486333847
-0.2707075774669647,0.0408896878361702
-0.270238995552063,0.04100915044546127
-0.2700413763523102,0.041059546172618866
-0.26994919776916504,0.04108305647969246
-0.2695884108543396,0.04117509350180626
-0.26840293407440186,0.041477762162685394
-0.26765120029449463,0.04166986048221588
-0.26759248971939087,0.04168487340211868
-0.266875296831131,0.04186829924583435
-0.2664611339569092,0.041974280029535294
-0.2649889588356018,0.04235134273767471
-0.2648307681083679,0.04239189997315407
-0.2646951973438263,0.04242665320634842
-0.2632695436477661,0.0427924245595932
-0.2632687985897064,0.042792607098817825
-0.2631564140319824,0.04282147437334061
-0.26253077387809753,0.04298216849565506
-0.2623007893562317,0.04304126650094986
-0.2622613310813904,0.04305140674114227
-0.2617121934890747,0.043192580342292786
-0.2612086534500122,0.04332208260893822
-0.260879784822464,0.04340671747922897
-0.26048851013183594,0.043507419526576996
-0.26023468375205994,0.04357275739312172
-0.2601679563522339,0.04358995705842972
-0.259894996881485,0.04366026818752289
-0.2594158351421356,0.04378370940685272
-0.25886738300323486,0.04392509162425995
-0.2583785653114319,0.044051170349121094
-0.25793468952178955,0.04416570067405701
-0.2563367486000061,0.04457841068506241
-0.25629931688308716,0.04458808898925781
-0.25619959831237793,0.04461386799812317
-0.25504690408706665,0.044912029057741165
-0.25501906871795654,0.044919226318597794
-0.25487539172172546,0.04495641589164734
-0.25378960371017456,0.04523761570453644
-0.25153690576553345,0.04582194983959198
-0.2514493465423584,0.045844681560993195
-0.2514187693595886,0.04585263133049011
-0.251229852437973,0.045901693403720856
-0.25092267990112305,0.04598149657249451
-0.25050976872444153,0.0460888110101223
-0.24962645769119263,0.046318501234054565
-0.2493080496788025,0.04640134051442146
-0.24919992685317993,0.046429481357336044
-0.24843460321426392,0.04662873223423958
-0.24820242822170258,0.04668920487165451
-0.24790489673614502,0.046766724437475204
-0.2471841275691986,0.04695459082722664
-0.24704140424728394,0.04699181765317917
-0.24688315391540527,0.04703309386968613
-0.2466200590133667,0.04710172861814499
-0.24579796195030212,0.04731627553701401
-0.24548465013504028,0.047398101538419724
-0.245097815990448,0.047499146312475204
-0.24494041502475739,0.04754028096795082
-0.2437824308872223,0.04784303531050682
-0.24315893650054932,0.048006173223257065
-0.2426544427871704,0.04813825339078903
-0.24235862493515015,0.048215724527835846
-0.24116849899291992,0.048527639359235764
-0.24111682176589966,0.04854118824005127
-0.24110016226768494,0.04854555055499077
-0.24105924367904663,0.04855627939105034
-0.23977643251419067,0.04889291152358055
-0.23940107226371765,0.048991475254297256
-0.23933815956115723,0.04900800436735153
-0.23929980397224426,0.04901807755231857
-0.2377426028251648,0.04942741245031357
-0.23663800954818726,0.04971811920404434
-0.2360765039920807,0.04986600950360298
-0.23545080423355103,0.050030890852212906
-0.23441427946090698,0.05030423402786255
-0.2339990884065628,0.050413794815540314
-0.2338109165430069,0.050463464111089706
-0.23372220993041992,0.05048687756061554
-0.233301043510437,0.050598081201314926
-0.23319721221923828,0.0506255067884922
-0.23243388533592224,0.05082717910408974
-0.23217642307281494,0.05089523643255234
-0.23139387369155884,0.051102180033922195
-0.23136049509048462,0.05111101269721985
-0.23126283288002014,0.05113685503602028
-0.2309533655643463,0.05121873319149017
-0.23064953088760376,0.05129914730787277
-0.22996774315834045,0.05147967487573624
-0.22858905792236328,0.051845066249370575
-0.22824570536613464,0.05193611606955528
-0.22745990753173828,0.052144624292850494
-0.22548317909240723,0.05266974866390228
-0.22543591260910034,0.05268232524394989
-0.22523164749145508,0.05273663252592087
-0.22511383891105652,0.05276796221733093
-0.22486954927444458,0.05283293500542641
-0.22449320554733276,0.05293307453393936
-0.22410616278648376,0.05303608626127243
-0.22397425770759583,0.05307118967175484
-0.22384917736053467,0.05310448259115219
-0.22365498542785645,0.05315619334578514
-0.22322732210159302,0.053270090371370316
-0.22280700504779816,0.053382083773612976
-0.22228863835334778,0.05352023243904114
-0.2219032347202301,0.053623002022504807
-0.22154802083969116,0.0537177212536335
-0.22074639797210693,0.05393162742257118
-0.2193303108215332,0.054309818893671036
-0.21858209371566772,0.05450982600450516
-0.21808475255966187,0.05464284121990204
-0.2168528288602829,0.05497252941131592
-0.21668845415115356,0.055016543716192245
-0.21634003520011902,0.05510985478758812
-0.21527451276779175,0.05539539456367493
-0.2152496576309204,0.055402059108018875
-0.2148973047733307,0.055496539920568466
-0.213685542345047,0.055821649730205536
-0.2133815884590149,0.055903248488903046
-0.21313846111297607,0.055968526750802994
-0.21304187178611755,0.05599446967244148
-0.21298497915267944,0.05600975453853607
-0.21228669583797455,0.05619732290506363
-0.2119249701499939,0.05629454180598259
-0.21171361207962036,0.056351371109485626
-0.2112751603126526,0.05646925047039986
-0.20932507514953613,0.05699406564235687
-0.2092619389295578,0.05701108276844025
-0.2092273235321045,0.057020403444767
-0.20889243483543396,0.057110611349344254
-0.20855170488357544,0.05720242112874985
-0.20827311277389526,0.05727749690413475
-0.207950621843338,0.057364437729120255
-0.20684480667114258,0.057662688195705414
-0.2067185640335083,0.05769675225019455
-0.20655712485313416,0.057740308344364166
-0.2063356637954712,0.05780009180307388
-0.20587009191513062,0.057925790548324585
-0.20574694871902466,0.05795903503894806
-0.20559363067150116,0.058000437915325165
-0.203492671251297,0.05856829136610031
-0.20300650596618652,0.0586998276412487
-0.2019515037536621,0.0589853972196579
-0.20109444856643677,0.05921754986047745
-0.20061379671096802,0.05934780836105347
-0.19981300830841064,0.059564922004938126
-0.1994190216064453,0.059671800583601
-0.19880181550979614,0.059839267283678055
-0.1987408995628357,0.05985579639673233
-0.19752603769302368,0.06018565967679024
-0.1974894404411316,0.06019560992717743
-0.1971360146999359,0.06029161438345909
-0.19639980792999268,0.06049171835184097
-0.19592207670211792,0.060621604323387146
-0.1953907608985901,0.06076611950993538
-0.19532965123653412,0.060782741755247116
-0.19501695036888123,0.060867831110954285
-0.19457006454467773,0.06098944693803787
-0.1945035457611084,0.06100756302475929
-0.19446413218975067,0.061018284410238266
-0.19443172216415405,0.061027105897665024
-0.19404783844947815,0.06113161891698837
-0.19281631708145142,0.061467088758945465
-0.1908184289932251,0.06201191991567612
-0.1907595992088318,0.06202798709273338
-0.18984311819076538,0.062278155237436295
-0.189083069562912,0.062485747039318085
-0.1886122226715088,0.06261439621448517
-0.18855077028274536,0.06263119727373123
-0.18814483284950256,0.06274215131998062
-0.1878453493118286,0.06282402575016022
-0.18778207898139954,0.06284133344888687
-0.18768095970153809,0.06286896765232086
-0.1869521141052246,0.06306833028793335
-0.185165673494339,0.06355733424425125
-0.18474432826042175,0.0636727437376976
-0.18397846817970276,0.06388261914253235
-0.18346022069454193,0.0640246793627739
-0.1830679178237915,0.06413226574659348
-0.18296962976455688,0.06415922939777374
-0.18287858366966248,0.06418418884277344
-0.18260294198989868,0.06425980478525162
-0.1824149489402771,0.06431138515472412
-0.18186545372009277,0.06446217000484467
-0.1806727647781372,0.06478963047266006
-0.18003427982330322,0.06496503204107285
-0.1799783706665039,0.06498038023710251
-0.17943450808525085,0.065129853785038
-0.17899620532989502,0.06525035202503204
-0.17769019305706024,0.06560956686735153
-0.17699003219604492,0.06580226123332977
-0.17646023631095886,0.06594812124967575
-0.1759408712387085,0.0660911500453949
-0.17577409744262695,0.06613709777593613
-0.1757659912109375,0.0661393329501152
-0.17382559180259705,0.06667416542768478
-0.17334620654582977,0.06680639833211899
-0.17297470569610596,0.06690889596939087
-0.17263305187225342,0.06700317561626434
-0.17259913682937622,0.06701253354549408
-0.17257818579673767,0.0670183077454567
-0.1722651720046997,0.06710469722747803
-0.1706269383430481,0.06755712628364563
-0.1705925017595291,0.0675666555762291
-0.17052602767944336,0.06758501380681992
-0.1702033281326294,0.0676741972565651
-0.16990897059440613,0.06775554269552231
-0.16961917281150818,0.06783565133810043
-0.16961276531219482,0.0678374320268631
-0.16814059019088745,0.0682445764541626
-0.16739404201507568,0.0684511810541153
-0.1664309948682785,0.068717822432518
-0.16607573628425598,0.06881621479988098
-0.16528284549713135,0.06903589516878128
-0.1650894284248352,0.06908950209617615
-0.16504597663879395,0.06910153478384018
-0.1646553874015808,0.06920981407165527
-0.16393879055976868,0.06940849870443344
-0.16276198625564575,0.06973493844270706
-0.16235414147377014,0.06984813511371613
-0.16187793016433716,0.06998030841350555
-0.16167330741882324,0.0700371190905571
-0.16007646918296814,0.07048066705465317
-0.1592051386833191,0.07072285562753677
-0.15873080492019653,0.07085475325584412
-0.15846657752990723,0.07092823088169098
-0.15804794430732727,0.07104465365409851
-0.1577545404434204,0.071126289665699
-0.15746599435806274,0.07120656222105026
-0.1570257544517517,0.07132908701896667
-0.1570197343826294,0.07133076339960098
-0.15699820220470428,0.07133674621582031
-0.15530149638652802,0.07180917263031006
-0.15511953830718994,0.07185985893011093
-0.15494996309280396,0.07190711051225662
-0.15359944105148315,0.07228349894285202
-0.15229344367980957,0.07264770567417145
-0.15206849575042725,0.07271046936511993
-0.15188243985176086,0.0727623850107193
-0.151650071144104,0.07282721251249313
-0.15120387077331543,0.07295174896717072
-0.15087655186653137,0.0730431079864502
-0.1501425802707672,0.07324802875518799
-0.14934462308883667,0.07347091287374496
-0.14810660481452942,0.07381685823202133
-0.14777177572250366,0.07391045987606049
-0.14751902222633362,0.07398112863302231
-0.14730453491210938,0.07404109835624695
-0.14714187383651733,0.07408659160137177
-0.14652889966964722,0.07425802201032639
-0.1464962363243103,0.07426715642213821
-0.1459886133670807,0.07440917193889618
-0.14583611488342285,0.07445184886455536
-0.14454713463783264,0.0748126283288002
-0.14449018239974976,0.07482855767011642
-0.14429758489131927,0.07488247752189636
-0.14314121007919312,0.07520635426044464
-0.14306640625,0.07522732019424438
-0.14121729135513306,0.07574556767940521
-0.1411803960800171,0.07575590908527374
-0.13981208205223083,0.07613968849182129
-0.13874970376491547,0.07643778622150421
-0.13835716247558594,0.07654798775911331
-0.13822489976882935,0.07658511400222778
-0.1373346447944641,0.07683510333299637
-0.13698667287826538,0.07693281769752502
-0.13692006468772888,0.0769515335559845
-0.13671737909317017,0.07700847089290619
-0.13485318422317505,0.07753235101699829
-0.1346767693758011,0.07758194953203201
-0.1340973675251007,0.07774486392736435
-0.13388454914093018,0.07780472189188004
-0.13341554999351501,0.07793663442134857
-0.13317736983299255,0.07800363004207611
-0.13298434019088745,0.07805795222520828
-0.13265061378479004,0.07815182209014893
-0.13253101706504822,0.07818548381328583
-0.13226105272769928,0.07826145738363266
-0.13169440627098083,0.07842092961072922
-0.13059628009796143,0.07873010635375977
-0.1305553913116455,0.07874162495136261
-0.12989312410354614,0.0789281353354454
-0.1293569803237915,0.07907918095588684
-0.12927979230880737,0.07910092920064926
-0.12919405102729797,0.07912508398294449
-0.12910673022270203,0.07914968580007553
-0.1287526786327362,0.07924944162368774
-0.12749050557613373,0.07960520684719086
-0.12427043914794922,0.08051358163356781
-0.12343239784240723,0.08075017482042313
-0.12317094206809998,0.08082399517297745
-0.12300387024879456,0.08087117224931717
-0.1229478120803833,0.08088701218366623
-0.12214207649230957,0.08111457526683807
-0.12178555130958557,0.0812152847647667
-0.12013512849807739,0.08168166875839233
-0.1200164258480072,0.08171521872282028
-0.11980044841766357,0.08177628368139267
-0.11941337585449219,0.08188571780920029
-0.11930990219116211,0.0819149762392044
-0.11907343566417694,0.0819818302989006
-0.11830848455429077,0.08219817280769348
-0.11720547080039978,0.08251020312309265
-0.11658629775047302,0.08268541097640991
-0.11636100709438324,0.08274916559457779
-0.116058349609375,0.08283481746912003
-0.11533129215240479,0.08304063975811005
-0.11458325386047363,0.0832524448633194
-0.11423808336257935,0.08335020393133163
-0.11406093835830688,0.08340036869049072
-0.11398488283157349,0.08342190831899643
-0.11362951993942261,0.08352257311344147
-0.11282852292060852,0.08374949544668198
-0.11192768812179565,0.08400475978851318
-0.11147314310073853,0.08413359522819519
-0.1113322377204895,0.0841735303401947
-0.11104720830917358,0.08425433188676834
-0.11087086796760559,0.0843043252825737
-0.10962337255477905,0.08465804904699326
-0.10816478729248047,0.08507179468870163
-0.10752874612808228,0.08525227010250092
-0.10704061388969421,0.08539079874753952
-0.1066223680973053,0.0855095162987709
-0.10552209615707397,0.08582189679145813
-0.10540765523910522,0.08585437387228012
-0.1053570955991745,0.08586873859167099
-0.1045389175415039,0.08610108494758606
-0.10400047898292542,0.08625400811433792
-0.10212364792823792,0.08678725361824036
-0.10138815641403198,0.08699629455804825
-0.10107731819152832,0.08708465099334717
-0.10062676668167114,0.08721274137496948
-0.1006174087524414,0.08721540868282318
-0.10008026659488678,0.08736813068389893
-0.09975522756576538,0.08746055513620377
-0.09936991333961487,0.08757012337446213
-0.09848535060882568,0.08782171458005905
-0.09724682569503784,0.08817406743764877
-0.09698745608329773,0.0882478654384613
-0.09673303365707397,0.0883202776312828
-0.09666556119918823,0.08833947777748108
-0.09634532034397125,0.08843061327934265
-0.09627184271812439,0.08845151215791702
-0.0954432487487793,0.08868736028671265
-0.09523862600326538,0.0887456089258194
-0.09447506070137024,0.08896300941705704
-0.09433628618717194,0.08900250494480133
-0.09424483776092529,0.08902855217456818
-0.09337097406387329,0.08927739411592484
-0.09314021468162537,0.0893431156873703
-0.09309965372085571,0.08935467153787613
-0.09284433722496033,0.08942738175392151
-0.09263831377029419,0.08948606252670288
-0.08882106840610504,0.09057381004095078
-0.0872790515422821,0.09101345390081406
-0.08717507123947144,0.09104310721158981
-0.08687764406204224,0.0911279171705246
-0.0868535041809082,0.09113479405641556
-0.08648940920829773,0.09123864024877548
-0.08598566055297852,0.09138231724500656
-0.08467242121696472,0.0917569175362587
-0.08315980434417725,0.0921885222196579
-0.08315229415893555,0.09219066053628922
-0.08311089873313904,0.09220247715711594
-0.08266842365264893,0.0923287495970726
-0.08244404196739197,0.09239279478788376
-0.08221036195755005,0.09245949983596802
-0.08186906576156616,0.0925569161772728
-0.0816238671541214,0.0926268994808197
-0.08108949661254883,0.09277945011854172
-0.08090084791183472,0.09283328801393509
-0.08062192797660828,0.09291292726993561
-0.07897078990936279,0.09338440001010895
-0.07845085859298706,0.09353287518024445
-0.07791930437088013,0.09368468821048737
-0.07769156992435455,0.09374973922967911
-0.07663172483444214,0.0940525010228157
-0.07644379138946533,0.09410618990659714
-0.07505926489830017,0.09450175613164902
-0.0749586820602417,0.09453050792217255
-0.07469075918197632,0.09460706263780594
-0.0740850567817688,0.09478015452623367
-0.07333007454872131,0.09499593079090118
-0.07314169406890869,0.09504976123571396
-0.07266572117805481,0.09518582373857498
-0.07024002075195312,0.09587927907705307
-0.07013508677482605,0.09590929001569748
-0.06927302479743958,0.09615578502416611
-0.06917279958724976,0.09618445485830307
-0.06876617670059204,0.09630073606967926
-0.06829679012298584,0.09643497318029404
-0.06807798147201538,0.0964975506067276
-0.06731992959976196,0.09671435505151749
-0.06668765842914581,0.09689521789550781
-0.06580197811126709,0.09714855998754501
-0.06532526016235352,0.0972849503159523
-0.06512576341629028,0.09734202921390533
-0.0650143027305603,0.09737392514944077
-0.06452643871307373,0.09751348197460175
-0.06411516666412354,0.09763116389513016
-0.06320047378540039,0.0978928878903389
-0.06234323978424072,0.09813819080591202
-0.061748817563056946,0.09830829501152039
-0.05997854471206665,0.0988149493932724
-0.059702515602111816,0.09889396280050278
-0.05912446975708008,0.09905940294265747
-0.05842055380344391,0.09926089644432068
-0.0582771897315979,0.09930194914340973
-0.05783575773239136,0.09942831099033356
-0.057632267475128174,0.09948655962944031
-0.057548195123672485,0.09951063990592957
-0.05733931064605713,0.09957043081521988
-0.056886717677116394,0.09969999641180038
-0.056722819805145264,0.099746935069561
-0.05613750219345093,0.09991449117660522
-0.05580562353134155,0.10000951588153839
-0.055419325828552246,0.10012010484933853
-0.05323338508605957,0.1007460206747055
-0.052347153425216675,0.10099979490041733
-0.051265180110931396,0.1013096496462822
-0.05048961937427521,0.1015317514538765
-0.05021291971206665,0.10161098092794418
-0.04999971389770508,0.10167203843593597
-0.04988449811935425,0.10170504450798035
-0.04943645000457764,0.10183335095643997
-0.04869425296783447,0.10204591602087021
-0.04857367277145386,0.10208046436309814
-0.04734069108963013,0.10243359208106995
-0.0468176007270813,0.10258341580629349
-0.04674765467643738,0.10260344296693802
-0.04544943571090698,0.1029752865433693
-0.04476079344749451,0.10317251831293106
-0.044718340039253235,0.10318468511104584
-0.04464375972747803,0.10320604592561722
-0.04410776495933533,0.10335957258939743
-0.043548405170440674,0.10351977497339249
-0.041033923625946045,0.10424001514911652
-0.04033181071281433,0.10444112867116928
-0.04031294584274292,0.10444653034210205
-0.03936012089252472,0.10471944510936737
-0.03908741474151611,0.10479755699634552
-0.03883630037307739,0.10486947745084763
-0.0386962890625,0.10490957647562027
-0.038620054721832275,0.10493142157793045
-0.037717610597610474,0.10518989711999893
-0.037471771240234375,0.10526033490896225
-0.03667306900024414,0.1054890975356102
-0.0357050895690918,0.10576632618904114
-0.03521692752838135,0.1059061586856842
-0.03491789102554321,0.10599180310964584
-0.03384178876876831,0.106299988925457
-0.03334096074104309,0.10644342005252838
-0.03311866521835327,0.10650710016489029
-0.03279045224189758,0.10660108178853989
-0.03226727247238159,0.10675092786550522
-0.03164863586425781,0.10692808032035828
-0.0315471887588501,0.10695713758468628
-0.030151277780532837,0.10735687613487244
-0.02982962131500244,0.10744897276163101
-0.02977883815765381,0.107463538646698
-0.02835620939731598,0.10787089169025421
-0.026703178882598877,0.1083441823720932
-0.026231467723846436,0.10847922414541245
-0.024736881256103516,0.10890709608793259
-0.02436608076095581,0.10901322215795517
-0.024231523275375366,0.10905176401138306
-0.023824051022529602,0.1091683954000473
-0.02340593934059143,0.10928807407617569
-0.02247720956802368,0.10955391824245453
-0.02151697874069214,0.10982873290777206
-0.02104601263999939,0.10996352881193161
-0.020970985293388367,0.10998496413230896
-0.020911216735839844,0.11000209301710129
-0.020418822765350342,0.11014299094676971
-0.02008795738220215,0.11023766547441483
-0.020073294639587402,0.11024186760187149
-0.01998119056224823,0.11026822030544281
-0.019339561462402344,0.1104518324136734
-0.01872551441192627,0.11062751710414886
-0.017878234386444092,0.11086994409561157
-0.017793118953704834,0.11089428514242172
-0.017508774995803833,0.11097564548254013
-0.01747417449951172,0.11098553240299225
-0.01640215516090393,0.11129220575094223
-0.013622105121612549,0.11208732426166534
-0.012800931930541992,0.11232214421033859
-0.012613236904144287,0.11237581819295883
-0.012564852833747864,0.11238965392112732
-0.011205136775970459,0.11277839541435242
-0.01096731424331665,0.11284637451171875
-0.010062098503112793,0.11310514062643051
-0.009298086166381836,0.11332353204488754
-0.008425042033195496,0.11357302963733673
-0.00799560546875,0.11369573324918747
-0.007908344268798828,0.11372067779302597
-0.007855266332626343,0.11373583972454071
-0.006763875484466553,0.11404767632484436
-0.005940914154052734,0.11428280174732208
-0.005459964275360107,0.11442017555236816
-0.00406491756439209,0.11481862515211105
-0.003400146961212158,0.11500847339630127
-0.003244072198867798,0.11505304276943207
-0.002854585647583008,0.11516425013542175
-0.0027686357498168945,0.11518879234790802
-0.0027112960815429688,0.11520517617464066
-0.0019331872463226318,0.11542732268571854
-0.0018621087074279785,0.11544761061668396
-0.0014353543519973755,0.11556944251060486
-0.001419365406036377,0.11557400226593018
6.93202018737793e-05,0.11599891632795334
0.0009332895278930664,0.11624547094106674
0.0017706751823425293,0.1164843812584877
0.0022326409816741943,0.11661618202924728
0.0038943886756896973,0.11709016561508179
0.0040260255336761475,0.1171276867389679
0.004115074872970581,0.1171530932188034
0.004162967205047607,0.11716675758361816
0.004312634468078613,0.11720942705869675
0.005993902683258057,0.11768880486488342
0.00782865285873413,0.11821172386407852
0.008928567171096802,0.11852512508630753
0.009568557143211365,0.11870744079351425
0.0096016526222229,0.11871686577796936
0.010030925273895264,0.11883912980556488
0.010496944189071655,0.11897186934947968
0.01090317964553833,0.11908755451440811
0.012133300304412842,0.1194378137588501
0.01258811354637146,0.11956729739904404
0.01280742883682251,0.11962971836328506
0.013392359018325806,0.11979621648788452
0.01362551748752594,0.11986255645751953
0.013816237449645996,0.11991683393716812
0.014170944690704346,0.12001777440309525
0.01456645131111145,0.12013032287359238
0.015899956226348877,0.12050966173410416
0.015934541821479797,0.1205194965004921
0.01631210744380951,0.12062690407037735
0.016550183296203613,0.1206946074962616
0.017137348651885986,0.12086158245801926
0.017643511295318604,0.12100549787282944
0.018880844116210938,0.12135723233222961
0.019729256629943848,0.12159834802150726
0.020450592041015625,0.12180330604314804
0.02095469832420349,0.12194652110338211
0.021674036979675293,0.12215085327625275
0.023097991943359375,0.1225551888346672
0.023657888174057007,0.12271410971879959
0.024805426597595215,0.12303981930017471
0.024884715676307678,0.12306232005357742
0.025697141885757446,0.12329282611608505
0.026576995849609375,0.1235424056649208
0.026746630668640137,0.12359052151441574
0.027187421917915344,0.12371552735567093
0.027607440948486328,0.12383463233709335
0.02781599760055542,0.12389376759529114
0.02816370129585266,0.12399233132600784
0.028438031673431396,0.12407010048627853
0.02847418189048767,0.1240803524851799
0.02969914674758911,0.12442753463983536
0.030742108821868896,0.12472300976514816
0.031191080808639526,0.12485018372535706
0.03147602081298828,0.12493088096380234
0.03219747543334961,0.12513518333435059
0.03445667028427124,0.12577462196350098
0.03478604555130005,0.1258678138256073
0.03554964065551758,0.12608380615711212
0.036014214158058167,0.12621517479419708
0.036633700132369995,0.12639036774635315
0.037054479122161865,0.12650932371616364
0.037320226430892944,0.12658444046974182
0.03767681121826172,0.126685231924057
0.03847759962081909,0.12691152095794678
0.03889042139053345,0.12702815234661102
0.03913816809654236,0.12709815800189972
0.03963848948478699,0.12723946571350098
0.04040837287902832,0.1274569034576416
0.041135162115097046,0.12766209244728088
0.041529327630996704,0.12777334451675415
0.04331877827644348,0.12827825546264648
0.0434892475605011,0.12832635641098022
0.043601393699645996,0.12835799157619476
0.04454261064529419,0.12862339615821838
0.045245587825775146,0.12882155179977417
0.045327067375183105,0.12884452939033508
0.04701812565326691,0.12932102382183075
0.047384172677993774,0.1294241100549698
0.048447489738464355,0.12972353398799896
0.049429476261138916,0.12999993562698364
0.049982547760009766,0.130155548453331
0.050032734870910645,0.13016968965530396
0.050531044602394104,0.13030987977981567
0.05080360174179077,0.13038653135299683
0.05192457139492035,0.13070175051689148
0.05222783982753754,0.13078700006008148
0.05281257629394531,0.13095135986804962
0.05286896228790283,0.1309671849012375
0.05341571569442749,0.13112084567546844
0.053785502910614014,0.13122475147247314
0.05530458688735962,0.13165134191513062
0.05581629276275635,0.1317949891090393
0.05642515420913696,0.13196584582328796
0.057104915380477905,0.1321565955877304
0.05714619159698486,0.13216817378997803
0.05770355463027954,0.13232450187206268
0.05790016055107117,0.1323796510696411
0.057932108640670776,0.13238859176635742
0.058571070432662964,0.13256776332855225
0.06179024279117584,0.1334696263074875
0.06205044686794281,0.1335424929857254
0.06234973669052124,0.1336262822151184
0.06254345178604126,0.13368046283721924
0.06374970078468323,0.1340179741382599
0.06380230188369751,0.1340326964855194
0.06390073895454407,0.13406021893024445
0.06405049562454224,0.13410209119319916
0.0643511712551117,0.13418617844581604
0.06711608171463013,0.13495884835720062
0.06749361753463745,0.1350642889738083
0.06844502687454224,0.13532985746860504
0.06924790143966675,0.13555391132831573
0.06926107406616211,0.13555757701396942
0.07059764862060547,0.13593034446239471
0.07067936658859253,0.1359531283378601
0.07110482454299927,0.13607172667980194
0.07181203365325928,0.13626882433891296
0.07232064008712769,0.13641050457954407
0.07243046164512634,0.13644111156463623
0.07245835661888123,0.13644888997077942
0.07291974127292633,0.13657738268375397
0.07341566681861877,0.13671548664569855
0.07450151443481445,0.13701772689819336
0.07509374618530273,0.13718247413635254
0.0754314661026001,0.13727642595767975
0.07570290565490723,0.13735191524028778
0.07602083683013916,0.13744032382965088
0.07770270109176636,0.13790775835514069
0.07946932315826416,0.13839830458164215
0.07984519004821777,0.13850262761116028
0.08101832866668701,0.13882805407047272
0.0822145938873291,0.1391596794128418
0.08301019668579102,0.13938012719154358
0.08347514271736145,0.139508917927742
0.08392365276813507,0.13963311910629272
0.0847100019454956,0.13985081017017365
0.08482348918914795,0.13988222181797028
0.08567279577255249,0.14011719822883606
0.08649006485939026,0.14034321904182434
0.08668088912963867,0.14039595425128937
0.08678759634494781,0.14042545855045319
0.08682434260845184,0.1404356211423874
0.08751228451728821,0.1406257450580597
0.08784030377864838,0.14071635901927948
0.08802899718284607,0.14076851308345795
0.08810871839523315,0.14079053699970245
0.08882388472557068,0.1409880369901657
0.08913135528564453,0.14107295870780945
0.08959710597991943,0.14120149612426758
0.09086364507675171,0.1415509432554245
0.0936504602432251,0.14231887459754944
0.09411519765853882,0.142446830868721
0.09480568766593933,0.14263685047626495
0.09567737579345703,0.14287661015987396
0.09609611332416534,0.14299176633358002
0.09611138701438904,0.14299596846103668
0.09655776619911194,0.14311867952346802
0.09808354079723358,0.14353783428668976
0.0989135205745697,0.14376571774482727
0.09951320290565491,0.14393025636672974
0.09957504272460938,0.14394721388816833
0.10014903545379639,0.14410465955734253
0.10044655203819275,0.14418624341487885
0.10045045614242554,0.144187331199646
0.1016358733177185,0.14451225101947784
0.10235688090324402,0.1447097212076187
0.10241752862930298,0.14472633600234985
0.1038394570350647,0.14511555433273315
0.10408508777618408,0.1451827436685562
0.10470741987228394,0.14535297453403473
0.10491937398910522,0.1454109251499176
0.10532510280609131,0.1455218344926834
0.10691642761230469,0.14595657587051392
0.10710817575454712,0.1460089236497879
0.10854718089103699,0.14640161395072937
0.10921303927898407,0.1465831845998764
0.1099092960357666,0.14677295088768005
0.11088386178016663,0.14703844487667084
0.11104393005371094,0.14708204567432404
0.11125296354293823,0.14713893830776215
0.11206275224685669,0.14735935628414154
0.11235105991363525,0.14743779599666595
0.11247691512107849,0.14747202396392822
0.11419567465782166,0.1479393094778061
0.11523085832595825,0.1482204645872116
0.11658695340156555,0.14858846366405487
0.11663523316383362,0.14860156178474426
0.11697021126747131,0.14869241416454315
0.11798733472824097,0.1489681452512741
0.11827793717384338,0.1490468829870224
0.1184769868850708,0.14910081028938293
0.12021695077419281,0.14957183599472046
0.12075155973434448,0.14971642196178436
0.12083326280117035,0.14973853528499603
0.12225097417831421,0.15012171864509583
0.12232095003128052,0.15014061331748962
0.12243680655956268,0.1501719057559967
0.12249249219894409,0.1501869559288025
0.12270332872867584,0.150243878364563
0.12307024002075195,0.15034295618534088
0.12432456016540527,0.15068143606185913
0.12442749738693237,0.15070919692516327
0.12657850980758667,0.15128885209560394
0.12774324417114258,0.15160231292247772
0.12857240438461304,0.15182532370090485
0.1292562037706375,0.15200911462306976
0.13007545471191406,0.1522292047739029
0.13029861450195312,0.15228910744190216
0.13037759065628052,0.15231028199195862
0.13054344058036804,0.15235483646392822
0.13109898567199707,0.15250392258167267
0.13135874271392822,0.1525736302137375
0.13295918703079224,0.15300270915031433
0.13369600474834442,0.15320007503032684
0.13437622785568237,0.15338216722011566
0.13464346528053284,0.15345367789268494
0.13604605197906494,0.15382876992225647
0.1362231969833374,0.15387612581253052
0.13626205921173096,0.15388648211956024
0.13632714748382568,0.15390390157699585
0.1388930380344391,0.15458880364894867
0.14000356197357178,0.15488480031490326
0.14034748077392578,0.15497639775276184
0.14109477400779724,0.1551753580570221
0.14125043153762817,0.155216783285141
0.14164388179779053,0.15532147884368896
0.14166033267974854,0.15532584488391876
0.14170727133750916,0.1553383618593216
0.14429256319999695,0.15602536499500275
0.1444045901298523,0.15605509281158447
0.14468878507614136,0.15613050758838654
0.1448255032300949,0.15616679191589355
0.14492952823638916,0.15619437396526337
0.1455281674861908,0.1563531756401062
0.1459069550037384,0.15645359456539154
0.14816266298294067,0.1570509374141693
0.1483251452445984,0.15709394216537476
0.14884182810783386,0.15723057091236115
0.15073895454406738,0.1577317714691162
0.15165269374847412,0.15797287225723267
0.15377312898635864,0.1585315763950348
0.15399335324764252,0.15858955681324005
0.15424972772598267,0.1586570292711258
0.1542557179927826,0.15865860879421234
0.15525856614112854,0.15892237424850464
0.15582941472530365,0.1590724140405655
0.15650492906570435,0.15924984216690063
0.15674899518489838,0.15931393206119537
0.15721994638442993,0.15943755209445953
0.15729983150959015,0.15945850312709808
0.15784013271331787,0.15960024297237396
0.15789249539375305,0.1596139669418335
0.15813255310058594,0.1596769243478775
0.15856975317001343,0.15979152917861938
0.15907731652259827,0.15992452204227448
0.1594846546649933,0.16003121435642242
0.1599801778793335,0.16016094386577606
0.16146279871463776,0.16054876148700714
0.16567373275756836,0.16164720058441162
0.16611021757125854,0.16176080703735352
0.1661192774772644,0.16176319122314453
0.16657114028930664,0.1618807464838028
0.1667114496231079,0.16191722452640533
0.166734516620636,0.16192319989204407
0.16723152995109558,0.1620524525642395
0.1684218943119049,0.16236168146133423
0.1685590296983719,0.16239728033542633
0.1709895133972168,0.16302745044231415
0.17111825942993164,0.16306081414222717
0.17119166254997253,0.16307981312274933
0.17135405540466309,0.16312184929847717
0.17203480005264282,0.16329801082611084
0.1732337772846222,0.16360802948474884
0.17324674129486084,0.16361136734485626
0.1739138662815094,0.16378365457057953
0.17414581775665283,0.1638435423374176
0.1742580235004425,0.16387252509593964
0.1752118170261383,0.16411860287189484
0.17530572414398193,0.16414281725883484
0.17564362287521362,0.16422991454601288
0.17808961868286133,0.1648595631122589
0.17968852818012238,0.16527032852172852
0.17995262145996094,0.16533809900283813
0.1800273060798645,0.16535726189613342
0.1815791130065918,0.16575510799884796
0.18214672803878784,0.16590046882629395
0.1828901171684265,0.1660907119512558
0.18362128734588623,0.16627763211727142
0.18435260653495789,0.16646452248096466
0.18550679087638855,0.16675911843776703
0.18619994819164276,0.16693587601184845
0.18678134679794312,0.16708402335643768
0.18718624114990234,0.1671871393918991
0.18720322847366333,0.16719146072864532
0.1879153847694397,0.1673727184534073
0.1895458698272705,0.16778713464736938
0.18990908563137054,0.1678793877363205
0.19035351276397705,0.16799217462539673
0.1903875470161438,0.16800077259540558
0.19069243967533112,0.16807812452316284
0.1907878816127777,0.16810235381126404
0.19134549796581268,0.16824370622634888
0.19157734513282776,0.16830246150493622
0.1926482766866684,0.16857366263866425
0.19286000728607178,0.16862724721431732
0.1961924433708191,0.16946879029273987
0.19732841849327087,0.1697549670934677
0.19747227430343628,0.16979116201400757
0.19832587242126465,0.1700059026479721
0.19967621564865112,0.17034515738487244
0.19981598854064941,0.17038021981716156
0.20013287663459778,0.17045976221561432
0.20083767175674438,0.17063654959201813
0.20095235109329224,0.17066527903079987
0.20157447457313538,0.1708211600780487
0.20158198475837708,0.17082303762435913
0.20260469615459442,0.17107906937599182
0.20276182889938354,0.17111836373806
0.20455744862556458,0.17156699299812317
0.20509934425354004,0.17170222103595734
0.2052321434020996,0.17173533141613007
0.2061856985092163,0.17197301983833313
0.20676225423812866,0.17211657762527466
0.20715340971946716,0.17221394181251526
0.2076728343963623,0.17234310507774353
0.20978587865829468,0.17286786437034607
0.2101241946220398,0.17295174300670624
0.21029621362686157,0.17299439013004303
0.210580974817276,0.1730649471282959
0.21255409717559814,0.1735531985759735
0.2131127119064331,0.17369122803211212
0.21329382061958313,0.17373593151569366
0.2136327028274536,0.17381960153579712
0.2137341946363449,0.17384466528892517
0.21449992060661316,0.1740335375070572
0.2164580523967743,0.1745157092809677
0.2173854261636734,0.17474365234375
0.21776354312896729,0.17483653128147125
0.21808737516403198,0.17491602897644043
0.2198454737663269,0.1753469854593277
0.22092297673225403,0.17561064660549164
0.2217612862586975,0.17581552267074585
0.2221156805753708,0.17590203881263733
0.2227451652288437,0.1760556846857071
0.2232488989830017,0.17617851495742798
0.22350502014160156,0.176240935921669
0.22368812561035156,0.1762855350971222
0.22450558841228485,0.1764845997095108
0.22473810613155365,0.17654117941856384
0.22475039958953857,0.1765441596508026
0.22626963257789612,0.17691339552402496
0.22642794251441956,0.1769517958164215
0.22738182544708252,0.17718324065208435
0.22739869356155396,0.17718730866909027
0.22785145044326782,0.17729701101779938
0.2295113503932953,0.17769870162010193
0.23282358050346375,0.1784975826740265
0.23316919803619385,0.17858071625232697
0.23378857970237732,0.1787296086549759
0.2342340052127838,0.1788366138935089
0.23440560698509216,0.1788778156042099
0.23519623279571533,0.17906753718852997
0.2356201410293579,0.179169163107872
0.2357647866010666,0.1792038232088089
0.23701846599578857,0.17950397729873657
0.23708683252334595,0.1795203536748886
0.23870688676834106,0.17990738153457642
0.23906540870666504,0.1799929291009903
0.23908060789108276,0.1799965351819992
0.23908108472824097,0.17999666929244995
0.24033018946647644,0.18029431998729706
0.24092939496040344,0.18043692409992218
0.24101239442825317,0.18045663833618164
0.2414816915988922,0.18056823313236237
0.24201202392578125,0.18069422245025635
0.242793470621109,0.18087974190711975
0.24531930685043335,0.18147782981395721
0.24689428508281708,0.1818496286869049
0.2474823147058487,0.1819882094860077
0.24801379442214966,0.18211334943771362
0.2484034299850464,0.18220506608486176
0.2489190697669983,0.1823263317346573
0.2507711350917816,0.18276110291481018
0.2516863942146301,0.18297553062438965
0.2521686553955078,0.18308836221694946
0.25245600938796997,0.18315556645393372
0.25285065174102783,0.18324781954288483
0.25330114364624023,0.18335303664207458
0.25398820638656616,0.18351341784000397
0.2542809247970581,0.18358169496059418
0.2544061541557312,0.18361085653305054
0.25465667247772217,0.18366926908493042
0.25640055537223816,0.18407507240772247
0.2566957175731659,0.18414369225502014
0.2567121982574463,0.18414749205112457
0.257898211479187,0.18442273139953613
0.25888895988464355,0.18465225398540497
0.2596082389354706,0.18481867015361786
0.2623599171638489,0.18545350432395935
0.26262712478637695,0.18551501631736755
0.2641374468803406,0.18586212396621704
0.26475125551223755,0.1860029399394989
0.26497405767440796,0.1860540360212326
0.2660035789012909,0.18628986179828644
0.2667839825153351,0.18646830320358276
0.26686662435531616,0.18648721277713776
0.2670132517814636,0.18652069568634033
0.26744186878204346,0.1866186261177063
0.267971396446228,0.1867394596338272
0.26842623949050903,0.1868431568145752
0.2687802314758301,0.1869238168001175
0.26948797702789307,0.18708495795726776
0.2699822187423706,0.18719738721847534
0.27056998014450073,0.1873309314250946
0.2715785801410675,0.1875597983598709
0.27279120683670044,0.1878344565629959
0.2747211456298828,0.1882704347372055
0.2761090397834778,0.188583105802536
0.27642351388931274,0.188653826713562
0.276504784822464,0.18867208063602448
0.27701565623283386,0.18878692388534546
0.2791008949279785,0.189254492521286
0.27935510873794556,0.18931138515472412
0.2794049382209778,0.1893225461244583
0.28032684326171875,0.18952861428260803
0.28041768074035645,0.18954886496067047
0.2816265821456909,0.1898185759782791
0.2826988101005554,0.19005727767944336
0.2833980321884155,0.19021271169185638
0.28375178575515747,0.19029125571250916
0.2843325734138489,0.19042010605335236
0.2845264673233032,0.1904630959033966
0.28506404161453247,0.19058223068714142
0.28789764642715454,0.19120819866657257
0.2885494530200958,0.1913517415523529
0.2886233925819397,0.19136802852153778
0.2896566092967987,0.1915951520204544
0.29010480642318726,0.19169354438781738
0.290296733379364,0.19173564016819
0.29118508100509644,0.1919303685426712
0.2918560206890106,0.19207723438739777
0.2925160527229309,0.1922215223312378
0.29321345686912537,0.19237376749515533
0.29507094621658325,0.1927783340215683
0.2956523895263672,0.19290468096733093
0.2960151135921478,0.1929834634065628
0.2982743978500366,0.1934727281332016
0.29827558994293213,0.1934729963541031
0.29883360862731934,0.19359351694583893
0.29894590377807617,0.19361774623394012
0.2991568446159363,0.19366325438022614
0.2999086380004883,0.19382533431053162
0.30051979422569275,0.19395692646503448
0.3009868264198303,0.19405734539031982
0.30300813913345337,0.19449105858802795
0.3041421175003052,0.19473356008529663
0.3041989803314209,0.194745734333992
0.3051415681838989,0.19494690001010895
0.3054918646812439,0.19502155482769012
0.30562227964401245,0.19504934549331665
0.30583441257476807,0.1950945407152176
0.3066016733646393,0.1952577829360962
0.3101845383644104,0.19601675868034363
0.31028634309768677,0.19603824615478516
0.31073421239852905,0.19613273441791534
0.31182315945625305,0.19636204838752747
0.31233924627304077,0.19647055864334106
0.3133344352245331,0.19667948782444
0.31359994411468506,0.1967351883649826
0.31367820501327515,0.19675153493881226
0.3145219683647156,0.1969282478094101
0.3161690831184387,0.1972721815109253
0.31626802682876587,0.19729284942150116
0.31799453496932983,0.19765207171440125
0.3182854950428009,0.1977124661207199
0.3182876408100128,0.19771291315555573
0.31889069080352783,0.19783802330493927
0.31952452659606934,0.19796928763389587
0.3207041025161743,0.19821321964263916
0.3212902545928955,0.19833414256572723
0.3240121603012085,0.19889383018016815
0.3241410255432129,0.19892023503780365
0.3251746892929077,0.19913186132907867
0.32557880878448486,0.19921448826789856
0.32750385999679565,0.19960695505142212
0.3282383680343628,0.19975627958774567
0.32829153537750244,0.1997670829296112
0.3286817669868469,0.1998462975025177
0.3289104998111725,0.19989269971847534
0.3291448950767517,0.1999402493238449
0.3292537331581116,0.1999622881412506
0.33057159185409546,0.2002289742231369
0.3309085965156555,0.20029707252979279
0.33217230439186096,0.200551837682724
0.33243826031684875,0.2006053626537323
0.3346063494682312,0.20104055106639862
0.3355428874492645,0.20122788846492767
0.3355486989021301,0.2012290060520172
0.3378901481628418,0.2016955465078354
0.33833563327789307,0.20178402960300446
0.3400578498840332,0.2021252065896988
0.34019213914871216,0.20215176045894623
0.34038323163986206,0.20218949019908905
0.34146034717559814,0.2024020254611969
0.34194067120552063,0.20249658823013306
0.34268006682395935,0.20264200866222382
0.34269750118255615,0.2026454359292984
0.34307992458343506,0.202720507979393
0.34335967898368835,0.20277543365955353
0.34352636337280273,0.20280808210372925
0.3457897901535034,0.2032507210969925
0.3469357490539551,0.20347388088703156
0.349450945854187,0.20396147668361664
0.3501620292663574,0.20409880578517914
0.35131144523620605,0.20432017743587494
0.3513871431350708,0.2043347805738449
0.3514377176761627,0.2043445110321045
0.35173073410987854,0.20440083742141724
0.35456162691116333,0.2049429565668106
0.35458067059516907,0.2049465775489807
0.3546678423881531,0.20496322214603424
0.35520946979522705,0.20506645739078522
0.3556457757949829,0.20514951646327972
0.3568494915962219,0.2053782045841217
0.35703641176223755,0.20541366934776306
0.35813969373703003,0.2056225687265396
0.3581949472427368,0.2056329995393753
0.35895073413848877,0.20577573776245117
0.36226919293403625,0.20639914274215698
0.36326146125793457,0.20658451318740845
0.3640642762184143,0.20673412084579468
0.364107221364975,0.20674210786819458
0.36455056071281433,0.20682457089424133
0.3647892475128174,0.2068689614534378
0.3664873242378235,0.20718370378017426
0.36701270937919617,0.20728082954883575
0.3677716851234436,0.20742085576057434
0.36875009536743164,0.2076009213924408
0.368757039308548,0.20760220289230347
0.3693244457244873,0.20770643651485443
0.37078553438186646,0.20797404646873474
0.3708059787750244,0.20797781646251678
0.37192654609680176,0.20818230509757996
0.37252822518348694,0.20829185843467712
0.3746543526649475,0.2086774706840515
0.3767281770706177,0.20905141532421112
0.37795019149780273,0.20927071571350098
0.3781602084636688,0.20930834114551544
0.3784528076648712,0.20936070382595062
0.3787199854850769,0.20940850675106049
0.3792988061904907,0.2095118761062622
0.3797420263290405,0.20959094166755676
0.38032835721969604,0.20969533920288086
0.38210856914520264,0.21001127362251282
0.38270658254623413,0.21011702716350555
0.3843331038951874,0.21040378510951996
0.3845551013946533,0.21044278144836426
0.3847223222255707,0.21047218143939972
0.38591355085372925,0.21068105101585388
0.3866976499557495,0.2108181267976761
0.3891792595386505,0.21124984323978424
0.38969093561172485,0.21133849024772644
0.3909260034561157,0.21155183017253876
0.3912104070186615,0.21160082519054413
0.3914247155189514,0.2116377353668213
0.39156150817871094,0.211661234498024
0.3926222324371338,0.21184349060058594
0.3926764726638794,0.2118527889251709
0.395269513130188,0.21229565143585205
0.39645570516586304,0.21249699592590332
0.39704304933547974,0.21259644627571106
0.3973432779312134,0.2126472294330597
0.39768463373184204,0.2127048522233963
0.39810267090797424,0.21277540922164917
0.400654137134552,0.21320375800132751
0.4010838270187378,0.21327553689479828
0.40146535634994507,0.2133391946554184
0.4032343924045563,0.21363335847854614
0.40339505672454834,0.21366001665592194
0.40372177958488464,0.213714137673378
0.4064255952835083,0.21415972709655762
0.4065787196159363,0.21418480575084686
0.4080469608306885,0.2144249975681305
0.408245325088501,0.21445733308792114
0.4097943603992462,0.21470925211906433
0.41000327467918396,0.21474315226078033
0.4108455777168274,0.21487948298454285
0.4114542007446289,0.21497772634029388
0.41234302520751953,0.21512086689472198
0.41359126567840576,0.21532116830348969
0.4144032597541809,0.2154509723186493
0.4147651195526123,0.21550871431827545
0.41521453857421875,0.2155803143978119
0.41634273529052734,0.21575956046581268
0.41892898082733154,0.21616777777671814
0.4199731647968292,0.21633152663707733
0.4203278422355652,0.21638703346252441
0.4210411012172699,0.21649836003780365
0.42208045721054077,0.21666012704372406
0.4233548045158386,0.2168576419353485
0.42347252368927,0.2168758064508438
0.4238213896751404,0.21692970395088196
0.42461514472961426,0.21705202758312225
0.4255616068840027,0.21719741821289062
0.42615801095962524,0.2172888070344925
0.4268874228000641,0.21740025281906128
0.42795082926750183,0.21756219863891602
0.4287938177585602,0.217690110206604
0.4333246946334839,0.21837064623832703
0.4336620569229126,0.2184208184480667
0.4338754117488861,0.2184525430202484
0.43420636653900146,0.21850167214870453
0.43447643518447876,0.2185417115688324
0.436515748500824,0.2188427448272705
0.4366171658039093,0.21885764598846436
0.4373810887336731,0.21896976232528687
0.437417209148407,0.21897505223751068
0.43759095668792725,0.21900050342082977
0.4384181499481201,0.21912139654159546
0.44107991456985474,0.21950769424438477
0.4413023591041565,0.2195397913455963
0.4453584551811218,0.22011986374855042
0.44611313939094543,0.22022667527198792
0.4461767077445984,0.2202357053756714
0.44648563861846924,0.22027930617332458
0.44722694158554077,0.22038376331329346
0.44854670763015747,0.22056891024112701
0.44905397295951843,0.22063982486724854
0.449238121509552,0.22066552937030792
0.44949156045913696,0.22070086002349854
0.44981104135513306,0.22074535489082336
0.45038673281669617,0.22082532942295074
0.45320582389831543,0.22121421992778778
0.45446330308914185,0.2213861048221588
0.4579961895942688,0.22186395525932312
0.45839923620224,0.2219180166721344
0.4594614505767822,0.22205990552902222
0.4595506191253662,0.2220717817544937
0.4603878855705261,0.22218313813209534
0.46058470010757446,0.22220923006534576
0.4610702395439148,0.2222735434770584
0.46168920397758484,0.22235536575317383
0.4622873365879059,0.22243410348892212
0.46300768852233887,0.22252872586250305
0.46517616510391235,0.22281154990196228
0.46743911504745483,0.2231035977602005
0.46966907382011414,0.22338828444480896
0.4704326391220093,0.2234850525856018
0.4705251455307007,0.22349673509597778
0.4719775915145874,0.22367972135543823
0.4721997380256653,0.22370757162570953
0.47225722670555115,0.22371476888656616
0.4733636975288391,0.22385308146476746
0.4739753007888794,0.22392918169498444
0.4749082922935486,0.22404485940933228
0.4754587709903717,0.22411280870437622
0.47699564695358276,0.22430160641670227
0.48023489117622375,0.22469457983970642
0.48119980096817017,0.22481036186218262
0.4824954867362976,0.22496488690376282
0.483203649520874,0.22504886984825134
0.48323678970336914,0.22505277395248413
0.48487818241119385,0.22524620592594147
0.4861012101173401,0.22538921236991882
0.48615947365760803,0.22539594769477844
0.4873593747615814,0.2255353033542633
0.48774486780166626,0.22557982802391052
0.4886685311794281,0.2256862223148346
0.4925926923751831,0.22613190114498138
0.49285584688186646,0.2261614203453064
0.4940856695175171,0.22629885375499725
0.494314968585968,0.22632434964179993
0.49436628818511963,0.22633005678653717
0.4973292648792267,0.2266564667224884
0.498071551322937,0.2267373502254486
0.49878042936325073,0.22681424021720886
0.499645471572876,0.2269076108932495
0.49987077713012695,0.2269318401813507
0.5001992583274841,0.22696711122989655
0.5038518905639648,0.22735460102558136
0.5053069591522217,0.22750645875930786
0.5053701996803284,0.22751304507255554
0.5059878826141357,0.22757704555988312
0.5096153616905212,0.22794783115386963
0.5098910331726074,0.22797565162181854
0.511231541633606,0.22811013460159302
0.5115921497344971,0.22814613580703735
0.5117713809013367,0.22816400229930878
0.5118411183357239,0.22817093133926392
0.5149813890457153,0.22847998142242432
0.5162522196769714,0.22860318422317505
0.5175185799598694,0.22872482240200043
0.5175930261611938,0.2287319451570511
0.5215638875961304,0.22910603880882263
0.5217412710189819,0.22912247478961945
0.5228513479232788,0.22922497987747192
0.5235176086425781,0.2292861044406891
0.5236606001853943,0.2292991727590561
0.5237417221069336,0.22930659353733063
0.5259853005409241,0.22950980067253113
0.5289114713668823,0.2297695130109787
0.5297189354896545,0.22984015941619873
0.5330946445465088,0.2301304191350937
0.5337116122245789,0.23018263280391693
0.5339808464050293,0.23020532727241516
0.535333514213562,0.23031854629516602
0.535561203956604,0.2303375005722046
0.5356435179710388,0.23034432530403137
0.5368673205375671,0.23044541478157043
0.5401706695556641,0.230712890625
0.5416892766952515,0.2308332473039627
0.5444875359535217,0.23105071485042572
0.544984757900238,0.2310887724161148
0.5455310940742493,0.23113036155700684
0.5468642115592957,0.23123101890087128
0.547234058380127,0.23125869035720825
0.5476138591766357,0.23128701746463776
0.5513001680374146,0.23155660927295685
0.5535087585449219,0.2317134290933609
0.5557467341423035,0.2318686842918396
0.5558667778968811,0.23187687993049622
0.557204008102417,0.2319677770137787
0.5582571029663086,0.2320384383201599
0.5587648153305054,0.23207224905490875
0.5594333410263062,0.2321164458990097
0.5623040795326233,0.23230242729187012
0.5651816129684448,0.23248274624347687
0.566876232624054,0.2325860559940338
0.5687347054481506,0.23269693553447723
0.5695163011550903,0.2327427715063095
0.5701577067375183,0.23278003931045532
0.5711061954498291,0.2328346073627472
0.5731860995292664,0.23295187950134277
0.5767123699188232,0.23314327001571655
0.5778801441192627,0.23320458829402924
0.5801275968551636,0.23331968486309052
0.5806457996368408,0.2333456575870514
0.5814169049263,0.23338398337364197
0.5826369524002075,0.23344363272190094
0.5881052613258362,0.23369701206684113
0.5887621641159058,0.2337259203195572
0.5913867950439453,0.23383799195289612
0.5916497111320496,0.2338489443063736
0.5925464034080505,0.23388582468032837
0.5940298438072205,0.23394550383090973
0.5993644595146179,0.2341458797454834
0.6025162935256958,0.2342538684606552
0.6025317311286926,0.2342543751001358
0.6035503149032593,0.2342875748872757
0.6052890419960022,0.23434248566627502
0.6104939579963684,0.23449288308620453
0.6135202050209045,0.23457087576389313
0.6144323348999023,0.23459303379058838
0.6164185404777527,0.2346390187740326
0.6214978694915771,0.23474325239658356
0.6244022250175476,0.23479413986206055
0.6274224519729614,0.234840527176857
0.6323798894882202,0.23490196466445923
0.6383044719696045,0.2349519282579422